ISO-10303-21;
HEADER;
/* Generated by software containing ST-Developer
 * from STEP Tools, Inc. (www.steptools.com) 
 */

FILE_DESCRIPTION(
/* description */ (''),
/* implementation_level */ '2;1');

FILE_NAME(
/* name */ 'Base.step',
/* time_stamp */ '2026-05-13T19:33:59+01:00',
/* author */ (''),
/* organization */ (''),
/* preprocessor_version */ 'ST-DEVELOPER v20.1',
/* originating_system */ 'Autodesk Translation Framework v15.8.0.0',
/* authorisation */ '');

FILE_SCHEMA (('AUTOMOTIVE_DESIGN { 1 0 10303 214 3 1 1 }'));
ENDSEC;

DATA;
#10=MECHANICAL_DESIGN_GEOMETRIC_PRESENTATION_REPRESENTATION('',(#13),#4651);
#11=SHAPE_REPRESENTATION_RELATIONSHIP('SRR','None',#4658,#12);
#12=ADVANCED_BREP_SHAPE_REPRESENTATION('',(#14),#4650);
#13=STYLED_ITEM('',(#4667),#14);
#14=MANIFOLD_SOLID_BREP('Base',#2486);
#15=SPHERICAL_SURFACE('',#2605,1.);
#16=SPHERICAL_SURFACE('',#2610,1.);
#17=SPHERICAL_SURFACE('',#2612,1.);
#18=SPHERICAL_SURFACE('',#2614,1.);
#19=TOROIDAL_SURFACE('',#2601,21.25,1.);
#20=ELLIPSE('',#2567,1.41421356237309,1.);
#21=ELLIPSE('',#2589,1.4142135623731,1.);
#22=ELLIPSE('',#2649,5.,2.50000000000001);
#23=ELLIPSE('',#2650,5.,2.5);
#24=ELLIPSE('',#2651,5.,2.50000000000001);
#25=ELLIPSE('',#2655,5.,2.5);
#26=B_SPLINE_SURFACE_WITH_KNOTS('',3,1,((#3608,#3609),(#3610,#3611),(#3612,
#3613),(#3614,#3615),(#3616,#3617),(#3618,#3619),(#3620,#3621),(#3622,#3623),
(#3624,#3625),(#3626,#3627),(#3628,#3629),(#3630,#3631),(#3632,#3633),(#3634,
#3635),(#3636,#3637),(#3638,#3639),(#3640,#3641),(#3642,#3643),(#3644,#3645),
(#3646,#3647),(#3648,#3649),(#3650,#3651),(#3652,#3653),(#3654,#3655),(#3656,
#3657),(#3658,#3659),(#3660,#3661),(#3662,#3663),(#3664,#3665),(#3666,#3667),
(#3668,#3669)),.UNSPECIFIED.,.F.,.F.,.F.,(4,3,3,3,3,3,3,3,3,3,4),(2,2),
(-0.450995523853849,-0.450778651727378,-0.441936725486792,-0.391817530955996,
-0.295067266465823,-0.151949725989661,-0.0803909557515804,-0.0278791862595596,
-0.00883218551349942,0.,0.000377196603395745),(0.585784904792552,4.1),
 .UNSPECIFIED.);
#27=FACE_BOUND('',#296,.T.);
#28=FACE_BOUND('',#297,.T.);
#29=FACE_BOUND('',#313,.T.);
#30=FACE_BOUND('',#314,.T.);
#31=FACE_BOUND('',#326,.T.);
#32=FACE_BOUND('',#327,.T.);
#33=FACE_BOUND('',#328,.T.);
#34=FACE_BOUND('',#329,.T.);
#35=FACE_BOUND('',#334,.T.);
#36=FACE_BOUND('',#392,.T.);
#37=FACE_BOUND('',#400,.T.);
#38=FACE_BOUND('',#410,.T.);
#39=FACE_BOUND('',#417,.T.);
#40=(
BOUNDED_SURFACE()
B_SPLINE_SURFACE(2,1,((#3336,#3337),(#3338,#3339),(#3340,#3341),(#3342,
#3343),(#3344,#3345),(#3346,#3347),(#3348,#3349)),.UNSPECIFIED.,.F.,.F.,
 .F.)
B_SPLINE_SURFACE_WITH_KNOTS((3,2,2,3),(2,2),(-0.574721124277742,-0.286873161388416,
0.,0.163882639467163),(0.,1.48975),.UNSPECIFIED.)
GEOMETRIC_REPRESENTATION_ITEM()
RATIONAL_B_SPLINE_SURFACE(((1.,1.),(1.,1.),(1.,1.),(4.,4.),(1.,1.),(1.,
1.),(1.,1.)))
REPRESENTATION_ITEM('')
SURFACE()
);
#41=(
BOUNDED_SURFACE()
B_SPLINE_SURFACE(2,1,((#3367,#3368),(#3369,#3370),(#3371,#3372)),
 .UNSPECIFIED.,.F.,.F.,.F.)
B_SPLINE_SURFACE_WITH_KNOTS((3,3),(2,2),(-0.233238080087099,0.),(0.,0.3),
 .UNSPECIFIED.)
GEOMETRIC_REPRESENTATION_ITEM()
RATIONAL_B_SPLINE_SURFACE(((1.,1.),(1.5,1.5),(1.,1.)))
REPRESENTATION_ITEM('')
SURFACE()
);
#42=(
BOUNDED_SURFACE()
B_SPLINE_SURFACE(2,1,((#3395,#3396),(#3397,#3398),(#3399,#3400)),
 .UNSPECIFIED.,.F.,.F.,.F.)
B_SPLINE_SURFACE_WITH_KNOTS((3,3),(2,2),(0.,0.233238080087099),(0.,0.3),
 .UNSPECIFIED.)
GEOMETRIC_REPRESENTATION_ITEM()
RATIONAL_B_SPLINE_SURFACE(((1.,1.),(1.5,1.5),(1.,1.)))
REPRESENTATION_ITEM('')
SURFACE()
);
#43=(
BOUNDED_SURFACE()
B_SPLINE_SURFACE(2,1,((#3432,#3433),(#3434,#3435),(#3436,#3437)),
 .UNSPECIFIED.,.F.,.F.,.F.)
B_SPLINE_SURFACE_WITH_KNOTS((3,3),(2,2),(0.,0.233238086859259),(0.,0.3),
 .UNSPECIFIED.)
GEOMETRIC_REPRESENTATION_ITEM()
RATIONAL_B_SPLINE_SURFACE(((1.,1.),(1.5,1.5),(1.,1.)))
REPRESENTATION_ITEM('')
SURFACE()
);
#44=(
BOUNDED_SURFACE()
B_SPLINE_SURFACE(2,1,((#3462,#3463),(#3464,#3465),(#3466,#3467)),
 .UNSPECIFIED.,.F.,.F.,.F.)
B_SPLINE_SURFACE_WITH_KNOTS((3,3),(2,2),(-0.233238086859259,0.),(0.,0.3),
 .UNSPECIFIED.)
GEOMETRIC_REPRESENTATION_ITEM()
RATIONAL_B_SPLINE_SURFACE(((1.,1.),(1.5,1.5),(1.,1.)))
REPRESENTATION_ITEM('')
SURFACE()
);
#45=(
BOUNDED_SURFACE()
B_SPLINE_SURFACE(2,1,((#4227,#4228),(#4229,#4230),(#4231,#4232)),
 .UNSPECIFIED.,.F.,.F.,.F.)
B_SPLINE_SURFACE_WITH_KNOTS((3,3),(2,2),(0.,0.296299992551059),(0.,1.475),
 .UNSPECIFIED.)
GEOMETRIC_REPRESENTATION_ITEM()
RATIONAL_B_SPLINE_SURFACE(((1.,1.),(5.66666666666667,5.66666666666667),
(1.,1.)))
REPRESENTATION_ITEM('')
SURFACE()
);
#46=(
BOUNDED_SURFACE()
B_SPLINE_SURFACE(1,2,((#4530,#4531,#4532,#4533,#4534),(#4535,#4536,#4537,
#4538,#4539)),.UNSPECIFIED.,.F.,.F.,.F.)
B_SPLINE_SURFACE_WITH_KNOTS((2,2),(3,2,3),(-4.44089209850062E-16,0.8),(1.11022302462516E-15,
1.5707963267949,3.14159265358979),.UNSPECIFIED.)
GEOMETRIC_REPRESENTATION_ITEM()
RATIONAL_B_SPLINE_SURFACE(((1.,0.707106781186548,1.,0.707106781186548,1.),
(1.,0.707106781186548,1.,0.707106781186548,1.)))
REPRESENTATION_ITEM('')
SURFACE()
);
#47=(
BOUNDED_SURFACE()
B_SPLINE_SURFACE(1,2,((#4557,#4558,#4559,#4560,#4561),(#4562,#4563,#4564,
#4565,#4566)),.UNSPECIFIED.,.F.,.F.,.F.)
B_SPLINE_SURFACE_WITH_KNOTS((2,2),(3,2,3),(0.,0.8),(-3.14159265358979,-1.5707963267949,
-6.66133814775094E-16),.UNSPECIFIED.)
GEOMETRIC_REPRESENTATION_ITEM()
RATIONAL_B_SPLINE_SURFACE(((1.,0.707106781186548,1.,0.707106781186548,1.),
(1.,0.707106781186548,1.,0.707106781186548,1.)))
REPRESENTATION_ITEM('')
SURFACE()
);
#48=(
BOUNDED_SURFACE()
B_SPLINE_SURFACE(2,1,((#4613,#4614),(#4615,#4616),(#4617,#4618),(#4619,
#4620),(#4621,#4622),(#4623,#4624),(#4625,#4626)),.UNSPECIFIED.,.F.,.F.,
 .F.)
B_SPLINE_SURFACE_WITH_KNOTS((3,2,2,3),(2,2),(-0.117060020367486,0.,0.296299992551059,
0.500161623812456),(0.978728564334913,1.48445612070143),.UNSPECIFIED.)
GEOMETRIC_REPRESENTATION_ITEM()
RATIONAL_B_SPLINE_SURFACE(((1.,1.),(1.,1.),(1.,1.),(5.66666666666667,5.66666666666667),
(1.,1.),(1.,1.),(1.,1.)))
REPRESENTATION_ITEM('')
SURFACE()
);
#49=(
BOUNDED_CURVE()
B_SPLINE_CURVE(2,(#3326,#3327,#3328),.UNSPECIFIED.,.F.,.F.)
B_SPLINE_CURVE_WITH_KNOTS((3,3),(0.0059000965752789,0.290399895975779),
 .UNSPECIFIED.)
CURVE()
GEOMETRIC_REPRESENTATION_ITEM()
RATIONAL_B_SPLINE_CURVE((1.18214995671476,5.4845167099519,1.18214995671478))
REPRESENTATION_ITEM('')
);
#50=(
BOUNDED_CURVE()
B_SPLINE_CURVE(2,(#3333,#3334,#3335),.UNSPECIFIED.,.F.,.F.)
B_SPLINE_CURVE_WITH_KNOTS((3,3),(-0.280333892243604,-0.00653926914481182),
 .UNSPECIFIED.)
CURVE()
GEOMETRIC_REPRESENTATION_ITEM()
RATIONAL_B_SPLINE_CURVE((1.1336522366445,3.8663477633555,1.1336522366445))
REPRESENTATION_ITEM('')
);
#51=(
BOUNDED_CURVE()
B_SPLINE_CURVE(2,(#3358,#3359,#3360),.UNSPECIFIED.,.F.,.F.)
B_SPLINE_CURVE_WITH_KNOTS((3,3),(0.,0.286873161388416),.UNSPECIFIED.)
CURVE()
GEOMETRIC_REPRESENTATION_ITEM()
RATIONAL_B_SPLINE_CURVE((1.,4.,1.))
REPRESENTATION_ITEM('')
);
#52=(
BOUNDED_CURVE()
B_SPLINE_CURVE(2,(#3382,#3383,#3384),.UNSPECIFIED.,.F.,.F.)
B_SPLINE_CURVE_WITH_KNOTS((3,3),(0.018057962011029,0.215180118076073),
 .UNSPECIFIED.)
CURVE()
GEOMETRIC_REPRESENTATION_ITEM()
RATIONAL_B_SPLINE_CURVE((1.07142857085837,1.42857142914164,1.07142857085836))
REPRESENTATION_ITEM('')
);
#53=(
BOUNDED_CURVE()
B_SPLINE_CURVE(2,(#3392,#3393,#3394),.UNSPECIFIED.,.F.,.F.)
B_SPLINE_CURVE_WITH_KNOTS((3,3),(-0.215180118076073,-0.018057962011029),
 .UNSPECIFIED.)
CURVE()
GEOMETRIC_REPRESENTATION_ITEM()
RATIONAL_B_SPLINE_CURVE((1.07142857085836,1.42857142914164,1.07142857085837))
REPRESENTATION_ITEM('')
);
#54=(
BOUNDED_CURVE()
B_SPLINE_CURVE(2,(#3410,#3411,#3412),.UNSPECIFIED.,.F.,.F.)
B_SPLINE_CURVE_WITH_KNOTS((3,3),(0.0180579620110292,0.215180118076073),
 .UNSPECIFIED.)
CURVE()
GEOMETRIC_REPRESENTATION_ITEM()
RATIONAL_B_SPLINE_CURVE((1.07142857085837,1.42857142914163,1.07142857085836))
REPRESENTATION_ITEM('')
);
#55=(
BOUNDED_CURVE()
B_SPLINE_CURVE(2,(#3420,#3421,#3422),.UNSPECIFIED.,.F.,.F.)
B_SPLINE_CURVE_WITH_KNOTS((3,3),(0.0180579620110294,0.215180118076073),
 .UNSPECIFIED.)
CURVE()
GEOMETRIC_REPRESENTATION_ITEM()
RATIONAL_B_SPLINE_CURVE((1.07142857085837,1.42857142914164,1.07142857085836))
REPRESENTATION_ITEM('')
);
#56=(
BOUNDED_CURVE()
B_SPLINE_CURVE(2,(#3447,#3448,#3449),.UNSPECIFIED.,.F.,.F.)
B_SPLINE_CURVE_WITH_KNOTS((3,3),(0.0180578972345877,0.215180133768155),
 .UNSPECIFIED.)
CURVE()
GEOMETRIC_REPRESENTATION_ITEM()
RATIONAL_B_SPLINE_CURVE((1.07142833423649,1.42857156456348,1.0714285366365))
REPRESENTATION_ITEM('')
);
#57=(
BOUNDED_CURVE()
B_SPLINE_CURVE(2,(#3459,#3460,#3461),.UNSPECIFIED.,.F.,.F.)
B_SPLINE_CURVE_WITH_KNOTS((3,3),(0.0180578972345882,0.215180133768156),
 .UNSPECIFIED.)
CURVE()
GEOMETRIC_REPRESENTATION_ITEM()
RATIONAL_B_SPLINE_CURVE((1.07142833423649,1.42857156456348,1.07142853663649))
REPRESENTATION_ITEM('')
);
#58=(
BOUNDED_CURVE()
B_SPLINE_CURVE(2,(#3477,#3478,#3479),.UNSPECIFIED.,.F.,.F.)
B_SPLINE_CURVE_WITH_KNOTS((3,3),(0.018057897234588,0.215180133768156),
 .UNSPECIFIED.)
CURVE()
GEOMETRIC_REPRESENTATION_ITEM()
RATIONAL_B_SPLINE_CURVE((1.07142833423649,1.42857156456348,1.07142853663649))
REPRESENTATION_ITEM('')
);
#59=(
BOUNDED_CURVE()
B_SPLINE_CURVE(2,(#3487,#3488,#3489),.UNSPECIFIED.,.F.,.F.)
B_SPLINE_CURVE_WITH_KNOTS((3,3),(-0.215180133768156,-0.0180578972345878),
 .UNSPECIFIED.)
CURVE()
GEOMETRIC_REPRESENTATION_ITEM()
RATIONAL_B_SPLINE_CURVE((1.07142853663649,1.42857156456348,1.07142833423649))
REPRESENTATION_ITEM('')
);
#60=(
BOUNDED_CURVE()
B_SPLINE_CURVE(2,(#4233,#4234,#4235),.UNSPECIFIED.,.F.,.F.)
B_SPLINE_CURVE_WITH_KNOTS((3,3),(-0.296299992551059,0.),.UNSPECIFIED.)
CURVE()
GEOMETRIC_REPRESENTATION_ITEM()
RATIONAL_B_SPLINE_CURVE((1.,5.66666666666667,1.))
REPRESENTATION_ITEM('')
);
#61=PLANE('',#2503);
#62=PLANE('',#2504);
#63=PLANE('',#2505);
#64=PLANE('',#2506);
#65=PLANE('',#2507);
#66=PLANE('',#2508);
#67=PLANE('',#2509);
#68=PLANE('',#2510);
#69=PLANE('',#2511);
#70=PLANE('',#2512);
#71=PLANE('',#2513);
#72=PLANE('',#2514);
#73=PLANE('',#2515);
#74=PLANE('',#2516);
#75=PLANE('',#2517);
#76=PLANE('',#2518);
#77=PLANE('',#2519);
#78=PLANE('',#2520);
#79=PLANE('',#2521);
#80=PLANE('',#2522);
#81=PLANE('',#2523);
#82=PLANE('',#2524);
#83=PLANE('',#2525);
#84=PLANE('',#2526);
#85=PLANE('',#2527);
#86=PLANE('',#2528);
#87=PLANE('',#2529);
#88=PLANE('',#2530);
#89=PLANE('',#2531);
#90=PLANE('',#2547);
#91=PLANE('',#2553);
#92=PLANE('',#2554);
#93=PLANE('',#2555);
#94=PLANE('',#2556);
#95=PLANE('',#2557);
#96=PLANE('',#2558);
#97=PLANE('',#2559);
#98=PLANE('',#2560);
#99=PLANE('',#2561);
#100=PLANE('',#2562);
#101=PLANE('',#2563);
#102=PLANE('',#2564);
#103=PLANE('',#2565);
#104=PLANE('',#2566);
#105=PLANE('',#2568);
#106=PLANE('',#2570);
#107=PLANE('',#2572);
#108=PLANE('',#2574);
#109=PLANE('',#2575);
#110=PLANE('',#2580);
#111=PLANE('',#2584);
#112=PLANE('',#2585);
#113=PLANE('',#2586);
#114=PLANE('',#2588);
#115=PLANE('',#2590);
#116=PLANE('',#2591);
#117=PLANE('',#2596);
#118=PLANE('',#2597);
#119=PLANE('',#2617);
#120=PLANE('',#2621);
#121=PLANE('',#2630);
#122=PLANE('',#2631);
#123=PLANE('',#2632);
#124=PLANE('',#2633);
#125=PLANE('',#2634);
#126=PLANE('',#2635);
#127=PLANE('',#2636);
#128=PLANE('',#2637);
#129=PLANE('',#2638);
#130=PLANE('',#2639);
#131=PLANE('',#2640);
#132=PLANE('',#2641);
#133=PLANE('',#2642);
#134=PLANE('',#2643);
#135=PLANE('',#2644);
#136=PLANE('',#2652);
#137=PLANE('',#2653);
#138=PLANE('',#2654);
#139=PLANE('',#2656);
#140=PLANE('',#2657);
#141=PLANE('',#2658);
#142=PLANE('',#2659);
#143=PLANE('',#2660);
#144=PLANE('',#2661);
#145=PLANE('',#2662);
#146=PLANE('',#2663);
#147=PLANE('',#2666);
#148=PLANE('',#2667);
#149=PLANE('',#2668);
#150=PLANE('',#2669);
#151=PLANE('',#2671);
#152=PLANE('',#2673);
#153=PLANE('',#2675);
#154=PLANE('',#2677);
#155=FACE_OUTER_BOUND('',#286,.T.);
#156=FACE_OUTER_BOUND('',#287,.T.);
#157=FACE_OUTER_BOUND('',#288,.T.);
#158=FACE_OUTER_BOUND('',#289,.T.);
#159=FACE_OUTER_BOUND('',#290,.T.);
#160=FACE_OUTER_BOUND('',#291,.T.);
#161=FACE_OUTER_BOUND('',#292,.T.);
#162=FACE_OUTER_BOUND('',#293,.T.);
#163=FACE_OUTER_BOUND('',#294,.T.);
#164=FACE_OUTER_BOUND('',#295,.T.);
#165=FACE_OUTER_BOUND('',#298,.T.);
#166=FACE_OUTER_BOUND('',#299,.T.);
#167=FACE_OUTER_BOUND('',#300,.T.);
#168=FACE_OUTER_BOUND('',#301,.T.);
#169=FACE_OUTER_BOUND('',#302,.T.);
#170=FACE_OUTER_BOUND('',#303,.T.);
#171=FACE_OUTER_BOUND('',#304,.T.);
#172=FACE_OUTER_BOUND('',#305,.T.);
#173=FACE_OUTER_BOUND('',#306,.T.);
#174=FACE_OUTER_BOUND('',#307,.T.);
#175=FACE_OUTER_BOUND('',#308,.T.);
#176=FACE_OUTER_BOUND('',#309,.T.);
#177=FACE_OUTER_BOUND('',#310,.T.);
#178=FACE_OUTER_BOUND('',#311,.T.);
#179=FACE_OUTER_BOUND('',#312,.T.);
#180=FACE_OUTER_BOUND('',#315,.T.);
#181=FACE_OUTER_BOUND('',#316,.T.);
#182=FACE_OUTER_BOUND('',#317,.T.);
#183=FACE_OUTER_BOUND('',#318,.T.);
#184=FACE_OUTER_BOUND('',#319,.T.);
#185=FACE_OUTER_BOUND('',#320,.T.);
#186=FACE_OUTER_BOUND('',#321,.T.);
#187=FACE_OUTER_BOUND('',#322,.T.);
#188=FACE_OUTER_BOUND('',#323,.T.);
#189=FACE_OUTER_BOUND('',#324,.T.);
#190=FACE_OUTER_BOUND('',#325,.T.);
#191=FACE_OUTER_BOUND('',#330,.T.);
#192=FACE_OUTER_BOUND('',#331,.T.);
#193=FACE_OUTER_BOUND('',#332,.T.);
#194=FACE_OUTER_BOUND('',#333,.T.);
#195=FACE_OUTER_BOUND('',#335,.T.);
#196=FACE_OUTER_BOUND('',#336,.T.);
#197=FACE_OUTER_BOUND('',#337,.T.);
#198=FACE_OUTER_BOUND('',#338,.T.);
#199=FACE_OUTER_BOUND('',#339,.T.);
#200=FACE_OUTER_BOUND('',#340,.T.);
#201=FACE_OUTER_BOUND('',#341,.T.);
#202=FACE_OUTER_BOUND('',#342,.T.);
#203=FACE_OUTER_BOUND('',#343,.T.);
#204=FACE_OUTER_BOUND('',#344,.T.);
#205=FACE_OUTER_BOUND('',#345,.T.);
#206=FACE_OUTER_BOUND('',#346,.T.);
#207=FACE_OUTER_BOUND('',#347,.T.);
#208=FACE_OUTER_BOUND('',#348,.T.);
#209=FACE_OUTER_BOUND('',#349,.T.);
#210=FACE_OUTER_BOUND('',#350,.T.);
#211=FACE_OUTER_BOUND('',#351,.T.);
#212=FACE_OUTER_BOUND('',#352,.T.);
#213=FACE_OUTER_BOUND('',#353,.T.);
#214=FACE_OUTER_BOUND('',#354,.T.);
#215=FACE_OUTER_BOUND('',#355,.T.);
#216=FACE_OUTER_BOUND('',#356,.T.);
#217=FACE_OUTER_BOUND('',#357,.T.);
#218=FACE_OUTER_BOUND('',#358,.T.);
#219=FACE_OUTER_BOUND('',#359,.T.);
#220=FACE_OUTER_BOUND('',#360,.T.);
#221=FACE_OUTER_BOUND('',#361,.T.);
#222=FACE_OUTER_BOUND('',#362,.T.);
#223=FACE_OUTER_BOUND('',#363,.T.);
#224=FACE_OUTER_BOUND('',#364,.T.);
#225=FACE_OUTER_BOUND('',#365,.T.);
#226=FACE_OUTER_BOUND('',#366,.T.);
#227=FACE_OUTER_BOUND('',#367,.T.);
#228=FACE_OUTER_BOUND('',#368,.T.);
#229=FACE_OUTER_BOUND('',#369,.T.);
#230=FACE_OUTER_BOUND('',#370,.T.);
#231=FACE_OUTER_BOUND('',#371,.T.);
#232=FACE_OUTER_BOUND('',#372,.T.);
#233=FACE_OUTER_BOUND('',#373,.T.);
#234=FACE_OUTER_BOUND('',#374,.T.);
#235=FACE_OUTER_BOUND('',#375,.T.);
#236=FACE_OUTER_BOUND('',#376,.T.);
#237=FACE_OUTER_BOUND('',#377,.T.);
#238=FACE_OUTER_BOUND('',#378,.T.);
#239=FACE_OUTER_BOUND('',#379,.T.);
#240=FACE_OUTER_BOUND('',#380,.T.);
#241=FACE_OUTER_BOUND('',#381,.T.);
#242=FACE_OUTER_BOUND('',#382,.T.);
#243=FACE_OUTER_BOUND('',#383,.T.);
#244=FACE_OUTER_BOUND('',#384,.T.);
#245=FACE_OUTER_BOUND('',#385,.T.);
#246=FACE_OUTER_BOUND('',#386,.T.);
#247=FACE_OUTER_BOUND('',#387,.T.);
#248=FACE_OUTER_BOUND('',#388,.T.);
#249=FACE_OUTER_BOUND('',#389,.T.);
#250=FACE_OUTER_BOUND('',#390,.T.);
#251=FACE_OUTER_BOUND('',#391,.T.);
#252=FACE_OUTER_BOUND('',#393,.T.);
#253=FACE_OUTER_BOUND('',#394,.T.);
#254=FACE_OUTER_BOUND('',#395,.T.);
#255=FACE_OUTER_BOUND('',#396,.T.);
#256=FACE_OUTER_BOUND('',#397,.T.);
#257=FACE_OUTER_BOUND('',#398,.T.);
#258=FACE_OUTER_BOUND('',#399,.T.);
#259=FACE_OUTER_BOUND('',#401,.T.);
#260=FACE_OUTER_BOUND('',#402,.T.);
#261=FACE_OUTER_BOUND('',#403,.T.);
#262=FACE_OUTER_BOUND('',#404,.T.);
#263=FACE_OUTER_BOUND('',#405,.T.);
#264=FACE_OUTER_BOUND('',#406,.T.);
#265=FACE_OUTER_BOUND('',#407,.T.);
#266=FACE_OUTER_BOUND('',#408,.T.);
#267=FACE_OUTER_BOUND('',#409,.T.);
#268=FACE_OUTER_BOUND('',#411,.T.);
#269=FACE_OUTER_BOUND('',#412,.T.);
#270=FACE_OUTER_BOUND('',#413,.T.);
#271=FACE_OUTER_BOUND('',#414,.T.);
#272=FACE_OUTER_BOUND('',#415,.T.);
#273=FACE_OUTER_BOUND('',#416,.T.);
#274=FACE_OUTER_BOUND('',#418,.T.);
#275=FACE_OUTER_BOUND('',#419,.T.);
#276=FACE_OUTER_BOUND('',#420,.T.);
#277=FACE_OUTER_BOUND('',#421,.T.);
#278=FACE_OUTER_BOUND('',#422,.T.);
#279=FACE_OUTER_BOUND('',#423,.T.);
#280=FACE_OUTER_BOUND('',#424,.T.);
#281=FACE_OUTER_BOUND('',#425,.T.);
#282=FACE_OUTER_BOUND('',#426,.T.);
#283=FACE_OUTER_BOUND('',#427,.T.);
#284=FACE_OUTER_BOUND('',#428,.T.);
#285=FACE_OUTER_BOUND('',#429,.T.);
#286=EDGE_LOOP('',(#1621,#1622,#1623,#1624,#1625,#1626,#1627));
#287=EDGE_LOOP('',(#1628,#1629));
#288=EDGE_LOOP('',(#1630,#1631));
#289=EDGE_LOOP('',(#1632,#1633,#1634,#1635,#1636,#1637));
#290=EDGE_LOOP('',(#1638,#1639,#1640,#1641));
#291=EDGE_LOOP('',(#1642,#1643,#1644,#1645));
#292=EDGE_LOOP('',(#1646,#1647,#1648,#1649));
#293=EDGE_LOOP('',(#1650,#1651,#1652,#1653));
#294=EDGE_LOOP('',(#1654,#1655,#1656,#1657));
#295=EDGE_LOOP('',(#1658,#1659,#1660,#1661,#1662,#1663,#1664,#1665,#1666,
#1667,#1668,#1669));
#296=EDGE_LOOP('',(#1670,#1671,#1672,#1673));
#297=EDGE_LOOP('',(#1674,#1675,#1676,#1677));
#298=EDGE_LOOP('',(#1678,#1679,#1680,#1681));
#299=EDGE_LOOP('',(#1682,#1683,#1684,#1685));
#300=EDGE_LOOP('',(#1686,#1687,#1688,#1689));
#301=EDGE_LOOP('',(#1690,#1691,#1692,#1693));
#302=EDGE_LOOP('',(#1694,#1695,#1696,#1697));
#303=EDGE_LOOP('',(#1698,#1699,#1700,#1701));
#304=EDGE_LOOP('',(#1702,#1703,#1704,#1705));
#305=EDGE_LOOP('',(#1706,#1707,#1708,#1709));
#306=EDGE_LOOP('',(#1710,#1711,#1712,#1713));
#307=EDGE_LOOP('',(#1714,#1715,#1716,#1717));
#308=EDGE_LOOP('',(#1718,#1719,#1720,#1721));
#309=EDGE_LOOP('',(#1722,#1723,#1724,#1725));
#310=EDGE_LOOP('',(#1726,#1727));
#311=EDGE_LOOP('',(#1728,#1729));
#312=EDGE_LOOP('',(#1730,#1731,#1732,#1733,#1734,#1735,#1736,#1737,#1738,
#1739,#1740,#1741));
#313=EDGE_LOOP('',(#1742,#1743,#1744,#1745));
#314=EDGE_LOOP('',(#1746,#1747,#1748,#1749));
#315=EDGE_LOOP('',(#1750,#1751));
#316=EDGE_LOOP('',(#1752,#1753));
#317=EDGE_LOOP('',(#1754,#1755));
#318=EDGE_LOOP('',(#1756,#1757));
#319=EDGE_LOOP('',(#1758,#1759,#1760,#1761));
#320=EDGE_LOOP('',(#1762,#1763,#1764,#1765));
#321=EDGE_LOOP('',(#1766,#1767));
#322=EDGE_LOOP('',(#1768,#1769));
#323=EDGE_LOOP('',(#1770,#1771,#1772,#1773));
#324=EDGE_LOOP('',(#1774,#1775,#1776,#1777,#1778,#1779,#1780,#1781));
#325=EDGE_LOOP('',(#1782,#1783,#1784,#1785,#1786,#1787,#1788,#1789,#1790,
#1791,#1792,#1793,#1794,#1795));
#326=EDGE_LOOP('',(#1796,#1797,#1798,#1799,#1800,#1801,#1802,#1803,#1804,
#1805));
#327=EDGE_LOOP('',(#1806));
#328=EDGE_LOOP('',(#1807));
#329=EDGE_LOOP('',(#1808,#1809,#1810,#1811,#1812,#1813,#1814,#1815));
#330=EDGE_LOOP('',(#1816,#1817,#1818,#1819));
#331=EDGE_LOOP('',(#1820,#1821,#1822,#1823));
#332=EDGE_LOOP('',(#1824,#1825,#1826,#1827,#1828,#1829,#1830));
#333=EDGE_LOOP('',(#1831,#1832,#1833,#1834,#1835,#1836,#1837,#1838,#1839,
#1840,#1841,#1842,#1843,#1844,#1845,#1846,#1847,#1848,#1849,#1850,#1851,
#1852,#1853,#1854,#1855,#1856));
#334=EDGE_LOOP('',(#1857,#1858,#1859,#1860,#1861,#1862));
#335=EDGE_LOOP('',(#1863,#1864,#1865,#1866));
#336=EDGE_LOOP('',(#1867,#1868,#1869,#1870,#1871));
#337=EDGE_LOOP('',(#1872,#1873,#1874,#1875));
#338=EDGE_LOOP('',(#1876,#1877,#1878,#1879,#1880));
#339=EDGE_LOOP('',(#1881,#1882,#1883,#1884));
#340=EDGE_LOOP('',(#1885,#1886,#1887,#1888));
#341=EDGE_LOOP('',(#1889,#1890,#1891,#1892,#1893,#1894,#1895,#1896,#1897,
#1898,#1899,#1900));
#342=EDGE_LOOP('',(#1901,#1902,#1903,#1904));
#343=EDGE_LOOP('',(#1905,#1906,#1907,#1908));
#344=EDGE_LOOP('',(#1909,#1910,#1911,#1912));
#345=EDGE_LOOP('',(#1913,#1914,#1915,#1916));
#346=EDGE_LOOP('',(#1917,#1918,#1919,#1920));
#347=EDGE_LOOP('',(#1921,#1922,#1923,#1924));
#348=EDGE_LOOP('',(#1925,#1926,#1927,#1928));
#349=EDGE_LOOP('',(#1929,#1930,#1931,#1932,#1933,#1934));
#350=EDGE_LOOP('',(#1935,#1936,#1937,#1938));
#351=EDGE_LOOP('',(#1939,#1940,#1941,#1942,#1943,#1944,#1945));
#352=EDGE_LOOP('',(#1946,#1947,#1948,#1949,#1950,#1951,#1952,#1953));
#353=EDGE_LOOP('',(#1954,#1955,#1956,#1957,#1958,#1959,#1960,#1961));
#354=EDGE_LOOP('',(#1962,#1963,#1964,#1965));
#355=EDGE_LOOP('',(#1966,#1967,#1968,#1969,#1970,#1971,#1972));
#356=EDGE_LOOP('',(#1973,#1974,#1975,#1976));
#357=EDGE_LOOP('',(#1977,#1978,#1979,#1980));
#358=EDGE_LOOP('',(#1981,#1982,#1983,#1984));
#359=EDGE_LOOP('',(#1985,#1986,#1987,#1988,#1989,#1990));
#360=EDGE_LOOP('',(#1991,#1992,#1993,#1994,#1995,#1996));
#361=EDGE_LOOP('',(#1997,#1998));
#362=EDGE_LOOP('',(#1999,#2000,#2001,#2002));
#363=EDGE_LOOP('',(#2003,#2004,#2005,#2006));
#364=EDGE_LOOP('',(#2007,#2008,#2009,#2010));
#365=EDGE_LOOP('',(#2011,#2012,#2013,#2014,#2015));
#366=EDGE_LOOP('',(#2016,#2017,#2018,#2019,#2020));
#367=EDGE_LOOP('',(#2021,#2022,#2023,#2024,#2025,#2026));
#368=EDGE_LOOP('',(#2027,#2028,#2029,#2030,#2031,#2032));
#369=EDGE_LOOP('',(#2033,#2034,#2035,#2036));
#370=EDGE_LOOP('',(#2037,#2038,#2039,#2040,#2041,#2042,#2043,#2044,#2045,
#2046));
#371=EDGE_LOOP('',(#2047,#2048,#2049));
#372=EDGE_LOOP('',(#2050,#2051,#2052,#2053));
#373=EDGE_LOOP('',(#2054,#2055,#2056));
#374=EDGE_LOOP('',(#2057,#2058,#2059));
#375=EDGE_LOOP('',(#2060,#2061,#2062));
#376=EDGE_LOOP('',(#2063,#2064,#2065,#2066));
#377=EDGE_LOOP('',(#2067,#2068,#2069,#2070));
#378=EDGE_LOOP('',(#2071,#2072,#2073,#2074));
#379=EDGE_LOOP('',(#2075,#2076,#2077,#2078));
#380=EDGE_LOOP('',(#2079,#2080,#2081,#2082));
#381=EDGE_LOOP('',(#2083,#2084,#2085,#2086));
#382=EDGE_LOOP('',(#2087,#2088,#2089,#2090));
#383=EDGE_LOOP('',(#2091,#2092,#2093,#2094));
#384=EDGE_LOOP('',(#2095,#2096,#2097,#2098));
#385=EDGE_LOOP('',(#2099,#2100,#2101,#2102));
#386=EDGE_LOOP('',(#2103,#2104,#2105,#2106));
#387=EDGE_LOOP('',(#2107,#2108,#2109,#2110));
#388=EDGE_LOOP('',(#2111,#2112,#2113,#2114));
#389=EDGE_LOOP('',(#2115,#2116,#2117,#2118));
#390=EDGE_LOOP('',(#2119,#2120,#2121,#2122));
#391=EDGE_LOOP('',(#2123,#2124,#2125,#2126,#2127,#2128));
#392=EDGE_LOOP('',(#2129));
#393=EDGE_LOOP('',(#2130,#2131,#2132,#2133));
#394=EDGE_LOOP('',(#2134,#2135,#2136,#2137));
#395=EDGE_LOOP('',(#2138,#2139,#2140,#2141));
#396=EDGE_LOOP('',(#2142,#2143,#2144,#2145));
#397=EDGE_LOOP('',(#2146,#2147,#2148,#2149));
#398=EDGE_LOOP('',(#2150,#2151,#2152,#2153));
#399=EDGE_LOOP('',(#2154,#2155,#2156,#2157,#2158,#2159));
#400=EDGE_LOOP('',(#2160));
#401=EDGE_LOOP('',(#2161,#2162,#2163,#2164,#2165,#2166,#2167,#2168,#2169,
#2170,#2171,#2172,#2173,#2174,#2175,#2176));
#402=EDGE_LOOP('',(#2177,#2178,#2179,#2180));
#403=EDGE_LOOP('',(#2181,#2182,#2183,#2184));
#404=EDGE_LOOP('',(#2185,#2186,#2187,#2188));
#405=EDGE_LOOP('',(#2189,#2190,#2191,#2192));
#406=EDGE_LOOP('',(#2193,#2194,#2195,#2196));
#407=EDGE_LOOP('',(#2197,#2198,#2199,#2200));
#408=EDGE_LOOP('',(#2201,#2202,#2203,#2204));
#409=EDGE_LOOP('',(#2205,#2206,#2207,#2208));
#410=EDGE_LOOP('',(#2209,#2210,#2211,#2212,#2213,#2214,#2215,#2216));
#411=EDGE_LOOP('',(#2217,#2218,#2219,#2220,#2221,#2222,#2223,#2224));
#412=EDGE_LOOP('',(#2225,#2226,#2227,#2228));
#413=EDGE_LOOP('',(#2229,#2230,#2231,#2232,#2233,#2234,#2235,#2236));
#414=EDGE_LOOP('',(#2237,#2238,#2239,#2240));
#415=EDGE_LOOP('',(#2241,#2242,#2243,#2244));
#416=EDGE_LOOP('',(#2245,#2246,#2247,#2248,#2249,#2250,#2251,#2252,#2253,
#2254,#2255,#2256,#2257,#2258,#2259,#2260,#2261,#2262,#2263,#2264,#2265,
#2266));
#417=EDGE_LOOP('',(#2267,#2268,#2269,#2270,#2271,#2272));
#418=EDGE_LOOP('',(#2273,#2274,#2275,#2276,#2277,#2278));
#419=EDGE_LOOP('',(#2279,#2280,#2281,#2282));
#420=EDGE_LOOP('',(#2283,#2284,#2285,#2286,#2287,#2288,#2289,#2290,#2291,
#2292));
#421=EDGE_LOOP('',(#2293,#2294,#2295,#2296));
#422=EDGE_LOOP('',(#2297,#2298,#2299,#2300));
#423=EDGE_LOOP('',(#2301,#2302,#2303,#2304));
#424=EDGE_LOOP('',(#2305,#2306,#2307,#2308));
#425=EDGE_LOOP('',(#2309,#2310,#2311,#2312));
#426=EDGE_LOOP('',(#2313,#2314,#2315,#2316,#2317,#2318));
#427=EDGE_LOOP('',(#2319,#2320,#2321,#2322));
#428=EDGE_LOOP('',(#2323,#2324,#2325,#2326,#2327,#2328));
#429=EDGE_LOOP('',(#2329,#2330,#2331,#2332));
#430=CIRCLE('',#2501,22.8);
#431=CIRCLE('',#2502,22.8);
#432=CIRCLE('',#2532,22.8);
#433=CIRCLE('',#2533,22.8);
#434=CIRCLE('',#2534,22.8);
#435=CIRCLE('',#2535,1.75);
#436=CIRCLE('',#2536,1.75);
#437=CIRCLE('',#2537,1.15);
#438=CIRCLE('',#2538,1.15);
#439=CIRCLE('',#2539,1.15);
#440=CIRCLE('',#2540,1.15);
#441=CIRCLE('',#2542,22.8);
#442=CIRCLE('',#2544,22.8);
#443=CIRCLE('',#2546,22.8);
#444=CIRCLE('',#2548,22.25);
#445=CIRCLE('',#2549,1.);
#446=CIRCLE('',#2550,1.);
#447=CIRCLE('',#2552,22.25);
#448=CIRCLE('',#2569,1.);
#449=CIRCLE('',#2571,21.25);
#450=CIRCLE('',#2573,21.25);
#451=CIRCLE('',#2576,1.);
#452=CIRCLE('',#2578,21.25);
#453=CIRCLE('',#2579,21.25);
#454=CIRCLE('',#2582,21.25);
#455=CIRCLE('',#2583,21.25);
#456=CIRCLE('',#2587,21.25);
#457=CIRCLE('',#2593,1.);
#458=CIRCLE('',#2595,1.);
#459=CIRCLE('',#2599,1.);
#460=CIRCLE('',#2600,1.);
#461=CIRCLE('',#2602,22.25);
#462=CIRCLE('',#2603,1.);
#463=CIRCLE('',#2604,1.);
#464=CIRCLE('',#2606,1.);
#465=CIRCLE('',#2608,1.);
#466=CIRCLE('',#2609,0.999999999999999);
#467=CIRCLE('',#2611,1.);
#468=CIRCLE('',#2613,1.);
#469=CIRCLE('',#2615,1.);
#470=CIRCLE('',#2620,1.);
#471=CIRCLE('',#2623,1.);
#472=CIRCLE('',#2625,22.25);
#473=CIRCLE('',#2627,1.75);
#474=CIRCLE('',#2629,1.75);
#475=CIRCLE('',#2645,1.15);
#476=CIRCLE('',#2646,1.15);
#477=CIRCLE('',#2647,1.15);
#478=CIRCLE('',#2648,1.15);
#479=CIRCLE('',#2664,1.15);
#480=CIRCLE('',#2665,1.15);
#481=B_SPLINE_CURVE_WITH_KNOTS('',3,(#3307,#3308,#3309,#3310),
 .UNSPECIFIED.,.F.,.F.,(4,4),(0.889050284980379,0.913065693953104),
 .UNSPECIFIED.);
#482=B_SPLINE_CURVE_WITH_KNOTS('',3,(#3319,#3320,#3321,#3322,#3323,#3324),
 .UNSPECIFIED.,.F.,.F.,(4,2,4),(0.0396836127005842,0.0758776134349328,0.0776932579060595),
 .UNSPECIFIED.);
#483=B_SPLINE_CURVE_WITH_KNOTS('',3,(#3351,#3352,#3353,#3354),
 .UNSPECIFIED.,.F.,.F.,(4,4),(-0.0495682264292211,-0.0346086912438782),
 .UNSPECIFIED.);
#484=B_SPLINE_CURVE_WITH_KNOTS('',3,(#3363,#3364,#3365,#3366),
 .UNSPECIFIED.,.F.,.F.,(4,4),(-1.00765161762964,-0.9710675091155),
 .UNSPECIFIED.);
#485=B_SPLINE_CURVE_WITH_KNOTS('',3,(#3375,#3376,#3377,#3378,#3379,#3380),
 .UNSPECIFIED.,.F.,.F.,(4,2,4),(-0.3,-0.15,0.),.UNSPECIFIED.);
#486=B_SPLINE_CURVE_WITH_KNOTS('',3,(#3386,#3387,#3388,#3389,#3390,#3391),
 .UNSPECIFIED.,.F.,.F.,(4,2,4),(-0.3,-0.15,0.),.UNSPECIFIED.);
#487=B_SPLINE_CURVE_WITH_KNOTS('',3,(#3403,#3404,#3405,#3406,#3407,#3408),
 .UNSPECIFIED.,.F.,.F.,(4,2,4),(-0.3,-0.15,0.),.UNSPECIFIED.);
#488=B_SPLINE_CURVE_WITH_KNOTS('',3,(#3414,#3415,#3416,#3417,#3418,#3419),
 .UNSPECIFIED.,.F.,.F.,(4,2,4),(-0.3,-0.15,0.),.UNSPECIFIED.);
#489=B_SPLINE_CURVE_WITH_KNOTS('',3,(#3440,#3441,#3442,#3443,#3444,#3445),
 .UNSPECIFIED.,.F.,.F.,(4,2,4),(-0.3,-0.15,0.),.UNSPECIFIED.);
#490=B_SPLINE_CURVE_WITH_KNOTS('',3,(#3451,#3452,#3453,#3454,#3455,#3456,
#3457,#3458),.UNSPECIFIED.,.F.,.F.,(4,2,2,4),(-0.3,-0.255656577421216,-0.126773192468735,
0.),.UNSPECIFIED.);
#491=B_SPLINE_CURVE_WITH_KNOTS('',3,(#3470,#3471,#3472,#3473,#3474,#3475),
 .UNSPECIFIED.,.F.,.F.,(4,2,4),(-0.3,-0.15,0.),.UNSPECIFIED.);
#492=B_SPLINE_CURVE_WITH_KNOTS('',3,(#3481,#3482,#3483,#3484,#3485,#3486),
 .UNSPECIFIED.,.F.,.F.,(4,2,4),(-0.3,-0.15,0.),.UNSPECIFIED.);
#493=B_SPLINE_CURVE_WITH_KNOTS('',3,(#3672,#3673,#3674,#3675),
 .UNSPECIFIED.,.F.,.F.,(4,4),(-3.51421509520745,-2.68921509520745),
 .UNSPECIFIED.);
#494=B_SPLINE_CURVE_WITH_KNOTS('',3,(#3677,#3678,#3679,#3680,#3681,#3682,
#3683),.UNSPECIFIED.,.F.,.F.,(4,3,4),(0.0487386093991864,0.0901325901546336,
0.120004284636918),.UNSPECIFIED.);
#495=B_SPLINE_CURVE_WITH_KNOTS('',3,(#3685,#3686,#3687,#3688,#3689,#3690),
 .UNSPECIFIED.,.F.,.F.,(4,2,4),(0.129168721557479,1.75710754760373,2.68921509520745),
 .UNSPECIFIED.);
#496=B_SPLINE_CURVE_WITH_KNOTS('',3,(#3692,#3693,#3694,#3695,#3696,#3697,
#3698,#3699,#3700,#3701,#3702,#3703,#3704,#3705,#3706,#3707,#3708,#3709,
#3710,#3711,#3712,#3713,#3714,#3715,#3716,#3717,#3718,#3719,#3720,#3721,
#3722,#3723,#3724,#3725,#3726,#3727,#3728,#3729,#3730),.UNSPECIFIED.,.F.,
 .F.,(4,2,2,2,2,2,2,2,2,3,2,2,2,2,2,2,2,2,4),(0.507732414250946,0.509165270413379,
0.516098323719878,0.526416746002087,0.546652387984824,0.569800157613913,
0.596229092856569,0.62819023538032,0.644350052576882,0.658814232644256,
0.678432846789035,0.697097547001334,0.721728025382775,0.756352742812337,
0.780916535759606,0.808751689659354,0.823552815578703,0.83142227484687,
0.836368338478188),.UNSPECIFIED.);
#497=B_SPLINE_CURVE_WITH_KNOTS('',3,(#3732,#3733,#3734,#3735,#3736,#3737),
 .UNSPECIFIED.,.F.,.F.,(4,2,4),(0.825000000000002,1.75710754760373,3.38504637364997),
 .UNSPECIFIED.);
#498=B_SPLINE_CURVE_WITH_KNOTS('',3,(#3739,#3740,#3741,#3742),
 .UNSPECIFIED.,.F.,.F.,(4,4),(0.555755006480458,0.624212731909027),
 .UNSPECIFIED.);
#499=B_SPLINE_CURVE_WITH_KNOTS('',3,(#3744,#3745,#3746,#3747),
 .UNSPECIFIED.,.F.,.F.,(4,4),(-0.825000000000002,0.),.UNSPECIFIED.);
#500=B_SPLINE_CURVE_WITH_KNOTS('',3,(#3748,#3749,#3750,#3751,#3752,#3753,
#3754,#3755,#3756,#3757,#3758,#3759,#3760,#3761,#3762,#3763,#3764,#3765,
#3766),.UNSPECIFIED.,.F.,.F.,(4,3,3,3,3,3,4),(0.0119861933310882,0.0278791862595596,
0.0803909557515804,0.151949725989661,0.295067266465823,0.391817530955996,
0.438709761384478),.UNSPECIFIED.);
#501=B_SPLINE_CURVE_WITH_KNOTS('',3,(#3880,#3881,#3882,#3883,#3884,#3885,
#3886,#3887,#3888,#3889,#3890,#3891,#3892,#3893,#3894,#3895,#3896,#3897,
#3898,#3899,#3900,#3901,#3902,#3903,#3904,#3905,#3906,#3907,#3908,#3909,
#3910,#3911,#3912,#3913,#3914,#3915,#3916,#3917,#3918,#3919,#3920,#3921,
#3922,#3923,#3924,#3925,#3926,#3927,#3928,#3929,#3930,#3931,#3932,#3933,
#3934,#3935,#3936,#3937,#3938,#3939,#3940,#3941,#3942,#3943,#3944,#3945,
#3946,#3947,#3948,#3949,#3950,#3951,#3952,#3953,#3954,#3955,#3956,#3957,
#3958,#3959,#3960,#3961,#3962,#3963,#3964,#3965,#3966,#3967,#3968,#3969,
#3970,#3971,#3972,#3973,#3974,#3975,#3976,#3977,#3978,#3979,#3980,#3981,
#3982,#3983,#3984,#3985,#3986,#3987,#3988,#3989,#3990,#3991,#3992,#3993,
#3994,#3995,#3996,#3997,#3998,#3999,#4000,#4001,#4002,#4003,#4004,#4005,
#4006,#4007,#4008,#4009,#4010,#4011,#4012,#4013,#4014,#4015,#4016,#4017,
#4018,#4019,#4020,#4021,#4022,#4023,#4024,#4025,#4026,#4027,#4028,#4029,
#4030,#4031,#4032,#4033,#4034,#4035,#4036,#4037,#4038,#4039,#4040,#4041,
#4042,#4043,#4044,#4045,#4046,#4047,#4048),.UNSPECIFIED.,.F.,.F.,(4,3,3,
3,3,3,3,3,3,3,3,3,3,3,3,3,3,3,3,3,3,3,3,3,3,3,3,3,3,3,3,3,3,3,3,3,3,3,3,
3,3,3,3,3,3,3,3,3,3,3,3,3,3,3,3,3,4),(-0.925244649531413,-0.919908373803151,
-0.914191272719164,-0.90806051010076,-0.901479914769572,-0.894157658233625,
-0.88627987142359,-0.877795705141291,-0.868648821053231,-0.858776708167323,
-0.848109902837944,-0.836571097242307,-0.823499673847896,-0.809377018274893,
-0.794040028884415,-0.777362874372782,-0.759204407642722,-0.739406093730874,
-0.717789709047298,-0.693146980112106,-0.666177238606081,-0.636628006172537,
-0.604234772989758,-0.568767970810748,-0.529008817710034,-0.487734116283426,
-0.447287357100676,-0.409368742930171,-0.374436931883998,-0.342400359543084,
-0.313029656632845,-0.286079834326963,-0.261320848553279,-0.238544057355384,
-0.217562257038275,-0.198208009250585,-0.180331610008745,-0.163799110305354,
-0.148490509270311,-0.134298145470968,-0.121125279352846,-0.108884849302666,
-0.0974983814697522,-0.0868950341945229,-0.0770107596700465,-0.0673844147112907,
-0.0589613628723793,-0.0511866974208632,-0.0438725848395107,-0.0369867456511599,
-0.030499527820485,-0.0243836645281753,-0.018614056845119,-0.0133217895468937,
-0.00827674865263862,-0.00359982599375755,0.),.UNSPECIFIED.);
#502=B_SPLINE_CURVE_WITH_KNOTS('',3,(#4054,#4055,#4056,#4057,#4058,#4059,
#4060,#4061,#4062,#4063,#4064,#4065,#4066,#4067,#4068,#4069,#4070,#4071,
#4072,#4073,#4074,#4075,#4076,#4077,#4078,#4079,#4080,#4081,#4082,#4083,
#4084,#4085,#4086,#4087,#4088,#4089,#4090,#4091,#4092,#4093,#4094,#4095,
#4096,#4097,#4098,#4099,#4100,#4101,#4102,#4103,#4104,#4105,#4106,#4107,
#4108,#4109,#4110,#4111,#4112,#4113,#4114,#4115,#4116,#4117,#4118,#4119,
#4120,#4121,#4122,#4123,#4124,#4125,#4126,#4127,#4128,#4129,#4130,#4131,
#4132,#4133,#4134,#4135,#4136,#4137,#4138,#4139,#4140,#4141,#4142,#4143,
#4144,#4145,#4146,#4147,#4148,#4149,#4150,#4151,#4152,#4153,#4154,#4155,
#4156,#4157,#4158,#4159,#4160,#4161,#4162,#4163,#4164,#4165,#4166,#4167,
#4168,#4169,#4170,#4171,#4172,#4173,#4174,#4175,#4176,#4177,#4178,#4179,
#4180,#4181,#4182,#4183,#4184,#4185,#4186,#4187,#4188,#4189,#4190,#4191,
#4192,#4193,#4194,#4195,#4196,#4197,#4198,#4199,#4200,#4201,#4202,#4203,
#4204,#4205,#4206,#4207,#4208,#4209,#4210,#4211,#4212,#4213,#4214,#4215,
#4216,#4217,#4218,#4219,#4220,#4221,#4222),.UNSPECIFIED.,.F.,.F.,(4,3,3,
3,3,3,3,3,3,3,3,3,3,3,3,3,3,3,3,3,3,3,3,3,3,3,3,3,3,3,3,3,3,3,3,3,3,3,3,
3,3,3,3,3,3,3,3,3,3,3,3,3,3,3,3,3,4),(-0.566522739521877,-0.563677994001014,
-0.560656647329086,-0.557445467496254,-0.554030056006808,-0.550394729372267,
-0.546522386939712,-0.542252680791745,-0.537701967546545,-0.532841682557929,
-0.52764642309344,-0.522088331038957,-0.516136819329964,-0.509758263832741,
-0.502915655828362,-0.495568209532422,-0.48739123696423,-0.47859270581672,
-0.469115683234656,-0.458897099970675,-0.447866999502449,-0.435947693584867,
-0.423052822665468,-0.408554108377111,-0.392839231263088,-0.375788064699138,
-0.357269955135529,-0.337149072207128,-0.314471061216318,-0.290185905807663,
-0.264926540395724,-0.240065278826023,-0.216820433154618,-0.195582795684632,
-0.176298096930454,-0.158796352300367,-0.142895597450724,-0.128426959205302,
-0.115239352103483,-0.103199038489541,-0.0921879538097395,-0.0821018551882418,
-0.0728485890005723,-0.0643465508429187,-0.0563032319875538,-0.0492653279891096,
-0.042883065646661,-0.0369476685121668,-0.0314221124615664,-0.0262729277438629,
-0.0214698132995205,-0.0169852975743526,-0.0127389731807644,-0.00894486323247613,
-0.00535469187989874,-0.00205592361275014,0.),.UNSPECIFIED.);
#503=LINE('',#3305,#768);
#504=LINE('',#3312,#769);
#505=LINE('',#3316,#770);
#506=LINE('',#3332,#771);
#507=LINE('',#3356,#772);
#508=LINE('',#3362,#773);
#509=LINE('',#3426,#774);
#510=LINE('',#3428,#775);
#511=LINE('',#3430,#776);
#512=LINE('',#3431,#777);
#513=LINE('',#3493,#778);
#514=LINE('',#3495,#779);
#515=LINE('',#3497,#780);
#516=LINE('',#3499,#781);
#517=LINE('',#3501,#782);
#518=LINE('',#3503,#783);
#519=LINE('',#3504,#784);
#520=LINE('',#3506,#785);
#521=LINE('',#3508,#786);
#522=LINE('',#3510,#787);
#523=LINE('',#3511,#788);
#524=LINE('',#3512,#789);
#525=LINE('',#3513,#790);
#526=LINE('',#3514,#791);
#527=LINE('',#3515,#792);
#528=LINE('',#3518,#793);
#529=LINE('',#3520,#794);
#530=LINE('',#3521,#795);
#531=LINE('',#3524,#796);
#532=LINE('',#3526,#797);
#533=LINE('',#3527,#798);
#534=LINE('',#3530,#799);
#535=LINE('',#3532,#800);
#536=LINE('',#3533,#801);
#537=LINE('',#3537,#802);
#538=LINE('',#3539,#803);
#539=LINE('',#3541,#804);
#540=LINE('',#3542,#805);
#541=LINE('',#3545,#806);
#542=LINE('',#3547,#807);
#543=LINE('',#3548,#808);
#544=LINE('',#3551,#809);
#545=LINE('',#3553,#810);
#546=LINE('',#3554,#811);
#547=LINE('',#3558,#812);
#548=LINE('',#3559,#813);
#549=LINE('',#3560,#814);
#550=LINE('',#3563,#815);
#551=LINE('',#3564,#816);
#552=LINE('',#3566,#817);
#553=LINE('',#3568,#818);
#554=LINE('',#3570,#819);
#555=LINE('',#3573,#820);
#556=LINE('',#3574,#821);
#557=LINE('',#3576,#822);
#558=LINE('',#3578,#823);
#559=LINE('',#3582,#824);
#560=LINE('',#3583,#825);
#561=LINE('',#3585,#826);
#562=LINE('',#3586,#827);
#563=LINE('',#3588,#828);
#564=LINE('',#3590,#829);
#565=LINE('',#3592,#830);
#566=LINE('',#3593,#831);
#567=LINE('',#3594,#832);
#568=LINE('',#3595,#833);
#569=LINE('',#3601,#834);
#570=LINE('',#3603,#835);
#571=LINE('',#3607,#836);
#572=LINE('',#3771,#837);
#573=LINE('',#3773,#838);
#574=LINE('',#3775,#839);
#575=LINE('',#3777,#840);
#576=LINE('',#3779,#841);
#577=LINE('',#3781,#842);
#578=LINE('',#3783,#843);
#579=LINE('',#3787,#844);
#580=LINE('',#3789,#845);
#581=LINE('',#3791,#846);
#582=LINE('',#3793,#847);
#583=LINE('',#3795,#848);
#584=LINE('',#3797,#849);
#585=LINE('',#3799,#850);
#586=LINE('',#3801,#851);
#587=LINE('',#3803,#852);
#588=LINE('',#3804,#853);
#589=LINE('',#3813,#854);
#590=LINE('',#3817,#855);
#591=LINE('',#3821,#856);
#592=LINE('',#3824,#857);
#593=LINE('',#3831,#858);
#594=LINE('',#3834,#859);
#595=LINE('',#3840,#860);
#596=LINE('',#3844,#861);
#597=LINE('',#3846,#862);
#598=LINE('',#3848,#863);
#599=LINE('',#3850,#864);
#600=LINE('',#3852,#865);
#601=LINE('',#3854,#866);
#602=LINE('',#3856,#867);
#603=LINE('',#3858,#868);
#604=LINE('',#3859,#869);
#605=LINE('',#3862,#870);
#606=LINE('',#3864,#871);
#607=LINE('',#3866,#872);
#608=LINE('',#3868,#873);
#609=LINE('',#3870,#874);
#610=LINE('',#3871,#875);
#611=LINE('',#3875,#876);
#612=LINE('',#3878,#877);
#613=LINE('',#3879,#878);
#614=LINE('',#4050,#879);
#615=LINE('',#4053,#880);
#616=LINE('',#4225,#881);
#617=LINE('',#4226,#882);
#618=LINE('',#4239,#883);
#619=LINE('',#4241,#884);
#620=LINE('',#4243,#885);
#621=LINE('',#4245,#886);
#622=LINE('',#4247,#887);
#623=LINE('',#4249,#888);
#624=LINE('',#4251,#889);
#625=LINE('',#4253,#890);
#626=LINE('',#4255,#891);
#627=LINE('',#4257,#892);
#628=LINE('',#4259,#893);
#629=LINE('',#4260,#894);
#630=LINE('',#4264,#895);
#631=LINE('',#4265,#896);
#632=LINE('',#4266,#897);
#633=LINE('',#4269,#898);
#634=LINE('',#4270,#899);
#635=LINE('',#4273,#900);
#636=LINE('',#4274,#901);
#637=LINE('',#4278,#902);
#638=LINE('',#4279,#903);
#639=LINE('',#4280,#904);
#640=LINE('',#4284,#905);
#641=LINE('',#4285,#906);
#642=LINE('',#4286,#907);
#643=LINE('',#4289,#908);
#644=LINE('',#4290,#909);
#645=LINE('',#4293,#910);
#646=LINE('',#4294,#911);
#647=LINE('',#4297,#912);
#648=LINE('',#4299,#913);
#649=LINE('',#4300,#914);
#650=LINE('',#4303,#915);
#651=LINE('',#4305,#916);
#652=LINE('',#4308,#917);
#653=LINE('',#4311,#918);
#654=LINE('',#4314,#919);
#655=LINE('',#4318,#920);
#656=LINE('',#4320,#921);
#657=LINE('',#4321,#922);
#658=LINE('',#4324,#923);
#659=LINE('',#4326,#924);
#660=LINE('',#4329,#925);
#661=LINE('',#4333,#926);
#662=LINE('',#4338,#927);
#663=LINE('',#4342,#928);
#664=LINE('',#4344,#929);
#665=LINE('',#4345,#930);
#666=LINE('',#4349,#931);
#667=LINE('',#4352,#932);
#668=LINE('',#4358,#933);
#669=LINE('',#4363,#934);
#670=LINE('',#4364,#935);
#671=LINE('',#4365,#936);
#672=LINE('',#4367,#937);
#673=LINE('',#4368,#938);
#674=LINE('',#4371,#939);
#675=LINE('',#4376,#940);
#676=LINE('',#4378,#941);
#677=LINE('',#4381,#942);
#678=LINE('',#4382,#943);
#679=LINE('',#4387,#944);
#680=LINE('',#4400,#945);
#681=LINE('',#4409,#946);
#682=LINE('',#4411,#947);
#683=LINE('',#4415,#948);
#684=LINE('',#4419,#949);
#685=LINE('',#4420,#950);
#686=LINE('',#4423,#951);
#687=LINE('',#4430,#952);
#688=LINE('',#4434,#953);
#689=LINE('',#4438,#954);
#690=LINE('',#4440,#955);
#691=LINE('',#4442,#956);
#692=LINE('',#4443,#957);
#693=LINE('',#4446,#958);
#694=LINE('',#4448,#959);
#695=LINE('',#4449,#960);
#696=LINE('',#4452,#961);
#697=LINE('',#4454,#962);
#698=LINE('',#4455,#963);
#699=LINE('',#4458,#964);
#700=LINE('',#4460,#965);
#701=LINE('',#4461,#966);
#702=LINE('',#4464,#967);
#703=LINE('',#4466,#968);
#704=LINE('',#4467,#969);
#705=LINE('',#4469,#970);
#706=LINE('',#4470,#971);
#707=LINE('',#4474,#972);
#708=LINE('',#4476,#973);
#709=LINE('',#4477,#974);
#710=LINE('',#4480,#975);
#711=LINE('',#4481,#976);
#712=LINE('',#4484,#977);
#713=LINE('',#4485,#978);
#714=LINE('',#4488,#979);
#715=LINE('',#4489,#980);
#716=LINE('',#4492,#981);
#717=LINE('',#4493,#982);
#718=LINE('',#4495,#983);
#719=LINE('',#4500,#984);
#720=LINE('',#4504,#985);
#721=LINE('',#4508,#986);
#722=LINE('',#4512,#987);
#723=LINE('',#4516,#988);
#724=LINE('',#4518,#989);
#725=LINE('',#4522,#990);
#726=LINE('',#4524,#991);
#727=LINE('',#4526,#992);
#728=LINE('',#4529,#993);
#729=LINE('',#4541,#994);
#730=LINE('',#4544,#995);
#731=LINE('',#4547,#996);
#732=LINE('',#4548,#997);
#733=LINE('',#4551,#998);
#734=LINE('',#4552,#999);
#735=LINE('',#4555,#1000);
#736=LINE('',#4556,#1001);
#737=LINE('',#4569,#1002);
#738=LINE('',#4572,#1003);
#739=LINE('',#4573,#1004);
#740=LINE('',#4576,#1005);
#741=LINE('',#4577,#1006);
#742=LINE('',#4581,#1007);
#743=LINE('',#4583,#1008);
#744=LINE('',#4585,#1009);
#745=LINE('',#4586,#1010);
#746=LINE('',#4587,#1011);
#747=LINE('',#4590,#1012);
#748=LINE('',#4592,#1013);
#749=LINE('',#4593,#1014);
#750=LINE('',#4596,#1015);
#751=LINE('',#4598,#1016);
#752=LINE('',#4599,#1017);
#753=LINE('',#4601,#1018);
#754=LINE('',#4602,#1019);
#755=LINE('',#4604,#1020);
#756=LINE('',#4610,#1021);
#757=LINE('',#4612,#1022);
#758=LINE('',#4627,#1023);
#759=LINE('',#4630,#1024);
#760=LINE('',#4632,#1025);
#761=LINE('',#4633,#1026);
#762=LINE('',#4635,#1027);
#763=LINE('',#4637,#1028);
#764=LINE('',#4639,#1029);
#765=LINE('',#4641,#1030);
#766=LINE('',#4643,#1031);
#767=LINE('',#4645,#1032);
#768=VECTOR('',#2682,10.);
#769=VECTOR('',#2683,10.);
#770=VECTOR('',#2686,10.);
#771=VECTOR('',#2693,10.);
#772=VECTOR('',#2694,10.);
#773=VECTOR('',#2695,10.);
#774=VECTOR('',#2698,10.);
#775=VECTOR('',#2699,10.);
#776=VECTOR('',#2700,10.);
#777=VECTOR('',#2701,10.);
#778=VECTOR('',#2704,10.);
#779=VECTOR('',#2705,10.);
#780=VECTOR('',#2706,10.);
#781=VECTOR('',#2707,10.);
#782=VECTOR('',#2708,10.);
#783=VECTOR('',#2709,10.);
#784=VECTOR('',#2710,10.);
#785=VECTOR('',#2711,10.);
#786=VECTOR('',#2712,10.);
#787=VECTOR('',#2713,10.);
#788=VECTOR('',#2714,10.);
#789=VECTOR('',#2715,10.);
#790=VECTOR('',#2716,10.);
#791=VECTOR('',#2717,10.);
#792=VECTOR('',#2718,10.);
#793=VECTOR('',#2721,10.);
#794=VECTOR('',#2722,10.);
#795=VECTOR('',#2723,10.);
#796=VECTOR('',#2726,10.);
#797=VECTOR('',#2727,10.);
#798=VECTOR('',#2728,10.);
#799=VECTOR('',#2731,10.);
#800=VECTOR('',#2732,10.);
#801=VECTOR('',#2733,10.);
#802=VECTOR('',#2736,10.);
#803=VECTOR('',#2737,10.);
#804=VECTOR('',#2738,10.);
#805=VECTOR('',#2739,10.);
#806=VECTOR('',#2742,10.);
#807=VECTOR('',#2743,10.);
#808=VECTOR('',#2744,10.);
#809=VECTOR('',#2747,10.);
#810=VECTOR('',#2748,10.);
#811=VECTOR('',#2749,10.);
#812=VECTOR('',#2752,10.);
#813=VECTOR('',#2753,10.);
#814=VECTOR('',#2754,10.);
#815=VECTOR('',#2757,10.);
#816=VECTOR('',#2758,10.);
#817=VECTOR('',#2761,10.);
#818=VECTOR('',#2764,10.);
#819=VECTOR('',#2767,10.);
#820=VECTOR('',#2770,10.);
#821=VECTOR('',#2771,10.);
#822=VECTOR('',#2774,10.);
#823=VECTOR('',#2777,10.);
#824=VECTOR('',#2780,10.);
#825=VECTOR('',#2781,10.);
#826=VECTOR('',#2782,10.);
#827=VECTOR('',#2783,10.);
#828=VECTOR('',#2784,10.);
#829=VECTOR('',#2785,10.);
#830=VECTOR('',#2786,10.);
#831=VECTOR('',#2787,10.);
#832=VECTOR('',#2788,10.);
#833=VECTOR('',#2789,10.);
#834=VECTOR('',#2800,10.);
#835=VECTOR('',#2803,10.);
#836=VECTOR('',#2810,10.);
#837=VECTOR('',#2817,10.);
#838=VECTOR('',#2818,10.);
#839=VECTOR('',#2819,10.);
#840=VECTOR('',#2820,10.);
#841=VECTOR('',#2821,10.);
#842=VECTOR('',#2822,10.);
#843=VECTOR('',#2823,10.);
#844=VECTOR('',#2826,10.);
#845=VECTOR('',#2827,10.);
#846=VECTOR('',#2828,10.);
#847=VECTOR('',#2829,10.);
#848=VECTOR('',#2830,10.);
#849=VECTOR('',#2831,10.);
#850=VECTOR('',#2832,10.);
#851=VECTOR('',#2833,10.);
#852=VECTOR('',#2834,10.);
#853=VECTOR('',#2835,10.);
#854=VECTOR('',#2842,10.);
#855=VECTOR('',#2845,10.);
#856=VECTOR('',#2848,10.);
#857=VECTOR('',#2851,10.);
#858=VECTOR('',#2864,10.);
#859=VECTOR('',#2867,10.);
#860=VECTOR('',#2872,10.);
#861=VECTOR('',#2875,10.);
#862=VECTOR('',#2876,10.);
#863=VECTOR('',#2877,10.);
#864=VECTOR('',#2878,10.);
#865=VECTOR('',#2879,10.);
#866=VECTOR('',#2880,10.);
#867=VECTOR('',#2881,10.);
#868=VECTOR('',#2882,10.);
#869=VECTOR('',#2883,10.);
#870=VECTOR('',#2884,10.);
#871=VECTOR('',#2885,10.);
#872=VECTOR('',#2886,10.);
#873=VECTOR('',#2887,10.);
#874=VECTOR('',#2888,10.);
#875=VECTOR('',#2889,10.);
#876=VECTOR('',#2894,10.);
#877=VECTOR('',#2897,10.);
#878=VECTOR('',#2898,10.);
#879=VECTOR('',#2901,10.);
#880=VECTOR('',#2904,10.);
#881=VECTOR('',#2907,10.);
#882=VECTOR('',#2908,10.);
#883=VECTOR('',#2911,10.);
#884=VECTOR('',#2912,10.);
#885=VECTOR('',#2913,10.);
#886=VECTOR('',#2914,10.);
#887=VECTOR('',#2915,10.);
#888=VECTOR('',#2916,10.);
#889=VECTOR('',#2917,10.);
#890=VECTOR('',#2918,10.);
#891=VECTOR('',#2919,10.);
#892=VECTOR('',#2920,10.);
#893=VECTOR('',#2921,10.);
#894=VECTOR('',#2922,10.);
#895=VECTOR('',#2925,10.);
#896=VECTOR('',#2926,10.);
#897=VECTOR('',#2927,10.);
#898=VECTOR('',#2930,10.);
#899=VECTOR('',#2931,10.);
#900=VECTOR('',#2934,10.);
#901=VECTOR('',#2935,10.);
#902=VECTOR('',#2938,10.);
#903=VECTOR('',#2939,10.);
#904=VECTOR('',#2940,10.);
#905=VECTOR('',#2943,10.);
#906=VECTOR('',#2944,10.);
#907=VECTOR('',#2945,10.);
#908=VECTOR('',#2948,10.);
#909=VECTOR('',#2949,10.);
#910=VECTOR('',#2952,10.);
#911=VECTOR('',#2953,10.);
#912=VECTOR('',#2956,10.);
#913=VECTOR('',#2957,10.);
#914=VECTOR('',#2958,10.);
#915=VECTOR('',#2961,10.);
#916=VECTOR('',#2962,10.);
#917=VECTOR('',#2967,10.);
#918=VECTOR('',#2970,10.);
#919=VECTOR('',#2973,10.);
#920=VECTOR('',#2976,10.);
#921=VECTOR('',#2977,10.);
#922=VECTOR('',#2978,10.);
#923=VECTOR('',#2981,10.);
#924=VECTOR('',#2982,10.);
#925=VECTOR('',#2987,10.);
#926=VECTOR('',#2992,10.);
#927=VECTOR('',#2997,10.);
#928=VECTOR('',#3002,10.);
#929=VECTOR('',#3003,10.);
#930=VECTOR('',#3004,10.);
#931=VECTOR('',#3009,10.);
#932=VECTOR('',#3014,10.);
#933=VECTOR('',#3023,10.);
#934=VECTOR('',#3028,10.);
#935=VECTOR('',#3029,10.);
#936=VECTOR('',#3030,10.);
#937=VECTOR('',#3033,10.);
#938=VECTOR('',#3034,10.);
#939=VECTOR('',#3037,10.);
#940=VECTOR('',#3044,10.);
#941=VECTOR('',#3047,10.);
#942=VECTOR('',#3050,10.);
#943=VECTOR('',#3051,10.);
#944=VECTOR('',#3056,10.);
#945=VECTOR('',#3075,10.);
#946=VECTOR('',#3092,10.);
#947=VECTOR('',#3095,10.);
#948=VECTOR('',#3100,10.);
#949=VECTOR('',#3105,10.);
#950=VECTOR('',#3106,10.);
#951=VECTOR('',#3109,10.);
#952=VECTOR('',#3120,1.75);
#953=VECTOR('',#3125,1.75);
#954=VECTOR('',#3128,10.);
#955=VECTOR('',#3129,10.);
#956=VECTOR('',#3130,10.);
#957=VECTOR('',#3131,10.);
#958=VECTOR('',#3134,10.);
#959=VECTOR('',#3135,10.);
#960=VECTOR('',#3136,10.);
#961=VECTOR('',#3139,10.);
#962=VECTOR('',#3140,10.);
#963=VECTOR('',#3141,10.);
#964=VECTOR('',#3144,10.);
#965=VECTOR('',#3145,10.);
#966=VECTOR('',#3146,10.);
#967=VECTOR('',#3149,10.);
#968=VECTOR('',#3150,10.);
#969=VECTOR('',#3151,10.);
#970=VECTOR('',#3154,10.);
#971=VECTOR('',#3155,10.);
#972=VECTOR('',#3160,10.);
#973=VECTOR('',#3161,10.);
#974=VECTOR('',#3162,10.);
#975=VECTOR('',#3165,10.);
#976=VECTOR('',#3166,10.);
#977=VECTOR('',#3169,10.);
#978=VECTOR('',#3170,10.);
#979=VECTOR('',#3173,10.);
#980=VECTOR('',#3174,10.);
#981=VECTOR('',#3177,10.);
#982=VECTOR('',#3178,10.);
#983=VECTOR('',#3181,10.);
#984=VECTOR('',#3186,10.);
#985=VECTOR('',#3189,10.);
#986=VECTOR('',#3192,10.);
#987=VECTOR('',#3195,10.);
#988=VECTOR('',#3198,10.);
#989=VECTOR('',#3199,10.);
#990=VECTOR('',#3202,10.);
#991=VECTOR('',#3203,10.);
#992=VECTOR('',#3204,10.);
#993=VECTOR('',#3207,10.);
#994=VECTOR('',#3208,10.);
#995=VECTOR('',#3211,10.);
#996=VECTOR('',#3214,10.);
#997=VECTOR('',#3215,10.);
#998=VECTOR('',#3218,10.);
#999=VECTOR('',#3219,10.);
#1000=VECTOR('',#3222,10.);
#1001=VECTOR('',#3223,10.);
#1002=VECTOR('',#3226,10.);
#1003=VECTOR('',#3229,10.);
#1004=VECTOR('',#3230,10.);
#1005=VECTOR('',#3233,10.);
#1006=VECTOR('',#3234,10.);
#1007=VECTOR('',#3237,10.);
#1008=VECTOR('',#3238,10.);
#1009=VECTOR('',#3239,10.);
#1010=VECTOR('',#3240,10.);
#1011=VECTOR('',#3241,10.);
#1012=VECTOR('',#3244,10.);
#1013=VECTOR('',#3245,10.);
#1014=VECTOR('',#3246,10.);
#1015=VECTOR('',#3249,10.);
#1016=VECTOR('',#3250,10.);
#1017=VECTOR('',#3251,10.);
#1018=VECTOR('',#3254,10.);
#1019=VECTOR('',#3255,10.);
#1020=VECTOR('',#3258,10.);
#1021=VECTOR('',#3265,10.);
#1022=VECTOR('',#3268,10.);
#1023=VECTOR('',#3269,10.);
#1024=VECTOR('',#3274,10.);
#1025=VECTOR('',#3277,10.);
#1026=VECTOR('',#3278,10.);
#1027=VECTOR('',#3281,10.);
#1028=VECTOR('',#3284,10.);
#1029=VECTOR('',#3287,10.);
#1030=VECTOR('',#3290,10.);
#1031=VECTOR('',#3293,10.);
#1032=VECTOR('',#3296,10.);
#1033=VERTEX_POINT('',#3303);
#1034=VERTEX_POINT('',#3304);
#1035=VERTEX_POINT('',#3306);
#1036=VERTEX_POINT('',#3311);
#1037=VERTEX_POINT('',#3313);
#1038=VERTEX_POINT('',#3315);
#1039=VERTEX_POINT('',#3317);
#1040=VERTEX_POINT('',#3330);
#1041=VERTEX_POINT('',#3331);
#1042=VERTEX_POINT('',#3350);
#1043=VERTEX_POINT('',#3355);
#1044=VERTEX_POINT('',#3357);
#1045=VERTEX_POINT('',#3361);
#1046=VERTEX_POINT('',#3373);
#1047=VERTEX_POINT('',#3374);
#1048=VERTEX_POINT('',#3381);
#1049=VERTEX_POINT('',#3385);
#1050=VERTEX_POINT('',#3401);
#1051=VERTEX_POINT('',#3402);
#1052=VERTEX_POINT('',#3409);
#1053=VERTEX_POINT('',#3413);
#1054=VERTEX_POINT('',#3424);
#1055=VERTEX_POINT('',#3425);
#1056=VERTEX_POINT('',#3427);
#1057=VERTEX_POINT('',#3429);
#1058=VERTEX_POINT('',#3438);
#1059=VERTEX_POINT('',#3439);
#1060=VERTEX_POINT('',#3446);
#1061=VERTEX_POINT('',#3450);
#1062=VERTEX_POINT('',#3468);
#1063=VERTEX_POINT('',#3469);
#1064=VERTEX_POINT('',#3476);
#1065=VERTEX_POINT('',#3480);
#1066=VERTEX_POINT('',#3491);
#1067=VERTEX_POINT('',#3492);
#1068=VERTEX_POINT('',#3494);
#1069=VERTEX_POINT('',#3496);
#1070=VERTEX_POINT('',#3498);
#1071=VERTEX_POINT('',#3500);
#1072=VERTEX_POINT('',#3502);
#1073=VERTEX_POINT('',#3505);
#1074=VERTEX_POINT('',#3507);
#1075=VERTEX_POINT('',#3509);
#1076=VERTEX_POINT('',#3517);
#1077=VERTEX_POINT('',#3519);
#1078=VERTEX_POINT('',#3523);
#1079=VERTEX_POINT('',#3525);
#1080=VERTEX_POINT('',#3529);
#1081=VERTEX_POINT('',#3531);
#1082=VERTEX_POINT('',#3535);
#1083=VERTEX_POINT('',#3536);
#1084=VERTEX_POINT('',#3538);
#1085=VERTEX_POINT('',#3540);
#1086=VERTEX_POINT('',#3544);
#1087=VERTEX_POINT('',#3546);
#1088=VERTEX_POINT('',#3550);
#1089=VERTEX_POINT('',#3552);
#1090=VERTEX_POINT('',#3556);
#1091=VERTEX_POINT('',#3557);
#1092=VERTEX_POINT('',#3562);
#1093=VERTEX_POINT('',#3572);
#1094=VERTEX_POINT('',#3580);
#1095=VERTEX_POINT('',#3581);
#1096=VERTEX_POINT('',#3584);
#1097=VERTEX_POINT('',#3587);
#1098=VERTEX_POINT('',#3589);
#1099=VERTEX_POINT('',#3591);
#1100=VERTEX_POINT('',#3670);
#1101=VERTEX_POINT('',#3671);
#1102=VERTEX_POINT('',#3676);
#1103=VERTEX_POINT('',#3684);
#1104=VERTEX_POINT('',#3691);
#1105=VERTEX_POINT('',#3731);
#1106=VERTEX_POINT('',#3738);
#1107=VERTEX_POINT('',#3743);
#1108=VERTEX_POINT('',#3770);
#1109=VERTEX_POINT('',#3772);
#1110=VERTEX_POINT('',#3774);
#1111=VERTEX_POINT('',#3776);
#1112=VERTEX_POINT('',#3778);
#1113=VERTEX_POINT('',#3780);
#1114=VERTEX_POINT('',#3782);
#1115=VERTEX_POINT('',#3785);
#1116=VERTEX_POINT('',#3786);
#1117=VERTEX_POINT('',#3788);
#1118=VERTEX_POINT('',#3790);
#1119=VERTEX_POINT('',#3792);
#1120=VERTEX_POINT('',#3794);
#1121=VERTEX_POINT('',#3796);
#1122=VERTEX_POINT('',#3798);
#1123=VERTEX_POINT('',#3800);
#1124=VERTEX_POINT('',#3802);
#1125=VERTEX_POINT('',#3805);
#1126=VERTEX_POINT('',#3807);
#1127=VERTEX_POINT('',#3809);
#1128=VERTEX_POINT('',#3810);
#1129=VERTEX_POINT('',#3812);
#1130=VERTEX_POINT('',#3814);
#1131=VERTEX_POINT('',#3816);
#1132=VERTEX_POINT('',#3818);
#1133=VERTEX_POINT('',#3820);
#1134=VERTEX_POINT('',#3822);
#1135=VERTEX_POINT('',#3833);
#1136=VERTEX_POINT('',#3835);
#1137=VERTEX_POINT('',#3837);
#1138=VERTEX_POINT('',#3839);
#1139=VERTEX_POINT('',#3841);
#1140=VERTEX_POINT('',#3843);
#1141=VERTEX_POINT('',#3845);
#1142=VERTEX_POINT('',#3847);
#1143=VERTEX_POINT('',#3849);
#1144=VERTEX_POINT('',#3851);
#1145=VERTEX_POINT('',#3853);
#1146=VERTEX_POINT('',#3855);
#1147=VERTEX_POINT('',#3857);
#1148=VERTEX_POINT('',#3860);
#1149=VERTEX_POINT('',#3861);
#1150=VERTEX_POINT('',#3863);
#1151=VERTEX_POINT('',#3865);
#1152=VERTEX_POINT('',#3867);
#1153=VERTEX_POINT('',#3869);
#1154=VERTEX_POINT('',#3873);
#1155=VERTEX_POINT('',#3877);
#1156=VERTEX_POINT('',#4052);
#1157=VERTEX_POINT('',#4224);
#1158=VERTEX_POINT('',#4237);
#1159=VERTEX_POINT('',#4238);
#1160=VERTEX_POINT('',#4240);
#1161=VERTEX_POINT('',#4242);
#1162=VERTEX_POINT('',#4244);
#1163=VERTEX_POINT('',#4246);
#1164=VERTEX_POINT('',#4248);
#1165=VERTEX_POINT('',#4250);
#1166=VERTEX_POINT('',#4252);
#1167=VERTEX_POINT('',#4254);
#1168=VERTEX_POINT('',#4256);
#1169=VERTEX_POINT('',#4258);
#1170=VERTEX_POINT('',#4262);
#1171=VERTEX_POINT('',#4263);
#1172=VERTEX_POINT('',#4268);
#1173=VERTEX_POINT('',#4272);
#1174=VERTEX_POINT('',#4276);
#1175=VERTEX_POINT('',#4277);
#1176=VERTEX_POINT('',#4282);
#1177=VERTEX_POINT('',#4283);
#1178=VERTEX_POINT('',#4288);
#1179=VERTEX_POINT('',#4292);
#1180=VERTEX_POINT('',#4296);
#1181=VERTEX_POINT('',#4298);
#1182=VERTEX_POINT('',#4302);
#1183=VERTEX_POINT('',#4304);
#1184=VERTEX_POINT('',#4309);
#1185=VERTEX_POINT('',#4313);
#1186=VERTEX_POINT('',#4315);
#1187=VERTEX_POINT('',#4317);
#1188=VERTEX_POINT('',#4319);
#1189=VERTEX_POINT('',#4323);
#1190=VERTEX_POINT('',#4325);
#1191=VERTEX_POINT('',#4331);
#1192=VERTEX_POINT('',#4335);
#1193=VERTEX_POINT('',#4337);
#1194=VERTEX_POINT('',#4341);
#1195=VERTEX_POINT('',#4343);
#1196=VERTEX_POINT('',#4348);
#1197=VERTEX_POINT('',#4357);
#1198=VERTEX_POINT('',#4361);
#1199=VERTEX_POINT('',#4362);
#1200=VERTEX_POINT('',#4370);
#1201=VERTEX_POINT('',#4374);
#1202=VERTEX_POINT('',#4380);
#1203=VERTEX_POINT('',#4384);
#1204=VERTEX_POINT('',#4386);
#1205=VERTEX_POINT('',#4390);
#1206=VERTEX_POINT('',#4397);
#1207=VERTEX_POINT('',#4399);
#1208=VERTEX_POINT('',#4414);
#1209=VERTEX_POINT('',#4418);
#1210=VERTEX_POINT('',#4422);
#1211=VERTEX_POINT('',#4428);
#1212=VERTEX_POINT('',#4432);
#1213=VERTEX_POINT('',#4436);
#1214=VERTEX_POINT('',#4437);
#1215=VERTEX_POINT('',#4439);
#1216=VERTEX_POINT('',#4441);
#1217=VERTEX_POINT('',#4445);
#1218=VERTEX_POINT('',#4447);
#1219=VERTEX_POINT('',#4451);
#1220=VERTEX_POINT('',#4453);
#1221=VERTEX_POINT('',#4457);
#1222=VERTEX_POINT('',#4459);
#1223=VERTEX_POINT('',#4463);
#1224=VERTEX_POINT('',#4465);
#1225=VERTEX_POINT('',#4473);
#1226=VERTEX_POINT('',#4475);
#1227=VERTEX_POINT('',#4479);
#1228=VERTEX_POINT('',#4483);
#1229=VERTEX_POINT('',#4487);
#1230=VERTEX_POINT('',#4491);
#1231=VERTEX_POINT('',#4498);
#1232=VERTEX_POINT('',#4499);
#1233=VERTEX_POINT('',#4501);
#1234=VERTEX_POINT('',#4503);
#1235=VERTEX_POINT('',#4505);
#1236=VERTEX_POINT('',#4507);
#1237=VERTEX_POINT('',#4509);
#1238=VERTEX_POINT('',#4511);
#1239=VERTEX_POINT('',#4513);
#1240=VERTEX_POINT('',#4515);
#1241=VERTEX_POINT('',#4517);
#1242=VERTEX_POINT('',#4519);
#1243=VERTEX_POINT('',#4521);
#1244=VERTEX_POINT('',#4523);
#1245=VERTEX_POINT('',#4525);
#1246=VERTEX_POINT('',#4527);
#1247=VERTEX_POINT('',#4540);
#1248=VERTEX_POINT('',#4542);
#1249=VERTEX_POINT('',#4546);
#1250=VERTEX_POINT('',#4550);
#1251=VERTEX_POINT('',#4554);
#1252=VERTEX_POINT('',#4567);
#1253=VERTEX_POINT('',#4571);
#1254=VERTEX_POINT('',#4575);
#1255=VERTEX_POINT('',#4579);
#1256=VERTEX_POINT('',#4580);
#1257=VERTEX_POINT('',#4582);
#1258=VERTEX_POINT('',#4584);
#1259=VERTEX_POINT('',#4589);
#1260=VERTEX_POINT('',#4591);
#1261=VERTEX_POINT('',#4595);
#1262=VERTEX_POINT('',#4597);
#1263=VERTEX_POINT('',#4606);
#1264=VERTEX_POINT('',#4608);
#1265=EDGE_CURVE('',#1033,#1034,#503,.T.);
#1266=EDGE_CURVE('',#1035,#1034,#481,.T.);
#1267=EDGE_CURVE('',#1036,#1035,#504,.F.);
#1268=EDGE_CURVE('',#1037,#1036,#430,.F.);
#1269=EDGE_CURVE('',#1037,#1038,#505,.F.);
#1270=EDGE_CURVE('',#1039,#1038,#431,.T.);
#1271=EDGE_CURVE('',#1033,#1039,#482,.T.);
#1272=EDGE_CURVE('',#1033,#1034,#49,.T.);
#1273=EDGE_CURVE('',#1040,#1041,#506,.T.);
#1274=EDGE_CURVE('',#1040,#1041,#50,.T.);
#1275=EDGE_CURVE('',#1042,#1040,#483,.T.);
#1276=EDGE_CURVE('',#1043,#1042,#507,.T.);
#1277=EDGE_CURVE('',#1044,#1043,#51,.T.);
#1278=EDGE_CURVE('',#1045,#1044,#508,.T.);
#1279=EDGE_CURVE('',#1041,#1045,#484,.T.);
#1280=EDGE_CURVE('',#1046,#1047,#485,.T.);
#1281=EDGE_CURVE('',#1046,#1048,#52,.T.);
#1282=EDGE_CURVE('',#1048,#1049,#486,.F.);
#1283=EDGE_CURVE('',#1049,#1047,#53,.T.);
#1284=EDGE_CURVE('',#1050,#1051,#487,.T.);
#1285=EDGE_CURVE('',#1050,#1052,#54,.T.);
#1286=EDGE_CURVE('',#1052,#1053,#488,.F.);
#1287=EDGE_CURVE('',#1051,#1053,#55,.T.);
#1288=EDGE_CURVE('',#1054,#1055,#509,.T.);
#1289=EDGE_CURVE('',#1055,#1056,#510,.T.);
#1290=EDGE_CURVE('',#1057,#1056,#511,.T.);
#1291=EDGE_CURVE('',#1057,#1054,#512,.F.);
#1292=EDGE_CURVE('',#1058,#1059,#489,.T.);
#1293=EDGE_CURVE('',#1058,#1060,#56,.T.);
#1294=EDGE_CURVE('',#1060,#1061,#490,.F.);
#1295=EDGE_CURVE('',#1059,#1061,#57,.T.);
#1296=EDGE_CURVE('',#1062,#1063,#491,.T.);
#1297=EDGE_CURVE('',#1062,#1064,#58,.T.);
#1298=EDGE_CURVE('',#1064,#1065,#492,.F.);
#1299=EDGE_CURVE('',#1065,#1063,#59,.T.);
#1300=EDGE_CURVE('',#1066,#1067,#513,.T.);
#1301=EDGE_CURVE('',#1068,#1066,#514,.T.);
#1302=EDGE_CURVE('',#1069,#1068,#515,.F.);
#1303=EDGE_CURVE('',#1070,#1069,#516,.F.);
#1304=EDGE_CURVE('',#1071,#1070,#517,.T.);
#1305=EDGE_CURVE('',#1072,#1071,#518,.F.);
#1306=EDGE_CURVE('',#1038,#1072,#519,.F.);
#1307=EDGE_CURVE('',#1073,#1037,#520,.T.);
#1308=EDGE_CURVE('',#1074,#1073,#521,.T.);
#1309=EDGE_CURVE('',#1075,#1074,#522,.F.);
#1310=EDGE_CURVE('',#1067,#1075,#523,.F.);
#1311=EDGE_CURVE('',#1061,#1059,#524,.F.);
#1312=EDGE_CURVE('',#1058,#1060,#525,.T.);
#1313=EDGE_CURVE('',#1065,#1063,#526,.F.);
#1314=EDGE_CURVE('',#1062,#1064,#527,.T.);
#1315=EDGE_CURVE('',#1076,#1070,#528,.T.);
#1316=EDGE_CURVE('',#1077,#1076,#529,.T.);
#1317=EDGE_CURVE('',#1077,#1071,#530,.F.);
#1318=EDGE_CURVE('',#1067,#1078,#531,.F.);
#1319=EDGE_CURVE('',#1079,#1078,#532,.T.);
#1320=EDGE_CURVE('',#1079,#1066,#533,.T.);
#1321=EDGE_CURVE('',#1080,#1077,#534,.F.);
#1322=EDGE_CURVE('',#1076,#1081,#535,.F.);
#1323=EDGE_CURVE('',#1081,#1080,#536,.T.);
#1324=EDGE_CURVE('',#1082,#1083,#537,.F.);
#1325=EDGE_CURVE('',#1083,#1084,#538,.T.);
#1326=EDGE_CURVE('',#1084,#1085,#539,.F.);
#1327=EDGE_CURVE('',#1085,#1082,#540,.T.);
#1328=EDGE_CURVE('',#1086,#1079,#541,.F.);
#1329=EDGE_CURVE('',#1078,#1087,#542,.F.);
#1330=EDGE_CURVE('',#1087,#1086,#543,.T.);
#1331=EDGE_CURVE('',#1088,#1057,#544,.F.);
#1332=EDGE_CURVE('',#1056,#1089,#545,.F.);
#1333=EDGE_CURVE('',#1089,#1088,#546,.T.);
#1334=EDGE_CURVE('',#1090,#1091,#547,.T.);
#1335=EDGE_CURVE('',#1091,#1084,#548,.F.);
#1336=EDGE_CURVE('',#1090,#1083,#549,.T.);
#1337=EDGE_CURVE('',#1091,#1092,#550,.F.);
#1338=EDGE_CURVE('',#1085,#1092,#551,.T.);
#1339=EDGE_CURVE('',#1072,#1080,#552,.T.);
#1340=EDGE_CURVE('',#1081,#1069,#553,.T.);
#1341=EDGE_CURVE('',#1068,#1086,#554,.T.);
#1342=EDGE_CURVE('',#1093,#1082,#555,.T.);
#1343=EDGE_CURVE('',#1093,#1090,#556,.F.);
#1344=EDGE_CURVE('',#1046,#1048,#557,.F.);
#1345=EDGE_CURVE('',#1049,#1047,#558,.T.);
#1346=EDGE_CURVE('',#1094,#1095,#559,.T.);
#1347=EDGE_CURVE('',#1092,#1094,#560,.F.);
#1348=EDGE_CURVE('',#1096,#1093,#561,.F.);
#1349=EDGE_CURVE('',#1055,#1096,#562,.T.);
#1350=EDGE_CURVE('',#1097,#1054,#563,.F.);
#1351=EDGE_CURVE('',#1098,#1097,#564,.F.);
#1352=EDGE_CURVE('',#1099,#1098,#565,.T.);
#1353=EDGE_CURVE('',#1095,#1099,#566,.T.);
#1354=EDGE_CURVE('',#1053,#1051,#567,.T.);
#1355=EDGE_CURVE('',#1050,#1052,#568,.F.);
#1356=EDGE_CURVE('',#1087,#1075,#569,.T.);
#1357=EDGE_CURVE('',#1097,#1088,#570,.T.);
#1358=EDGE_CURVE('',#1089,#1096,#571,.T.);
#1359=EDGE_CURVE('',#1100,#1101,#493,.F.);
#1360=EDGE_CURVE('',#1102,#1100,#494,.F.);
#1361=EDGE_CURVE('',#1103,#1102,#495,.T.);
#1362=EDGE_CURVE('',#1104,#1103,#496,.T.);
#1363=EDGE_CURVE('',#1105,#1104,#497,.T.);
#1364=EDGE_CURVE('',#1106,#1105,#498,.F.);
#1365=EDGE_CURVE('',#1107,#1106,#499,.F.);
#1366=EDGE_CURVE('',#1101,#1107,#500,.T.);
#1367=EDGE_CURVE('',#1099,#1101,#432,.F.);
#1368=EDGE_CURVE('',#1107,#1073,#433,.F.);
#1369=EDGE_CURVE('',#1036,#1108,#572,.T.);
#1370=EDGE_CURVE('',#1108,#1109,#573,.T.);
#1371=EDGE_CURVE('',#1109,#1110,#574,.T.);
#1372=EDGE_CURVE('',#1110,#1111,#575,.T.);
#1373=EDGE_CURVE('',#1111,#1112,#576,.T.);
#1374=EDGE_CURVE('',#1112,#1113,#577,.T.);
#1375=EDGE_CURVE('',#1113,#1114,#578,.T.);
#1376=EDGE_CURVE('',#1114,#1095,#434,.F.);
#1377=EDGE_CURVE('',#1115,#1116,#579,.T.);
#1378=EDGE_CURVE('',#1116,#1117,#580,.T.);
#1379=EDGE_CURVE('',#1117,#1118,#581,.T.);
#1380=EDGE_CURVE('',#1118,#1119,#582,.T.);
#1381=EDGE_CURVE('',#1119,#1120,#583,.T.);
#1382=EDGE_CURVE('',#1120,#1121,#584,.T.);
#1383=EDGE_CURVE('',#1121,#1122,#585,.T.);
#1384=EDGE_CURVE('',#1122,#1123,#586,.T.);
#1385=EDGE_CURVE('',#1123,#1124,#587,.T.);
#1386=EDGE_CURVE('',#1124,#1115,#588,.T.);
#1387=EDGE_CURVE('',#1125,#1125,#435,.T.);
#1388=EDGE_CURVE('',#1126,#1126,#436,.T.);
#1389=EDGE_CURVE('',#1127,#1128,#437,.T.);
#1390=EDGE_CURVE('',#1128,#1129,#589,.T.);
#1391=EDGE_CURVE('',#1129,#1130,#438,.T.);
#1392=EDGE_CURVE('',#1130,#1131,#590,.T.);
#1393=EDGE_CURVE('',#1131,#1132,#439,.T.);
#1394=EDGE_CURVE('',#1132,#1133,#591,.T.);
#1395=EDGE_CURVE('',#1133,#1134,#440,.T.);
#1396=EDGE_CURVE('',#1134,#1127,#592,.T.);
#1397=EDGE_CURVE('',#1074,#1106,#441,.T.);
#1398=EDGE_CURVE('',#1100,#1098,#442,.T.);
#1399=EDGE_CURVE('',#1094,#1045,#443,.T.);
#1400=EDGE_CURVE('',#1114,#1042,#593,.T.);
#1401=EDGE_CURVE('',#1135,#1039,#594,.T.);
#1402=EDGE_CURVE('',#1105,#1136,#444,.T.);
#1403=EDGE_CURVE('',#1137,#1136,#445,.F.);
#1404=EDGE_CURVE('',#1137,#1138,#595,.T.);
#1405=EDGE_CURVE('',#1139,#1138,#446,.F.);
#1406=EDGE_CURVE('',#1139,#1140,#596,.T.);
#1407=EDGE_CURVE('',#1140,#1141,#597,.T.);
#1408=EDGE_CURVE('',#1141,#1142,#598,.T.);
#1409=EDGE_CURVE('',#1142,#1143,#599,.T.);
#1410=EDGE_CURVE('',#1143,#1144,#600,.T.);
#1411=EDGE_CURVE('',#1144,#1145,#601,.T.);
#1412=EDGE_CURVE('',#1145,#1146,#602,.T.);
#1413=EDGE_CURVE('',#1146,#1147,#603,.T.);
#1414=EDGE_CURVE('',#1147,#1135,#604,.T.);
#1415=EDGE_CURVE('',#1148,#1149,#605,.T.);
#1416=EDGE_CURVE('',#1149,#1150,#606,.T.);
#1417=EDGE_CURVE('',#1150,#1151,#607,.T.);
#1418=EDGE_CURVE('',#1151,#1152,#608,.T.);
#1419=EDGE_CURVE('',#1152,#1153,#609,.T.);
#1420=EDGE_CURVE('',#1153,#1148,#610,.T.);
#1421=EDGE_CURVE('',#1154,#1104,#447,.T.);
#1422=EDGE_CURVE('',#1136,#1154,#611,.T.);
#1423=EDGE_CURVE('',#1111,#1155,#612,.T.);
#1424=EDGE_CURVE('',#1110,#1146,#613,.T.);
#1425=EDGE_CURVE('',#1155,#1145,#501,.T.);
#1426=EDGE_CURVE('',#1109,#1147,#614,.T.);
#1427=EDGE_CURVE('',#1156,#1108,#615,.T.);
#1428=EDGE_CURVE('',#1135,#1156,#502,.T.);
#1429=EDGE_CURVE('',#1155,#1157,#616,.T.);
#1430=EDGE_CURVE('',#1112,#1157,#617,.T.);
#1431=EDGE_CURVE('',#1157,#1144,#60,.T.);
#1432=EDGE_CURVE('',#1158,#1159,#618,.T.);
#1433=EDGE_CURVE('',#1160,#1158,#619,.T.);
#1434=EDGE_CURVE('',#1161,#1160,#620,.T.);
#1435=EDGE_CURVE('',#1162,#1161,#621,.T.);
#1436=EDGE_CURVE('',#1163,#1162,#622,.T.);
#1437=EDGE_CURVE('',#1164,#1163,#623,.T.);
#1438=EDGE_CURVE('',#1165,#1164,#624,.T.);
#1439=EDGE_CURVE('',#1166,#1165,#625,.T.);
#1440=EDGE_CURVE('',#1167,#1166,#626,.T.);
#1441=EDGE_CURVE('',#1168,#1167,#627,.T.);
#1442=EDGE_CURVE('',#1169,#1168,#628,.T.);
#1443=EDGE_CURVE('',#1159,#1169,#629,.T.);
#1444=EDGE_CURVE('',#1170,#1171,#630,.T.);
#1445=EDGE_CURVE('',#1170,#1160,#631,.T.);
#1446=EDGE_CURVE('',#1171,#1158,#632,.T.);
#1447=EDGE_CURVE('',#1172,#1170,#633,.T.);
#1448=EDGE_CURVE('',#1172,#1161,#634,.T.);
#1449=EDGE_CURVE('',#1173,#1172,#635,.T.);
#1450=EDGE_CURVE('',#1173,#1162,#636,.T.);
#1451=EDGE_CURVE('',#1174,#1175,#637,.T.);
#1452=EDGE_CURVE('',#1174,#1164,#638,.T.);
#1453=EDGE_CURVE('',#1175,#1163,#639,.T.);
#1454=EDGE_CURVE('',#1176,#1177,#640,.T.);
#1455=EDGE_CURVE('',#1176,#1166,#641,.T.);
#1456=EDGE_CURVE('',#1177,#1165,#642,.T.);
#1457=EDGE_CURVE('',#1178,#1176,#643,.T.);
#1458=EDGE_CURVE('',#1178,#1167,#644,.T.);
#1459=EDGE_CURVE('',#1179,#1178,#645,.T.);
#1460=EDGE_CURVE('',#1168,#1179,#646,.T.);
#1461=EDGE_CURVE('',#1180,#1173,#647,.T.);
#1462=EDGE_CURVE('',#1180,#1181,#648,.T.);
#1463=EDGE_CURVE('',#1181,#1175,#649,.T.);
#1464=EDGE_CURVE('',#1182,#1123,#650,.T.);
#1465=EDGE_CURVE('',#1183,#1122,#651,.T.);
#1466=EDGE_CURVE('',#1182,#1183,#20,.T.);
#1467=EDGE_CURVE('',#1159,#1124,#652,.T.);
#1468=EDGE_CURVE('',#1184,#1182,#448,.T.);
#1469=EDGE_CURVE('',#1171,#1184,#653,.T.);
#1470=EDGE_CURVE('',#1177,#1185,#654,.T.);
#1471=EDGE_CURVE('',#1186,#1185,#449,.T.);
#1472=EDGE_CURVE('',#1187,#1186,#655,.T.);
#1473=EDGE_CURVE('',#1188,#1187,#656,.T.);
#1474=EDGE_CURVE('',#1188,#1179,#657,.T.);
#1475=EDGE_CURVE('',#1189,#1184,#658,.T.);
#1476=EDGE_CURVE('',#1190,#1189,#659,.T.);
#1477=EDGE_CURVE('',#1180,#1190,#450,.T.);
#1478=EDGE_CURVE('',#1169,#1115,#660,.T.);
#1479=EDGE_CURVE('',#1191,#1188,#451,.T.);
#1480=EDGE_CURVE('',#1191,#1116,#661,.T.);
#1481=EDGE_CURVE('',#1192,#1180,#452,.T.);
#1482=EDGE_CURVE('',#1192,#1193,#662,.T.);
#1483=EDGE_CURVE('',#1193,#1181,#453,.T.);
#1484=EDGE_CURVE('',#1194,#1192,#663,.T.);
#1485=EDGE_CURVE('',#1194,#1195,#664,.T.);
#1486=EDGE_CURVE('',#1195,#1193,#665,.T.);
#1487=EDGE_CURVE('',#1185,#1194,#454,.T.);
#1488=EDGE_CURVE('',#1185,#1196,#666,.T.);
#1489=EDGE_CURVE('',#1196,#1195,#455,.T.);
#1490=EDGE_CURVE('',#1174,#1196,#667,.T.);
#1491=EDGE_CURVE('',#1194,#1192,#456,.T.);
#1492=EDGE_CURVE('',#1117,#1197,#668,.T.);
#1493=EDGE_CURVE('',#1197,#1191,#21,.T.);
#1494=EDGE_CURVE('',#1198,#1199,#669,.T.);
#1495=EDGE_CURVE('',#1198,#1119,#670,.T.);
#1496=EDGE_CURVE('',#1199,#1118,#671,.T.);
#1497=EDGE_CURVE('',#1140,#1121,#672,.T.);
#1498=EDGE_CURVE('',#1141,#1120,#673,.T.);
#1499=EDGE_CURVE('',#1183,#1200,#674,.T.);
#1500=EDGE_CURVE('',#1200,#1189,#457,.T.);
#1501=EDGE_CURVE('',#1187,#1201,#458,.T.);
#1502=EDGE_CURVE('',#1201,#1197,#675,.T.);
#1503=EDGE_CURVE('',#1200,#1139,#676,.T.);
#1504=EDGE_CURVE('',#1202,#1201,#677,.T.);
#1505=EDGE_CURVE('',#1199,#1202,#678,.T.);
#1506=EDGE_CURVE('',#1186,#1203,#459,.T.);
#1507=EDGE_CURVE('',#1203,#1204,#679,.T.);
#1508=EDGE_CURVE('',#1204,#1187,#460,.T.);
#1509=EDGE_CURVE('',#1103,#1205,#461,.T.);
#1510=EDGE_CURVE('',#1205,#1186,#462,.T.);
#1511=EDGE_CURVE('',#1190,#1154,#463,.T.);
#1512=EDGE_CURVE('',#1205,#1203,#464,.T.);
#1513=EDGE_CURVE('',#1189,#1206,#465,.T.);
#1514=EDGE_CURVE('',#1206,#1207,#680,.T.);
#1515=EDGE_CURVE('',#1207,#1190,#466,.T.);
#1516=EDGE_CURVE('',#1207,#1154,#467,.T.);
#1517=EDGE_CURVE('',#1200,#1206,#468,.T.);
#1518=EDGE_CURVE('',#1204,#1201,#469,.T.);
#1519=EDGE_CURVE('',#1207,#1137,#681,.T.);
#1520=EDGE_CURVE('',#1138,#1206,#682,.T.);
#1521=EDGE_CURVE('',#1204,#1208,#683,.T.);
#1522=EDGE_CURVE('',#1208,#1202,#470,.F.);
#1523=EDGE_CURVE('',#1209,#1203,#684,.T.);
#1524=EDGE_CURVE('',#1208,#1209,#685,.T.);
#1525=EDGE_CURVE('',#1205,#1210,#686,.T.);
#1526=EDGE_CURVE('',#1210,#1209,#471,.F.);
#1527=EDGE_CURVE('',#1210,#1102,#472,.T.);
#1528=EDGE_CURVE('',#1211,#1211,#473,.T.);
#1529=EDGE_CURVE('',#1211,#1125,#687,.T.);
#1530=EDGE_CURVE('',#1212,#1212,#474,.T.);
#1531=EDGE_CURVE('',#1212,#1126,#688,.T.);
#1532=EDGE_CURVE('',#1213,#1214,#689,.T.);
#1533=EDGE_CURVE('',#1213,#1215,#690,.T.);
#1534=EDGE_CURVE('',#1215,#1216,#691,.T.);
#1535=EDGE_CURVE('',#1214,#1216,#692,.T.);
#1536=EDGE_CURVE('',#1214,#1217,#693,.T.);
#1537=EDGE_CURVE('',#1216,#1218,#694,.T.);
#1538=EDGE_CURVE('',#1217,#1218,#695,.T.);
#1539=EDGE_CURVE('',#1217,#1219,#696,.T.);
#1540=EDGE_CURVE('',#1218,#1220,#697,.T.);
#1541=EDGE_CURVE('',#1219,#1220,#698,.T.);
#1542=EDGE_CURVE('',#1219,#1221,#699,.T.);
#1543=EDGE_CURVE('',#1220,#1222,#700,.T.);
#1544=EDGE_CURVE('',#1222,#1221,#701,.T.);
#1545=EDGE_CURVE('',#1223,#1213,#702,.T.);
#1546=EDGE_CURVE('',#1223,#1224,#703,.T.);
#1547=EDGE_CURVE('',#1224,#1215,#704,.T.);
#1548=EDGE_CURVE('',#1221,#1223,#705,.T.);
#1549=EDGE_CURVE('',#1222,#1224,#706,.T.);
#1550=EDGE_CURVE('',#1151,#1225,#707,.T.);
#1551=EDGE_CURVE('',#1225,#1226,#708,.T.);
#1552=EDGE_CURVE('',#1152,#1226,#709,.T.);
#1553=EDGE_CURVE('',#1226,#1227,#710,.T.);
#1554=EDGE_CURVE('',#1153,#1227,#711,.T.);
#1555=EDGE_CURVE('',#1227,#1228,#712,.T.);
#1556=EDGE_CURVE('',#1148,#1228,#713,.T.);
#1557=EDGE_CURVE('',#1228,#1229,#714,.T.);
#1558=EDGE_CURVE('',#1229,#1149,#715,.T.);
#1559=EDGE_CURVE('',#1150,#1230,#716,.T.);
#1560=EDGE_CURVE('',#1230,#1225,#717,.T.);
#1561=EDGE_CURVE('',#1229,#1230,#718,.T.);
#1562=EDGE_CURVE('',#1231,#1232,#719,.T.);
#1563=EDGE_CURVE('',#1233,#1231,#475,.T.);
#1564=EDGE_CURVE('',#1234,#1233,#720,.T.);
#1565=EDGE_CURVE('',#1235,#1234,#476,.T.);
#1566=EDGE_CURVE('',#1236,#1235,#721,.T.);
#1567=EDGE_CURVE('',#1237,#1236,#477,.T.);
#1568=EDGE_CURVE('',#1238,#1237,#722,.T.);
#1569=EDGE_CURVE('',#1239,#1238,#478,.T.);
#1570=EDGE_CURVE('',#1240,#1239,#723,.T.);
#1571=EDGE_CURVE('',#1240,#1241,#724,.T.);
#1572=EDGE_CURVE('',#1241,#1242,#22,.T.);
#1573=EDGE_CURVE('',#1242,#1243,#725,.T.);
#1574=EDGE_CURVE('',#1243,#1244,#726,.T.);
#1575=EDGE_CURVE('',#1244,#1245,#727,.T.);
#1576=EDGE_CURVE('',#1245,#1246,#23,.T.);
#1577=EDGE_CURVE('',#1246,#1232,#728,.T.);
#1578=EDGE_CURVE('',#1241,#1247,#729,.T.);
#1579=EDGE_CURVE('',#1248,#1247,#24,.T.);
#1580=EDGE_CURVE('',#1242,#1248,#730,.T.);
#1581=EDGE_CURVE('',#1249,#1248,#731,.T.);
#1582=EDGE_CURVE('',#1243,#1249,#732,.T.);
#1583=EDGE_CURVE('',#1250,#1249,#733,.T.);
#1584=EDGE_CURVE('',#1244,#1250,#734,.T.);
#1585=EDGE_CURVE('',#1251,#1250,#735,.T.);
#1586=EDGE_CURVE('',#1245,#1251,#736,.T.);
#1587=EDGE_CURVE('',#1252,#1251,#25,.T.);
#1588=EDGE_CURVE('',#1246,#1252,#737,.T.);
#1589=EDGE_CURVE('',#1253,#1252,#738,.T.);
#1590=EDGE_CURVE('',#1232,#1253,#739,.T.);
#1591=EDGE_CURVE('',#1240,#1254,#740,.T.);
#1592=EDGE_CURVE('',#1247,#1254,#741,.T.);
#1593=EDGE_CURVE('',#1255,#1256,#742,.T.);
#1594=EDGE_CURVE('',#1256,#1257,#743,.T.);
#1595=EDGE_CURVE('',#1257,#1258,#744,.T.);
#1596=EDGE_CURVE('',#1258,#1255,#745,.T.);
#1597=EDGE_CURVE('',#1254,#1253,#746,.T.);
#1598=EDGE_CURVE('',#1259,#1239,#747,.T.);
#1599=EDGE_CURVE('',#1260,#1259,#748,.T.);
#1600=EDGE_CURVE('',#1260,#1231,#749,.T.);
#1601=EDGE_CURVE('',#1261,#1256,#750,.T.);
#1602=EDGE_CURVE('',#1262,#1261,#751,.T.);
#1603=EDGE_CURVE('',#1262,#1257,#752,.T.);
#1604=EDGE_CURVE('',#1142,#1255,#753,.T.);
#1605=EDGE_CURVE('',#1261,#1198,#754,.T.);
#1606=EDGE_CURVE('',#1143,#1258,#755,.T.);
#1607=EDGE_CURVE('',#1263,#1260,#479,.T.);
#1608=EDGE_CURVE('',#1259,#1264,#480,.T.);
#1609=EDGE_CURVE('',#1264,#1263,#756,.T.);
#1610=EDGE_CURVE('',#1044,#1262,#757,.T.);
#1611=EDGE_CURVE('',#1035,#1156,#758,.T.);
#1612=EDGE_CURVE('',#1113,#1043,#759,.T.);
#1613=EDGE_CURVE('',#1128,#1238,#760,.T.);
#1614=EDGE_CURVE('',#1129,#1237,#761,.T.);
#1615=EDGE_CURVE('',#1130,#1236,#762,.T.);
#1616=EDGE_CURVE('',#1131,#1235,#763,.T.);
#1617=EDGE_CURVE('',#1132,#1234,#764,.T.);
#1618=EDGE_CURVE('',#1133,#1233,#765,.T.);
#1619=EDGE_CURVE('',#1134,#1263,#766,.T.);
#1620=EDGE_CURVE('',#1127,#1264,#767,.T.);
#1621=ORIENTED_EDGE('',*,*,#1265,.T.);
#1622=ORIENTED_EDGE('',*,*,#1266,.F.);
#1623=ORIENTED_EDGE('',*,*,#1267,.F.);
#1624=ORIENTED_EDGE('',*,*,#1268,.F.);
#1625=ORIENTED_EDGE('',*,*,#1269,.T.);
#1626=ORIENTED_EDGE('',*,*,#1270,.F.);
#1627=ORIENTED_EDGE('',*,*,#1271,.F.);
#1628=ORIENTED_EDGE('',*,*,#1265,.F.);
#1629=ORIENTED_EDGE('',*,*,#1272,.T.);
#1630=ORIENTED_EDGE('',*,*,#1273,.F.);
#1631=ORIENTED_EDGE('',*,*,#1274,.T.);
#1632=ORIENTED_EDGE('',*,*,#1275,.F.);
#1633=ORIENTED_EDGE('',*,*,#1276,.F.);
#1634=ORIENTED_EDGE('',*,*,#1277,.F.);
#1635=ORIENTED_EDGE('',*,*,#1278,.F.);
#1636=ORIENTED_EDGE('',*,*,#1279,.F.);
#1637=ORIENTED_EDGE('',*,*,#1274,.F.);
#1638=ORIENTED_EDGE('',*,*,#1280,.F.);
#1639=ORIENTED_EDGE('',*,*,#1281,.T.);
#1640=ORIENTED_EDGE('',*,*,#1282,.T.);
#1641=ORIENTED_EDGE('',*,*,#1283,.T.);
#1642=ORIENTED_EDGE('',*,*,#1284,.F.);
#1643=ORIENTED_EDGE('',*,*,#1285,.T.);
#1644=ORIENTED_EDGE('',*,*,#1286,.T.);
#1645=ORIENTED_EDGE('',*,*,#1287,.F.);
#1646=ORIENTED_EDGE('',*,*,#1288,.T.);
#1647=ORIENTED_EDGE('',*,*,#1289,.T.);
#1648=ORIENTED_EDGE('',*,*,#1290,.F.);
#1649=ORIENTED_EDGE('',*,*,#1291,.T.);
#1650=ORIENTED_EDGE('',*,*,#1292,.F.);
#1651=ORIENTED_EDGE('',*,*,#1293,.T.);
#1652=ORIENTED_EDGE('',*,*,#1294,.T.);
#1653=ORIENTED_EDGE('',*,*,#1295,.F.);
#1654=ORIENTED_EDGE('',*,*,#1296,.F.);
#1655=ORIENTED_EDGE('',*,*,#1297,.T.);
#1656=ORIENTED_EDGE('',*,*,#1298,.T.);
#1657=ORIENTED_EDGE('',*,*,#1299,.T.);
#1658=ORIENTED_EDGE('',*,*,#1300,.F.);
#1659=ORIENTED_EDGE('',*,*,#1301,.F.);
#1660=ORIENTED_EDGE('',*,*,#1302,.F.);
#1661=ORIENTED_EDGE('',*,*,#1303,.F.);
#1662=ORIENTED_EDGE('',*,*,#1304,.F.);
#1663=ORIENTED_EDGE('',*,*,#1305,.F.);
#1664=ORIENTED_EDGE('',*,*,#1306,.F.);
#1665=ORIENTED_EDGE('',*,*,#1269,.F.);
#1666=ORIENTED_EDGE('',*,*,#1307,.F.);
#1667=ORIENTED_EDGE('',*,*,#1308,.F.);
#1668=ORIENTED_EDGE('',*,*,#1309,.F.);
#1669=ORIENTED_EDGE('',*,*,#1310,.F.);
#1670=ORIENTED_EDGE('',*,*,#1292,.T.);
#1671=ORIENTED_EDGE('',*,*,#1311,.F.);
#1672=ORIENTED_EDGE('',*,*,#1294,.F.);
#1673=ORIENTED_EDGE('',*,*,#1312,.F.);
#1674=ORIENTED_EDGE('',*,*,#1296,.T.);
#1675=ORIENTED_EDGE('',*,*,#1313,.F.);
#1676=ORIENTED_EDGE('',*,*,#1298,.F.);
#1677=ORIENTED_EDGE('',*,*,#1314,.F.);
#1678=ORIENTED_EDGE('',*,*,#1304,.T.);
#1679=ORIENTED_EDGE('',*,*,#1315,.F.);
#1680=ORIENTED_EDGE('',*,*,#1316,.F.);
#1681=ORIENTED_EDGE('',*,*,#1317,.T.);
#1682=ORIENTED_EDGE('',*,*,#1300,.T.);
#1683=ORIENTED_EDGE('',*,*,#1318,.T.);
#1684=ORIENTED_EDGE('',*,*,#1319,.F.);
#1685=ORIENTED_EDGE('',*,*,#1320,.T.);
#1686=ORIENTED_EDGE('',*,*,#1321,.T.);
#1687=ORIENTED_EDGE('',*,*,#1316,.T.);
#1688=ORIENTED_EDGE('',*,*,#1322,.T.);
#1689=ORIENTED_EDGE('',*,*,#1323,.T.);
#1690=ORIENTED_EDGE('',*,*,#1324,.T.);
#1691=ORIENTED_EDGE('',*,*,#1325,.T.);
#1692=ORIENTED_EDGE('',*,*,#1326,.T.);
#1693=ORIENTED_EDGE('',*,*,#1327,.T.);
#1694=ORIENTED_EDGE('',*,*,#1328,.T.);
#1695=ORIENTED_EDGE('',*,*,#1319,.T.);
#1696=ORIENTED_EDGE('',*,*,#1329,.T.);
#1697=ORIENTED_EDGE('',*,*,#1330,.T.);
#1698=ORIENTED_EDGE('',*,*,#1331,.T.);
#1699=ORIENTED_EDGE('',*,*,#1290,.T.);
#1700=ORIENTED_EDGE('',*,*,#1332,.T.);
#1701=ORIENTED_EDGE('',*,*,#1333,.T.);
#1702=ORIENTED_EDGE('',*,*,#1334,.T.);
#1703=ORIENTED_EDGE('',*,*,#1335,.T.);
#1704=ORIENTED_EDGE('',*,*,#1325,.F.);
#1705=ORIENTED_EDGE('',*,*,#1336,.F.);
#1706=ORIENTED_EDGE('',*,*,#1337,.T.);
#1707=ORIENTED_EDGE('',*,*,#1338,.F.);
#1708=ORIENTED_EDGE('',*,*,#1326,.F.);
#1709=ORIENTED_EDGE('',*,*,#1335,.F.);
#1710=ORIENTED_EDGE('',*,*,#1317,.F.);
#1711=ORIENTED_EDGE('',*,*,#1321,.F.);
#1712=ORIENTED_EDGE('',*,*,#1339,.F.);
#1713=ORIENTED_EDGE('',*,*,#1305,.T.);
#1714=ORIENTED_EDGE('',*,*,#1303,.T.);
#1715=ORIENTED_EDGE('',*,*,#1340,.F.);
#1716=ORIENTED_EDGE('',*,*,#1322,.F.);
#1717=ORIENTED_EDGE('',*,*,#1315,.T.);
#1718=ORIENTED_EDGE('',*,*,#1320,.F.);
#1719=ORIENTED_EDGE('',*,*,#1328,.F.);
#1720=ORIENTED_EDGE('',*,*,#1341,.F.);
#1721=ORIENTED_EDGE('',*,*,#1301,.T.);
#1722=ORIENTED_EDGE('',*,*,#1336,.T.);
#1723=ORIENTED_EDGE('',*,*,#1324,.F.);
#1724=ORIENTED_EDGE('',*,*,#1342,.F.);
#1725=ORIENTED_EDGE('',*,*,#1343,.T.);
#1726=ORIENTED_EDGE('',*,*,#1344,.T.);
#1727=ORIENTED_EDGE('',*,*,#1281,.F.);
#1728=ORIENTED_EDGE('',*,*,#1283,.F.);
#1729=ORIENTED_EDGE('',*,*,#1345,.T.);
#1730=ORIENTED_EDGE('',*,*,#1346,.F.);
#1731=ORIENTED_EDGE('',*,*,#1347,.F.);
#1732=ORIENTED_EDGE('',*,*,#1337,.F.);
#1733=ORIENTED_EDGE('',*,*,#1334,.F.);
#1734=ORIENTED_EDGE('',*,*,#1343,.F.);
#1735=ORIENTED_EDGE('',*,*,#1348,.F.);
#1736=ORIENTED_EDGE('',*,*,#1349,.F.);
#1737=ORIENTED_EDGE('',*,*,#1288,.F.);
#1738=ORIENTED_EDGE('',*,*,#1350,.F.);
#1739=ORIENTED_EDGE('',*,*,#1351,.F.);
#1740=ORIENTED_EDGE('',*,*,#1352,.F.);
#1741=ORIENTED_EDGE('',*,*,#1353,.F.);
#1742=ORIENTED_EDGE('',*,*,#1284,.T.);
#1743=ORIENTED_EDGE('',*,*,#1354,.F.);
#1744=ORIENTED_EDGE('',*,*,#1286,.F.);
#1745=ORIENTED_EDGE('',*,*,#1355,.F.);
#1746=ORIENTED_EDGE('',*,*,#1280,.T.);
#1747=ORIENTED_EDGE('',*,*,#1345,.F.);
#1748=ORIENTED_EDGE('',*,*,#1282,.F.);
#1749=ORIENTED_EDGE('',*,*,#1344,.F.);
#1750=ORIENTED_EDGE('',*,*,#1295,.T.);
#1751=ORIENTED_EDGE('',*,*,#1311,.T.);
#1752=ORIENTED_EDGE('',*,*,#1312,.T.);
#1753=ORIENTED_EDGE('',*,*,#1293,.F.);
#1754=ORIENTED_EDGE('',*,*,#1299,.F.);
#1755=ORIENTED_EDGE('',*,*,#1313,.T.);
#1756=ORIENTED_EDGE('',*,*,#1314,.T.);
#1757=ORIENTED_EDGE('',*,*,#1297,.F.);
#1758=ORIENTED_EDGE('',*,*,#1310,.T.);
#1759=ORIENTED_EDGE('',*,*,#1356,.F.);
#1760=ORIENTED_EDGE('',*,*,#1329,.F.);
#1761=ORIENTED_EDGE('',*,*,#1318,.F.);
#1762=ORIENTED_EDGE('',*,*,#1291,.F.);
#1763=ORIENTED_EDGE('',*,*,#1331,.F.);
#1764=ORIENTED_EDGE('',*,*,#1357,.F.);
#1765=ORIENTED_EDGE('',*,*,#1350,.T.);
#1766=ORIENTED_EDGE('',*,*,#1355,.T.);
#1767=ORIENTED_EDGE('',*,*,#1285,.F.);
#1768=ORIENTED_EDGE('',*,*,#1287,.T.);
#1769=ORIENTED_EDGE('',*,*,#1354,.T.);
#1770=ORIENTED_EDGE('',*,*,#1349,.T.);
#1771=ORIENTED_EDGE('',*,*,#1358,.F.);
#1772=ORIENTED_EDGE('',*,*,#1332,.F.);
#1773=ORIENTED_EDGE('',*,*,#1289,.F.);
#1774=ORIENTED_EDGE('',*,*,#1359,.F.);
#1775=ORIENTED_EDGE('',*,*,#1360,.F.);
#1776=ORIENTED_EDGE('',*,*,#1361,.F.);
#1777=ORIENTED_EDGE('',*,*,#1362,.F.);
#1778=ORIENTED_EDGE('',*,*,#1363,.F.);
#1779=ORIENTED_EDGE('',*,*,#1364,.F.);
#1780=ORIENTED_EDGE('',*,*,#1365,.F.);
#1781=ORIENTED_EDGE('',*,*,#1366,.F.);
#1782=ORIENTED_EDGE('',*,*,#1353,.T.);
#1783=ORIENTED_EDGE('',*,*,#1367,.T.);
#1784=ORIENTED_EDGE('',*,*,#1366,.T.);
#1785=ORIENTED_EDGE('',*,*,#1368,.T.);
#1786=ORIENTED_EDGE('',*,*,#1307,.T.);
#1787=ORIENTED_EDGE('',*,*,#1268,.T.);
#1788=ORIENTED_EDGE('',*,*,#1369,.T.);
#1789=ORIENTED_EDGE('',*,*,#1370,.T.);
#1790=ORIENTED_EDGE('',*,*,#1371,.T.);
#1791=ORIENTED_EDGE('',*,*,#1372,.T.);
#1792=ORIENTED_EDGE('',*,*,#1373,.T.);
#1793=ORIENTED_EDGE('',*,*,#1374,.T.);
#1794=ORIENTED_EDGE('',*,*,#1375,.T.);
#1795=ORIENTED_EDGE('',*,*,#1376,.T.);
#1796=ORIENTED_EDGE('',*,*,#1377,.T.);
#1797=ORIENTED_EDGE('',*,*,#1378,.T.);
#1798=ORIENTED_EDGE('',*,*,#1379,.T.);
#1799=ORIENTED_EDGE('',*,*,#1380,.T.);
#1800=ORIENTED_EDGE('',*,*,#1381,.T.);
#1801=ORIENTED_EDGE('',*,*,#1382,.T.);
#1802=ORIENTED_EDGE('',*,*,#1383,.T.);
#1803=ORIENTED_EDGE('',*,*,#1384,.T.);
#1804=ORIENTED_EDGE('',*,*,#1385,.T.);
#1805=ORIENTED_EDGE('',*,*,#1386,.T.);
#1806=ORIENTED_EDGE('',*,*,#1387,.T.);
#1807=ORIENTED_EDGE('',*,*,#1388,.T.);
#1808=ORIENTED_EDGE('',*,*,#1389,.T.);
#1809=ORIENTED_EDGE('',*,*,#1390,.T.);
#1810=ORIENTED_EDGE('',*,*,#1391,.T.);
#1811=ORIENTED_EDGE('',*,*,#1392,.T.);
#1812=ORIENTED_EDGE('',*,*,#1393,.T.);
#1813=ORIENTED_EDGE('',*,*,#1394,.T.);
#1814=ORIENTED_EDGE('',*,*,#1395,.T.);
#1815=ORIENTED_EDGE('',*,*,#1396,.T.);
#1816=ORIENTED_EDGE('',*,*,#1308,.T.);
#1817=ORIENTED_EDGE('',*,*,#1368,.F.);
#1818=ORIENTED_EDGE('',*,*,#1365,.T.);
#1819=ORIENTED_EDGE('',*,*,#1397,.F.);
#1820=ORIENTED_EDGE('',*,*,#1352,.T.);
#1821=ORIENTED_EDGE('',*,*,#1398,.F.);
#1822=ORIENTED_EDGE('',*,*,#1359,.T.);
#1823=ORIENTED_EDGE('',*,*,#1367,.F.);
#1824=ORIENTED_EDGE('',*,*,#1273,.T.);
#1825=ORIENTED_EDGE('',*,*,#1279,.T.);
#1826=ORIENTED_EDGE('',*,*,#1399,.F.);
#1827=ORIENTED_EDGE('',*,*,#1346,.T.);
#1828=ORIENTED_EDGE('',*,*,#1376,.F.);
#1829=ORIENTED_EDGE('',*,*,#1400,.T.);
#1830=ORIENTED_EDGE('',*,*,#1275,.T.);
#1831=ORIENTED_EDGE('',*,*,#1401,.T.);
#1832=ORIENTED_EDGE('',*,*,#1270,.T.);
#1833=ORIENTED_EDGE('',*,*,#1306,.T.);
#1834=ORIENTED_EDGE('',*,*,#1339,.T.);
#1835=ORIENTED_EDGE('',*,*,#1323,.F.);
#1836=ORIENTED_EDGE('',*,*,#1340,.T.);
#1837=ORIENTED_EDGE('',*,*,#1302,.T.);
#1838=ORIENTED_EDGE('',*,*,#1341,.T.);
#1839=ORIENTED_EDGE('',*,*,#1330,.F.);
#1840=ORIENTED_EDGE('',*,*,#1356,.T.);
#1841=ORIENTED_EDGE('',*,*,#1309,.T.);
#1842=ORIENTED_EDGE('',*,*,#1397,.T.);
#1843=ORIENTED_EDGE('',*,*,#1364,.T.);
#1844=ORIENTED_EDGE('',*,*,#1402,.T.);
#1845=ORIENTED_EDGE('',*,*,#1403,.F.);
#1846=ORIENTED_EDGE('',*,*,#1404,.T.);
#1847=ORIENTED_EDGE('',*,*,#1405,.F.);
#1848=ORIENTED_EDGE('',*,*,#1406,.T.);
#1849=ORIENTED_EDGE('',*,*,#1407,.T.);
#1850=ORIENTED_EDGE('',*,*,#1408,.T.);
#1851=ORIENTED_EDGE('',*,*,#1409,.T.);
#1852=ORIENTED_EDGE('',*,*,#1410,.T.);
#1853=ORIENTED_EDGE('',*,*,#1411,.T.);
#1854=ORIENTED_EDGE('',*,*,#1412,.T.);
#1855=ORIENTED_EDGE('',*,*,#1413,.T.);
#1856=ORIENTED_EDGE('',*,*,#1414,.T.);
#1857=ORIENTED_EDGE('',*,*,#1415,.T.);
#1858=ORIENTED_EDGE('',*,*,#1416,.T.);
#1859=ORIENTED_EDGE('',*,*,#1417,.T.);
#1860=ORIENTED_EDGE('',*,*,#1418,.T.);
#1861=ORIENTED_EDGE('',*,*,#1419,.T.);
#1862=ORIENTED_EDGE('',*,*,#1420,.T.);
#1863=ORIENTED_EDGE('',*,*,#1363,.T.);
#1864=ORIENTED_EDGE('',*,*,#1421,.F.);
#1865=ORIENTED_EDGE('',*,*,#1422,.F.);
#1866=ORIENTED_EDGE('',*,*,#1402,.F.);
#1867=ORIENTED_EDGE('',*,*,#1423,.F.);
#1868=ORIENTED_EDGE('',*,*,#1372,.F.);
#1869=ORIENTED_EDGE('',*,*,#1424,.T.);
#1870=ORIENTED_EDGE('',*,*,#1412,.F.);
#1871=ORIENTED_EDGE('',*,*,#1425,.F.);
#1872=ORIENTED_EDGE('',*,*,#1413,.F.);
#1873=ORIENTED_EDGE('',*,*,#1424,.F.);
#1874=ORIENTED_EDGE('',*,*,#1371,.F.);
#1875=ORIENTED_EDGE('',*,*,#1426,.T.);
#1876=ORIENTED_EDGE('',*,*,#1427,.F.);
#1877=ORIENTED_EDGE('',*,*,#1428,.F.);
#1878=ORIENTED_EDGE('',*,*,#1414,.F.);
#1879=ORIENTED_EDGE('',*,*,#1426,.F.);
#1880=ORIENTED_EDGE('',*,*,#1370,.F.);
#1881=ORIENTED_EDGE('',*,*,#1423,.T.);
#1882=ORIENTED_EDGE('',*,*,#1429,.T.);
#1883=ORIENTED_EDGE('',*,*,#1430,.F.);
#1884=ORIENTED_EDGE('',*,*,#1373,.F.);
#1885=ORIENTED_EDGE('',*,*,#1425,.T.);
#1886=ORIENTED_EDGE('',*,*,#1411,.F.);
#1887=ORIENTED_EDGE('',*,*,#1431,.F.);
#1888=ORIENTED_EDGE('',*,*,#1429,.F.);
#1889=ORIENTED_EDGE('',*,*,#1432,.F.);
#1890=ORIENTED_EDGE('',*,*,#1433,.F.);
#1891=ORIENTED_EDGE('',*,*,#1434,.F.);
#1892=ORIENTED_EDGE('',*,*,#1435,.F.);
#1893=ORIENTED_EDGE('',*,*,#1436,.F.);
#1894=ORIENTED_EDGE('',*,*,#1437,.F.);
#1895=ORIENTED_EDGE('',*,*,#1438,.F.);
#1896=ORIENTED_EDGE('',*,*,#1439,.F.);
#1897=ORIENTED_EDGE('',*,*,#1440,.F.);
#1898=ORIENTED_EDGE('',*,*,#1441,.F.);
#1899=ORIENTED_EDGE('',*,*,#1442,.F.);
#1900=ORIENTED_EDGE('',*,*,#1443,.F.);
#1901=ORIENTED_EDGE('',*,*,#1444,.F.);
#1902=ORIENTED_EDGE('',*,*,#1445,.T.);
#1903=ORIENTED_EDGE('',*,*,#1433,.T.);
#1904=ORIENTED_EDGE('',*,*,#1446,.F.);
#1905=ORIENTED_EDGE('',*,*,#1447,.F.);
#1906=ORIENTED_EDGE('',*,*,#1448,.T.);
#1907=ORIENTED_EDGE('',*,*,#1434,.T.);
#1908=ORIENTED_EDGE('',*,*,#1445,.F.);
#1909=ORIENTED_EDGE('',*,*,#1449,.F.);
#1910=ORIENTED_EDGE('',*,*,#1450,.T.);
#1911=ORIENTED_EDGE('',*,*,#1435,.T.);
#1912=ORIENTED_EDGE('',*,*,#1448,.F.);
#1913=ORIENTED_EDGE('',*,*,#1451,.F.);
#1914=ORIENTED_EDGE('',*,*,#1452,.T.);
#1915=ORIENTED_EDGE('',*,*,#1437,.T.);
#1916=ORIENTED_EDGE('',*,*,#1453,.F.);
#1917=ORIENTED_EDGE('',*,*,#1454,.F.);
#1918=ORIENTED_EDGE('',*,*,#1455,.T.);
#1919=ORIENTED_EDGE('',*,*,#1439,.T.);
#1920=ORIENTED_EDGE('',*,*,#1456,.F.);
#1921=ORIENTED_EDGE('',*,*,#1457,.F.);
#1922=ORIENTED_EDGE('',*,*,#1458,.T.);
#1923=ORIENTED_EDGE('',*,*,#1440,.T.);
#1924=ORIENTED_EDGE('',*,*,#1455,.F.);
#1925=ORIENTED_EDGE('',*,*,#1459,.F.);
#1926=ORIENTED_EDGE('',*,*,#1460,.F.);
#1927=ORIENTED_EDGE('',*,*,#1441,.T.);
#1928=ORIENTED_EDGE('',*,*,#1458,.F.);
#1929=ORIENTED_EDGE('',*,*,#1461,.F.);
#1930=ORIENTED_EDGE('',*,*,#1462,.T.);
#1931=ORIENTED_EDGE('',*,*,#1463,.T.);
#1932=ORIENTED_EDGE('',*,*,#1453,.T.);
#1933=ORIENTED_EDGE('',*,*,#1436,.T.);
#1934=ORIENTED_EDGE('',*,*,#1450,.F.);
#1935=ORIENTED_EDGE('',*,*,#1464,.T.);
#1936=ORIENTED_EDGE('',*,*,#1384,.F.);
#1937=ORIENTED_EDGE('',*,*,#1465,.F.);
#1938=ORIENTED_EDGE('',*,*,#1466,.F.);
#1939=ORIENTED_EDGE('',*,*,#1432,.T.);
#1940=ORIENTED_EDGE('',*,*,#1467,.T.);
#1941=ORIENTED_EDGE('',*,*,#1385,.F.);
#1942=ORIENTED_EDGE('',*,*,#1464,.F.);
#1943=ORIENTED_EDGE('',*,*,#1468,.F.);
#1944=ORIENTED_EDGE('',*,*,#1469,.F.);
#1945=ORIENTED_EDGE('',*,*,#1446,.T.);
#1946=ORIENTED_EDGE('',*,*,#1454,.T.);
#1947=ORIENTED_EDGE('',*,*,#1470,.T.);
#1948=ORIENTED_EDGE('',*,*,#1471,.F.);
#1949=ORIENTED_EDGE('',*,*,#1472,.F.);
#1950=ORIENTED_EDGE('',*,*,#1473,.F.);
#1951=ORIENTED_EDGE('',*,*,#1474,.T.);
#1952=ORIENTED_EDGE('',*,*,#1459,.T.);
#1953=ORIENTED_EDGE('',*,*,#1457,.T.);
#1954=ORIENTED_EDGE('',*,*,#1449,.T.);
#1955=ORIENTED_EDGE('',*,*,#1447,.T.);
#1956=ORIENTED_EDGE('',*,*,#1444,.T.);
#1957=ORIENTED_EDGE('',*,*,#1469,.T.);
#1958=ORIENTED_EDGE('',*,*,#1475,.F.);
#1959=ORIENTED_EDGE('',*,*,#1476,.F.);
#1960=ORIENTED_EDGE('',*,*,#1477,.F.);
#1961=ORIENTED_EDGE('',*,*,#1461,.T.);
#1962=ORIENTED_EDGE('',*,*,#1443,.T.);
#1963=ORIENTED_EDGE('',*,*,#1478,.T.);
#1964=ORIENTED_EDGE('',*,*,#1386,.F.);
#1965=ORIENTED_EDGE('',*,*,#1467,.F.);
#1966=ORIENTED_EDGE('',*,*,#1442,.T.);
#1967=ORIENTED_EDGE('',*,*,#1460,.T.);
#1968=ORIENTED_EDGE('',*,*,#1474,.F.);
#1969=ORIENTED_EDGE('',*,*,#1479,.F.);
#1970=ORIENTED_EDGE('',*,*,#1480,.T.);
#1971=ORIENTED_EDGE('',*,*,#1377,.F.);
#1972=ORIENTED_EDGE('',*,*,#1478,.F.);
#1973=ORIENTED_EDGE('',*,*,#1481,.F.);
#1974=ORIENTED_EDGE('',*,*,#1482,.T.);
#1975=ORIENTED_EDGE('',*,*,#1483,.T.);
#1976=ORIENTED_EDGE('',*,*,#1462,.F.);
#1977=ORIENTED_EDGE('',*,*,#1484,.F.);
#1978=ORIENTED_EDGE('',*,*,#1485,.T.);
#1979=ORIENTED_EDGE('',*,*,#1486,.T.);
#1980=ORIENTED_EDGE('',*,*,#1482,.F.);
#1981=ORIENTED_EDGE('',*,*,#1487,.F.);
#1982=ORIENTED_EDGE('',*,*,#1488,.T.);
#1983=ORIENTED_EDGE('',*,*,#1489,.T.);
#1984=ORIENTED_EDGE('',*,*,#1485,.F.);
#1985=ORIENTED_EDGE('',*,*,#1490,.T.);
#1986=ORIENTED_EDGE('',*,*,#1488,.F.);
#1987=ORIENTED_EDGE('',*,*,#1470,.F.);
#1988=ORIENTED_EDGE('',*,*,#1456,.T.);
#1989=ORIENTED_EDGE('',*,*,#1438,.T.);
#1990=ORIENTED_EDGE('',*,*,#1452,.F.);
#1991=ORIENTED_EDGE('',*,*,#1451,.T.);
#1992=ORIENTED_EDGE('',*,*,#1463,.F.);
#1993=ORIENTED_EDGE('',*,*,#1483,.F.);
#1994=ORIENTED_EDGE('',*,*,#1486,.F.);
#1995=ORIENTED_EDGE('',*,*,#1489,.F.);
#1996=ORIENTED_EDGE('',*,*,#1490,.F.);
#1997=ORIENTED_EDGE('',*,*,#1484,.T.);
#1998=ORIENTED_EDGE('',*,*,#1491,.F.);
#1999=ORIENTED_EDGE('',*,*,#1492,.F.);
#2000=ORIENTED_EDGE('',*,*,#1378,.F.);
#2001=ORIENTED_EDGE('',*,*,#1480,.F.);
#2002=ORIENTED_EDGE('',*,*,#1493,.F.);
#2003=ORIENTED_EDGE('',*,*,#1494,.F.);
#2004=ORIENTED_EDGE('',*,*,#1495,.T.);
#2005=ORIENTED_EDGE('',*,*,#1380,.F.);
#2006=ORIENTED_EDGE('',*,*,#1496,.F.);
#2007=ORIENTED_EDGE('',*,*,#1407,.F.);
#2008=ORIENTED_EDGE('',*,*,#1497,.T.);
#2009=ORIENTED_EDGE('',*,*,#1382,.F.);
#2010=ORIENTED_EDGE('',*,*,#1498,.F.);
#2011=ORIENTED_EDGE('',*,*,#1468,.T.);
#2012=ORIENTED_EDGE('',*,*,#1466,.T.);
#2013=ORIENTED_EDGE('',*,*,#1499,.T.);
#2014=ORIENTED_EDGE('',*,*,#1500,.T.);
#2015=ORIENTED_EDGE('',*,*,#1475,.T.);
#2016=ORIENTED_EDGE('',*,*,#1493,.T.);
#2017=ORIENTED_EDGE('',*,*,#1479,.T.);
#2018=ORIENTED_EDGE('',*,*,#1473,.T.);
#2019=ORIENTED_EDGE('',*,*,#1501,.T.);
#2020=ORIENTED_EDGE('',*,*,#1502,.T.);
#2021=ORIENTED_EDGE('',*,*,#1406,.F.);
#2022=ORIENTED_EDGE('',*,*,#1503,.F.);
#2023=ORIENTED_EDGE('',*,*,#1499,.F.);
#2024=ORIENTED_EDGE('',*,*,#1465,.T.);
#2025=ORIENTED_EDGE('',*,*,#1383,.F.);
#2026=ORIENTED_EDGE('',*,*,#1497,.F.);
#2027=ORIENTED_EDGE('',*,*,#1502,.F.);
#2028=ORIENTED_EDGE('',*,*,#1504,.F.);
#2029=ORIENTED_EDGE('',*,*,#1505,.F.);
#2030=ORIENTED_EDGE('',*,*,#1496,.T.);
#2031=ORIENTED_EDGE('',*,*,#1379,.F.);
#2032=ORIENTED_EDGE('',*,*,#1492,.T.);
#2033=ORIENTED_EDGE('',*,*,#1506,.T.);
#2034=ORIENTED_EDGE('',*,*,#1507,.T.);
#2035=ORIENTED_EDGE('',*,*,#1508,.T.);
#2036=ORIENTED_EDGE('',*,*,#1472,.T.);
#2037=ORIENTED_EDGE('',*,*,#1362,.T.);
#2038=ORIENTED_EDGE('',*,*,#1509,.T.);
#2039=ORIENTED_EDGE('',*,*,#1510,.T.);
#2040=ORIENTED_EDGE('',*,*,#1471,.T.);
#2041=ORIENTED_EDGE('',*,*,#1487,.T.);
#2042=ORIENTED_EDGE('',*,*,#1491,.T.);
#2043=ORIENTED_EDGE('',*,*,#1481,.T.);
#2044=ORIENTED_EDGE('',*,*,#1477,.T.);
#2045=ORIENTED_EDGE('',*,*,#1511,.T.);
#2046=ORIENTED_EDGE('',*,*,#1421,.T.);
#2047=ORIENTED_EDGE('',*,*,#1510,.F.);
#2048=ORIENTED_EDGE('',*,*,#1512,.T.);
#2049=ORIENTED_EDGE('',*,*,#1506,.F.);
#2050=ORIENTED_EDGE('',*,*,#1513,.T.);
#2051=ORIENTED_EDGE('',*,*,#1514,.T.);
#2052=ORIENTED_EDGE('',*,*,#1515,.T.);
#2053=ORIENTED_EDGE('',*,*,#1476,.T.);
#2054=ORIENTED_EDGE('',*,*,#1515,.F.);
#2055=ORIENTED_EDGE('',*,*,#1516,.T.);
#2056=ORIENTED_EDGE('',*,*,#1511,.F.);
#2057=ORIENTED_EDGE('',*,*,#1500,.F.);
#2058=ORIENTED_EDGE('',*,*,#1517,.T.);
#2059=ORIENTED_EDGE('',*,*,#1513,.F.);
#2060=ORIENTED_EDGE('',*,*,#1508,.F.);
#2061=ORIENTED_EDGE('',*,*,#1518,.T.);
#2062=ORIENTED_EDGE('',*,*,#1501,.F.);
#2063=ORIENTED_EDGE('',*,*,#1516,.F.);
#2064=ORIENTED_EDGE('',*,*,#1519,.T.);
#2065=ORIENTED_EDGE('',*,*,#1403,.T.);
#2066=ORIENTED_EDGE('',*,*,#1422,.T.);
#2067=ORIENTED_EDGE('',*,*,#1514,.F.);
#2068=ORIENTED_EDGE('',*,*,#1520,.F.);
#2069=ORIENTED_EDGE('',*,*,#1404,.F.);
#2070=ORIENTED_EDGE('',*,*,#1519,.F.);
#2071=ORIENTED_EDGE('',*,*,#1517,.F.);
#2072=ORIENTED_EDGE('',*,*,#1503,.T.);
#2073=ORIENTED_EDGE('',*,*,#1405,.T.);
#2074=ORIENTED_EDGE('',*,*,#1520,.T.);
#2075=ORIENTED_EDGE('',*,*,#1518,.F.);
#2076=ORIENTED_EDGE('',*,*,#1521,.T.);
#2077=ORIENTED_EDGE('',*,*,#1522,.T.);
#2078=ORIENTED_EDGE('',*,*,#1504,.T.);
#2079=ORIENTED_EDGE('',*,*,#1507,.F.);
#2080=ORIENTED_EDGE('',*,*,#1523,.F.);
#2081=ORIENTED_EDGE('',*,*,#1524,.F.);
#2082=ORIENTED_EDGE('',*,*,#1521,.F.);
#2083=ORIENTED_EDGE('',*,*,#1512,.F.);
#2084=ORIENTED_EDGE('',*,*,#1525,.T.);
#2085=ORIENTED_EDGE('',*,*,#1526,.T.);
#2086=ORIENTED_EDGE('',*,*,#1523,.T.);
#2087=ORIENTED_EDGE('',*,*,#1361,.T.);
#2088=ORIENTED_EDGE('',*,*,#1527,.F.);
#2089=ORIENTED_EDGE('',*,*,#1525,.F.);
#2090=ORIENTED_EDGE('',*,*,#1509,.F.);
#2091=ORIENTED_EDGE('',*,*,#1528,.F.);
#2092=ORIENTED_EDGE('',*,*,#1529,.T.);
#2093=ORIENTED_EDGE('',*,*,#1387,.F.);
#2094=ORIENTED_EDGE('',*,*,#1529,.F.);
#2095=ORIENTED_EDGE('',*,*,#1530,.F.);
#2096=ORIENTED_EDGE('',*,*,#1531,.T.);
#2097=ORIENTED_EDGE('',*,*,#1388,.F.);
#2098=ORIENTED_EDGE('',*,*,#1531,.F.);
#2099=ORIENTED_EDGE('',*,*,#1532,.F.);
#2100=ORIENTED_EDGE('',*,*,#1533,.T.);
#2101=ORIENTED_EDGE('',*,*,#1534,.T.);
#2102=ORIENTED_EDGE('',*,*,#1535,.F.);
#2103=ORIENTED_EDGE('',*,*,#1536,.F.);
#2104=ORIENTED_EDGE('',*,*,#1535,.T.);
#2105=ORIENTED_EDGE('',*,*,#1537,.T.);
#2106=ORIENTED_EDGE('',*,*,#1538,.F.);
#2107=ORIENTED_EDGE('',*,*,#1539,.F.);
#2108=ORIENTED_EDGE('',*,*,#1538,.T.);
#2109=ORIENTED_EDGE('',*,*,#1540,.T.);
#2110=ORIENTED_EDGE('',*,*,#1541,.F.);
#2111=ORIENTED_EDGE('',*,*,#1542,.F.);
#2112=ORIENTED_EDGE('',*,*,#1541,.T.);
#2113=ORIENTED_EDGE('',*,*,#1543,.T.);
#2114=ORIENTED_EDGE('',*,*,#1544,.T.);
#2115=ORIENTED_EDGE('',*,*,#1545,.F.);
#2116=ORIENTED_EDGE('',*,*,#1546,.T.);
#2117=ORIENTED_EDGE('',*,*,#1547,.T.);
#2118=ORIENTED_EDGE('',*,*,#1533,.F.);
#2119=ORIENTED_EDGE('',*,*,#1548,.F.);
#2120=ORIENTED_EDGE('',*,*,#1544,.F.);
#2121=ORIENTED_EDGE('',*,*,#1549,.T.);
#2122=ORIENTED_EDGE('',*,*,#1546,.F.);
#2123=ORIENTED_EDGE('',*,*,#1549,.F.);
#2124=ORIENTED_EDGE('',*,*,#1543,.F.);
#2125=ORIENTED_EDGE('',*,*,#1540,.F.);
#2126=ORIENTED_EDGE('',*,*,#1537,.F.);
#2127=ORIENTED_EDGE('',*,*,#1534,.F.);
#2128=ORIENTED_EDGE('',*,*,#1547,.F.);
#2129=ORIENTED_EDGE('',*,*,#1528,.T.);
#2130=ORIENTED_EDGE('',*,*,#1418,.F.);
#2131=ORIENTED_EDGE('',*,*,#1550,.T.);
#2132=ORIENTED_EDGE('',*,*,#1551,.T.);
#2133=ORIENTED_EDGE('',*,*,#1552,.F.);
#2134=ORIENTED_EDGE('',*,*,#1419,.F.);
#2135=ORIENTED_EDGE('',*,*,#1552,.T.);
#2136=ORIENTED_EDGE('',*,*,#1553,.T.);
#2137=ORIENTED_EDGE('',*,*,#1554,.F.);
#2138=ORIENTED_EDGE('',*,*,#1420,.F.);
#2139=ORIENTED_EDGE('',*,*,#1554,.T.);
#2140=ORIENTED_EDGE('',*,*,#1555,.T.);
#2141=ORIENTED_EDGE('',*,*,#1556,.F.);
#2142=ORIENTED_EDGE('',*,*,#1415,.F.);
#2143=ORIENTED_EDGE('',*,*,#1556,.T.);
#2144=ORIENTED_EDGE('',*,*,#1557,.T.);
#2145=ORIENTED_EDGE('',*,*,#1558,.T.);
#2146=ORIENTED_EDGE('',*,*,#1417,.F.);
#2147=ORIENTED_EDGE('',*,*,#1559,.T.);
#2148=ORIENTED_EDGE('',*,*,#1560,.T.);
#2149=ORIENTED_EDGE('',*,*,#1550,.F.);
#2150=ORIENTED_EDGE('',*,*,#1416,.F.);
#2151=ORIENTED_EDGE('',*,*,#1558,.F.);
#2152=ORIENTED_EDGE('',*,*,#1561,.T.);
#2153=ORIENTED_EDGE('',*,*,#1559,.F.);
#2154=ORIENTED_EDGE('',*,*,#1561,.F.);
#2155=ORIENTED_EDGE('',*,*,#1557,.F.);
#2156=ORIENTED_EDGE('',*,*,#1555,.F.);
#2157=ORIENTED_EDGE('',*,*,#1553,.F.);
#2158=ORIENTED_EDGE('',*,*,#1551,.F.);
#2159=ORIENTED_EDGE('',*,*,#1560,.F.);
#2160=ORIENTED_EDGE('',*,*,#1530,.T.);
#2161=ORIENTED_EDGE('',*,*,#1562,.F.);
#2162=ORIENTED_EDGE('',*,*,#1563,.F.);
#2163=ORIENTED_EDGE('',*,*,#1564,.F.);
#2164=ORIENTED_EDGE('',*,*,#1565,.F.);
#2165=ORIENTED_EDGE('',*,*,#1566,.F.);
#2166=ORIENTED_EDGE('',*,*,#1567,.F.);
#2167=ORIENTED_EDGE('',*,*,#1568,.F.);
#2168=ORIENTED_EDGE('',*,*,#1569,.F.);
#2169=ORIENTED_EDGE('',*,*,#1570,.F.);
#2170=ORIENTED_EDGE('',*,*,#1571,.T.);
#2171=ORIENTED_EDGE('',*,*,#1572,.T.);
#2172=ORIENTED_EDGE('',*,*,#1573,.T.);
#2173=ORIENTED_EDGE('',*,*,#1574,.T.);
#2174=ORIENTED_EDGE('',*,*,#1575,.T.);
#2175=ORIENTED_EDGE('',*,*,#1576,.T.);
#2176=ORIENTED_EDGE('',*,*,#1577,.T.);
#2177=ORIENTED_EDGE('',*,*,#1572,.F.);
#2178=ORIENTED_EDGE('',*,*,#1578,.T.);
#2179=ORIENTED_EDGE('',*,*,#1579,.F.);
#2180=ORIENTED_EDGE('',*,*,#1580,.F.);
#2181=ORIENTED_EDGE('',*,*,#1573,.F.);
#2182=ORIENTED_EDGE('',*,*,#1580,.T.);
#2183=ORIENTED_EDGE('',*,*,#1581,.F.);
#2184=ORIENTED_EDGE('',*,*,#1582,.F.);
#2185=ORIENTED_EDGE('',*,*,#1574,.F.);
#2186=ORIENTED_EDGE('',*,*,#1582,.T.);
#2187=ORIENTED_EDGE('',*,*,#1583,.F.);
#2188=ORIENTED_EDGE('',*,*,#1584,.F.);
#2189=ORIENTED_EDGE('',*,*,#1575,.F.);
#2190=ORIENTED_EDGE('',*,*,#1584,.T.);
#2191=ORIENTED_EDGE('',*,*,#1585,.F.);
#2192=ORIENTED_EDGE('',*,*,#1586,.F.);
#2193=ORIENTED_EDGE('',*,*,#1576,.F.);
#2194=ORIENTED_EDGE('',*,*,#1586,.T.);
#2195=ORIENTED_EDGE('',*,*,#1587,.F.);
#2196=ORIENTED_EDGE('',*,*,#1588,.F.);
#2197=ORIENTED_EDGE('',*,*,#1577,.F.);
#2198=ORIENTED_EDGE('',*,*,#1588,.T.);
#2199=ORIENTED_EDGE('',*,*,#1589,.F.);
#2200=ORIENTED_EDGE('',*,*,#1590,.F.);
#2201=ORIENTED_EDGE('',*,*,#1571,.F.);
#2202=ORIENTED_EDGE('',*,*,#1591,.T.);
#2203=ORIENTED_EDGE('',*,*,#1592,.F.);
#2204=ORIENTED_EDGE('',*,*,#1578,.F.);
#2205=ORIENTED_EDGE('',*,*,#1593,.T.);
#2206=ORIENTED_EDGE('',*,*,#1594,.T.);
#2207=ORIENTED_EDGE('',*,*,#1595,.T.);
#2208=ORIENTED_EDGE('',*,*,#1596,.T.);
#2209=ORIENTED_EDGE('',*,*,#1592,.T.);
#2210=ORIENTED_EDGE('',*,*,#1597,.T.);
#2211=ORIENTED_EDGE('',*,*,#1589,.T.);
#2212=ORIENTED_EDGE('',*,*,#1587,.T.);
#2213=ORIENTED_EDGE('',*,*,#1585,.T.);
#2214=ORIENTED_EDGE('',*,*,#1583,.T.);
#2215=ORIENTED_EDGE('',*,*,#1581,.T.);
#2216=ORIENTED_EDGE('',*,*,#1579,.T.);
#2217=ORIENTED_EDGE('',*,*,#1562,.T.);
#2218=ORIENTED_EDGE('',*,*,#1590,.T.);
#2219=ORIENTED_EDGE('',*,*,#1597,.F.);
#2220=ORIENTED_EDGE('',*,*,#1591,.F.);
#2221=ORIENTED_EDGE('',*,*,#1570,.T.);
#2222=ORIENTED_EDGE('',*,*,#1598,.F.);
#2223=ORIENTED_EDGE('',*,*,#1599,.F.);
#2224=ORIENTED_EDGE('',*,*,#1600,.T.);
#2225=ORIENTED_EDGE('',*,*,#1601,.F.);
#2226=ORIENTED_EDGE('',*,*,#1602,.F.);
#2227=ORIENTED_EDGE('',*,*,#1603,.T.);
#2228=ORIENTED_EDGE('',*,*,#1594,.F.);
#2229=ORIENTED_EDGE('',*,*,#1604,.F.);
#2230=ORIENTED_EDGE('',*,*,#1408,.F.);
#2231=ORIENTED_EDGE('',*,*,#1498,.T.);
#2232=ORIENTED_EDGE('',*,*,#1381,.F.);
#2233=ORIENTED_EDGE('',*,*,#1495,.F.);
#2234=ORIENTED_EDGE('',*,*,#1605,.F.);
#2235=ORIENTED_EDGE('',*,*,#1601,.T.);
#2236=ORIENTED_EDGE('',*,*,#1593,.F.);
#2237=ORIENTED_EDGE('',*,*,#1606,.F.);
#2238=ORIENTED_EDGE('',*,*,#1409,.F.);
#2239=ORIENTED_EDGE('',*,*,#1604,.T.);
#2240=ORIENTED_EDGE('',*,*,#1596,.F.);
#2241=ORIENTED_EDGE('',*,*,#1607,.T.);
#2242=ORIENTED_EDGE('',*,*,#1599,.T.);
#2243=ORIENTED_EDGE('',*,*,#1608,.T.);
#2244=ORIENTED_EDGE('',*,*,#1609,.T.);
#2245=ORIENTED_EDGE('',*,*,#1399,.T.);
#2246=ORIENTED_EDGE('',*,*,#1278,.T.);
#2247=ORIENTED_EDGE('',*,*,#1610,.T.);
#2248=ORIENTED_EDGE('',*,*,#1602,.T.);
#2249=ORIENTED_EDGE('',*,*,#1605,.T.);
#2250=ORIENTED_EDGE('',*,*,#1494,.T.);
#2251=ORIENTED_EDGE('',*,*,#1505,.T.);
#2252=ORIENTED_EDGE('',*,*,#1522,.F.);
#2253=ORIENTED_EDGE('',*,*,#1524,.T.);
#2254=ORIENTED_EDGE('',*,*,#1526,.F.);
#2255=ORIENTED_EDGE('',*,*,#1527,.T.);
#2256=ORIENTED_EDGE('',*,*,#1360,.T.);
#2257=ORIENTED_EDGE('',*,*,#1398,.T.);
#2258=ORIENTED_EDGE('',*,*,#1351,.T.);
#2259=ORIENTED_EDGE('',*,*,#1357,.T.);
#2260=ORIENTED_EDGE('',*,*,#1333,.F.);
#2261=ORIENTED_EDGE('',*,*,#1358,.T.);
#2262=ORIENTED_EDGE('',*,*,#1348,.T.);
#2263=ORIENTED_EDGE('',*,*,#1342,.T.);
#2264=ORIENTED_EDGE('',*,*,#1327,.F.);
#2265=ORIENTED_EDGE('',*,*,#1338,.T.);
#2266=ORIENTED_EDGE('',*,*,#1347,.T.);
#2267=ORIENTED_EDGE('',*,*,#1542,.T.);
#2268=ORIENTED_EDGE('',*,*,#1548,.T.);
#2269=ORIENTED_EDGE('',*,*,#1545,.T.);
#2270=ORIENTED_EDGE('',*,*,#1532,.T.);
#2271=ORIENTED_EDGE('',*,*,#1536,.T.);
#2272=ORIENTED_EDGE('',*,*,#1539,.T.);
#2273=ORIENTED_EDGE('',*,*,#1266,.T.);
#2274=ORIENTED_EDGE('',*,*,#1272,.F.);
#2275=ORIENTED_EDGE('',*,*,#1271,.T.);
#2276=ORIENTED_EDGE('',*,*,#1401,.F.);
#2277=ORIENTED_EDGE('',*,*,#1428,.T.);
#2278=ORIENTED_EDGE('',*,*,#1611,.F.);
#2279=ORIENTED_EDGE('',*,*,#1267,.T.);
#2280=ORIENTED_EDGE('',*,*,#1611,.T.);
#2281=ORIENTED_EDGE('',*,*,#1427,.T.);
#2282=ORIENTED_EDGE('',*,*,#1369,.F.);
#2283=ORIENTED_EDGE('',*,*,#1431,.T.);
#2284=ORIENTED_EDGE('',*,*,#1410,.F.);
#2285=ORIENTED_EDGE('',*,*,#1606,.T.);
#2286=ORIENTED_EDGE('',*,*,#1595,.F.);
#2287=ORIENTED_EDGE('',*,*,#1603,.F.);
#2288=ORIENTED_EDGE('',*,*,#1610,.F.);
#2289=ORIENTED_EDGE('',*,*,#1277,.T.);
#2290=ORIENTED_EDGE('',*,*,#1612,.F.);
#2291=ORIENTED_EDGE('',*,*,#1374,.F.);
#2292=ORIENTED_EDGE('',*,*,#1430,.T.);
#2293=ORIENTED_EDGE('',*,*,#1390,.F.);
#2294=ORIENTED_EDGE('',*,*,#1613,.T.);
#2295=ORIENTED_EDGE('',*,*,#1568,.T.);
#2296=ORIENTED_EDGE('',*,*,#1614,.F.);
#2297=ORIENTED_EDGE('',*,*,#1391,.F.);
#2298=ORIENTED_EDGE('',*,*,#1614,.T.);
#2299=ORIENTED_EDGE('',*,*,#1567,.T.);
#2300=ORIENTED_EDGE('',*,*,#1615,.F.);
#2301=ORIENTED_EDGE('',*,*,#1392,.F.);
#2302=ORIENTED_EDGE('',*,*,#1615,.T.);
#2303=ORIENTED_EDGE('',*,*,#1566,.T.);
#2304=ORIENTED_EDGE('',*,*,#1616,.F.);
#2305=ORIENTED_EDGE('',*,*,#1393,.F.);
#2306=ORIENTED_EDGE('',*,*,#1616,.T.);
#2307=ORIENTED_EDGE('',*,*,#1565,.T.);
#2308=ORIENTED_EDGE('',*,*,#1617,.F.);
#2309=ORIENTED_EDGE('',*,*,#1394,.F.);
#2310=ORIENTED_EDGE('',*,*,#1617,.T.);
#2311=ORIENTED_EDGE('',*,*,#1564,.T.);
#2312=ORIENTED_EDGE('',*,*,#1618,.F.);
#2313=ORIENTED_EDGE('',*,*,#1395,.F.);
#2314=ORIENTED_EDGE('',*,*,#1618,.T.);
#2315=ORIENTED_EDGE('',*,*,#1563,.T.);
#2316=ORIENTED_EDGE('',*,*,#1600,.F.);
#2317=ORIENTED_EDGE('',*,*,#1607,.F.);
#2318=ORIENTED_EDGE('',*,*,#1619,.F.);
#2319=ORIENTED_EDGE('',*,*,#1396,.F.);
#2320=ORIENTED_EDGE('',*,*,#1619,.T.);
#2321=ORIENTED_EDGE('',*,*,#1609,.F.);
#2322=ORIENTED_EDGE('',*,*,#1620,.F.);
#2323=ORIENTED_EDGE('',*,*,#1389,.F.);
#2324=ORIENTED_EDGE('',*,*,#1620,.T.);
#2325=ORIENTED_EDGE('',*,*,#1608,.F.);
#2326=ORIENTED_EDGE('',*,*,#1598,.T.);
#2327=ORIENTED_EDGE('',*,*,#1569,.T.);
#2328=ORIENTED_EDGE('',*,*,#1613,.F.);
#2329=ORIENTED_EDGE('',*,*,#1276,.T.);
#2330=ORIENTED_EDGE('',*,*,#1400,.F.);
#2331=ORIENTED_EDGE('',*,*,#1375,.F.);
#2332=ORIENTED_EDGE('',*,*,#1612,.T.);
#2333=CYLINDRICAL_SURFACE('',#2500,22.8);
#2334=CYLINDRICAL_SURFACE('',#2541,22.8);
#2335=CYLINDRICAL_SURFACE('',#2543,22.8);
#2336=CYLINDRICAL_SURFACE('',#2545,22.8);
#2337=CYLINDRICAL_SURFACE('',#2551,22.25);
#2338=CYLINDRICAL_SURFACE('',#2577,21.25);
#2339=CYLINDRICAL_SURFACE('',#2581,21.25);
#2340=CYLINDRICAL_SURFACE('',#2592,1.);
#2341=CYLINDRICAL_SURFACE('',#2594,1.);
#2342=CYLINDRICAL_SURFACE('',#2598,1.);
#2343=CYLINDRICAL_SURFACE('',#2607,1.);
#2344=CYLINDRICAL_SURFACE('',#2616,1.);
#2345=CYLINDRICAL_SURFACE('',#2618,1.);
#2346=CYLINDRICAL_SURFACE('',#2619,1.);
#2347=CYLINDRICAL_SURFACE('',#2622,1.);
#2348=CYLINDRICAL_SURFACE('',#2624,22.25);
#2349=CYLINDRICAL_SURFACE('',#2626,1.75);
#2350=CYLINDRICAL_SURFACE('',#2628,1.75);
#2351=CYLINDRICAL_SURFACE('',#2670,1.15);
#2352=CYLINDRICAL_SURFACE('',#2672,1.15);
#2353=CYLINDRICAL_SURFACE('',#2674,1.15);
#2354=CYLINDRICAL_SURFACE('',#2676,1.15);
#2355=ADVANCED_FACE('',(#155),#2333,.T.);
#2356=ADVANCED_FACE('',(#156),#61,.T.);
#2357=ADVANCED_FACE('',(#157),#62,.T.);
#2358=ADVANCED_FACE('',(#158),#40,.T.);
#2359=ADVANCED_FACE('',(#159),#41,.F.);
#2360=ADVANCED_FACE('',(#160),#42,.F.);
#2361=ADVANCED_FACE('',(#161),#63,.F.);
#2362=ADVANCED_FACE('',(#162),#43,.F.);
#2363=ADVANCED_FACE('',(#163),#44,.F.);
#2364=ADVANCED_FACE('',(#164,#27,#28),#64,.F.);
#2365=ADVANCED_FACE('',(#165),#65,.F.);
#2366=ADVANCED_FACE('',(#166),#66,.F.);
#2367=ADVANCED_FACE('',(#167),#67,.T.);
#2368=ADVANCED_FACE('',(#168),#68,.T.);
#2369=ADVANCED_FACE('',(#169),#69,.T.);
#2370=ADVANCED_FACE('',(#170),#70,.T.);
#2371=ADVANCED_FACE('',(#171),#71,.F.);
#2372=ADVANCED_FACE('',(#172),#72,.T.);
#2373=ADVANCED_FACE('',(#173),#73,.F.);
#2374=ADVANCED_FACE('',(#174),#74,.F.);
#2375=ADVANCED_FACE('',(#175),#75,.T.);
#2376=ADVANCED_FACE('',(#176),#76,.F.);
#2377=ADVANCED_FACE('',(#177),#77,.F.);
#2378=ADVANCED_FACE('',(#178),#78,.T.);
#2379=ADVANCED_FACE('',(#179,#29,#30),#79,.F.);
#2380=ADVANCED_FACE('',(#180),#80,.F.);
#2381=ADVANCED_FACE('',(#181),#81,.F.);
#2382=ADVANCED_FACE('',(#182),#82,.F.);
#2383=ADVANCED_FACE('',(#183),#83,.T.);
#2384=ADVANCED_FACE('',(#184),#84,.F.);
#2385=ADVANCED_FACE('',(#185),#85,.F.);
#2386=ADVANCED_FACE('',(#186),#86,.F.);
#2387=ADVANCED_FACE('',(#187),#87,.T.);
#2388=ADVANCED_FACE('',(#188),#88,.T.);
#2389=ADVANCED_FACE('',(#189),#26,.F.);
#2390=ADVANCED_FACE('',(#190,#31,#32,#33,#34),#89,.T.);
#2391=ADVANCED_FACE('',(#191),#2334,.T.);
#2392=ADVANCED_FACE('',(#192),#2335,.T.);
#2393=ADVANCED_FACE('',(#193),#2336,.T.);
#2394=ADVANCED_FACE('',(#194,#35),#90,.F.);
#2395=ADVANCED_FACE('',(#195),#2337,.T.);
#2396=ADVANCED_FACE('',(#196),#91,.F.);
#2397=ADVANCED_FACE('',(#197),#92,.F.);
#2398=ADVANCED_FACE('',(#198),#93,.F.);
#2399=ADVANCED_FACE('',(#199),#94,.T.);
#2400=ADVANCED_FACE('',(#200),#45,.T.);
#2401=ADVANCED_FACE('',(#201),#95,.F.);
#2402=ADVANCED_FACE('',(#202),#96,.F.);
#2403=ADVANCED_FACE('',(#203),#97,.F.);
#2404=ADVANCED_FACE('',(#204),#98,.F.);
#2405=ADVANCED_FACE('',(#205),#99,.F.);
#2406=ADVANCED_FACE('',(#206),#100,.F.);
#2407=ADVANCED_FACE('',(#207),#101,.F.);
#2408=ADVANCED_FACE('',(#208),#102,.F.);
#2409=ADVANCED_FACE('',(#209),#103,.F.);
#2410=ADVANCED_FACE('',(#210),#104,.F.);
#2411=ADVANCED_FACE('',(#211),#105,.F.);
#2412=ADVANCED_FACE('',(#212),#106,.F.);
#2413=ADVANCED_FACE('',(#213),#107,.F.);
#2414=ADVANCED_FACE('',(#214),#108,.F.);
#2415=ADVANCED_FACE('',(#215),#109,.F.);
#2416=ADVANCED_FACE('',(#216),#2338,.F.);
#2417=ADVANCED_FACE('',(#217),#110,.F.);
#2418=ADVANCED_FACE('',(#218),#2339,.F.);
#2419=ADVANCED_FACE('',(#219),#111,.F.);
#2420=ADVANCED_FACE('',(#220),#112,.T.);
#2421=ADVANCED_FACE('',(#221),#113,.F.);
#2422=ADVANCED_FACE('',(#222),#114,.F.);
#2423=ADVANCED_FACE('',(#223),#115,.F.);
#2424=ADVANCED_FACE('',(#224),#116,.F.);
#2425=ADVANCED_FACE('',(#225),#2340,.T.);
#2426=ADVANCED_FACE('',(#226),#2341,.T.);
#2427=ADVANCED_FACE('',(#227),#117,.T.);
#2428=ADVANCED_FACE('',(#228),#118,.T.);
#2429=ADVANCED_FACE('',(#229),#2342,.T.);
#2430=ADVANCED_FACE('',(#230),#19,.T.);
#2431=ADVANCED_FACE('',(#231),#15,.T.);
#2432=ADVANCED_FACE('',(#232),#2343,.T.);
#2433=ADVANCED_FACE('',(#233),#16,.T.);
#2434=ADVANCED_FACE('',(#234),#17,.T.);
#2435=ADVANCED_FACE('',(#235),#18,.T.);
#2436=ADVANCED_FACE('',(#236),#2344,.T.);
#2437=ADVANCED_FACE('',(#237),#119,.T.);
#2438=ADVANCED_FACE('',(#238),#2345,.T.);
#2439=ADVANCED_FACE('',(#239),#2346,.T.);
#2440=ADVANCED_FACE('',(#240),#120,.T.);
#2441=ADVANCED_FACE('',(#241),#2347,.T.);
#2442=ADVANCED_FACE('',(#242),#2348,.T.);
#2443=ADVANCED_FACE('',(#243),#2349,.F.);
#2444=ADVANCED_FACE('',(#244),#2350,.F.);
#2445=ADVANCED_FACE('',(#245),#121,.F.);
#2446=ADVANCED_FACE('',(#246),#122,.F.);
#2447=ADVANCED_FACE('',(#247),#123,.F.);
#2448=ADVANCED_FACE('',(#248),#124,.F.);
#2449=ADVANCED_FACE('',(#249),#125,.F.);
#2450=ADVANCED_FACE('',(#250),#126,.F.);
#2451=ADVANCED_FACE('',(#251,#36),#127,.F.);
#2452=ADVANCED_FACE('',(#252),#128,.F.);
#2453=ADVANCED_FACE('',(#253),#129,.F.);
#2454=ADVANCED_FACE('',(#254),#130,.F.);
#2455=ADVANCED_FACE('',(#255),#131,.F.);
#2456=ADVANCED_FACE('',(#256),#132,.F.);
#2457=ADVANCED_FACE('',(#257),#133,.F.);
#2458=ADVANCED_FACE('',(#258,#37),#134,.F.);
#2459=ADVANCED_FACE('',(#259),#135,.F.);
#2460=ADVANCED_FACE('',(#260),#46,.T.);
#2461=ADVANCED_FACE('',(#261),#136,.T.);
#2462=ADVANCED_FACE('',(#262),#137,.T.);
#2463=ADVANCED_FACE('',(#263),#138,.T.);
#2464=ADVANCED_FACE('',(#264),#47,.T.);
#2465=ADVANCED_FACE('',(#265),#139,.T.);
#2466=ADVANCED_FACE('',(#266),#140,.T.);
#2467=ADVANCED_FACE('',(#267,#38),#141,.T.);
#2468=ADVANCED_FACE('',(#268),#142,.T.);
#2469=ADVANCED_FACE('',(#269),#143,.T.);
#2470=ADVANCED_FACE('',(#270),#144,.T.);
#2471=ADVANCED_FACE('',(#271),#145,.T.);
#2472=ADVANCED_FACE('',(#272),#146,.T.);
#2473=ADVANCED_FACE('',(#273,#39),#147,.F.);
#2474=ADVANCED_FACE('',(#274),#48,.T.);
#2475=ADVANCED_FACE('',(#275),#148,.T.);
#2476=ADVANCED_FACE('',(#276),#149,.T.);
#2477=ADVANCED_FACE('',(#277),#150,.T.);
#2478=ADVANCED_FACE('',(#278),#2351,.F.);
#2479=ADVANCED_FACE('',(#279),#151,.T.);
#2480=ADVANCED_FACE('',(#280),#2352,.F.);
#2481=ADVANCED_FACE('',(#281),#152,.T.);
#2482=ADVANCED_FACE('',(#282),#2353,.F.);
#2483=ADVANCED_FACE('',(#283),#153,.T.);
#2484=ADVANCED_FACE('',(#284),#2354,.F.);
#2485=ADVANCED_FACE('',(#285),#154,.T.);
#2486=CLOSED_SHELL('',(#2355,#2356,#2357,#2358,#2359,#2360,#2361,#2362,
#2363,#2364,#2365,#2366,#2367,#2368,#2369,#2370,#2371,#2372,#2373,#2374,
#2375,#2376,#2377,#2378,#2379,#2380,#2381,#2382,#2383,#2384,#2385,#2386,
#2387,#2388,#2389,#2390,#2391,#2392,#2393,#2394,#2395,#2396,#2397,#2398,
#2399,#2400,#2401,#2402,#2403,#2404,#2405,#2406,#2407,#2408,#2409,#2410,
#2411,#2412,#2413,#2414,#2415,#2416,#2417,#2418,#2419,#2420,#2421,#2422,
#2423,#2424,#2425,#2426,#2427,#2428,#2429,#2430,#2431,#2432,#2433,#2434,
#2435,#2436,#2437,#2438,#2439,#2440,#2441,#2442,#2443,#2444,#2445,#2446,
#2447,#2448,#2449,#2450,#2451,#2452,#2453,#2454,#2455,#2456,#2457,#2458,
#2459,#2460,#2461,#2462,#2463,#2464,#2465,#2466,#2467,#2468,#2469,#2470,
#2471,#2472,#2473,#2474,#2475,#2476,#2477,#2478,#2479,#2480,#2481,#2482,
#2483,#2484,#2485));
#2487=DERIVED_UNIT_ELEMENT(#2489,1.);
#2488=DERIVED_UNIT_ELEMENT(#4653,-3.);
#2489=(
MASS_UNIT()
NAMED_UNIT(*)
SI_UNIT(.KILO.,.GRAM.)
);
#2490=DERIVED_UNIT((#2487,#2488));
#2491=MEASURE_REPRESENTATION_ITEM('density measure',
POSITIVE_RATIO_MEASURE(952.),#2490);
#2492=PROPERTY_DEFINITION_REPRESENTATION(#2497,#2494);
#2493=PROPERTY_DEFINITION_REPRESENTATION(#2498,#2495);
#2494=REPRESENTATION('material name',(#2496),#4650);
#2495=REPRESENTATION('density',(#2491),#4650);
#2496=DESCRIPTIVE_REPRESENTATION_ITEM('Plastic, Opaque White',
'Plastic, Opaque White');
#2497=PROPERTY_DEFINITION('material property','material name',#4660);
#2498=PROPERTY_DEFINITION('material property','density of part',#4660);
#2499=AXIS2_PLACEMENT_3D('',#3301,#2678,#2679);
#2500=AXIS2_PLACEMENT_3D('',#3302,#2680,#2681);
#2501=AXIS2_PLACEMENT_3D('',#3314,#2684,#2685);
#2502=AXIS2_PLACEMENT_3D('',#3318,#2687,#2688);
#2503=AXIS2_PLACEMENT_3D('',#3325,#2689,#2690);
#2504=AXIS2_PLACEMENT_3D('',#3329,#2691,#2692);
#2505=AXIS2_PLACEMENT_3D('',#3423,#2696,#2697);
#2506=AXIS2_PLACEMENT_3D('',#3490,#2702,#2703);
#2507=AXIS2_PLACEMENT_3D('',#3516,#2719,#2720);
#2508=AXIS2_PLACEMENT_3D('',#3522,#2724,#2725);
#2509=AXIS2_PLACEMENT_3D('',#3528,#2729,#2730);
#2510=AXIS2_PLACEMENT_3D('',#3534,#2734,#2735);
#2511=AXIS2_PLACEMENT_3D('',#3543,#2740,#2741);
#2512=AXIS2_PLACEMENT_3D('',#3549,#2745,#2746);
#2513=AXIS2_PLACEMENT_3D('',#3555,#2750,#2751);
#2514=AXIS2_PLACEMENT_3D('',#3561,#2755,#2756);
#2515=AXIS2_PLACEMENT_3D('',#3565,#2759,#2760);
#2516=AXIS2_PLACEMENT_3D('',#3567,#2762,#2763);
#2517=AXIS2_PLACEMENT_3D('',#3569,#2765,#2766);
#2518=AXIS2_PLACEMENT_3D('',#3571,#2768,#2769);
#2519=AXIS2_PLACEMENT_3D('',#3575,#2772,#2773);
#2520=AXIS2_PLACEMENT_3D('',#3577,#2775,#2776);
#2521=AXIS2_PLACEMENT_3D('',#3579,#2778,#2779);
#2522=AXIS2_PLACEMENT_3D('',#3596,#2790,#2791);
#2523=AXIS2_PLACEMENT_3D('',#3597,#2792,#2793);
#2524=AXIS2_PLACEMENT_3D('',#3598,#2794,#2795);
#2525=AXIS2_PLACEMENT_3D('',#3599,#2796,#2797);
#2526=AXIS2_PLACEMENT_3D('',#3600,#2798,#2799);
#2527=AXIS2_PLACEMENT_3D('',#3602,#2801,#2802);
#2528=AXIS2_PLACEMENT_3D('',#3604,#2804,#2805);
#2529=AXIS2_PLACEMENT_3D('',#3605,#2806,#2807);
#2530=AXIS2_PLACEMENT_3D('',#3606,#2808,#2809);
#2531=AXIS2_PLACEMENT_3D('',#3767,#2811,#2812);
#2532=AXIS2_PLACEMENT_3D('',#3768,#2813,#2814);
#2533=AXIS2_PLACEMENT_3D('',#3769,#2815,#2816);
#2534=AXIS2_PLACEMENT_3D('',#3784,#2824,#2825);
#2535=AXIS2_PLACEMENT_3D('',#3806,#2836,#2837);
#2536=AXIS2_PLACEMENT_3D('',#3808,#2838,#2839);
#2537=AXIS2_PLACEMENT_3D('',#3811,#2840,#2841);
#2538=AXIS2_PLACEMENT_3D('',#3815,#2843,#2844);
#2539=AXIS2_PLACEMENT_3D('',#3819,#2846,#2847);
#2540=AXIS2_PLACEMENT_3D('',#3823,#2849,#2850);
#2541=AXIS2_PLACEMENT_3D('',#3825,#2852,#2853);
#2542=AXIS2_PLACEMENT_3D('',#3826,#2854,#2855);
#2543=AXIS2_PLACEMENT_3D('',#3827,#2856,#2857);
#2544=AXIS2_PLACEMENT_3D('',#3828,#2858,#2859);
#2545=AXIS2_PLACEMENT_3D('',#3829,#2860,#2861);
#2546=AXIS2_PLACEMENT_3D('',#3830,#2862,#2863);
#2547=AXIS2_PLACEMENT_3D('',#3832,#2865,#2866);
#2548=AXIS2_PLACEMENT_3D('',#3836,#2868,#2869);
#2549=AXIS2_PLACEMENT_3D('',#3838,#2870,#2871);
#2550=AXIS2_PLACEMENT_3D('',#3842,#2873,#2874);
#2551=AXIS2_PLACEMENT_3D('',#3872,#2890,#2891);
#2552=AXIS2_PLACEMENT_3D('',#3874,#2892,#2893);
#2553=AXIS2_PLACEMENT_3D('',#3876,#2895,#2896);
#2554=AXIS2_PLACEMENT_3D('',#4049,#2899,#2900);
#2555=AXIS2_PLACEMENT_3D('',#4051,#2902,#2903);
#2556=AXIS2_PLACEMENT_3D('',#4223,#2905,#2906);
#2557=AXIS2_PLACEMENT_3D('',#4236,#2909,#2910);
#2558=AXIS2_PLACEMENT_3D('',#4261,#2923,#2924);
#2559=AXIS2_PLACEMENT_3D('',#4267,#2928,#2929);
#2560=AXIS2_PLACEMENT_3D('',#4271,#2932,#2933);
#2561=AXIS2_PLACEMENT_3D('',#4275,#2936,#2937);
#2562=AXIS2_PLACEMENT_3D('',#4281,#2941,#2942);
#2563=AXIS2_PLACEMENT_3D('',#4287,#2946,#2947);
#2564=AXIS2_PLACEMENT_3D('',#4291,#2950,#2951);
#2565=AXIS2_PLACEMENT_3D('',#4295,#2954,#2955);
#2566=AXIS2_PLACEMENT_3D('',#4301,#2959,#2960);
#2567=AXIS2_PLACEMENT_3D('',#4306,#2963,#2964);
#2568=AXIS2_PLACEMENT_3D('',#4307,#2965,#2966);
#2569=AXIS2_PLACEMENT_3D('',#4310,#2968,#2969);
#2570=AXIS2_PLACEMENT_3D('',#4312,#2971,#2972);
#2571=AXIS2_PLACEMENT_3D('',#4316,#2974,#2975);
#2572=AXIS2_PLACEMENT_3D('',#4322,#2979,#2980);
#2573=AXIS2_PLACEMENT_3D('',#4327,#2983,#2984);
#2574=AXIS2_PLACEMENT_3D('',#4328,#2985,#2986);
#2575=AXIS2_PLACEMENT_3D('',#4330,#2988,#2989);
#2576=AXIS2_PLACEMENT_3D('',#4332,#2990,#2991);
#2577=AXIS2_PLACEMENT_3D('',#4334,#2993,#2994);
#2578=AXIS2_PLACEMENT_3D('',#4336,#2995,#2996);
#2579=AXIS2_PLACEMENT_3D('',#4339,#2998,#2999);
#2580=AXIS2_PLACEMENT_3D('',#4340,#3000,#3001);
#2581=AXIS2_PLACEMENT_3D('',#4346,#3005,#3006);
#2582=AXIS2_PLACEMENT_3D('',#4347,#3007,#3008);
#2583=AXIS2_PLACEMENT_3D('',#4350,#3010,#3011);
#2584=AXIS2_PLACEMENT_3D('',#4351,#3012,#3013);
#2585=AXIS2_PLACEMENT_3D('',#4353,#3015,#3016);
#2586=AXIS2_PLACEMENT_3D('',#4354,#3017,#3018);
#2587=AXIS2_PLACEMENT_3D('',#4355,#3019,#3020);
#2588=AXIS2_PLACEMENT_3D('',#4356,#3021,#3022);
#2589=AXIS2_PLACEMENT_3D('',#4359,#3024,#3025);
#2590=AXIS2_PLACEMENT_3D('',#4360,#3026,#3027);
#2591=AXIS2_PLACEMENT_3D('',#4366,#3031,#3032);
#2592=AXIS2_PLACEMENT_3D('',#4369,#3035,#3036);
#2593=AXIS2_PLACEMENT_3D('',#4372,#3038,#3039);
#2594=AXIS2_PLACEMENT_3D('',#4373,#3040,#3041);
#2595=AXIS2_PLACEMENT_3D('',#4375,#3042,#3043);
#2596=AXIS2_PLACEMENT_3D('',#4377,#3045,#3046);
#2597=AXIS2_PLACEMENT_3D('',#4379,#3048,#3049);
#2598=AXIS2_PLACEMENT_3D('',#4383,#3052,#3053);
#2599=AXIS2_PLACEMENT_3D('',#4385,#3054,#3055);
#2600=AXIS2_PLACEMENT_3D('',#4388,#3057,#3058);
#2601=AXIS2_PLACEMENT_3D('',#4389,#3059,#3060);
#2602=AXIS2_PLACEMENT_3D('',#4391,#3061,#3062);
#2603=AXIS2_PLACEMENT_3D('',#4392,#3063,#3064);
#2604=AXIS2_PLACEMENT_3D('',#4393,#3065,#3066);
#2605=AXIS2_PLACEMENT_3D('',#4394,#3067,#3068);
#2606=AXIS2_PLACEMENT_3D('',#4395,#3069,#3070);
#2607=AXIS2_PLACEMENT_3D('',#4396,#3071,#3072);
#2608=AXIS2_PLACEMENT_3D('',#4398,#3073,#3074);
#2609=AXIS2_PLACEMENT_3D('',#4401,#3076,#3077);
#2610=AXIS2_PLACEMENT_3D('',#4402,#3078,#3079);
#2611=AXIS2_PLACEMENT_3D('',#4403,#3080,#3081);
#2612=AXIS2_PLACEMENT_3D('',#4404,#3082,#3083);
#2613=AXIS2_PLACEMENT_3D('',#4405,#3084,#3085);
#2614=AXIS2_PLACEMENT_3D('',#4406,#3086,#3087);
#2615=AXIS2_PLACEMENT_3D('',#4407,#3088,#3089);
#2616=AXIS2_PLACEMENT_3D('',#4408,#3090,#3091);
#2617=AXIS2_PLACEMENT_3D('',#4410,#3093,#3094);
#2618=AXIS2_PLACEMENT_3D('',#4412,#3096,#3097);
#2619=AXIS2_PLACEMENT_3D('',#4413,#3098,#3099);
#2620=AXIS2_PLACEMENT_3D('',#4416,#3101,#3102);
#2621=AXIS2_PLACEMENT_3D('',#4417,#3103,#3104);
#2622=AXIS2_PLACEMENT_3D('',#4421,#3107,#3108);
#2623=AXIS2_PLACEMENT_3D('',#4424,#3110,#3111);
#2624=AXIS2_PLACEMENT_3D('',#4425,#3112,#3113);
#2625=AXIS2_PLACEMENT_3D('',#4426,#3114,#3115);
#2626=AXIS2_PLACEMENT_3D('',#4427,#3116,#3117);
#2627=AXIS2_PLACEMENT_3D('',#4429,#3118,#3119);
#2628=AXIS2_PLACEMENT_3D('',#4431,#3121,#3122);
#2629=AXIS2_PLACEMENT_3D('',#4433,#3123,#3124);
#2630=AXIS2_PLACEMENT_3D('',#4435,#3126,#3127);
#2631=AXIS2_PLACEMENT_3D('',#4444,#3132,#3133);
#2632=AXIS2_PLACEMENT_3D('',#4450,#3137,#3138);
#2633=AXIS2_PLACEMENT_3D('',#4456,#3142,#3143);
#2634=AXIS2_PLACEMENT_3D('',#4462,#3147,#3148);
#2635=AXIS2_PLACEMENT_3D('',#4468,#3152,#3153);
#2636=AXIS2_PLACEMENT_3D('',#4471,#3156,#3157);
#2637=AXIS2_PLACEMENT_3D('',#4472,#3158,#3159);
#2638=AXIS2_PLACEMENT_3D('',#4478,#3163,#3164);
#2639=AXIS2_PLACEMENT_3D('',#4482,#3167,#3168);
#2640=AXIS2_PLACEMENT_3D('',#4486,#3171,#3172);
#2641=AXIS2_PLACEMENT_3D('',#4490,#3175,#3176);
#2642=AXIS2_PLACEMENT_3D('',#4494,#3179,#3180);
#2643=AXIS2_PLACEMENT_3D('',#4496,#3182,#3183);
#2644=AXIS2_PLACEMENT_3D('',#4497,#3184,#3185);
#2645=AXIS2_PLACEMENT_3D('',#4502,#3187,#3188);
#2646=AXIS2_PLACEMENT_3D('',#4506,#3190,#3191);
#2647=AXIS2_PLACEMENT_3D('',#4510,#3193,#3194);
#2648=AXIS2_PLACEMENT_3D('',#4514,#3196,#3197);
#2649=AXIS2_PLACEMENT_3D('',#4520,#3200,#3201);
#2650=AXIS2_PLACEMENT_3D('',#4528,#3205,#3206);
#2651=AXIS2_PLACEMENT_3D('',#4543,#3209,#3210);
#2652=AXIS2_PLACEMENT_3D('',#4545,#3212,#3213);
#2653=AXIS2_PLACEMENT_3D('',#4549,#3216,#3217);
#2654=AXIS2_PLACEMENT_3D('',#4553,#3220,#3221);
#2655=AXIS2_PLACEMENT_3D('',#4568,#3224,#3225);
#2656=AXIS2_PLACEMENT_3D('',#4570,#3227,#3228);
#2657=AXIS2_PLACEMENT_3D('',#4574,#3231,#3232);
#2658=AXIS2_PLACEMENT_3D('',#4578,#3235,#3236);
#2659=AXIS2_PLACEMENT_3D('',#4588,#3242,#3243);
#2660=AXIS2_PLACEMENT_3D('',#4594,#3247,#3248);
#2661=AXIS2_PLACEMENT_3D('',#4600,#3252,#3253);
#2662=AXIS2_PLACEMENT_3D('',#4603,#3256,#3257);
#2663=AXIS2_PLACEMENT_3D('',#4605,#3259,#3260);
#2664=AXIS2_PLACEMENT_3D('',#4607,#3261,#3262);
#2665=AXIS2_PLACEMENT_3D('',#4609,#3263,#3264);
#2666=AXIS2_PLACEMENT_3D('',#4611,#3266,#3267);
#2667=AXIS2_PLACEMENT_3D('',#4628,#3270,#3271);
#2668=AXIS2_PLACEMENT_3D('',#4629,#3272,#3273);
#2669=AXIS2_PLACEMENT_3D('',#4631,#3275,#3276);
#2670=AXIS2_PLACEMENT_3D('',#4634,#3279,#3280);
#2671=AXIS2_PLACEMENT_3D('',#4636,#3282,#3283);
#2672=AXIS2_PLACEMENT_3D('',#4638,#3285,#3286);
#2673=AXIS2_PLACEMENT_3D('',#4640,#3288,#3289);
#2674=AXIS2_PLACEMENT_3D('',#4642,#3291,#3292);
#2675=AXIS2_PLACEMENT_3D('',#4644,#3294,#3295);
#2676=AXIS2_PLACEMENT_3D('',#4646,#3297,#3298);
#2677=AXIS2_PLACEMENT_3D('',#4647,#3299,#3300);
#2678=DIRECTION('axis',(0.,0.,1.));
#2679=DIRECTION('refdir',(1.,0.,0.));
#2680=DIRECTION('center_axis',(0.,0.,-1.));
#2681=DIRECTION('ref_axis',(1.,0.,0.));
#2682=DIRECTION('',(0.,0.,1.));
#2683=DIRECTION('',(0.,0.,1.));
#2684=DIRECTION('center_axis',(0.,0.,-1.));
#2685=DIRECTION('ref_axis',(1.,0.,0.));
#2686=DIRECTION('',(0.,0.,1.));
#2687=DIRECTION('center_axis',(0.,0.,-1.));
#2688=DIRECTION('ref_axis',(1.,0.,0.));
#2689=DIRECTION('center_axis',(-1.,0.,0.));
#2690=DIRECTION('ref_axis',(0.,-1.,0.));
#2691=DIRECTION('center_axis',(-1.,0.,0.));
#2692=DIRECTION('ref_axis',(0.,-1.,0.));
#2693=DIRECTION('',(0.,0.,-1.));
#2694=DIRECTION('',(-1.,0.,0.));
#2695=DIRECTION('',(1.,0.,2.18312383254467E-13));
#2696=DIRECTION('center_axis',(0.,0.998598497608271,0.0529248578127819));
#2697=DIRECTION('ref_axis',(0.,-0.0529248578127819,0.998598497608271));
#2698=DIRECTION('',(-1.,0.,0.));
#2699=DIRECTION('',(0.,0.0529248578127819,-0.998598497608271));
#2700=DIRECTION('',(-1.,0.,0.));
#2701=DIRECTION('',(0.,0.0529248578127819,-0.998598497608271));
#2702=DIRECTION('center_axis',(0.,-1.,0.));
#2703=DIRECTION('ref_axis',(-1.,0.,0.));
#2704=DIRECTION('',(1.,0.,0.));
#2705=DIRECTION('',(0.,0.,1.));
#2706=DIRECTION('',(-1.,0.,0.));
#2707=DIRECTION('',(0.,0.,1.));
#2708=DIRECTION('',(1.,0.,0.));
#2709=DIRECTION('',(0.,0.,-1.));
#2710=DIRECTION('',(-1.,0.,0.));
#2711=DIRECTION('',(-1.,0.,0.));
#2712=DIRECTION('',(0.,0.,1.));
#2713=DIRECTION('',(-1.,0.,0.));
#2714=DIRECTION('',(0.,0.,1.));
#2715=DIRECTION('',(0.,0.,1.));
#2716=DIRECTION('',(0.,0.,1.));
#2717=DIRECTION('',(0.,0.,1.));
#2718=DIRECTION('',(0.,0.,1.));
#2719=DIRECTION('center_axis',(0.,-0.998617830287696,0.0525588149742293));
#2720=DIRECTION('ref_axis',(0.,-0.0525588149742293,-0.998617830287696));
#2721=DIRECTION('',(0.,0.0525588149742293,0.998617830287696));
#2722=DIRECTION('',(1.,0.,0.));
#2723=DIRECTION('',(0.,-0.0525588149742293,-0.998617830287696));
#2724=DIRECTION('center_axis',(0.,-0.998617830287696,0.0525588149742293));
#2725=DIRECTION('ref_axis',(0.,-0.0525588149742293,-0.998617830287696));
#2726=DIRECTION('',(0.,0.0525588149742293,0.998617830287696));
#2727=DIRECTION('',(1.,0.,0.));
#2728=DIRECTION('',(0.,0.0525588149742293,0.998617830287696));
#2729=DIRECTION('center_axis',(0.,0.971228277848008,-0.238150440495903));
#2730=DIRECTION('ref_axis',(0.,0.238150440495903,0.971228277848008));
#2731=DIRECTION('',(0.,-0.238150440495903,-0.971228277848008));
#2732=DIRECTION('',(0.,0.238150440495903,0.971228277848008));
#2733=DIRECTION('',(-1.,0.,0.));
#2734=DIRECTION('center_axis',(0.,-0.971144814460056,-0.238490564482842));
#2735=DIRECTION('ref_axis',(0.,0.238490564482842,-0.971144814460055));
#2736=DIRECTION('',(0.,0.238490564482842,-0.971144814460055));
#2737=DIRECTION('',(-1.,0.,0.));
#2738=DIRECTION('',(0.,-0.238490564482842,0.971144814460055));
#2739=DIRECTION('',(1.,0.,0.));
#2740=DIRECTION('center_axis',(0.,0.971228277848008,-0.238150440495903));
#2741=DIRECTION('ref_axis',(0.,0.238150440495903,0.971228277848008));
#2742=DIRECTION('',(0.,-0.238150440495903,-0.971228277848008));
#2743=DIRECTION('',(0.,0.238150440495903,0.971228277848008));
#2744=DIRECTION('',(-1.,0.,0.));
#2745=DIRECTION('center_axis',(0.,-0.971144814460055,-0.238490564482842));
#2746=DIRECTION('ref_axis',(0.,0.238490564482842,-0.971144814460055));
#2747=DIRECTION('',(0.,0.238490564482842,-0.971144814460055));
#2748=DIRECTION('',(0.,-0.238490564482842,0.971144814460055));
#2749=DIRECTION('',(1.,0.,0.));
#2750=DIRECTION('center_axis',(0.,0.998598497608271,0.0529248578127819));
#2751=DIRECTION('ref_axis',(0.,-0.0529248578127819,0.998598497608271));
#2752=DIRECTION('',(-1.,0.,0.));
#2753=DIRECTION('',(0.,-0.0529248578127819,0.998598497608271));
#2754=DIRECTION('',(0.,0.0529248578127819,-0.998598497608271));
#2755=DIRECTION('center_axis',(1.,0.,0.));
#2756=DIRECTION('ref_axis',(0.,1.,0.));
#2757=DIRECTION('',(0.,0.,1.));
#2758=DIRECTION('',(0.,-1.,0.));
#2759=DIRECTION('center_axis',(-1.,0.,0.));
#2760=DIRECTION('ref_axis',(0.,0.,1.));
#2761=DIRECTION('',(0.,-1.,0.));
#2762=DIRECTION('center_axis',(1.,0.,0.));
#2763=DIRECTION('ref_axis',(0.,1.,0.));
#2764=DIRECTION('',(0.,1.,0.));
#2765=DIRECTION('center_axis',(1.,0.,0.));
#2766=DIRECTION('ref_axis',(0.,1.,0.));
#2767=DIRECTION('',(0.,-1.,0.));
#2768=DIRECTION('center_axis',(1.,0.,0.));
#2769=DIRECTION('ref_axis',(0.,1.,0.));
#2770=DIRECTION('',(0.,1.,0.));
#2771=DIRECTION('',(0.,0.,-1.));
#2772=DIRECTION('center_axis',(1.,0.,0.));
#2773=DIRECTION('ref_axis',(0.,1.,0.));
#2774=DIRECTION('',(0.,0.,-1.));
#2775=DIRECTION('center_axis',(1.,0.,0.));
#2776=DIRECTION('ref_axis',(0.,1.,0.));
#2777=DIRECTION('',(0.,0.,-1.));
#2778=DIRECTION('center_axis',(0.,1.,0.));
#2779=DIRECTION('ref_axis',(1.,0.,0.));
#2780=DIRECTION('',(0.,0.,1.));
#2781=DIRECTION('',(1.,0.,0.));
#2782=DIRECTION('',(1.,0.,0.));
#2783=DIRECTION('',(0.,0.,-1.));
#2784=DIRECTION('',(0.,0.,-1.));
#2785=DIRECTION('',(1.,0.,0.));
#2786=DIRECTION('',(0.,0.,-1.));
#2787=DIRECTION('',(1.,0.,0.));
#2788=DIRECTION('',(0.,0.,-1.));
#2789=DIRECTION('',(0.,0.,-1.));
#2790=DIRECTION('center_axis',(1.,0.,0.));
#2791=DIRECTION('ref_axis',(0.,1.,0.));
#2792=DIRECTION('center_axis',(-1.,0.,0.));
#2793=DIRECTION('ref_axis',(0.,0.,1.));
#2794=DIRECTION('center_axis',(1.,0.,0.));
#2795=DIRECTION('ref_axis',(0.,1.,0.));
#2796=DIRECTION('center_axis',(1.,0.,0.));
#2797=DIRECTION('ref_axis',(0.,1.,0.));
#2798=DIRECTION('center_axis',(1.,0.,0.));
#2799=DIRECTION('ref_axis',(0.,1.,0.));
#2800=DIRECTION('',(0.,1.,0.));
#2801=DIRECTION('center_axis',(1.,0.,0.));
#2802=DIRECTION('ref_axis',(0.,0.,-1.));
#2803=DIRECTION('',(0.,1.,0.));
#2804=DIRECTION('center_axis',(1.,0.,0.));
#2805=DIRECTION('ref_axis',(0.,0.,-1.));
#2806=DIRECTION('center_axis',(1.,0.,0.));
#2807=DIRECTION('ref_axis',(0.,1.,0.));
#2808=DIRECTION('center_axis',(1.,0.,0.));
#2809=DIRECTION('ref_axis',(0.,1.,0.));
#2810=DIRECTION('',(0.,-1.,0.));
#2811=DIRECTION('center_axis',(0.,0.,1.));
#2812=DIRECTION('ref_axis',(1.,0.,0.));
#2813=DIRECTION('center_axis',(0.,0.,-1.));
#2814=DIRECTION('ref_axis',(1.,0.,0.));
#2815=DIRECTION('center_axis',(0.,0.,-1.));
#2816=DIRECTION('ref_axis',(1.,0.,0.));
#2817=DIRECTION('',(1.,0.,0.));
#2818=DIRECTION('',(0.,1.,0.));
#2819=DIRECTION('',(1.,0.,0.));
#2820=DIRECTION('',(0.,-1.,0.));
#2821=DIRECTION('',(1.,0.,0.));
#2822=DIRECTION('',(0.,-1.,2.04578051713802E-13));
#2823=DIRECTION('',(-1.,0.,-2.18312383254467E-13));
#2824=DIRECTION('center_axis',(0.,0.,-1.));
#2825=DIRECTION('ref_axis',(1.,0.,0.));
#2826=DIRECTION('',(-1.,-5.01407408418168E-16,0.));
#2827=DIRECTION('',(-0.707106781186548,0.707106781186548,0.));
#2828=DIRECTION('',(0.,-1.,0.));
#2829=DIRECTION('',(-1.,0.,0.));
#2830=DIRECTION('',(0.,1.,0.));
#2831=DIRECTION('',(1.,0.,0.));
#2832=DIRECTION('',(0.,-1.,0.));
#2833=DIRECTION('',(0.707106781186548,0.707106781186547,0.));
#2834=DIRECTION('',(1.,1.5042222252545E-15,0.));
#2835=DIRECTION('',(2.18820928558172E-16,-1.,0.));
#2836=DIRECTION('center_axis',(0.,0.,-1.));
#2837=DIRECTION('ref_axis',(1.,0.,0.));
#2838=DIRECTION('center_axis',(0.,0.,-1.));
#2839=DIRECTION('ref_axis',(1.,0.,0.));
#2840=DIRECTION('center_axis',(0.,0.,-1.));
#2841=DIRECTION('ref_axis',(0.,1.,0.));
#2842=DIRECTION('',(1.,5.55111512312578E-16,0.));
#2843=DIRECTION('center_axis',(0.,0.,-1.));
#2844=DIRECTION('ref_axis',(1.,9.65411325761006E-16,0.));
#2845=DIRECTION('',(5.55111512312577E-16,-1.,0.));
#2846=DIRECTION('center_axis',(0.,0.,-1.));
#2847=DIRECTION('ref_axis',(0.,-1.,0.));
#2848=DIRECTION('',(-1.,-1.38777878078145E-16,0.));
#2849=DIRECTION('center_axis',(0.,0.,-1.));
#2850=DIRECTION('ref_axis',(-1.,-9.65411325761004E-16,0.));
#2851=DIRECTION('',(-6.66133814775092E-16,1.,0.));
#2852=DIRECTION('center_axis',(0.,0.,-1.));
#2853=DIRECTION('ref_axis',(1.,0.,0.));
#2854=DIRECTION('center_axis',(0.,0.,-1.));
#2855=DIRECTION('ref_axis',(1.,0.,0.));
#2856=DIRECTION('center_axis',(0.,0.,-1.));
#2857=DIRECTION('ref_axis',(1.,0.,0.));
#2858=DIRECTION('center_axis',(0.,0.,-1.));
#2859=DIRECTION('ref_axis',(1.,0.,0.));
#2860=DIRECTION('center_axis',(0.,0.,-1.));
#2861=DIRECTION('ref_axis',(1.,0.,0.));
#2862=DIRECTION('center_axis',(0.,0.,-1.));
#2863=DIRECTION('ref_axis',(1.,0.,0.));
#2864=DIRECTION('',(0.,0.,-1.));
#2865=DIRECTION('center_axis',(0.,0.,1.));
#2866=DIRECTION('ref_axis',(1.,0.,0.));
#2867=DIRECTION('',(-1.,0.,0.));
#2868=DIRECTION('center_axis',(0.,0.,1.));
#2869=DIRECTION('ref_axis',(1.,0.,0.));
#2870=DIRECTION('center_axis',(0.,0.,1.));
#2871=DIRECTION('ref_axis',(0.405389880774431,0.914143886139208,0.));
#2872=DIRECTION('',(-1.,2.4338989112293E-16,0.));
#2873=DIRECTION('center_axis',(0.,0.,1.));
#2874=DIRECTION('ref_axis',(-0.707106781186548,0.707106781186548,0.));
#2875=DIRECTION('',(0.,-1.,0.));
#2876=DIRECTION('',(-1.,0.,0.));
#2877=DIRECTION('',(0.,-1.,0.));
#2878=DIRECTION('',(-1.,0.,0.));
#2879=DIRECTION('',(0.,1.,-2.04578051713802E-13));
#2880=DIRECTION('',(-1.,0.,0.));
#2881=DIRECTION('',(0.,1.,0.));
#2882=DIRECTION('',(-1.,0.,0.));
#2883=DIRECTION('',(0.,-1.,0.));
#2884=DIRECTION('',(0.481175350081904,-0.876624367944194,0.));
#2885=DIRECTION('',(0.999766647257101,-0.0216021071262971,0.));
#2886=DIRECTION('',(0.518591297175195,0.855022260817897,0.));
#2887=DIRECTION('',(-0.481175350081905,0.876624367944193,0.));
#2888=DIRECTION('',(-0.999766647257101,0.0216021071262964,0.));
#2889=DIRECTION('',(-0.518591297175196,-0.855022260817897,0.));
#2890=DIRECTION('center_axis',(0.,0.,-1.));
#2891=DIRECTION('ref_axis',(1.,0.,0.));
#2892=DIRECTION('center_axis',(0.,0.,-1.));
#2893=DIRECTION('ref_axis',(1.,-2.77555756156289E-16,0.));
#2894=DIRECTION('',(0.,0.,-1.));
#2895=DIRECTION('center_axis',(1.,0.,0.));
#2896=DIRECTION('ref_axis',(0.,-1.,0.));
#2897=DIRECTION('',(0.,0.,-1.));
#2898=DIRECTION('',(0.,0.,-1.));
#2899=DIRECTION('center_axis',(0.,1.,0.));
#2900=DIRECTION('ref_axis',(1.,0.,0.));
#2901=DIRECTION('',(0.,0.,-1.));
#2902=DIRECTION('center_axis',(-1.,0.,0.));
#2903=DIRECTION('ref_axis',(0.,1.,0.));
#2904=DIRECTION('',(0.,0.,1.));
#2905=DIRECTION('center_axis',(0.,-1.,0.));
#2906=DIRECTION('ref_axis',(-1.,0.,0.));
#2907=DIRECTION('',(1.,0.,0.));
#2908=DIRECTION('',(0.,0.,-1.));
#2909=DIRECTION('center_axis',(0.,0.,1.));
#2910=DIRECTION('ref_axis',(1.,0.,0.));
#2911=DIRECTION('',(1.,1.5042222252545E-15,0.));
#2912=DIRECTION('',(2.12537376727074E-16,-1.,0.));
#2913=DIRECTION('',(-1.,-1.00927035373336E-15,0.));
#2914=DIRECTION('',(-2.12537376727074E-16,1.,0.));
#2915=DIRECTION('',(-1.,0.,0.));
#2916=DIRECTION('',(0.,1.,0.));
#2917=DIRECTION('',(1.,0.,0.));
#2918=DIRECTION('',(-2.12537376727074E-16,1.,0.));
#2919=DIRECTION('',(1.,0.,0.));
#2920=DIRECTION('',(2.12537376727074E-16,-1.,0.));
#2921=DIRECTION('',(-1.,-5.01407408418168E-16,0.));
#2922=DIRECTION('',(2.18820928558172E-16,-1.,0.));
#2923=DIRECTION('center_axis',(-1.,-2.12537376727074E-16,0.));
#2924=DIRECTION('ref_axis',(2.12537376727074E-16,-1.,0.));
#2925=DIRECTION('',(2.12537376727074E-16,-1.,0.));
#2926=DIRECTION('',(0.,0.,1.));
#2927=DIRECTION('',(0.,0.,1.));
#2928=DIRECTION('center_axis',(-1.00927035373336E-15,1.,0.));
#2929=DIRECTION('ref_axis',(-1.,-1.00927035373336E-15,0.));
#2930=DIRECTION('',(-1.,-1.00927035373336E-15,0.));
#2931=DIRECTION('',(0.,0.,1.));
#2932=DIRECTION('center_axis',(1.,2.12537376727074E-16,0.));
#2933=DIRECTION('ref_axis',(-2.12537376727074E-16,1.,0.));
#2934=DIRECTION('',(-2.12537376727074E-16,1.,0.));
#2935=DIRECTION('',(0.,0.,1.));
#2936=DIRECTION('center_axis',(1.,0.,0.));
#2937=DIRECTION('ref_axis',(0.,1.,0.));
#2938=DIRECTION('',(0.,1.,0.));
#2939=DIRECTION('',(0.,0.,1.));
#2940=DIRECTION('',(0.,0.,1.));
#2941=DIRECTION('center_axis',(1.,2.12537376727074E-16,0.));
#2942=DIRECTION('ref_axis',(-2.12537376727074E-16,1.,0.));
#2943=DIRECTION('',(-2.12537376727074E-16,1.,0.));
#2944=DIRECTION('',(0.,0.,1.));
#2945=DIRECTION('',(0.,0.,1.));
#2946=DIRECTION('center_axis',(0.,-1.,0.));
#2947=DIRECTION('ref_axis',(1.,0.,0.));
#2948=DIRECTION('',(1.,0.,0.));
#2949=DIRECTION('',(0.,0.,1.));
#2950=DIRECTION('center_axis',(-1.,-2.12537376727074E-16,0.));
#2951=DIRECTION('ref_axis',(2.12537376727074E-16,-1.,0.));
#2952=DIRECTION('',(2.12537376727074E-16,-1.,0.));
#2953=DIRECTION('',(0.,0.,-1.));
#2954=DIRECTION('center_axis',(0.,1.,0.));
#2955=DIRECTION('ref_axis',(-1.,0.,0.));
#2956=DIRECTION('',(-1.,0.,0.));
#2957=DIRECTION('',(0.,0.,1.));
#2958=DIRECTION('',(-1.,0.,0.));
#2959=DIRECTION('center_axis',(-0.707106781186547,0.707106781186548,0.));
#2960=DIRECTION('ref_axis',(-0.707106781186548,-0.707106781186547,0.));
#2961=DIRECTION('',(0.,0.,1.));
#2962=DIRECTION('',(0.,0.,1.));
#2963=DIRECTION('center_axis',(-0.707106781186547,0.707106781186548,0.));
#2964=DIRECTION('ref_axis',(-0.707106781186548,-0.707106781186547,0.));
#2965=DIRECTION('center_axis',(-1.5042222252545E-15,1.,0.));
#2966=DIRECTION('ref_axis',(-1.,-1.5042222252545E-15,0.));
#2967=DIRECTION('',(0.,0.,1.));
#2968=DIRECTION('center_axis',(-1.5042222252545E-15,1.,0.));
#2969=DIRECTION('ref_axis',(-0.707106781186549,0.,-0.707106781186546));
#2970=DIRECTION('',(-1.,-1.5042222252545E-15,0.));
#2971=DIRECTION('center_axis',(0.,0.,1.));
#2972=DIRECTION('ref_axis',(1.,0.,0.));
#2973=DIRECTION('',(1.,0.,0.));
#2974=DIRECTION('center_axis',(0.,0.,1.));
#2975=DIRECTION('ref_axis',(1.,-2.77555756156289E-16,0.));
#2976=DIRECTION('',(1.,-2.4338989112293E-16,0.));
#2977=DIRECTION('',(0.,-1.,0.));
#2978=DIRECTION('',(1.,5.01407408418168E-16,0.));
#2979=DIRECTION('center_axis',(0.,0.,1.));
#2980=DIRECTION('ref_axis',(1.,0.,0.));
#2981=DIRECTION('',(0.,-1.,0.));
#2982=DIRECTION('',(-1.,2.4338989112293E-16,0.));
#2983=DIRECTION('center_axis',(0.,0.,1.));
#2984=DIRECTION('ref_axis',(1.,-2.77555756156289E-16,0.));
#2985=DIRECTION('center_axis',(1.,2.18820928558172E-16,0.));
#2986=DIRECTION('ref_axis',(-2.18820928558172E-16,1.,0.));
#2987=DIRECTION('',(0.,0.,1.));
#2988=DIRECTION('center_axis',(5.01407408418168E-16,-1.,0.));
#2989=DIRECTION('ref_axis',(1.,5.01407408418168E-16,0.));
#2990=DIRECTION('center_axis',(5.01407408418168E-16,-1.,0.));
#2991=DIRECTION('ref_axis',(-0.707106781186549,0.,-0.707106781186546));
#2992=DIRECTION('',(0.,0.,1.));
#2993=DIRECTION('center_axis',(0.,0.,1.));
#2994=DIRECTION('ref_axis',(0.7411693620253,0.671318089131381,0.));
#2995=DIRECTION('center_axis',(0.,0.,1.));
#2996=DIRECTION('ref_axis',(1.,-2.77555756156289E-16,0.));
#2997=DIRECTION('',(0.,0.,1.));
#2998=DIRECTION('center_axis',(0.,0.,1.));
#2999=DIRECTION('ref_axis',(0.7411693620253,0.671318089131381,0.));
#3000=DIRECTION('center_axis',(1.,-1.46397522291216E-15,0.));
#3001=DIRECTION('ref_axis',(1.46397522291216E-15,1.,0.));
#3002=DIRECTION('',(1.46397522291216E-15,1.,0.));
#3003=DIRECTION('',(0.,0.,1.));
#3004=DIRECTION('',(1.46397522291216E-15,1.,0.));
#3005=DIRECTION('center_axis',(0.,0.,1.));
#3006=DIRECTION('ref_axis',(0.7411693620253,0.671318089131381,0.));
#3007=DIRECTION('center_axis',(0.,0.,1.));
#3008=DIRECTION('ref_axis',(1.,-2.77555756156289E-16,0.));
#3009=DIRECTION('',(0.,0.,1.));
#3010=DIRECTION('center_axis',(0.,0.,1.));
#3011=DIRECTION('ref_axis',(0.7411693620253,0.671318089131381,0.));
#3012=DIRECTION('center_axis',(0.,-1.,0.));
#3013=DIRECTION('ref_axis',(1.,0.,0.));
#3014=DIRECTION('',(1.,0.,0.));
#3015=DIRECTION('center_axis',(0.,0.,-1.));
#3016=DIRECTION('ref_axis',(1.,0.,0.));
#3017=DIRECTION('center_axis',(0.,0.,1.));
#3018=DIRECTION('ref_axis',(1.,0.,0.));
#3019=DIRECTION('center_axis',(0.,0.,1.));
#3020=DIRECTION('ref_axis',(1.,-2.77555756156289E-16,0.));
#3021=DIRECTION('center_axis',(-0.707106781186548,-0.707106781186548,0.));
#3022=DIRECTION('ref_axis',(0.707106781186548,-0.707106781186548,0.));
#3023=DIRECTION('',(0.,0.,-1.));
#3024=DIRECTION('center_axis',(-0.707106781186548,-0.707106781186548,0.));
#3025=DIRECTION('ref_axis',(-0.707106781186547,0.707106781186547,0.));
#3026=DIRECTION('center_axis',(0.,-1.,0.));
#3027=DIRECTION('ref_axis',(1.,0.,0.));
#3028=DIRECTION('',(1.,0.,0.));
#3029=DIRECTION('',(0.,0.,1.));
#3030=DIRECTION('',(0.,0.,1.));
#3031=DIRECTION('center_axis',(0.,1.,0.));
#3032=DIRECTION('ref_axis',(-1.,0.,0.));
#3033=DIRECTION('',(0.,0.,1.));
#3034=DIRECTION('',(0.,0.,1.));
#3035=DIRECTION('center_axis',(0.,1.,0.));
#3036=DIRECTION('ref_axis',(-0.707106781186549,0.,-0.707106781186546));
#3037=DIRECTION('',(0.,1.,0.));
#3038=DIRECTION('center_axis',(0.,-1.,0.));
#3039=DIRECTION('ref_axis',(-1.,0.,0.));
#3040=DIRECTION('center_axis',(0.,1.,0.));
#3041=DIRECTION('ref_axis',(-0.707106781186549,0.,-0.707106781186546));
#3042=DIRECTION('center_axis',(0.,1.,0.));
#3043=DIRECTION('ref_axis',(0.,0.,-1.));
#3044=DIRECTION('',(0.,1.,0.));
#3045=DIRECTION('center_axis',(-1.,0.,0.));
#3046=DIRECTION('ref_axis',(0.,1.,0.));
#3047=DIRECTION('',(0.,0.,1.));
#3048=DIRECTION('center_axis',(-1.,0.,0.));
#3049=DIRECTION('ref_axis',(0.,1.,0.));
#3050=DIRECTION('',(0.,0.,-1.));
#3051=DIRECTION('',(0.,-1.,0.));
#3052=DIRECTION('center_axis',(-1.,2.4338989112293E-16,0.));
#3053=DIRECTION('ref_axis',(0.,-0.707106781186549,-0.707106781186546));
#3054=DIRECTION('center_axis',(-1.,0.,0.));
#3055=DIRECTION('ref_axis',(0.,0.,-1.));
#3056=DIRECTION('',(-1.,2.4338989112293E-16,0.));
#3057=DIRECTION('center_axis',(1.,0.,0.));
#3058=DIRECTION('ref_axis',(0.,-1.,0.));
#3059=DIRECTION('center_axis',(0.,0.,-1.));
#3060=DIRECTION('ref_axis',(1.,1.22464679914735E-16,0.));
#3061=DIRECTION('center_axis',(0.,0.,-1.));
#3062=DIRECTION('ref_axis',(1.,-2.77555756156289E-16,0.));
#3063=DIRECTION('center_axis',(0.671318089131379,0.741169362025303,0.));
#3064=DIRECTION('ref_axis',(0.741169362025303,-0.671318089131379,0.));
#3065=DIRECTION('center_axis',(0.671318089131385,-0.741169362025297,0.));
#3066=DIRECTION('ref_axis',(0.,0.,-1.));
#3067=DIRECTION('center_axis',(-0.934613630019184,-0.305204558354168,-0.182613088638796));
#3068=DIRECTION('ref_axis',(0.355664677164268,-0.802014814785913,-0.479869643008969));
#3069=DIRECTION('center_axis',(0.,0.,-1.));
#3070=DIRECTION('ref_axis',(0.405389880774432,-0.914143886139207,0.));
#3071=DIRECTION('center_axis',(1.,-2.4338989112293E-16,0.));
#3072=DIRECTION('ref_axis',(0.,0.707106781186549,-0.707106781186546));
#3073=DIRECTION('center_axis',(1.,0.,0.));
#3074=DIRECTION('ref_axis',(0.,0.,-1.));
#3075=DIRECTION('',(1.,-2.4338989112293E-16,0.));
#3076=DIRECTION('center_axis',(-1.,0.,0.));
#3077=DIRECTION('ref_axis',(0.,1.,0.));
#3078=DIRECTION('center_axis',(-0.934613630019184,0.305204558354168,-0.182613088638796));
#3079=DIRECTION('ref_axis',(0.355664677164269,0.802014814785913,-0.479869643008968));
#3080=DIRECTION('center_axis',(0.,0.,-1.));
#3081=DIRECTION('ref_axis',(0.405389880774432,0.914143886139207,0.));
#3082=DIRECTION('center_axis',(-0.408248290463864,-0.816496580927727,-0.40824829046386));
#3083=DIRECTION('ref_axis',(-0.577350269189627,0.577350269189627,-0.577350269189623));
#3084=DIRECTION('center_axis',(0.,0.,-1.));
#3085=DIRECTION('ref_axis',(-0.707106781186548,0.707106781186548,0.));
#3086=DIRECTION('center_axis',(0.408248290463864,-0.816496580927727,0.40824829046386));
#3087=DIRECTION('ref_axis',(-0.577350269189627,-0.577350269189627,-0.577350269189623));
#3088=DIRECTION('center_axis',(0.,0.,-1.));
#3089=DIRECTION('ref_axis',(-0.707106781186548,-0.707106781186548,0.));
#3090=DIRECTION('center_axis',(0.,0.,-1.));
#3091=DIRECTION('ref_axis',(0.405389880774431,0.914143886139208,0.));
#3092=DIRECTION('',(0.,0.,1.));
#3093=DIRECTION('center_axis',(2.4338989112293E-16,1.,0.));
#3094=DIRECTION('ref_axis',(1.,-2.4338989112293E-16,0.));
#3095=DIRECTION('',(0.,0.,-1.));
#3096=DIRECTION('center_axis',(0.,0.,-1.));
#3097=DIRECTION('ref_axis',(-0.707106781186548,0.707106781186548,0.));
#3098=DIRECTION('center_axis',(0.,0.,-1.));
#3099=DIRECTION('ref_axis',(-0.707106781186548,-0.707106781186548,0.));
#3100=DIRECTION('',(0.,0.,1.));
#3101=DIRECTION('center_axis',(0.,0.,1.));
#3102=DIRECTION('ref_axis',(-0.707106781186548,-0.707106781186548,0.));
#3103=DIRECTION('center_axis',(-2.4338989112293E-16,-1.,0.));
#3104=DIRECTION('ref_axis',(-1.,2.4338989112293E-16,0.));
#3105=DIRECTION('',(0.,0.,-1.));
#3106=DIRECTION('',(1.,-2.4338989112293E-16,0.));
#3107=DIRECTION('center_axis',(0.,0.,-1.));
#3108=DIRECTION('ref_axis',(0.405389880774431,-0.914143886139208,0.));
#3109=DIRECTION('',(0.,0.,1.));
#3110=DIRECTION('center_axis',(0.,0.,1.));
#3111=DIRECTION('ref_axis',(0.405389880774431,-0.914143886139208,0.));
#3112=DIRECTION('center_axis',(0.,0.,-1.));
#3113=DIRECTION('ref_axis',(1.,0.,0.));
#3114=DIRECTION('center_axis',(0.,0.,1.));
#3115=DIRECTION('ref_axis',(1.,0.,0.));
#3116=DIRECTION('center_axis',(0.,0.,1.));
#3117=DIRECTION('ref_axis',(1.,0.,0.));
#3118=DIRECTION('center_axis',(0.,0.,1.));
#3119=DIRECTION('ref_axis',(1.,0.,0.));
#3120=DIRECTION('',(0.,0.,1.));
#3121=DIRECTION('center_axis',(0.,0.,1.));
#3122=DIRECTION('ref_axis',(1.,0.,0.));
#3123=DIRECTION('center_axis',(0.,0.,1.));
#3124=DIRECTION('ref_axis',(1.,0.,0.));
#3125=DIRECTION('',(0.,0.,1.));
#3126=DIRECTION('center_axis',(0.86605525434412,0.499948293749404,0.));
#3127=DIRECTION('ref_axis',(-0.499948293749404,0.86605525434412,0.));
#3128=DIRECTION('',(-0.499948293749404,0.86605525434412,0.));
#3129=DIRECTION('',(0.,0.,1.));
#3130=DIRECTION('',(-0.499948293749404,0.86605525434412,0.));
#3131=DIRECTION('',(0.,0.,1.));
#3132=DIRECTION('center_axis',(5.97042063902118E-5,0.999999998217704,0.));
#3133=DIRECTION('ref_axis',(-0.999999998217704,5.97042063902118E-5,0.));
#3134=DIRECTION('',(-0.999999998217704,5.97042063902118E-5,0.));
#3135=DIRECTION('',(-0.999999998217704,5.97042063902118E-5,0.));
#3136=DIRECTION('',(0.,0.,1.));
#3137=DIRECTION('center_axis',(-0.86599555013773,0.500051704468299,0.));
#3138=DIRECTION('ref_axis',(-0.500051704468299,-0.86599555013773,0.));
#3139=DIRECTION('',(-0.500051704468299,-0.86599555013773,0.));
#3140=DIRECTION('',(-0.500051704468299,-0.86599555013773,0.));
#3141=DIRECTION('',(0.,0.,1.));
#3142=DIRECTION('center_axis',(-0.866055254344121,-0.499948293749404,0.));
#3143=DIRECTION('ref_axis',(0.499948293749404,-0.866055254344121,0.));
#3144=DIRECTION('',(0.499948293749404,-0.866055254344121,0.));
#3145=DIRECTION('',(0.499948293749404,-0.866055254344121,0.));
#3146=DIRECTION('',(0.,0.,-1.));
#3147=DIRECTION('center_axis',(0.865995550137729,-0.500051704468299,0.));
#3148=DIRECTION('ref_axis',(0.500051704468299,0.865995550137729,0.));
#3149=DIRECTION('',(0.500051704468299,0.865995550137729,0.));
#3150=DIRECTION('',(0.,0.,1.));
#3151=DIRECTION('',(0.500051704468299,0.865995550137729,0.));
#3152=DIRECTION('center_axis',(-5.97042063909111E-5,-0.999999998217704,
0.));
#3153=DIRECTION('ref_axis',(0.999999998217704,-5.97042063909111E-5,0.));
#3154=DIRECTION('',(0.999999998217704,-5.97042063909111E-5,0.));
#3155=DIRECTION('',(0.999999998217704,-5.97042063909111E-5,0.));
#3156=DIRECTION('center_axis',(0.,0.,1.));
#3157=DIRECTION('ref_axis',(1.,0.,0.));
#3158=DIRECTION('center_axis',(0.876624367944193,0.481175350081905,0.));
#3159=DIRECTION('ref_axis',(-0.481175350081905,0.876624367944193,0.));
#3160=DIRECTION('',(0.,0.,1.));
#3161=DIRECTION('',(-0.481175350081905,0.876624367944193,0.));
#3162=DIRECTION('',(0.,0.,1.));
#3163=DIRECTION('center_axis',(0.0216021071262964,0.999766647257101,0.));
#3164=DIRECTION('ref_axis',(-0.999766647257101,0.0216021071262964,0.));
#3165=DIRECTION('',(-0.999766647257101,0.0216021071262964,0.));
#3166=DIRECTION('',(0.,0.,1.));
#3167=DIRECTION('center_axis',(-0.855022260817897,0.518591297175196,0.));
#3168=DIRECTION('ref_axis',(-0.518591297175196,-0.855022260817897,0.));
#3169=DIRECTION('',(-0.518591297175196,-0.855022260817897,0.));
#3170=DIRECTION('',(0.,0.,1.));
#3171=DIRECTION('center_axis',(-0.876624367944194,-0.481175350081904,0.));
#3172=DIRECTION('ref_axis',(0.481175350081904,-0.876624367944194,0.));
#3173=DIRECTION('',(0.481175350081904,-0.876624367944194,0.));
#3174=DIRECTION('',(0.,0.,-1.));
#3175=DIRECTION('center_axis',(0.855022260817897,-0.518591297175195,0.));
#3176=DIRECTION('ref_axis',(0.518591297175195,0.855022260817897,0.));
#3177=DIRECTION('',(0.,0.,1.));
#3178=DIRECTION('',(0.518591297175195,0.855022260817897,0.));
#3179=DIRECTION('center_axis',(-0.0216021071262971,-0.999766647257101,0.));
#3180=DIRECTION('ref_axis',(0.999766647257101,-0.0216021071262971,0.));
#3181=DIRECTION('',(0.999766647257101,-0.0216021071262971,0.));
#3182=DIRECTION('center_axis',(0.,0.,1.));
#3183=DIRECTION('ref_axis',(1.,0.,0.));
#3184=DIRECTION('center_axis',(3.51097028861793E-31,3.46944695195362E-16,
-1.));
#3185=DIRECTION('ref_axis',(-1.,0.,-3.51097028861793E-31));
#3186=DIRECTION('',(0.,1.,3.46944695195362E-16));
#3187=DIRECTION('center_axis',(3.51097028861793E-31,3.46944695195362E-16,
-1.));
#3188=DIRECTION('ref_axis',(-1.,-9.65411325761004E-16,0.));
#3189=DIRECTION('',(-1.,-4.16333634234434E-16,-4.95541774690835E-31));
#3190=DIRECTION('center_axis',(3.51097028861793E-31,3.46944695195362E-16,
-1.));
#3191=DIRECTION('ref_axis',(-9.65411325761002E-16,-1.,0.));
#3192=DIRECTION('',(6.66133814775092E-16,-1.,-3.46944695195362E-16));
#3193=DIRECTION('center_axis',(3.51097028861793E-31,3.46944695195362E-16,
-1.));
#3194=DIRECTION('ref_axis',(1.,9.65411325761005E-16,0.));
#3195=DIRECTION('',(1.,4.16333634234433E-16,4.95541774690835E-31));
#3196=DIRECTION('center_axis',(3.51097028861793E-31,3.46944695195362E-16,
-1.));
#3197=DIRECTION('ref_axis',(0.,1.,0.));
#3198=DIRECTION('',(0.,1.,3.46944695195362E-16));
#3199=DIRECTION('',(1.,0.,3.51097028861793E-31));
#3200=DIRECTION('center_axis',(3.51097028861793E-31,3.46944695195362E-16,
-1.));
#3201=DIRECTION('ref_axis',(-1.,-9.15933995315755E-16,0.));
#3202=DIRECTION('',(1.,0.,3.51097028861793E-31));
#3203=DIRECTION('',(0.,-1.,-3.46944695195362E-16));
#3204=DIRECTION('',(-1.,0.,-3.51097028861793E-31));
#3205=DIRECTION('center_axis',(3.51097028861793E-31,3.46944695195362E-16,
-1.));
#3206=DIRECTION('ref_axis',(-1.,-5.3043988954313E-16,0.));
#3207=DIRECTION('',(-1.,0.,-3.51097028861793E-31));
#3208=DIRECTION('',(0.,0.,-1.));
#3209=DIRECTION('center_axis',(-3.51097028861793E-31,-3.46944695195362E-16,
1.));
#3210=DIRECTION('ref_axis',(-1.,-9.15933995315755E-16,0.));
#3211=DIRECTION('',(0.,0.,-1.));
#3212=DIRECTION('center_axis',(0.,-1.,0.));
#3213=DIRECTION('ref_axis',(-1.,0.,-3.51097028861793E-31));
#3214=DIRECTION('',(-1.,0.,-3.51097028861793E-31));
#3215=DIRECTION('',(0.,0.,-1.));
#3216=DIRECTION('center_axis',(-1.,0.,0.));
#3217=DIRECTION('ref_axis',(0.,1.,3.46944695195362E-16));
#3218=DIRECTION('',(0.,1.,3.46944695195362E-16));
#3219=DIRECTION('',(0.,0.,-1.));
#3220=DIRECTION('center_axis',(0.,1.,0.));
#3221=DIRECTION('ref_axis',(1.,0.,3.51097028861793E-31));
#3222=DIRECTION('',(1.,0.,3.51097028861793E-31));
#3223=DIRECTION('',(0.,0.,-1.));
#3224=DIRECTION('center_axis',(-3.51097028861793E-31,-3.46944695195362E-16,
1.));
#3225=DIRECTION('ref_axis',(-1.,-5.3043988954313E-16,0.));
#3226=DIRECTION('',(0.,0.,-1.));
#3227=DIRECTION('center_axis',(0.,1.,0.));
#3228=DIRECTION('ref_axis',(1.,0.,3.51097028861793E-31));
#3229=DIRECTION('',(1.,0.,3.51097028861793E-31));
#3230=DIRECTION('',(0.,0.,-1.));
#3231=DIRECTION('center_axis',(0.,-1.,0.));
#3232=DIRECTION('ref_axis',(-1.,0.,-3.51097028861793E-31));
#3233=DIRECTION('',(0.,0.,-1.));
#3234=DIRECTION('',(-1.,0.,-3.51097028861793E-31));
#3235=DIRECTION('center_axis',(3.51097028861793E-31,3.46944695195362E-16,
-1.));
#3236=DIRECTION('ref_axis',(-1.,0.,-3.51097028861793E-31));
#3237=DIRECTION('',(0.,-1.,-3.46944695195362E-16));
#3238=DIRECTION('',(-1.,0.,-3.51097028861793E-31));
#3239=DIRECTION('',(-5.53775442229678E-17,1.,3.46944695195362E-16));
#3240=DIRECTION('',(1.,0.,3.51097028861793E-31));
#3241=DIRECTION('',(0.,-1.,-3.46944695195362E-16));
#3242=DIRECTION('center_axis',(1.,0.,0.));
#3243=DIRECTION('ref_axis',(0.,-1.,0.));
#3244=DIRECTION('',(0.,0.,-1.));
#3245=DIRECTION('',(0.,1.,0.));
#3246=DIRECTION('',(0.,0.,-1.));
#3247=DIRECTION('center_axis',(0.,-1.,0.));
#3248=DIRECTION('ref_axis',(-1.,0.,0.));
#3249=DIRECTION('',(0.,0.,-1.));
#3250=DIRECTION('',(1.,0.,0.));
#3251=DIRECTION('',(0.,0.,-1.));
#3252=DIRECTION('center_axis',(1.,0.,0.));
#3253=DIRECTION('ref_axis',(0.,-1.,0.));
#3254=DIRECTION('',(0.,0.,-1.));
#3255=DIRECTION('',(0.,-1.,0.));
#3256=DIRECTION('center_axis',(0.,1.,0.));
#3257=DIRECTION('ref_axis',(1.,0.,0.));
#3258=DIRECTION('',(0.,0.,-1.));
#3259=DIRECTION('center_axis',(0.,0.,1.));
#3260=DIRECTION('ref_axis',(1.,0.,0.));
#3261=DIRECTION('center_axis',(0.,0.,1.));
#3262=DIRECTION('ref_axis',(-1.,-9.65411325761004E-16,0.));
#3263=DIRECTION('center_axis',(0.,0.,1.));
#3264=DIRECTION('ref_axis',(0.,1.,0.));
#3265=DIRECTION('',(6.66133814775092E-16,-1.,0.));
#3266=DIRECTION('center_axis',(0.,0.,1.));
#3267=DIRECTION('ref_axis',(1.,0.,0.));
#3268=DIRECTION('',(0.,1.,-2.04578051713802E-13));
#3269=DIRECTION('',(1.,0.,0.));
#3270=DIRECTION('center_axis',(0.,-1.,0.));
#3271=DIRECTION('ref_axis',(-1.,0.,0.));
#3272=DIRECTION('center_axis',(-1.,0.,0.));
#3273=DIRECTION('ref_axis',(0.,1.,-2.04578051713802E-13));
#3274=DIRECTION('',(0.,0.,-1.));
#3275=DIRECTION('center_axis',(5.55111512312578E-16,-1.,0.));
#3276=DIRECTION('ref_axis',(-1.,-5.55111512312578E-16,0.));
#3277=DIRECTION('',(0.,0.,-1.));
#3278=DIRECTION('',(0.,0.,-1.));
#3279=DIRECTION('center_axis',(0.,0.,-1.));
#3280=DIRECTION('ref_axis',(1.,9.65411325761006E-16,0.));
#3281=DIRECTION('',(0.,0.,-1.));
#3282=DIRECTION('center_axis',(-1.,-5.55111512312577E-16,0.));
#3283=DIRECTION('ref_axis',(-5.55111512312577E-16,1.,0.));
#3284=DIRECTION('',(0.,0.,-1.));
#3285=DIRECTION('center_axis',(0.,0.,-1.));
#3286=DIRECTION('ref_axis',(0.,-1.,0.));
#3287=DIRECTION('',(0.,0.,-1.));
#3288=DIRECTION('center_axis',(-1.38777878078145E-16,1.,0.));
#3289=DIRECTION('ref_axis',(1.,1.38777878078145E-16,0.));
#3290=DIRECTION('',(0.,0.,-1.));
#3291=DIRECTION('center_axis',(0.,0.,-1.));
#3292=DIRECTION('ref_axis',(-1.,-9.65411325761004E-16,0.));
#3293=DIRECTION('',(0.,0.,-1.));
#3294=DIRECTION('center_axis',(1.,6.66133814775092E-16,0.));
#3295=DIRECTION('ref_axis',(6.66133814775092E-16,-1.,0.));
#3296=DIRECTION('',(0.,0.,-1.));
#3297=DIRECTION('center_axis',(0.,0.,-1.));
#3298=DIRECTION('ref_axis',(0.,1.,0.));
#3299=DIRECTION('center_axis',(0.,1.,0.));
#3300=DIRECTION('ref_axis',(1.,0.,2.18312383254467E-13));
#3301=CARTESIAN_POINT('',(0.,0.,0.));
#3302=CARTESIAN_POINT('Origin',(0.,0.,0.));
#3303=CARTESIAN_POINT('',(-20.5637005384094,9.84754894207801,-7.92180743995917));
#3304=CARTESIAN_POINT('',(-20.5637005384094,9.84754894207799,-6.06975230604762));
#3305=CARTESIAN_POINT('',(-20.5637005384094,9.847548942078,0.));
#3306=CARTESIAN_POINT('',(-20.4691393313951,10.0426259032155,-5.96978311247643));
#3307=CARTESIAN_POINT('Ctrl Pts',(-20.4691393313956,10.0426259032145,-5.96978311247692));
#3308=CARTESIAN_POINT('Ctrl Pts',(-20.5013660632087,9.97694054661188,-6.00318672249992));
#3309=CARTESIAN_POINT('Ctrl Pts',(-20.5330029839142,9.91165172761522,-6.03659275243084));
#3310=CARTESIAN_POINT('Ctrl Pts',(-20.5637005384094,9.84754894207799,-6.06975230604762));
#3311=CARTESIAN_POINT('',(-20.4691393313951,10.0426259032155,-2.05545179379595E-12));
#3312=CARTESIAN_POINT('',(-20.4691393313951,10.0426259032155,0.));
#3313=CARTESIAN_POINT('',(-11.3048658173687,19.8000002235174,0.));
#3314=CARTESIAN_POINT('Origin',(0.,0.,0.));
#3315=CARTESIAN_POINT('',(-11.3048658173687,19.8000002235174,-8.25));
#3316=CARTESIAN_POINT('',(-11.3048658173687,19.8000002235174,0.));
#3317=CARTESIAN_POINT('',(-20.4691393313951,10.0426259032155,-8.25000000000206));
#3318=CARTESIAN_POINT('Origin',(0.,0.,-8.25));
#3319=CARTESIAN_POINT('Ctrl Pts',(-20.5637005384094,9.84754894207801,-7.92180743995917));
#3320=CARTESIAN_POINT('Ctrl Pts',(-20.5341247467969,9.90930925680024,-8.02600955133235));
#3321=CARTESIAN_POINT('Ctrl Pts',(-20.5039650181034,9.97156691382815,-8.13071027662522));
#3322=CARTESIAN_POINT('Ctrl Pts',(-20.4721879547206,10.0364103266469,-8.23956696529627));
#3323=CARTESIAN_POINT('Ctrl Pts',(-20.4706657646382,10.0395146875798,-8.24477796710684));
#3324=CARTESIAN_POINT('Ctrl Pts',(-20.4691393313951,10.0426259032155,-8.25000000000205));
#3325=CARTESIAN_POINT('Origin',(-20.5637005384094,9.52131285102491,-7.10989155623924));
#3326=CARTESIAN_POINT('Ctrl Pts',(-20.5637005384094,9.84754894207801,-7.92180743995917));
#3327=CARTESIAN_POINT('Ctrl Pts',(-20.5637005384094,9.00741994604769,-6.50434032364163));
#3328=CARTESIAN_POINT('Ctrl Pts',(-20.5637005384094,9.84754894207799,-6.06975230604762));
#3329=CARTESIAN_POINT('Origin',(-20.5637005384094,-9.50281351574679,-7.09696579791325));
#3330=CARTESIAN_POINT('',(-20.5637005384094,-9.84754894207801,-6.03239901112977));
#3331=CARTESIAN_POINT('',(-20.5637005384094,-9.84754894207801,-7.97385402523137));
#3332=CARTESIAN_POINT('',(-20.5637005384094,-9.847548942078,0.));
#3333=CARTESIAN_POINT('Ctrl Pts',(-20.5637005384094,-9.84754894207801,-6.03239901112977));
#3334=CARTESIAN_POINT('Ctrl Pts',(-20.5637005384094,-9.01158733690971,-6.50687852217354));
#3335=CARTESIAN_POINT('Ctrl Pts',(-20.5637005384094,-9.847548942078,-7.97385402523137));
#3336=CARTESIAN_POINT('Ctrl Pts',(-5.81370053840939,-18.0779838616628,-1.4802691747146));
#3337=CARTESIAN_POINT('Ctrl Pts',(-20.7112005384094,-18.0779838616628,-1.4802691747146));
#3338=CARTESIAN_POINT('Ctrl Pts',(-5.81370053840939,-14.041805547161,-3.71210038527157));
#3339=CARTESIAN_POINT('Ctrl Pts',(-20.7112005384094,-14.041805547161,-3.71210038527157));
#3340=CARTESIAN_POINT('Ctrl Pts',(-5.81370053840939,-10.0056272326592,-5.94393159582854));
#3341=CARTESIAN_POINT('Ctrl Pts',(-20.7112005384094,-10.0056272326592,-5.94393159582854));
#3342=CARTESIAN_POINT('Ctrl Pts',(-5.81370053840939,-8.99999979883432,-6.49999986588955));
#3343=CARTESIAN_POINT('Ctrl Pts',(-20.7112005384094,-8.99999979883432,-6.49999986588955));
#3344=CARTESIAN_POINT('Ctrl Pts',(-5.81370053840939,-10.0056272326592,-8.24999999999795));
#3345=CARTESIAN_POINT('Ctrl Pts',(-20.7112005384094,-10.0056272326592,-8.24999999999795));
#3346=CARTESIAN_POINT('Ctrl Pts',(-5.81370053840939,-12.3035749023289,-12.2489051559566));
#3347=CARTESIAN_POINT('Ctrl Pts',(-20.7112005384094,-12.3035749023289,-12.2489051559566));
#3348=CARTESIAN_POINT('Ctrl Pts',(-5.81370053840939,-14.6015225719985,-16.2478103119153));
#3349=CARTESIAN_POINT('Ctrl Pts',(-20.7112005384094,-14.6015225719985,-16.2478103119153));
#3350=CARTESIAN_POINT('',(-20.4872502713533,-10.0056272326592,-5.94393159582854));
#3351=CARTESIAN_POINT('Ctrl Pts',(-20.4872502713533,-10.0056272326592,-5.94393159582854));
#3352=CARTESIAN_POINT('Ctrl Pts',(-20.513873729431,-9.95111376378384,-5.97407517516316));
#3353=CARTESIAN_POINT('Ctrl Pts',(-20.5393985732187,-9.89829642631152,-6.00359548551693));
#3354=CARTESIAN_POINT('Ctrl Pts',(-20.5637005384094,-9.84754894207794,-6.03239901112981));
#3355=CARTESIAN_POINT('',(-5.81370053840939,-10.0056272326592,-5.94393159582854));
#3356=CARTESIAN_POINT('',(-5.81370053840939,-10.0056272326592,-5.94393159582854));
#3357=CARTESIAN_POINT('',(-5.81370053840939,-10.0056272326592,-8.24999999999795));
#3358=CARTESIAN_POINT('Ctrl Pts',(-5.81370053840939,-10.0056272326592,-8.24999999999795));
#3359=CARTESIAN_POINT('Ctrl Pts',(-5.81370053840939,-8.99999979883432,-6.49999986588955));
#3360=CARTESIAN_POINT('Ctrl Pts',(-5.81370053840939,-10.0056272326592,-5.94393159582854));
#3361=CARTESIAN_POINT('',(-20.4872502713533,-10.0056272326592,-8.25000000000116));
#3362=CARTESIAN_POINT('',(-5.81370053840939,-10.0056272326592,-8.24999999999795));
#3363=CARTESIAN_POINT('Ctrl Pts',(-20.5637005384094,-9.84754894207801,-7.97385402523138));
#3364=CARTESIAN_POINT('Ctrl Pts',(-20.5391809185296,-9.89875093391269,-8.06370512277566));
#3365=CARTESIAN_POINT('Ctrl Pts',(-20.513658288062,-9.95155489567337,-8.15590292806652));
#3366=CARTESIAN_POINT('Ctrl Pts',(-20.4872502713527,-10.0056272326606,-8.25000000000023));
#3367=CARTESIAN_POINT('Ctrl Pts',(-6.,-20.0000002682209,-1.00000001490116));
#3368=CARTESIAN_POINT('Ctrl Pts',(-9.,-20.0000002682209,-1.00000001490116));
#3369=CARTESIAN_POINT('Ctrl Pts',(-6.,-19.0000002607703,-2.00000004470348));
#3370=CARTESIAN_POINT('Ctrl Pts',(-9.,-19.0000002607703,-2.00000004470348));
#3371=CARTESIAN_POINT('Ctrl Pts',(-6.,-20.0000002682209,-3.00000005960464));
#3372=CARTESIAN_POINT('Ctrl Pts',(-9.,-20.0000002682209,-3.00000005960464));
#3373=CARTESIAN_POINT('',(-6.,-19.8000002682209,-2.78881069580011));
#3374=CARTESIAN_POINT('',(-9.,-19.8000002682209,-2.7888106958001));
#3375=CARTESIAN_POINT('Ctrl Pts',(-6.,-19.8000002682209,-2.78881069580009));
#3376=CARTESIAN_POINT('Ctrl Pts',(-6.5,-19.8000002682209,-2.78881069580009));
#3377=CARTESIAN_POINT('Ctrl Pts',(-7.,-19.8000002682209,-2.78881069580009));
#3378=CARTESIAN_POINT('Ctrl Pts',(-8.,-19.8000002682209,-2.78881069580009));
#3379=CARTESIAN_POINT('Ctrl Pts',(-8.5,-19.8000002682209,-2.78881069580009));
#3380=CARTESIAN_POINT('Ctrl Pts',(-9.,-19.8000002682209,-2.78881069580009));
#3381=CARTESIAN_POINT('',(-6.,-19.8000002682209,-1.21118938168591));
#3382=CARTESIAN_POINT('Ctrl Pts',(-6.,-19.8000002682209,-2.78881069580011));
#3383=CARTESIAN_POINT('Ctrl Pts',(-6.,-19.1000002606772,-2.00000004395842));
#3384=CARTESIAN_POINT('Ctrl Pts',(-6.,-19.8000002682209,-1.2111893816859));
#3385=CARTESIAN_POINT('',(-9.,-19.8000002682209,-1.21118938168591));
#3386=CARTESIAN_POINT('Ctrl Pts',(-9.,-19.8000002682209,-1.21118938168594));
#3387=CARTESIAN_POINT('Ctrl Pts',(-8.5,-19.8000002682209,-1.21118938168594));
#3388=CARTESIAN_POINT('Ctrl Pts',(-8.,-19.8000002682209,-1.21118938168594));
#3389=CARTESIAN_POINT('Ctrl Pts',(-7.,-19.8000002682209,-1.21118938168594));
#3390=CARTESIAN_POINT('Ctrl Pts',(-6.5,-19.8000002682209,-1.21118938168594));
#3391=CARTESIAN_POINT('Ctrl Pts',(-6.,-19.8000002682209,-1.21118938168594));
#3392=CARTESIAN_POINT('Ctrl Pts',(-9.,-19.8000002682209,-1.2111893816859));
#3393=CARTESIAN_POINT('Ctrl Pts',(-9.,-19.1000002606772,-2.00000004395842));
#3394=CARTESIAN_POINT('Ctrl Pts',(-9.,-19.8000002682209,-2.78881069580011));
#3395=CARTESIAN_POINT('Ctrl Pts',(6.,-20.0000002682209,-3.00000005960464));
#3396=CARTESIAN_POINT('Ctrl Pts',(9.,-20.0000002682209,-3.00000005960464));
#3397=CARTESIAN_POINT('Ctrl Pts',(6.,-19.0000002607703,-2.00000004470348));
#3398=CARTESIAN_POINT('Ctrl Pts',(9.,-19.0000002607703,-2.00000004470348));
#3399=CARTESIAN_POINT('Ctrl Pts',(6.,-20.0000002682209,-1.00000001490116));
#3400=CARTESIAN_POINT('Ctrl Pts',(9.,-20.0000002682209,-1.00000001490116));
#3401=CARTESIAN_POINT('',(9.,-19.8000002682209,-2.78881069580011));
#3402=CARTESIAN_POINT('',(6.,-19.8000002682209,-2.78881069580009));
#3403=CARTESIAN_POINT('Ctrl Pts',(9.,-19.8000002682209,-2.7888106958001));
#3404=CARTESIAN_POINT('Ctrl Pts',(8.5,-19.8000002682209,-2.7888106958001));
#3405=CARTESIAN_POINT('Ctrl Pts',(8.,-19.8000002682209,-2.7888106958001));
#3406=CARTESIAN_POINT('Ctrl Pts',(7.,-19.8000002682209,-2.7888106958001));
#3407=CARTESIAN_POINT('Ctrl Pts',(6.5,-19.8000002682209,-2.7888106958001));
#3408=CARTESIAN_POINT('Ctrl Pts',(6.,-19.8000002682209,-2.7888106958001));
#3409=CARTESIAN_POINT('',(9.,-19.8000002682209,-1.21118938168591));
#3410=CARTESIAN_POINT('Ctrl Pts',(9.,-19.8000002682209,-2.78881069580011));
#3411=CARTESIAN_POINT('Ctrl Pts',(9.,-19.1000002606772,-2.00000004395842));
#3412=CARTESIAN_POINT('Ctrl Pts',(9.,-19.8000002682209,-1.2111893816859));
#3413=CARTESIAN_POINT('',(6.,-19.8000002682209,-1.21118938168591));
#3414=CARTESIAN_POINT('Ctrl Pts',(6.,-19.8000002682209,-1.21118938168594));
#3415=CARTESIAN_POINT('Ctrl Pts',(6.5,-19.8000002682209,-1.21118938168594));
#3416=CARTESIAN_POINT('Ctrl Pts',(7.,-19.8000002682209,-1.21118938168594));
#3417=CARTESIAN_POINT('Ctrl Pts',(8.,-19.8000002682209,-1.21118938168594));
#3418=CARTESIAN_POINT('Ctrl Pts',(8.5,-19.8000002682209,-1.21118938168594));
#3419=CARTESIAN_POINT('Ctrl Pts',(9.,-19.8000002682209,-1.21118938168594));
#3420=CARTESIAN_POINT('Ctrl Pts',(6.,-19.8000002682209,-2.78881069580011));
#3421=CARTESIAN_POINT('Ctrl Pts',(6.,-19.1000002606772,-2.00000004395842));
#3422=CARTESIAN_POINT('Ctrl Pts',(6.,-19.8000002682209,-1.2111893816859));
#3423=CARTESIAN_POINT('Origin',(6.,-17.7866893685522,-40.9823210751879));
#3424=CARTESIAN_POINT('',(9.,-19.8000002682209,-2.99470386250691));
#3425=CARTESIAN_POINT('',(6.,-19.8000002682209,-2.99470386250692));
#3426=CARTESIAN_POINT('',(-2.87877515455311,-19.8000002682209,-2.99470386250691));
#3427=CARTESIAN_POINT('',(6.,-19.7415642712547,-4.09728781243699));
#3428=CARTESIAN_POINT('',(6.,-18.2886771309259,-31.5106994962047));
#3429=CARTESIAN_POINT('',(9.,-19.7415642712547,-4.09728781243699));
#3430=CARTESIAN_POINT('',(4.5,-19.7415642712547,-4.09728781243699));
#3431=CARTESIAN_POINT('',(9.,-18.2886771309259,-31.5106994962047));
#3432=CARTESIAN_POINT('Ctrl Pts',(-6.,19.9999995976686,-2.99999991059303));
#3433=CARTESIAN_POINT('Ctrl Pts',(-9.,19.9999995976686,-2.99999991059303));
#3434=CARTESIAN_POINT('Ctrl Pts',(-6.,18.9999996088445,-1.99999993294477));
#3435=CARTESIAN_POINT('Ctrl Pts',(-9.,18.9999996088445,-1.99999993294477));
#3436=CARTESIAN_POINT('Ctrl Pts',(-6.,20.0000002682209,-1.00000001490116));
#3437=CARTESIAN_POINT('Ctrl Pts',(-9.,20.0000002682209,-1.00000001490116));
#3438=CARTESIAN_POINT('',(-9.,19.8000002235174,-2.78881125189885));
#3439=CARTESIAN_POINT('',(-6.,19.8000002235174,-2.78881125189883));
#3440=CARTESIAN_POINT('Ctrl Pts',(-9.,19.8000002235174,-2.78881125189883));
#3441=CARTESIAN_POINT('Ctrl Pts',(-8.5,19.8000002235174,-2.78881125189883));
#3442=CARTESIAN_POINT('Ctrl Pts',(-8.,19.8000002235174,-2.78881125189883));
#3443=CARTESIAN_POINT('Ctrl Pts',(-7.,19.8000002235174,-2.78881125189883));
#3444=CARTESIAN_POINT('Ctrl Pts',(-6.5,19.8000002235174,-2.78881125189883));
#3445=CARTESIAN_POINT('Ctrl Pts',(-6.,19.8000002235174,-2.78881125189883));
#3446=CARTESIAN_POINT('',(-9.,19.8000002235174,-1.21118925772077));
#3447=CARTESIAN_POINT('Ctrl Pts',(-9.,19.8000002235174,-2.78881125189885));
#3448=CARTESIAN_POINT('Ctrl Pts',(-9.,19.0999994413461,-2.00000010356295));
#3449=CARTESIAN_POINT('Ctrl Pts',(-9.,19.8000002235175,-1.21118925772076));
#3450=CARTESIAN_POINT('',(-6.,19.8000002235174,-1.21118925772077));
#3451=CARTESIAN_POINT('Ctrl Pts',(-6.,19.8000002235174,-1.21118925772081));
#3452=CARTESIAN_POINT('Ctrl Pts',(-6.14781140859595,19.8000002235174,-1.21118925772081));
#3453=CARTESIAN_POINT('Ctrl Pts',(-6.29562281719189,19.8000002235174,-1.21118925772081));
#3454=CARTESIAN_POINT('Ctrl Pts',(-6.87304550896278,19.8000002235174,-1.21118925772081));
#3455=CARTESIAN_POINT('Ctrl Pts',(-7.30265679213771,19.8000002235174,-1.21118925772081));
#3456=CARTESIAN_POINT('Ctrl Pts',(-8.15484538354177,19.8000002235174,-1.21118925772081));
#3457=CARTESIAN_POINT('Ctrl Pts',(-8.57742269177088,19.8000002235174,-1.21118925772081));
#3458=CARTESIAN_POINT('Ctrl Pts',(-9.,19.8000002235174,-1.21118925772081));
#3459=CARTESIAN_POINT('Ctrl Pts',(-6.,19.8000002235174,-2.78881125189884));
#3460=CARTESIAN_POINT('Ctrl Pts',(-6.,19.0999994413461,-2.00000010356295));
#3461=CARTESIAN_POINT('Ctrl Pts',(-6.,19.8000002235175,-1.21118925772076));
#3462=CARTESIAN_POINT('Ctrl Pts',(6.,20.0000002682209,-1.00000001490116));
#3463=CARTESIAN_POINT('Ctrl Pts',(9.,20.0000002682209,-1.00000001490116));
#3464=CARTESIAN_POINT('Ctrl Pts',(6.,18.9999996088445,-1.99999993294477));
#3465=CARTESIAN_POINT('Ctrl Pts',(9.,18.9999996088445,-1.99999993294477));
#3466=CARTESIAN_POINT('Ctrl Pts',(6.,19.9999995976686,-2.99999991059303));
#3467=CARTESIAN_POINT('Ctrl Pts',(9.,19.9999995976686,-2.99999991059303));
#3468=CARTESIAN_POINT('',(6.,19.8000002235174,-2.78881125189884));
#3469=CARTESIAN_POINT('',(9.,19.8000002235174,-2.78881125189883));
#3470=CARTESIAN_POINT('Ctrl Pts',(6.,19.8000002235174,-2.78881125189883));
#3471=CARTESIAN_POINT('Ctrl Pts',(6.5,19.8000002235174,-2.78881125189883));
#3472=CARTESIAN_POINT('Ctrl Pts',(7.,19.8000002235174,-2.78881125189883));
#3473=CARTESIAN_POINT('Ctrl Pts',(8.,19.8000002235174,-2.78881125189883));
#3474=CARTESIAN_POINT('Ctrl Pts',(8.5,19.8000002235174,-2.78881125189883));
#3475=CARTESIAN_POINT('Ctrl Pts',(9.,19.8000002235174,-2.78881125189883));
#3476=CARTESIAN_POINT('',(6.,19.8000002235174,-1.21118925772077));
#3477=CARTESIAN_POINT('Ctrl Pts',(6.,19.8000002235174,-2.78881125189884));
#3478=CARTESIAN_POINT('Ctrl Pts',(6.,19.0999994413461,-2.00000010356295));
#3479=CARTESIAN_POINT('Ctrl Pts',(6.,19.8000002235175,-1.21118925772076));
#3480=CARTESIAN_POINT('',(9.,19.8000002235174,-1.21118925772077));
#3481=CARTESIAN_POINT('Ctrl Pts',(9.,19.8000002235174,-1.21118925772081));
#3482=CARTESIAN_POINT('Ctrl Pts',(8.5,19.8000002235174,-1.21118925772081));
#3483=CARTESIAN_POINT('Ctrl Pts',(8.,19.8000002235174,-1.21118925772081));
#3484=CARTESIAN_POINT('Ctrl Pts',(7.,19.8000002235174,-1.21118925772081));
#3485=CARTESIAN_POINT('Ctrl Pts',(6.5,19.8000002235174,-1.21118925772081));
#3486=CARTESIAN_POINT('Ctrl Pts',(6.,19.8000002235174,-1.21118925772081));
#3487=CARTESIAN_POINT('Ctrl Pts',(9.,19.8000002235175,-1.21118925772076));
#3488=CARTESIAN_POINT('Ctrl Pts',(9.,19.0999994413461,-2.00000010356295));
#3489=CARTESIAN_POINT('Ctrl Pts',(9.,19.8000002235174,-2.78881125189885));
#3490=CARTESIAN_POINT('Origin',(11.7575503851484,19.8000002235174,0.));
#3491=CARTESIAN_POINT('',(6.,19.8000002235174,-2.99472850319287));
#3492=CARTESIAN_POINT('',(9.,19.8000002235174,-2.99472850319285));
#3493=CARTESIAN_POINT('',(8.8787751925742,19.8000002235174,-2.99472850319287));
#3494=CARTESIAN_POINT('',(6.,19.8000002235174,-8.25));
#3495=CARTESIAN_POINT('',(6.,19.8000002235174,-11.0000001303852));
#3496=CARTESIAN_POINT('',(-6.,19.8000002235174,-8.25));
#3497=CARTESIAN_POINT('',(5.8787751925742,19.8000002235174,-8.25));
#3498=CARTESIAN_POINT('',(-6.,19.8000002235174,-2.99472850319285));
#3499=CARTESIAN_POINT('',(-6.,19.8000002235174,-11.0000001303852));
#3500=CARTESIAN_POINT('',(-9.,19.8000002235174,-2.99472850319283));
#3501=CARTESIAN_POINT('',(8.8787751925742,19.8000002235174,-2.99472850319287));
#3502=CARTESIAN_POINT('',(-9.,19.8000002235174,-8.25));
#3503=CARTESIAN_POINT('',(-9.,19.8000002235174,-11.0000001303852));
#3504=CARTESIAN_POINT('',(5.8787751925742,19.8000002235174,-8.25));
#3505=CARTESIAN_POINT('',(11.3048658173687,19.8000002235174,0.));
#3506=CARTESIAN_POINT('',(5.8787751925742,19.8000002235174,0.));
#3507=CARTESIAN_POINT('',(11.3048658173687,19.8000002235174,-8.25));
#3508=CARTESIAN_POINT('',(11.3048658173687,19.8000002235174,0.));
#3509=CARTESIAN_POINT('',(9.,19.8000002235174,-8.25));
#3510=CARTESIAN_POINT('',(5.8787751925742,19.8000002235174,-8.25));
#3511=CARTESIAN_POINT('',(9.,19.8000002235174,-11.0000001303852));
#3512=CARTESIAN_POINT('',(-6.,19.8000002235174,-0.999999981373549));
#3513=CARTESIAN_POINT('',(-9.,19.8000002235174,-0.999999981373549));
#3514=CARTESIAN_POINT('',(9.,19.8000002235174,-0.999999981373549));
#3515=CARTESIAN_POINT('',(6.,19.8000002235174,-0.999999981373549));
#3516=CARTESIAN_POINT('Origin',(6.,19.8002760316111,-2.98948814759819));
#3517=CARTESIAN_POINT('',(-6.,19.7419760973291,-4.097187282504));
#3518=CARTESIAN_POINT('',(-6.,18.3002765233494,-31.4894886728641));
#3519=CARTESIAN_POINT('',(-9.,19.7419760973291,-4.097187282504));
#3520=CARTESIAN_POINT('',(-4.5,19.7419760973291,-4.097187282504));
#3521=CARTESIAN_POINT('',(-9.,18.3002765233494,-31.4894886728641));
#3522=CARTESIAN_POINT('Origin',(6.,19.8002760316111,-2.98948814759819));
#3523=CARTESIAN_POINT('',(9.,19.7419760973291,-4.09718728250397));
#3524=CARTESIAN_POINT('',(9.,19.3002761955239,-12.4894883226868));
#3525=CARTESIAN_POINT('',(6.,19.7419760973291,-4.09718728250397));
#3526=CARTESIAN_POINT('',(4.5,19.7419760973291,-4.09718728250398));
#3527=CARTESIAN_POINT('',(6.,19.3002761955239,-12.4894883226868));
#3528=CARTESIAN_POINT('Origin',(-3.,19.3603368180983,-5.65359364125199));
#3529=CARTESIAN_POINT('',(-9.,18.7236838991653,-8.25));
#3530=CARTESIAN_POINT('',(-9.,17.4596692574819,-13.4049212382749));
#3531=CARTESIAN_POINT('',(-6.,18.7236838991653,-8.25));
#3532=CARTESIAN_POINT('',(-6.,17.4596692574819,-13.4049212382749));
#3533=CARTESIAN_POINT('',(-3.,18.7236838991653,-8.25));
#3534=CARTESIAN_POINT('Origin',(-3.,-19.3593594364911,-5.65364390621849));
#3535=CARTESIAN_POINT('',(-6.,-18.7217548061778,-8.25));
#3536=CARTESIAN_POINT('',(-6.,-19.7415642712547,-4.09728781243698));
#3537=CARTESIAN_POINT('',(-6.,-17.4501973431358,-13.4278418957538));
#3538=CARTESIAN_POINT('',(-9.,-19.7415642712547,-4.09728781243698));
#3539=CARTESIAN_POINT('',(-4.5,-19.7415642712547,-4.09728781243699));
#3540=CARTESIAN_POINT('',(-9.,-18.7217548061778,-8.25));
#3541=CARTESIAN_POINT('',(-9.,-17.4501973431358,-13.4278418957538));
#3542=CARTESIAN_POINT('',(-3.,-18.7217548061778,-8.25));
#3543=CARTESIAN_POINT('Origin',(3.,19.3603368180983,-5.65359364125199));
#3544=CARTESIAN_POINT('',(6.,18.7236838991653,-8.25));
#3545=CARTESIAN_POINT('',(6.,17.4596692574819,-13.4049212382749));
#3546=CARTESIAN_POINT('',(9.,18.7236838991653,-8.25));
#3547=CARTESIAN_POINT('',(9.,17.4596692574819,-13.4049212382749));
#3548=CARTESIAN_POINT('',(3.,18.7236838991653,-8.25));
#3549=CARTESIAN_POINT('Origin',(3.,-19.3593594364911,-5.6536439062185));
#3550=CARTESIAN_POINT('',(9.,-18.7217548061778,-8.25));
#3551=CARTESIAN_POINT('',(9.,-17.4501973431358,-13.4278418957538));
#3552=CARTESIAN_POINT('',(6.,-18.7217548061778,-8.25));
#3553=CARTESIAN_POINT('',(6.,-17.4501973431358,-13.4278418957538));
#3554=CARTESIAN_POINT('',(3.,-18.7217548061778,-8.25));
#3555=CARTESIAN_POINT('Origin',(6.,-17.7866893685522,-40.9823210751879));
#3556=CARTESIAN_POINT('',(-6.,-19.8000002682209,-2.99470386250693));
#3557=CARTESIAN_POINT('',(-9.,-19.8000002682209,-2.99470386250692));
#3558=CARTESIAN_POINT('',(-2.87877515455311,-19.8000002682209,-2.99470386250691));
#3559=CARTESIAN_POINT('',(-9.,-19.2954727309995,-12.5142465026319));
#3560=CARTESIAN_POINT('',(-6.,-19.2954727309995,-12.5142465026319));
#3561=CARTESIAN_POINT('Origin',(-9.,-19.5000002644956,-2.0000000372529));
#3562=CARTESIAN_POINT('',(-9.,-19.8000002682209,-8.25));
#3563=CARTESIAN_POINT('',(-9.,-19.8000002682209,-11.0249061751703));
#3564=CARTESIAN_POINT('',(-9.,-9.49660233407369,-8.25));
#3565=CARTESIAN_POINT('Origin',(-9.,18.9999999254942,-22.0000002607703));
#3566=CARTESIAN_POINT('',(-9.,9.4999999627471,-8.25));
#3567=CARTESIAN_POINT('Origin',(-6.,19.4999999385327,-1.9999999627471));
#3568=CARTESIAN_POINT('',(-6.,9.4999999627471,-8.25));
#3569=CARTESIAN_POINT('Origin',(6.,18.9999999254942,-22.0000002607703));
#3570=CARTESIAN_POINT('',(6.,9.4999999627471,-8.25));
#3571=CARTESIAN_POINT('Origin',(-6.,-18.9932046681474,-22.0498123503406));
#3572=CARTESIAN_POINT('',(-6.,-19.8000002682209,-8.25));
#3573=CARTESIAN_POINT('',(-6.,-9.49660233407369,-8.25));
#3574=CARTESIAN_POINT('',(-6.,-19.8000002682209,-11.0249061751703));
#3575=CARTESIAN_POINT('Origin',(-6.,-18.9932046681474,-22.0498123503406));
#3576=CARTESIAN_POINT('',(-6.,-19.8000002682209,-1.00000001862645));
#3577=CARTESIAN_POINT('Origin',(-9.,-19.5000002644956,-2.0000000372529));
#3578=CARTESIAN_POINT('',(-9.,-19.8000002682209,-1.00000001862645));
#3579=CARTESIAN_POINT('Origin',(-11.7575503091062,-19.8000002682209,0.));
#3580=CARTESIAN_POINT('',(-11.3048657390724,-19.8000002682209,-8.25));
#3581=CARTESIAN_POINT('',(-11.3048657390724,-19.8000002682209,0.));
#3582=CARTESIAN_POINT('',(-11.3048657390724,-19.8000002682209,0.));
#3583=CARTESIAN_POINT('',(-5.87877515455311,-19.8000002682209,-8.25));
#3584=CARTESIAN_POINT('',(6.,-19.8000002682209,-8.25));
#3585=CARTESIAN_POINT('',(-5.87877515455311,-19.8000002682209,-8.25));
#3586=CARTESIAN_POINT('',(6.,-19.8000002682209,-11.0249061751703));
#3587=CARTESIAN_POINT('',(9.,-19.8000002682209,-8.25));
#3588=CARTESIAN_POINT('',(9.,-19.8000002682209,-11.0249061751703));
#3589=CARTESIAN_POINT('',(11.3048657390724,-19.8000002682209,-8.25));
#3590=CARTESIAN_POINT('',(-5.87877515455311,-19.8000002682209,-8.25));
#3591=CARTESIAN_POINT('',(11.3048657390724,-19.8000002682209,0.));
#3592=CARTESIAN_POINT('',(11.3048657390724,-19.8000002682209,0.));
#3593=CARTESIAN_POINT('',(-5.87877515455311,-19.8000002682209,0.));
#3594=CARTESIAN_POINT('',(6.,-19.8000002682209,-1.00000001862645));
#3595=CARTESIAN_POINT('',(9.,-19.8000002682209,-1.00000001862645));
#3596=CARTESIAN_POINT('Origin',(-6.,19.4999999385327,-1.9999999627471));
#3597=CARTESIAN_POINT('Origin',(-9.,18.9999999254942,-22.0000002607703));
#3598=CARTESIAN_POINT('Origin',(9.,19.4999999385327,-1.9999999627471));
#3599=CARTESIAN_POINT('Origin',(6.,18.9999999254942,-22.0000002607703));
#3600=CARTESIAN_POINT('Origin',(9.,19.4999999385327,-1.9999999627471));
#3601=CARTESIAN_POINT('',(9.,9.4999999627471,-8.25));
#3602=CARTESIAN_POINT('Origin',(9.,-18.9932046681474,-22.0498123503406));
#3603=CARTESIAN_POINT('',(9.,-9.49660233407369,-8.25));
#3604=CARTESIAN_POINT('Origin',(9.,-18.9932046681474,-22.0498123503406));
#3605=CARTESIAN_POINT('Origin',(6.,-19.5000002644956,-2.0000000372529));
#3606=CARTESIAN_POINT('Origin',(6.,-19.5000002644956,-2.0000000372529));
#3607=CARTESIAN_POINT('',(6.,-9.49660233407369,-8.25));
#3608=CARTESIAN_POINT('Ctrl Pts',(23.1432843870398,1.66384416592709,-35.1421509520745));
#3609=CARTESIAN_POINT('Ctrl Pts',(23.1432843870398,1.66384416592709,1.77635683940025E-14));
#3610=CARTESIAN_POINT('Ctrl Pts',(23.1406068912979,1.66192549240566,-35.1421509520745));
#3611=CARTESIAN_POINT('Ctrl Pts',(23.1406068912979,1.66192549240566,1.77635683940025E-14));
#3612=CARTESIAN_POINT('Ctrl Pts',(23.137929395556,1.66000681888423,-35.1421509520745));
#3613=CARTESIAN_POINT('Ctrl Pts',(23.137929395556,1.66000681888423,1.77635683940025E-14));
#3614=CARTESIAN_POINT('Ctrl Pts',(23.1352518998141,1.65808814536279,-35.1421509520745));
#3615=CARTESIAN_POINT('Ctrl Pts',(23.1352518998141,1.65808814536279,1.77635683940025E-14));
#3616=CARTESIAN_POINT('Ctrl Pts',(23.0258350037967,1.57968081200936,-35.1421509520745));
#3617=CARTESIAN_POINT('Ctrl Pts',(23.0258350037967,1.57968081200936,1.77635683940025E-14));
#3618=CARTESIAN_POINT('Ctrl Pts',(22.9311713381852,1.5114611213678,-35.1421509520745));
#3619=CARTESIAN_POINT('Ctrl Pts',(22.9311713381852,1.5114611213678,1.77635683940025E-14));
#3620=CARTESIAN_POINT('Ctrl Pts',(22.8465628284987,1.45016776555428,-35.1421509520745));
#3621=CARTESIAN_POINT('Ctrl Pts',(22.8465628284987,1.45016776555428,1.77635683940025E-14));
#3622=CARTESIAN_POINT('Ctrl Pts',(22.3669715900561,1.10273514285697,-35.1421509520745));
#3623=CARTESIAN_POINT('Ctrl Pts',(22.3669715900561,1.10273514285697,1.77635683940025E-14));
#3624=CARTESIAN_POINT('Ctrl Pts',(22.1631882564625,0.945116879536412,-35.1421509520745));
#3625=CARTESIAN_POINT('Ctrl Pts',(22.1631882564625,0.945116879536412,2.66453525910038E-14));
#3626=CARTESIAN_POINT('Ctrl Pts',(21.9977891233361,0.811794403486602,-35.1421509520745));
#3627=CARTESIAN_POINT('Ctrl Pts',(21.9977891233361,0.811794403486602,2.66453525910038E-14));
#3628=CARTESIAN_POINT('Ctrl Pts',(21.6785020712151,0.554428239862842,-35.1421509520745));
#3629=CARTESIAN_POINT('Ctrl Pts',(21.6785020712151,0.554428239862842,2.66453525910038E-14));
#3630=CARTESIAN_POINT('Ctrl Pts',(21.5690924532797,0.437364559431568,-35.1421509520745));
#3631=CARTESIAN_POINT('Ctrl Pts',(21.5690924532797,0.437364559431568,1.77635683940025E-14));
#3632=CARTESIAN_POINT('Ctrl Pts',(21.4819506878632,0.303039660633412,-35.1421509520745));
#3633=CARTESIAN_POINT('Ctrl Pts',(21.4819506878632,0.303039660633412,1.77635683940025E-14));
#3634=CARTESIAN_POINT('Ctrl Pts',(21.3530464910129,0.104339954312153,-35.1421509520745));
#3635=CARTESIAN_POINT('Ctrl Pts',(21.3530464910129,0.104339954312153,1.77635683940025E-14));
#3636=CARTESIAN_POINT('Ctrl Pts',(21.3570691484627,-0.126483779872843,-35.1421509520745));
#3637=CARTESIAN_POINT('Ctrl Pts',(21.3570691484627,-0.126483779872843,8.88178419700125E-15));
#3638=CARTESIAN_POINT('Ctrl Pts',(21.491213147352,-0.326833675408154,-35.1421509520745));
#3639=CARTESIAN_POINT('Ctrl Pts',(21.491213147352,-0.326833675408154,8.88178419700125E-15));
#3640=CARTESIAN_POINT('Ctrl Pts',(21.5582851467967,-0.42700862317581,-35.1421509520745));
#3641=CARTESIAN_POINT('Ctrl Pts',(21.5582851467967,-0.42700862317581,8.88178419700125E-15));
#3642=CARTESIAN_POINT('Ctrl Pts',(21.6478790922099,-0.525715001483681,-35.1421509520745));
#3643=CARTESIAN_POINT('Ctrl Pts',(21.6478790922099,-0.525715001483681,1.77635683940025E-14));
#3644=CARTESIAN_POINT('Ctrl Pts',(21.8158763346827,-0.675421535750663,-35.1421509520745));
#3645=CARTESIAN_POINT('Ctrl Pts',(21.8158763346827,-0.675421535750663,1.77635683940025E-14));
#3646=CARTESIAN_POINT('Ctrl Pts',(21.939157274848,-0.785280257368178,-35.1421509520745));
#3647=CARTESIAN_POINT('Ctrl Pts',(21.939157274848,-0.785280257368178,1.77635683940025E-14));
#3648=CARTESIAN_POINT('Ctrl Pts',(22.0951271738631,-0.915218133591557,-35.1421509520745));
#3649=CARTESIAN_POINT('Ctrl Pts',(22.0951271738631,-0.915218133591557,1.77635683940025E-14));
#3650=CARTESIAN_POINT('Ctrl Pts',(22.4098008352307,-1.15650308651602,-35.1421509520745));
#3651=CARTESIAN_POINT('Ctrl Pts',(22.4098008352307,-1.15650308651602,1.77635683940025E-14));
#3652=CARTESIAN_POINT('Ctrl Pts',(22.5239388564936,-1.24402165088402,-35.1421509520745));
#3653=CARTESIAN_POINT('Ctrl Pts',(22.5239388564936,-1.24402165088402,1.77635683940025E-14));
#3654=CARTESIAN_POINT('Ctrl Pts',(22.6604871465142,-1.34726910165834,-35.1421509520745));
#3655=CARTESIAN_POINT('Ctrl Pts',(22.6604871465142,-1.34726910165834,2.66453525910038E-14));
#3656=CARTESIAN_POINT('Ctrl Pts',(22.842553572469,-1.48276293061673,-35.1421509520745));
#3657=CARTESIAN_POINT('Ctrl Pts',(22.842553572469,-1.48276293061673,2.66453525910038E-14));
#3658=CARTESIAN_POINT('Ctrl Pts',(22.9269786465924,-1.54559206835079,-35.1421509520745));
#3659=CARTESIAN_POINT('Ctrl Pts',(22.9269786465924,-1.54559206835079,2.66453525910038E-14));
#3660=CARTESIAN_POINT('Ctrl Pts',(23.0214298142421,-1.61552499154592,-35.1421509520745));
#3661=CARTESIAN_POINT('Ctrl Pts',(23.0214298142421,-1.61552499154592,1.77635683940025E-14));
#3662=CARTESIAN_POINT('Ctrl Pts',(23.130585205734,-1.69590130786524,-35.1421509520745));
#3663=CARTESIAN_POINT('Ctrl Pts',(23.130585205734,-1.69590130786524,1.77635683940025E-14));
#3664=CARTESIAN_POINT('Ctrl Pts',(23.135236317594,-1.69932614316642,-35.1421509520745));
#3665=CARTESIAN_POINT('Ctrl Pts',(23.135236317594,-1.69932614316642,1.77635683940025E-14));
#3666=CARTESIAN_POINT('Ctrl Pts',(23.139887429454,-1.70275097846761,-35.1421509520745));
#3667=CARTESIAN_POINT('Ctrl Pts',(23.139887429454,-1.70275097846761,1.77635683940025E-14));
#3668=CARTESIAN_POINT('Ctrl Pts',(23.144538541314,-1.7061758137688,-35.1421509520745));
#3669=CARTESIAN_POINT('Ctrl Pts',(23.144538541314,-1.7061758137688,1.77635683940025E-14));
#3670=CARTESIAN_POINT('',(22.7558557148388,-1.41810813601726,-8.25));
#3671=CARTESIAN_POINT('',(22.7558557148388,-1.41810813601726,1.77635683940025E-14));
#3672=CARTESIAN_POINT('Ctrl Pts',(22.7558557148388,-1.41810813601726,1.77635683940025E-14));
#3673=CARTESIAN_POINT('Ctrl Pts',(22.7558557148388,-1.41810813601726,-2.74999999999999));
#3674=CARTESIAN_POINT('Ctrl Pts',(22.7558557148388,-1.41810813601726,-5.5));
#3675=CARTESIAN_POINT('Ctrl Pts',(22.7558557148388,-1.41810813601726,-8.25));
#3676=CARTESIAN_POINT('',(22.2268509982132,-1.01468946147562,-8.25));
#3677=CARTESIAN_POINT('Ctrl Pts',(22.7557474409136,-1.41803095610414,-8.24999999999999));
#3678=CARTESIAN_POINT('Ctrl Pts',(22.6158793628195,-1.31350673737599,-8.25));
#3679=CARTESIAN_POINT('Ctrl Pts',(22.5050386506232,-1.22952938208762,-8.25));
#3680=CARTESIAN_POINT('Ctrl Pts',(22.4098008352307,-1.15650308651602,-8.25));
#3681=CARTESIAN_POINT('Ctrl Pts',(22.3410730909392,-1.1038041396963,-8.25));
#3682=CARTESIAN_POINT('Ctrl Pts',(22.2799159521531,-1.05641675436314,-8.25));
#3683=CARTESIAN_POINT('Ctrl Pts',(22.2250165037307,-1.01339003400643,-8.25));
#3684=CARTESIAN_POINT('',(22.2268509982132,-1.01468946147562,-33.8504637364997));
#3685=CARTESIAN_POINT('Ctrl Pts',(22.2268509982132,-1.01468946147562,-33.8504637364997));
#3686=CARTESIAN_POINT('Ctrl Pts',(22.2268509982132,-1.01468946147562,-28.4240009830122));
#3687=CARTESIAN_POINT('Ctrl Pts',(22.2268509982132,-1.01468946147562,-22.9975382295247));
#3688=CARTESIAN_POINT('Ctrl Pts',(22.2268509982132,-1.01468946147562,-14.4640503173582));
#3689=CARTESIAN_POINT('Ctrl Pts',(22.2268509982132,-1.01468946147562,-11.3570251586791));
#3690=CARTESIAN_POINT('Ctrl Pts',(22.2268509982132,-1.01468946147562,-8.25));
#3691=CARTESIAN_POINT('',(22.2278743157027,0.992019861355756,-33.8504637364997));
#3692=CARTESIAN_POINT('Ctrl Pts',(22.2278743157027,0.992019861355759,-33.8504637364997));
#3693=CARTESIAN_POINT('Ctrl Pts',(22.2278743157027,0.992019861355759,-33.8561301145308));
#3694=CARTESIAN_POINT('Ctrl Pts',(22.227827698016,0.991984185411994,-33.8617962374033));
#3695=CARTESIAN_POINT('Ctrl Pts',(22.2272834121492,0.991567635957693,-33.8948732573573));
#3696=CARTESIAN_POINT('Ctrl Pts',(22.2257421323335,0.990388255148156,-33.9222044099165));
#3697=CARTESIAN_POINT('Ctrl Pts',(22.2192348289653,0.985404384432498,-33.989829604014));
#3698=CARTESIAN_POINT('Ctrl Pts',(22.2129783897054,0.980610869744784,-34.0297861225818));
#3699=CARTESIAN_POINT('Ctrl Pts',(22.1877760392648,0.961248091760496,-34.1459872640705));
#3700=CARTESIAN_POINT('Ctrl Pts',(22.1626070455933,0.941872878048698,-34.219307977542));
#3701=CARTESIAN_POINT('Ctrl Pts',(22.093460857255,0.887995104767713,-34.3659884780058));
#3702=CARTESIAN_POINT('Ctrl Pts',(22.047809071898,0.852134986593181,-34.4367601109427));
#3703=CARTESIAN_POINT('Ctrl Pts',(21.9371207374089,0.762866731989441,-34.5703897769328));
#3704=CARTESIAN_POINT('Ctrl Pts',(21.8706815312587,0.708158826832126,-34.6300943161806));
#3705=CARTESIAN_POINT('Ctrl Pts',(21.7180493317974,0.573837690675412,-34.7362439354449));
#3706=CARTESIAN_POINT('Ctrl Pts',(21.6364524448206,0.496493324728836,-34.7733529647172));
#3707=CARTESIAN_POINT('Ctrl Pts',(21.5340615476788,0.377232397729495,-34.8090152081739));
#3708=CARTESIAN_POINT('Ctrl Pts',(21.501390541748,0.334660607871456,-34.8181337982099));
#3709=CARTESIAN_POINT('Ctrl Pts',(21.4479352619366,0.248564187310641,-34.8307521167668));
#3710=CARTESIAN_POINT('Ctrl Pts',(21.4263399721618,0.205672310982353,-34.8347611884504));
#3711=CARTESIAN_POINT('Ctrl Pts',(21.410481787884,0.160217803559315,-34.8374048857603));
#3712=CARTESIAN_POINT('Ctrl Pts',(21.3889724042249,0.0985651942776425,-34.8409906871812));
#3713=CARTESIAN_POINT('Ctrl Pts',(21.379057612509,0.0350092423989955,-34.8421168042733));
#3714=CARTESIAN_POINT('Ctrl Pts',(21.3859853569467,-0.0920216537193591,
-34.8411658770469));
#3715=CARTESIAN_POINT('Ctrl Pts',(21.4013160601015,-0.151360248612439,-34.8392048842261));
#3716=CARTESIAN_POINT('Ctrl Pts',(21.4580273751017,-0.283223789396836,-34.828789612577));
#3717=CARTESIAN_POINT('Ctrl Pts',(21.5055759119356,-0.352744559209234,-34.8182947322658));
#3718=CARTESIAN_POINT('Ctrl Pts',(21.6367429466192,-0.510678376761517,-34.7738843209832));
#3719=CARTESIAN_POINT('Ctrl Pts',(21.731672301261,-0.600900639181528,-34.7306852903278));
#3720=CARTESIAN_POINT('Ctrl Pts',(21.8949710273775,-0.745483105769349,-34.6087471092636));
#3721=CARTESIAN_POINT('Ctrl Pts',(21.9593842540229,-0.799323774131238,-34.5467076864108));
#3722=CARTESIAN_POINT('Ctrl Pts',(22.0800722515406,-0.898398447719719,-34.3905225395185));
#3723=CARTESIAN_POINT('Ctrl Pts',(22.1333097201777,-0.940782501919202,-34.2943051410677));
#3724=CARTESIAN_POINT('Ctrl Pts',(22.1900195004384,-0.985721842595173,-34.1304672469766));
#3725=CARTESIAN_POINT('Ctrl Pts',(22.20488371257,-0.997423161880236,-34.071235730521));
#3726=CARTESIAN_POINT('Ctrl Pts',(22.2194827373079,-1.00890450618486,-33.9779979279889));
#3727=CARTESIAN_POINT('Ctrl Pts',(22.2230186687689,-1.01168086860378,-33.9453251971922));
#3728=CARTESIAN_POINT('Ctrl Pts',(22.226231160418,-1.01420303409242,-33.8918209647672));
#3729=CARTESIAN_POINT('Ctrl Pts',(22.2268509982132,-1.01468946147562,-33.8711413182139));
#3730=CARTESIAN_POINT('Ctrl Pts',(22.2268509982132,-1.01468946147562,-33.8504637364997));
#3731=CARTESIAN_POINT('',(22.2278743157027,0.99201986135576,-8.25));
#3732=CARTESIAN_POINT('Ctrl Pts',(22.2278743157027,0.992019861355763,-8.25));
#3733=CARTESIAN_POINT('Ctrl Pts',(22.2278743157027,0.992019861355763,-11.3570251586791));
#3734=CARTESIAN_POINT('Ctrl Pts',(22.2278743157027,0.992019861355763,-14.4640503173582));
#3735=CARTESIAN_POINT('Ctrl Pts',(22.2278743157027,0.992019861355763,-22.9975382295247));
#3736=CARTESIAN_POINT('Ctrl Pts',(22.2278743157027,0.992019861355763,-28.4240009830122));
#3737=CARTESIAN_POINT('Ctrl Pts',(22.2278743157027,0.992019861355763,-33.8504637364997));
#3738=CARTESIAN_POINT('',(22.75784853251,1.38575978125149,-8.25));
#3739=CARTESIAN_POINT('Ctrl Pts',(22.2278743157027,0.99201986135576,-8.25));
#3740=CARTESIAN_POINT('Ctrl Pts',(22.3985170630417,1.12261214192616,-8.25));
#3741=CARTESIAN_POINT('Ctrl Pts',(22.5831865491384,1.25866186666065,-8.25));
#3742=CARTESIAN_POINT('Ctrl Pts',(22.75784853251,1.38575978125149,-8.25));
#3743=CARTESIAN_POINT('',(22.75784853251,1.38575978125149,1.77635683940025E-14));
#3744=CARTESIAN_POINT('Ctrl Pts',(22.7578485325099,1.38575978125148,-8.25));
#3745=CARTESIAN_POINT('Ctrl Pts',(22.7578485325099,1.38575978125148,-5.49999999999999));
#3746=CARTESIAN_POINT('Ctrl Pts',(22.7578485325099,1.38575978125148,-2.74999999999999));
#3747=CARTESIAN_POINT('Ctrl Pts',(22.7578485325099,1.38575978125148,1.77635683940025E-14));
#3748=CARTESIAN_POINT('Ctrl Pts',(22.7557474464572,-1.41803096024694,2.59953851859425E-14));
#3749=CARTESIAN_POINT('Ctrl Pts',(22.6158793657483,-1.31350673959494,2.39474106057368E-14));
#3750=CARTESIAN_POINT('Ctrl Pts',(22.5050386518815,-1.22952938305241,1.77635683940025E-14));
#3751=CARTESIAN_POINT('Ctrl Pts',(22.4098008352307,-1.15650308651602,1.77635683940025E-14));
#3752=CARTESIAN_POINT('Ctrl Pts',(22.0951271738631,-0.915218133591557,1.77635683940025E-14));
#3753=CARTESIAN_POINT('Ctrl Pts',(21.939157274848,-0.785280257368178,1.77635683940025E-14));
#3754=CARTESIAN_POINT('Ctrl Pts',(21.8158763346827,-0.675421535750663,1.77635683940025E-14));
#3755=CARTESIAN_POINT('Ctrl Pts',(21.6478790922099,-0.525715001483681,1.77635683940025E-14));
#3756=CARTESIAN_POINT('Ctrl Pts',(21.5582851467967,-0.42700862317581,8.88178419700125E-15));
#3757=CARTESIAN_POINT('Ctrl Pts',(21.491213147352,-0.326833675408154,8.88178419700125E-15));
#3758=CARTESIAN_POINT('Ctrl Pts',(21.3570691484627,-0.126483779872843,8.88178419700125E-15));
#3759=CARTESIAN_POINT('Ctrl Pts',(21.3530464910129,0.104339954312153,1.77635683940025E-14));
#3760=CARTESIAN_POINT('Ctrl Pts',(21.4819506878632,0.303039660633412,1.77635683940025E-14));
#3761=CARTESIAN_POINT('Ctrl Pts',(21.5690924532797,0.437364559431568,1.77635683940025E-14));
#3762=CARTESIAN_POINT('Ctrl Pts',(21.6785020712151,0.554428239862842,2.66453525910038E-14));
#3763=CARTESIAN_POINT('Ctrl Pts',(21.9977891233361,0.811794403486602,2.66453525910038E-14));
#3764=CARTESIAN_POINT('Ctrl Pts',(22.1525389020554,0.936532806143533,2.66453525910038E-14));
#3765=CARTESIAN_POINT('Ctrl Pts',(22.3408892097125,1.08253910791825,1.88704701316408E-14));
#3766=CARTESIAN_POINT('Ctrl Pts',(22.7572929799905,1.38537505488367,1.7869286180823E-14));
#3767=CARTESIAN_POINT('Origin',(0.,0.,0.));
#3768=CARTESIAN_POINT('Origin',(0.,0.,0.));
#3769=CARTESIAN_POINT('Origin',(0.,0.,0.));
#3770=CARTESIAN_POINT('',(-15.6009861817585,10.0426259032155,0.));
#3771=CARTESIAN_POINT('',(-24.6006905646312,10.0426259032155,-2.05545179379595E-12));
#3772=CARTESIAN_POINT('',(-15.6009861817585,10.1074778736269,0.));
#3773=CARTESIAN_POINT('',(-15.6009861817585,4.5775,0.));
#3774=CARTESIAN_POINT('',(-12.6009861817585,10.1074778736269,0.));
#3775=CARTESIAN_POINT('',(-7.80049309087926,10.1074778736269,0.));
#3776=CARTESIAN_POINT('',(-12.6009861817585,10.0426259032155,0.));
#3777=CARTESIAN_POINT('',(-12.6009861817585,5.05373893681343,0.));
#3778=CARTESIAN_POINT('',(-5.81370053840939,10.0426259032155,-2.05545179379595E-12));
#3779=CARTESIAN_POINT('',(-24.6006905646312,10.0426259032155,-2.05545179379595E-12));
#3780=CARTESIAN_POINT('',(-5.81370053840939,-10.0056272326592,2.04598077300644E-12));
#3781=CARTESIAN_POINT('',(-5.81370053840939,10.0426259032155,-2.05545179379595E-12));
#3782=CARTESIAN_POINT('',(-20.4872502713533,-10.0056272326592,-1.1574368399955E-12));
#3783=CARTESIAN_POINT('',(-5.81370053840939,-10.0056272326592,2.04598077300644E-12));
#3784=CARTESIAN_POINT('Origin',(0.,0.,0.));
#3785=CARTESIAN_POINT('',(12.6770000000001,-8.95196838300105,0.));
#3786=CARTESIAN_POINT('',(11.0628372237227,-8.95196838300106,0.));
#3787=CARTESIAN_POINT('',(5.53141861186136,-8.95196838300106,0.));
#3788=CARTESIAN_POINT('',(10.8770000000001,-8.7661311592784,0.));
#3789=CARTESIAN_POINT('',(5.96621721018044,-3.85534836945879,-2.22044604925031E-15));
#3790=CARTESIAN_POINT('',(10.8770000000001,-13.0000001937151,0.));
#3791=CARTESIAN_POINT('',(10.8770000000001,-6.50000009685755,0.));
#3792=CARTESIAN_POINT('',(6.50000011175871,-13.0000001937151,0.));
#3793=CARTESIAN_POINT('',(3.25000005587935,-13.0000001937151,0.));
#3794=CARTESIAN_POINT('',(6.50000011175871,12.9956911318784,0.));
#3795=CARTESIAN_POINT('',(6.50000011175871,6.49784556593918,0.));
#3796=CARTESIAN_POINT('',(10.8770000000001,12.9956911318784,0.));
#3797=CARTESIAN_POINT('',(5.43850000000003,12.9956911318784,0.));
#3798=CARTESIAN_POINT('',(10.8770000000001,8.74219947802065,0.));
#3799=CARTESIAN_POINT('',(10.8770000000001,4.37109973901032,0.));
#3800=CARTESIAN_POINT('',(11.0628372237227,8.9280367017433,0.));
#3801=CARTESIAN_POINT('',(6.0651187423562,3.9303182203768,0.));
#3802=CARTESIAN_POINT('',(12.6770000000001,8.9280367017433,0.));
#3803=CARTESIAN_POINT('',(6.33850000000003,8.92803670174329,0.));
#3804=CARTESIAN_POINT('',(12.6770000000001,-4.47598419150053,0.));
#3805=CARTESIAN_POINT('',(-1.73690024576131,-15.0021995968712,0.));
#3806=CARTESIAN_POINT('Origin',(0.0130997542386913,-15.0021995968712,0.));
#3807=CARTESIAN_POINT('',(-1.67472547627076,15.2031003193954,0.));
#3808=CARTESIAN_POINT('Origin',(0.0752745237292361,15.2031003193954,0.));
#3809=CARTESIAN_POINT('',(-5.15000000000001,5.00000000000001,0.));
#3810=CARTESIAN_POINT('',(-4.00000000000001,6.15000000000001,0.));
#3811=CARTESIAN_POINT('Origin',(-4.00000000000001,5.00000000000001,0.));
#3812=CARTESIAN_POINT('',(4.,6.15000000000001,0.));
#3813=CARTESIAN_POINT('',(4.,6.15000000000001,0.));
#3814=CARTESIAN_POINT('',(5.15,5.00000000000001,0.));
#3815=CARTESIAN_POINT('Origin',(4.,5.00000000000001,0.));
#3816=CARTESIAN_POINT('',(5.15,-5.00000000000001,0.));
#3817=CARTESIAN_POINT('',(5.15,-5.00000000000001,0.));
#3818=CARTESIAN_POINT('',(4.,-6.15000000000001,0.));
#3819=CARTESIAN_POINT('Origin',(4.,-5.00000000000001,0.));
#3820=CARTESIAN_POINT('',(-4.,-6.15000000000002,0.));
#3821=CARTESIAN_POINT('',(-4.,-6.15000000000002,0.));
#3822=CARTESIAN_POINT('',(-5.15,-5.00000000000002,0.));
#3823=CARTESIAN_POINT('Origin',(-4.,-5.00000000000002,0.));
#3824=CARTESIAN_POINT('',(-5.15000000000001,5.00000000000001,0.));
#3825=CARTESIAN_POINT('Origin',(0.,0.,0.));
#3826=CARTESIAN_POINT('Origin',(0.,0.,-8.25));
#3827=CARTESIAN_POINT('Origin',(0.,0.,0.));
#3828=CARTESIAN_POINT('Origin',(0.,0.,-8.25));
#3829=CARTESIAN_POINT('Origin',(0.,0.,0.));
#3830=CARTESIAN_POINT('Origin',(0.,0.,-8.25));
#3831=CARTESIAN_POINT('',(-20.4872502713533,-10.0056272326592,0.));
#3832=CARTESIAN_POINT('Origin',(0.,0.,-8.25));
#3833=CARTESIAN_POINT('',(-15.6009861817585,10.0426259032155,-8.25000000000206));
#3834=CARTESIAN_POINT('',(-24.6006905646312,10.0426259032155,-8.25000000000206));
#3835=CARTESIAN_POINT('',(16.4910183050629,14.9368274831732,-8.25));
#3836=CARTESIAN_POINT('Origin',(0.,0.,-8.25));
#3837=CARTESIAN_POINT('',(15.7498489430376,15.2655093940419,-8.25));
#3838=CARTESIAN_POINT('Origin',(15.7498489430376,14.2655093940419,-8.25));
#3839=CARTESIAN_POINT('',(11.8770000000001,15.2655093940419,-8.25));
#3840=CARTESIAN_POINT('',(5.43850000000003,15.2655093940419,-8.25));
#3841=CARTESIAN_POINT('',(10.8770000000001,14.2655093940419,-8.25));
#3842=CARTESIAN_POINT('Origin',(11.8770000000001,14.2655093940419,-8.25));
#3843=CARTESIAN_POINT('',(10.8770000000001,12.9956911318784,-8.25));
#3844=CARTESIAN_POINT('',(10.8770000000001,-7.63275469702093,-8.25));
#3845=CARTESIAN_POINT('',(6.50000011175871,12.9956911318784,-8.25));
#3846=CARTESIAN_POINT('',(5.43850000000003,12.9956911318784,-8.25));
#3847=CARTESIAN_POINT('',(6.50000011175871,9.99158534623721,-8.25));
#3848=CARTESIAN_POINT('',(6.50000011175871,6.49784556593918,-8.25));
#3849=CARTESIAN_POINT('',(-5.81370053840939,9.99158534623721,-8.25));
#3850=CARTESIAN_POINT('',(-2.90685026920469,9.99158534623721,-8.25));
#3851=CARTESIAN_POINT('',(-5.81370053840939,10.0426259032155,-8.25000000000206));
#3852=CARTESIAN_POINT('',(-5.81370053840939,10.0426259032155,-8.25000000000206));
#3853=CARTESIAN_POINT('',(-12.6009861817585,10.0426259032155,-8.25000000000206));
#3854=CARTESIAN_POINT('',(-24.6006905646312,10.0426259032155,-8.25000000000206));
#3855=CARTESIAN_POINT('',(-12.6009861817585,10.1074778736269,-8.25));
#3856=CARTESIAN_POINT('',(-12.6009861817585,5.05373893681343,-8.25));
#3857=CARTESIAN_POINT('',(-15.6009861817585,10.1074778736269,-8.25));
#3858=CARTESIAN_POINT('',(-7.80049309087926,10.1074778736269,-8.25));
#3859=CARTESIAN_POINT('',(-15.6009861817585,4.5775,-8.25));
#3860=CARTESIAN_POINT('',(-3.0994109623346,15.2716962223998,-8.25));
#3861=CARTESIAN_POINT('',(-1.5714740139,12.4880399909406,-8.25));
#3862=CARTESIAN_POINT('',(0.480269285318376,8.75009254089997,-8.25));
#3863=CARTESIAN_POINT('',(1.60321147216384,12.4194440879362,-8.25));
#3864=CARTESIAN_POINT('',(-0.651251158643284,12.468156598397,-8.25));
#3865=CARTESIAN_POINT('',(3.24996000979307,15.134504416391,-8.25));
#3866=CARTESIAN_POINT('',(-1.36580478051085,7.52430797093075,-8.25));
#3867=CARTESIAN_POINT('',(1.72202306135847,17.9181606478502,-8.25));
#3868=CARTESIAN_POINT('',(6.06567178322874,10.0047288506208,-8.25));
#3869=CARTESIAN_POINT('',(-1.45266242470537,17.9867565508546,-8.25));
#3870=CARTESIAN_POINT('',(1.05490317358326,17.9325752068089,-8.25));
#3871=CARTESIAN_POINT('',(-5.24505294619467,11.7340902696218,-8.25));
#3872=CARTESIAN_POINT('Origin',(0.,0.,-8.25));
#3873=CARTESIAN_POINT('',(16.4910183050629,14.9368274831732,-33.8504637364997));
#3874=CARTESIAN_POINT('Origin',(0.,0.,-33.8504637364997));
#3875=CARTESIAN_POINT('',(16.4910183050629,14.9368274831732,-8.25));
#3876=CARTESIAN_POINT('Origin',(-12.6009861817585,10.1074778736269,0.));
#3877=CARTESIAN_POINT('',(-12.6009861817585,10.0426259032155,-5.96978311247643));
#3878=CARTESIAN_POINT('',(-12.6009861817585,10.0426259032155,-1.02772589689797E-12));
#3879=CARTESIAN_POINT('',(-12.6009861817585,10.1074778736269,0.));
#3880=CARTESIAN_POINT('Ctrl Pts',(-12.6009861817585,10.0426259032155,-5.96978311247643));
#3881=CARTESIAN_POINT('Ctrl Pts',(-12.6009861817585,10.0199091279727,-5.98133549401832));
#3882=CARTESIAN_POINT('Ctrl Pts',(-12.6009861817585,9.99854198669531,-5.99222674322069));
#3883=CARTESIAN_POINT('Ctrl Pts',(-12.6009861817585,9.97831070213702,-6.00256193820418));
#3884=CARTESIAN_POINT('Ctrl Pts',(-12.6009861817585,9.95663560422818,-6.01363470832557));
#3885=CARTESIAN_POINT('Ctrl Pts',(-12.6009861817585,9.93626467510043,-6.02406902696155));
#3886=CARTESIAN_POINT('Ctrl Pts',(-12.6009861817585,9.91698923397335,-6.03396747632557));
#3887=CARTESIAN_POINT('Ctrl Pts',(-12.6009861817585,9.89631911599237,-6.04458212918015));
#3888=CARTESIAN_POINT('Ctrl Pts',(-12.6009861817585,9.87690915357787,-6.05458036300989));
#3889=CARTESIAN_POINT('Ctrl Pts',(-12.6009861817585,9.85855561419618,-6.06406233933849));
#3890=CARTESIAN_POINT('Ctrl Pts',(-12.6009861817585,9.83885541976958,-6.07424003712949));
#3891=CARTESIAN_POINT('Ctrl Pts',(-12.6009861817585,9.82037276471575,-6.08382274126266));
#3892=CARTESIAN_POINT('Ctrl Pts',(-12.6009861817585,9.8029087250768,-6.09290826434127));
#3893=CARTESIAN_POINT('Ctrl Pts',(-12.6009861817585,9.78347641356779,-6.10301776468232));
#3894=CARTESIAN_POINT('Ctrl Pts',(-12.6009861817585,9.76530539918425,-6.11251163174441));
#3895=CARTESIAN_POINT('Ctrl Pts',(-12.6009861817585,9.74818081681568,-6.12149553865191));
#3896=CARTESIAN_POINT('Ctrl Pts',(-12.6009861817585,9.72975701420127,-6.13116104313008));
#3897=CARTESIAN_POINT('Ctrl Pts',(-12.6009861817585,9.71254494336758,-6.1402360294848));
#3898=CARTESIAN_POINT('Ctrl Pts',(-12.6009861817585,9.69633626410915,-6.14882299111517));
#3899=CARTESIAN_POINT('Ctrl Pts',(-12.6009861817585,9.67887994885703,-6.15807091976423));
#3900=CARTESIAN_POINT('Ctrl Pts',(-12.6009861817585,9.662587926311,-6.16675256286517));
#3901=CARTESIAN_POINT('Ctrl Pts',(-12.6009861817585,9.64725811252259,-6.17496737450649));
#3902=CARTESIAN_POINT('Ctrl Pts',(-12.6009861817585,9.63073085160519,-6.18382386404101));
#3903=CARTESIAN_POINT('Ctrl Pts',(-12.6009861817585,9.61532247297563,-6.19213750626578));
#3904=CARTESIAN_POINT('Ctrl Pts',(-12.6009861817585,9.600836899566,-6.20000484989016));
#3905=CARTESIAN_POINT('Ctrl Pts',(-12.6009861817585,9.58520280881551,-6.20849597141575));
#3906=CARTESIAN_POINT('Ctrl Pts',(-12.6009861817585,9.57064413435622,-6.21646698281353));
#3907=CARTESIAN_POINT('Ctrl Pts',(-12.6009861817585,9.55697057523349,-6.22401165637567));
#3908=CARTESIAN_POINT('Ctrl Pts',(-12.6009861817585,9.54219631211397,-6.23216366649663));
#3909=CARTESIAN_POINT('Ctrl Pts',(-12.6009861817585,9.52845587403626,-6.2398177042297));
#3910=CARTESIAN_POINT('Ctrl Pts',(-12.6009861817585,9.5155645236895,-6.24706489131346));
#3911=CARTESIAN_POINT('Ctrl Pts',(-12.6009861817585,9.50161931882983,-6.25490452842058));
#3912=CARTESIAN_POINT('Ctrl Pts',(-12.6009861817585,9.4886681693007,-6.26226784582159));
#3913=CARTESIAN_POINT('Ctrl Pts',(-12.6009861817585,9.47653170742419,-6.26924343990135));
#3914=CARTESIAN_POINT('Ctrl Pts',(-12.6009861817585,9.46278324529931,-6.27714555272303));
#3915=CARTESIAN_POINT('Ctrl Pts',(-12.6009861817585,9.45008038286465,-6.2845500446331));
#3916=CARTESIAN_POINT('Ctrl Pts',(-12.6009861817585,9.43822500077195,-6.29155497087513));
#3917=CARTESIAN_POINT('Ctrl Pts',(-12.6009861817585,9.42541618317576,-6.29912324845635));
#3918=CARTESIAN_POINT('Ctrl Pts',(-12.6009861817585,9.4135972713659,-6.3062247968442));
#3919=CARTESIAN_POINT('Ctrl Pts',(-12.6009861817585,9.40258009017065,-6.31295302319357));
#3920=CARTESIAN_POINT('Ctrl Pts',(-12.6009861817585,9.39061559877376,-6.3202597747888));
#3921=CARTESIAN_POINT('Ctrl Pts',(-12.6009861817585,9.37959721433869,-6.32712595987053));
#3922=CARTESIAN_POINT('Ctrl Pts',(-12.6009861817585,9.36934394485513,-6.33364180213853));
#3923=CARTESIAN_POINT('Ctrl Pts',(-12.6009861817585,9.35819473198988,-6.34072700677096));
#3924=CARTESIAN_POINT('Ctrl Pts',(-12.6009861817585,9.34795075362917,-6.34739768717722));
#3925=CARTESIAN_POINT('Ctrl Pts',(-12.6009861817585,9.33843790386055,-6.35374117590017));
#3926=CARTESIAN_POINT('Ctrl Pts',(-12.6009861817585,9.32808009576378,-6.3606481113038));
#3927=CARTESIAN_POINT('Ctrl Pts',(-12.6009861817585,9.31858962003682,-6.36716687352725));
#3928=CARTESIAN_POINT('Ctrl Pts',(-12.6009861817585,9.30979902325165,-6.37338223649464));
#3929=CARTESIAN_POINT('Ctrl Pts',(-12.6009861817585,9.30021456894652,-6.38015889384869));
#3930=CARTESIAN_POINT('Ctrl Pts',(-12.6009861817585,9.29146265410476,-6.3865746054708));
#3931=CARTESIAN_POINT('Ctrl Pts',(-12.6009861817585,9.28338232529684,-6.39271199111089));
#3932=CARTESIAN_POINT('Ctrl Pts',(-12.6009861817585,9.27455998332067,-6.39941297027196));
#3933=CARTESIAN_POINT('Ctrl Pts',(-12.6009861817585,9.2665387679997,-6.40578188606962));
#3934=CARTESIAN_POINT('Ctrl Pts',(-12.6009861817585,9.25916418593878,-6.41189973176296));
#3935=CARTESIAN_POINT('Ctrl Pts',(-12.6009861817585,9.25075714519641,-6.41887409011638));
#3936=CARTESIAN_POINT('Ctrl Pts',(-12.6009861817585,9.24319068967228,-6.42552202277216));
#3937=CARTESIAN_POINT('Ctrl Pts',(-12.6009861817585,9.23629825427165,-6.43193381510885));
#3938=CARTESIAN_POINT('Ctrl Pts',(-12.6009861817585,9.22875496628634,-6.43895107291199));
#3939=CARTESIAN_POINT('Ctrl Pts',(-12.6009861817585,9.22201966219315,-6.44568512502901));
#3940=CARTESIAN_POINT('Ctrl Pts',(-12.6009861817585,9.21593587133311,-6.45222548114872));
#3941=CARTESIAN_POINT('Ctrl Pts',(-12.6009861817585,9.20927020306335,-6.45939138235457));
#3942=CARTESIAN_POINT('Ctrl Pts',(-12.6009861817585,9.20338725807303,-6.46632438654124));
#3943=CARTESIAN_POINT('Ctrl Pts',(-12.6009861817585,9.19814142579185,-6.4731153285882));
#3944=CARTESIAN_POINT('Ctrl Pts',(-12.6009861817585,9.19239070219169,-6.48055987286707));
#3945=CARTESIAN_POINT('Ctrl Pts',(-12.6009861817585,9.18740621220348,-6.4878332745966));
#3946=CARTESIAN_POINT('Ctrl Pts',(-12.6009861817585,9.18305503737938,-6.49503098721591));
#3947=CARTESIAN_POINT('Ctrl Pts',(-12.6009861817585,9.17829100978566,-6.50291164081321));
#3948=CARTESIAN_POINT('Ctrl Pts',(-12.6009861817585,9.1742866978653,-6.51070104909741));
#3949=CARTESIAN_POINT('Ctrl Pts',(-12.6009861817585,9.17092575135881,-6.51850450893946));
#3950=CARTESIAN_POINT('Ctrl Pts',(-12.6009861817585,9.16715804808407,-6.52725237836985));
#3951=CARTESIAN_POINT('Ctrl Pts',(-12.6009861817585,9.16419903671905,-6.53601718946872));
#3952=CARTESIAN_POINT('Ctrl Pts',(-12.6009861817585,9.1619486729802,-6.54493336977463));
#3953=CARTESIAN_POINT('Ctrl Pts',(-12.6009861817585,9.15961252937103,-6.55418941904359));
#3954=CARTESIAN_POINT('Ctrl Pts',(-12.6009861817585,9.15804065542807,-6.56360752983406));
#3955=CARTESIAN_POINT('Ctrl Pts',(-12.6009861817585,9.15717871089302,-6.57333841944636));
#3956=CARTESIAN_POINT('Ctrl Pts',(-12.6009861817585,9.15633405637504,-6.5828741140772));
#3957=CARTESIAN_POINT('Ctrl Pts',(-12.6009861817585,9.15617160377028,-6.59270915720801));
#3958=CARTESIAN_POINT('Ctrl Pts',(-12.6009861817585,9.15668607283749,-6.60300102108453));
#3959=CARTESIAN_POINT('Ctrl Pts',(-12.6009861817585,9.15716838475706,-6.6126495868365));
#3960=CARTESIAN_POINT('Ctrl Pts',(-12.6009861817585,9.15824589827317,-6.62269892231439));
#3961=CARTESIAN_POINT('Ctrl Pts',(-12.6009861817585,9.15994970337249,-6.63330452918645));
#3962=CARTESIAN_POINT('Ctrl Pts',(-12.6009861817585,9.16151930181618,-6.64307474530297));
#3963=CARTESIAN_POINT('Ctrl Pts',(-12.6009861817585,9.1636204668171,-6.65331652719692));
#3964=CARTESIAN_POINT('Ctrl Pts',(-12.6009861817585,9.16630655838666,-6.66418231141106));
#3965=CARTESIAN_POINT('Ctrl Pts',(-12.6009861817585,9.16877001975053,-6.67414751137039));
#3966=CARTESIAN_POINT('Ctrl Pts',(-12.6009861817585,9.17172539665988,-6.68463713840259));
#3967=CARTESIAN_POINT('Ctrl Pts',(-12.6009861817585,9.17523952159833,-6.69580212428166));
#3968=CARTESIAN_POINT('Ctrl Pts',(-12.6009861817585,9.17846122454641,-6.70603803465814));
#3969=CARTESIAN_POINT('Ctrl Pts',(-12.6009861817585,9.18215242291489,-6.71684120528764));
#3970=CARTESIAN_POINT('Ctrl Pts',(-12.6009861817585,9.18638855739059,-6.72836257279704));
#3971=CARTESIAN_POINT('Ctrl Pts',(-12.6009861817585,9.19027552842198,-6.73893429142592));
#3972=CARTESIAN_POINT('Ctrl Pts',(-12.6009861817585,9.19462114331736,-6.75011033776059));
#3973=CARTESIAN_POINT('Ctrl Pts',(-12.6009861817585,9.19950675002789,-6.76204270077401));
#3974=CARTESIAN_POINT('Ctrl Pts',(-12.6009861817585,9.20399519027322,-6.77300504415211));
#3975=CARTESIAN_POINT('Ctrl Pts',(-12.6009861817585,9.20893921889979,-6.78460539516417));
#3976=CARTESIAN_POINT('Ctrl Pts',(-12.6009861817585,9.21442454860565,-6.79699748070355));
#3977=CARTESIAN_POINT('Ctrl Pts',(-12.6009861817585,9.21947072499203,-6.80839746079228));
#3978=CARTESIAN_POINT('Ctrl Pts',(-12.6009861817585,9.22497481533887,-6.82046714596334));
#3979=CARTESIAN_POINT('Ctrl Pts',(-12.6009861817585,9.23102599240567,-6.83336245490791));
#3980=CARTESIAN_POINT('Ctrl Pts',(-12.6009861817585,9.23660028896904,-6.84524151174921));
#3981=CARTESIAN_POINT('Ctrl Pts',(-12.6009861817585,9.24263865335714,-6.85782086216106));
#3982=CARTESIAN_POINT('Ctrl Pts',(-12.6009861817585,9.24923317782979,-6.87125892906329));
#3983=CARTESIAN_POINT('Ctrl Pts',(-12.6009861817585,9.25531616683724,-6.88365460878013));
#3984=CARTESIAN_POINT('Ctrl Pts',(-12.6009861817585,9.26187219157123,-6.89678062872663));
#3985=CARTESIAN_POINT('Ctrl Pts',(-12.6009861817585,9.2689959384527,-6.91079814288427));
#3986=CARTESIAN_POINT('Ctrl Pts',(-12.6009861817585,9.27557573141329,-6.92374530994594));
#3987=CARTESIAN_POINT('Ctrl Pts',(-12.6009861817585,9.28263966789187,-6.9374527047722));
#3988=CARTESIAN_POINT('Ctrl Pts',(-12.6009861817585,9.29028483449378,-6.95208438742656));
#3989=CARTESIAN_POINT('Ctrl Pts',(-12.6009861817585,9.29735525806559,-6.9656160995947));
#3990=CARTESIAN_POINT('Ctrl Pts',(-12.6009861817585,9.30492261762597,-6.97993803580282));
#3991=CARTESIAN_POINT('Ctrl Pts',(-12.6009861817585,9.3130862886254,-6.99521730595583));
#3992=CARTESIAN_POINT('Ctrl Pts',(-12.6009861817585,9.32064560418891,-7.00936545385093));
#3993=CARTESIAN_POINT('Ctrl Pts',(-12.6009861817585,9.32871602161717,-7.02433412523082));
#3994=CARTESIAN_POINT('Ctrl Pts',(-12.6009861817585,9.33739914740929,-7.04029360504635));
#3995=CARTESIAN_POINT('Ctrl Pts',(-12.6009861817585,9.34544913707688,-7.05508938834959));
#3996=CARTESIAN_POINT('Ctrl Pts',(-12.6009861817585,9.35402555324664,-7.07073644424615));
#3997=CARTESIAN_POINT('Ctrl Pts',(-12.6009861817585,9.36323221142363,-7.08740834740452));
#3998=CARTESIAN_POINT('Ctrl Pts',(-12.6009861817585,9.37177751629853,-7.10288263705384));
#3999=CARTESIAN_POINT('Ctrl Pts',(-12.6009861817585,9.38086558262601,-7.11923951280006));
#4000=CARTESIAN_POINT('Ctrl Pts',(-12.6009861817585,9.39060243752922,-7.13665594835608));
#4001=CARTESIAN_POINT('Ctrl Pts',(-12.6009861817585,9.39965007304625,-7.15283956847606));
#4002=CARTESIAN_POINT('Ctrl Pts',(-12.6009861817585,9.40925771307506,-7.16993774608237));
#4003=CARTESIAN_POINT('Ctrl Pts',(-12.6009861817585,9.41953361658136,-7.18813096135969));
#4004=CARTESIAN_POINT('Ctrl Pts',(-12.6009861817585,9.42909261444736,-7.2050549141688));
#4005=CARTESIAN_POINT('Ctrl Pts',(-12.6009861817585,9.4392296987203,-7.22292613299691));
#4006=CARTESIAN_POINT('Ctrl Pts',(-12.6009861817585,9.4500553935175,-7.24192871238741));
#4007=CARTESIAN_POINT('Ctrl Pts',(-12.6009861817585,9.46013653572197,-7.25962436229038));
#4008=CARTESIAN_POINT('Ctrl Pts',(-12.6009861817585,9.47081463969717,-7.2783007936814));
#4009=CARTESIAN_POINT('Ctrl Pts',(-12.6009861817585,9.48220253816896,-7.29814582548132));
#4010=CARTESIAN_POINT('Ctrl Pts',(-12.6009861817585,9.49281815905077,-7.31664505380667));
#4011=CARTESIAN_POINT('Ctrl Pts',(-12.6009861817585,9.5040503828661,-7.33615944966947));
#4012=CARTESIAN_POINT('Ctrl Pts',(-12.6009861817585,9.51601440264382,-7.35688066975223));
#4013=CARTESIAN_POINT('Ctrl Pts',(-12.6009861817585,9.52766622202505,-7.37706117080862));
#4014=CARTESIAN_POINT('Ctrl Pts',(-12.6009861817585,9.54001171755607,-7.39838562642001));
#4015=CARTESIAN_POINT('Ctrl Pts',(-12.6009861817585,9.55318529322739,-7.42107757557673));
#4016=CARTESIAN_POINT('Ctrl Pts',(-12.6009861817585,9.56471217193979,-7.44093303108886));
#4017=CARTESIAN_POINT('Ctrl Pts',(-12.6009861817585,9.57687312930199,-7.46183560623164));
#4018=CARTESIAN_POINT('Ctrl Pts',(-12.6009861817585,9.58978131878586,-7.48397344624376));
#4019=CARTESIAN_POINT('Ctrl Pts',(-12.6009861817585,9.60169586671234,-7.50440716827292));
#4020=CARTESIAN_POINT('Ctrl Pts',(-12.6009861817585,9.61424692870902,-7.5258931239366));
#4021=CARTESIAN_POINT('Ctrl Pts',(-12.6009861817585,9.62754504110094,-7.54861507125096));
#4022=CARTESIAN_POINT('Ctrl Pts',(-12.6009861817585,9.64005540463497,-7.569991023922));
#4023=CARTESIAN_POINT('Ctrl Pts',(-12.6009861817585,9.65322676228779,-7.59246058730343));
#4024=CARTESIAN_POINT('Ctrl Pts',(-12.6009861817585,9.6671730210153,-7.61621309491925));
#4025=CARTESIAN_POINT('Ctrl Pts',(-12.6009861817585,9.68030266508472,-7.6385747889653));
#4026=CARTESIAN_POINT('Ctrl Pts',(-12.6009861817585,9.69411894490092,-7.66207329209659));
#4027=CARTESIAN_POINT('Ctrl Pts',(-12.6009861817585,9.70873930349514,-7.68690379319415));
#4028=CARTESIAN_POINT('Ctrl Pts',(-12.6009861817585,9.72251328926055,-7.71029685612499));
#4029=CARTESIAN_POINT('Ctrl Pts',(-12.6009861817585,9.73700077373732,-7.73487186560066));
#4030=CARTESIAN_POINT('Ctrl Pts',(-12.6009861817585,9.75232291337094,-7.76083016435872));
#4031=CARTESIAN_POINT('Ctrl Pts',(-12.6009861817585,9.76676795187447,-7.78530250529886));
#4032=CARTESIAN_POINT('Ctrl Pts',(-12.6009861817585,9.78195463971974,-7.8110039945362));
#4033=CARTESIAN_POINT('Ctrl Pts',(-12.6009861817585,9.79800803674983,-7.83814244732336));
#4034=CARTESIAN_POINT('Ctrl Pts',(-12.6009861817585,9.81315255493429,-7.86374442994189));
#4035=CARTESIAN_POINT('Ctrl Pts',(-12.6009861817585,9.82906823372256,-7.89062496036416));
#4036=CARTESIAN_POINT('Ctrl Pts',(-12.6009861817585,9.8458842398417,-7.91899866679872));
#4037=CARTESIAN_POINT('Ctrl Pts',(-12.6009861817585,9.8613089973226,-7.94502491449906));
#4038=CARTESIAN_POINT('Ctrl Pts',(-12.6009861817585,9.87749121144271,-7.97230738966827));
#4039=CARTESIAN_POINT('Ctrl Pts',(-12.6009861817585,9.89455298854495,-8.00104898024906));
#4040=CARTESIAN_POINT('Ctrl Pts',(-12.6009861817585,9.91081773073557,-8.02844791754284));
#4041=CARTESIAN_POINT('Ctrl Pts',(-12.6009861817585,9.92788157191751,-8.0571724872692));
#4042=CARTESIAN_POINT('Ctrl Pts',(-12.6009861817585,9.94587364071295,-8.08743723835168));
#4043=CARTESIAN_POINT('Ctrl Pts',(-12.6009861817585,9.96255289386337,-8.11549368091971));
#4044=CARTESIAN_POINT('Ctrl Pts',(-12.6009861817585,9.98002976976068,-8.14487359576427));
#4045=CARTESIAN_POINT('Ctrl Pts',(-12.6009861817585,9.99842954657933,-8.17578512886372));
#4046=CARTESIAN_POINT('Ctrl Pts',(-12.6009861817585,10.0125918493802,-8.1995777267907));
#4047=CARTESIAN_POINT('Ctrl Pts',(-12.6009861817585,10.0273012756705,-8.22427831480963));
#4048=CARTESIAN_POINT('Ctrl Pts',(-12.6009861817585,10.0426259032155,-8.25000000000206));
#4049=CARTESIAN_POINT('Origin',(-15.6009861817585,10.1074778736269,0.));
#4050=CARTESIAN_POINT('',(-15.6009861817585,10.1074778736269,0.));
#4051=CARTESIAN_POINT('Origin',(-15.6009861817585,9.155,0.));
#4052=CARTESIAN_POINT('',(-15.6009861817585,10.0426259032155,-5.96978311247643));
#4053=CARTESIAN_POINT('',(-15.6009861817585,10.0426259032155,-1.02772589689797E-12));
#4054=CARTESIAN_POINT('Ctrl Pts',(-15.6009861817585,10.0426259032155,-8.25000000000206));
#4055=CARTESIAN_POINT('Ctrl Pts',(-15.6009861817585,10.022847506783,-8.21680286779423));
#4056=CARTESIAN_POINT('Ctrl Pts',(-15.6009861817585,10.0040929160348,-8.1853050237571));
#4057=CARTESIAN_POINT('Ctrl Pts',(-15.6009861817585,9.98621898285081,-8.15526863544897));
#4058=CARTESIAN_POINT('Ctrl Pts',(-15.6009861817585,9.96723543998429,-8.12336759502692));
#4059=CARTESIAN_POINT('Ctrl Pts',(-15.6009861817585,9.94924549602453,-8.0931154374417));
#4060=CARTESIAN_POINT('Ctrl Pts',(-15.6009861817585,9.93210897310014,-8.06427925995163));
#4061=CARTESIAN_POINT('Ctrl Pts',(-15.6009861817585,9.91389575138317,-8.03363128682349));
#4062=CARTESIAN_POINT('Ctrl Pts',(-15.6009861817585,9.89664676646713,-8.00458315765961));
#4063=CARTESIAN_POINT('Ctrl Pts',(-15.6009861817585,9.88022473463272,-7.97690677184012));
#4064=CARTESIAN_POINT('Ctrl Pts',(-15.6009861817585,9.86275825840681,-7.9474701625454));
#4065=CARTESIAN_POINT('Ctrl Pts',(-15.6009861817585,9.84622747328534,-7.91958567090282));
#4066=CARTESIAN_POINT('Ctrl Pts',(-15.6009861817585,9.83049791743992,-7.89302987689561));
#4067=CARTESIAN_POINT('Ctrl Pts',(-15.6009861817585,9.81375555023437,-7.8647641801987));
#4068=CARTESIAN_POINT('Ctrl Pts',(-15.6009861817585,9.79792111887492,-7.8380041358083));
#4069=CARTESIAN_POINT('Ctrl Pts',(-15.6009861817585,9.78286291486325,-7.81253088853434));
#4070=CARTESIAN_POINT('Ctrl Pts',(-15.6009861817585,9.76682294701045,-7.78539683808158));
#4071=CARTESIAN_POINT('Ctrl Pts',(-15.6009861817585,9.75166392659244,-7.75972318604809));
#4072=CARTESIAN_POINT('Ctrl Pts',(-15.6009861817585,9.73725683346941,-7.73529553172864));
#4073=CARTESIAN_POINT('Ctrl Pts',(-15.6009861817585,9.72137134422017,-7.70836121286487));
#4074=CARTESIAN_POINT('Ctrl Pts',(-15.6009861817585,9.7064000740016,-7.68294182108625));
#4075=CARTESIAN_POINT('Ctrl Pts',(-15.6009861817585,9.69220366130531,-7.65880575282689));
#4076=CARTESIAN_POINT('Ctrl Pts',(-15.6009861817585,9.67707292371999,-7.63308118965825));
#4077=CARTESIAN_POINT('Ctrl Pts',(-15.6009861817585,9.66282264738131,-7.60881485284088));
#4078=CARTESIAN_POINT('Ctrl Pts',(-15.6009861817585,9.64931764331729,-7.58578205003702));
#4079=CARTESIAN_POINT('Ctrl Pts',(-15.6009861817585,9.63489393323344,-7.56118239286649));
#4080=CARTESIAN_POINT('Ctrl Pts',(-15.6009861817585,9.62132058603396,-7.5379902115096));
#4081=CARTESIAN_POINT('Ctrl Pts',(-15.6009861817585,9.60846591316175,-7.51598660208538));
#4082=CARTESIAN_POINT('Ctrl Pts',(-15.6009861817585,9.59472528662262,-7.49246648744563));
#4083=CARTESIAN_POINT('Ctrl Pts',(-15.6009861817585,9.58180605349946,-7.47030482749672));
#4084=CARTESIAN_POINT('Ctrl Pts',(-15.6009861817585,9.56957990718591,-7.44928830230115));
#4085=CARTESIAN_POINT('Ctrl Pts',(-15.6009861817585,9.55649989700611,-7.42680400050624));
#4086=CARTESIAN_POINT('Ctrl Pts',(-15.6009861817585,9.54421340367426,-7.40563076868212));
#4087=CARTESIAN_POINT('Ctrl Pts',(-15.6009861817585,9.53259539220686,-7.38556067734994));
#4088=CARTESIAN_POINT('Ctrl Pts',(-15.6009861817585,9.52015502047396,-7.36406996032095));
#4089=CARTESIAN_POINT('Ctrl Pts',(-15.6009861817585,9.5084813530911,-7.34384447504343));
#4090=CARTESIAN_POINT('Ctrl Pts',(-15.6009861817585,9.49745252451443,-7.32468149915531));
#4091=CARTESIAN_POINT('Ctrl Pts',(-15.6009861817585,9.48563233519358,-7.30414350626023));
#4092=CARTESIAN_POINT('Ctrl Pts',(-15.6009861817585,9.47455308117584,-7.28482636565105));
#4093=CARTESIAN_POINT('Ctrl Pts',(-15.6009861817585,9.46409597252716,-7.26653238796444));
#4094=CARTESIAN_POINT('Ctrl Pts',(-15.6009861817585,9.45287808857627,-7.24690748727889));
#4095=CARTESIAN_POINT('Ctrl Pts',(-15.6009861817585,9.4423764034256,-7.22846043141735));
#4096=CARTESIAN_POINT('Ctrl Pts',(-15.6009861817585,9.43247511775881,-7.21099839812953));
#4097=CARTESIAN_POINT('Ctrl Pts',(-15.6009861817585,9.42184332873175,-7.19224803982783));
#4098=CARTESIAN_POINT('Ctrl Pts',(-15.6009861817585,9.41190403548102,-7.17463380368281));
#4099=CARTESIAN_POINT('Ctrl Pts',(-15.6009861817585,9.4025443540316,-7.15796757578259));
#4100=CARTESIAN_POINT('Ctrl Pts',(-15.6009861817585,9.39212796507465,-7.13941973169278));
#4101=CARTESIAN_POINT('Ctrl Pts',(-15.6009861817585,9.38242953596175,-7.12204617990281));
#4102=CARTESIAN_POINT('Ctrl Pts',(-15.6009861817585,9.37332743440647,-7.10564400687458));
#4103=CARTESIAN_POINT('Ctrl Pts',(-15.6009861817585,9.36353345217477,-7.08799505072703));
#4104=CARTESIAN_POINT('Ctrl Pts',(-15.6009861817585,9.35443018772647,-7.07147123930463));
#4105=CARTESIAN_POINT('Ctrl Pts',(-15.6009861817585,9.34590004087792,-7.05587608129708));
#4106=CARTESIAN_POINT('Ctrl Pts',(-15.6009861817585,9.33671209882752,-7.03907831560976));
#4107=CARTESIAN_POINT('Ctrl Pts',(-15.6009861817585,9.32818935578429,-7.02335842111078));
#4108=CARTESIAN_POINT('Ctrl Pts',(-15.6009861817585,9.32021811675007,-7.00852601429109));
#4109=CARTESIAN_POINT('Ctrl Pts',(-15.6009861817585,9.3116231420011,-6.99253299720374));
#4110=CARTESIAN_POINT('Ctrl Pts',(-15.6009861817585,9.30366963444005,-6.97757225489768));
#4111=CARTESIAN_POINT('Ctrl Pts',(-15.6009861817585,9.29624771042938,-6.96345920745546));
#4112=CARTESIAN_POINT('Ctrl Pts',(-15.6009861817585,9.28823636821193,-6.94822536072944));
#4113=CARTESIAN_POINT('Ctrl Pts',(-15.6009861817585,9.28084466821338,-6.93397965488154));
#4114=CARTESIAN_POINT('Ctrl Pts',(-15.6009861817585,9.27396648717032,-6.92054301344819));
#4115=CARTESIAN_POINT('Ctrl Pts',(-15.6009861817585,9.2665338128946,-6.90602316023286));
#4116=CARTESIAN_POINT('Ctrl Pts',(-15.6009861817585,9.25970106038276,-6.89244853135892));
#4117=CARTESIAN_POINT('Ctrl Pts',(-15.6009861817585,9.25336587456958,-6.87964524907113));
#4118=CARTESIAN_POINT('Ctrl Pts',(-15.6009861817585,9.24651216984246,-6.86579405055443));
#4119=CARTESIAN_POINT('Ctrl Pts',(-15.6009861817585,9.24024107905363,-6.85284608217728));
#4120=CARTESIAN_POINT('Ctrl Pts',(-15.6009861817585,9.23445410830553,-6.84063234262151));
#4121=CARTESIAN_POINT('Ctrl Pts',(-15.6009861817585,9.22794736341477,-6.82689947772364));
#4122=CARTESIAN_POINT('Ctrl Pts',(-15.6009861817585,9.2220527537567,-6.81409503240943));
#4123=CARTESIAN_POINT('Ctrl Pts',(-15.6009861817585,9.21666521443363,-6.80203589505577));
#4124=CARTESIAN_POINT('Ctrl Pts',(-15.6009861817585,9.21082576434686,-6.78896522838526));
#4125=CARTESIAN_POINT('Ctrl Pts',(-15.6009861817585,9.20558233588068,-6.77677070921634));
#4126=CARTESIAN_POINT('Ctrl Pts',(-15.6009861817585,9.200836076568,-6.76527568388779));
#4127=CARTESIAN_POINT('Ctrl Pts',(-15.6009861817585,9.19568622668315,-6.75280319745905));
#4128=CARTESIAN_POINT('Ctrl Pts',(-15.6009861817585,9.1911219891107,-6.7411547777491));
#4129=CARTESIAN_POINT('Ctrl Pts',(-15.6009861817585,9.18705148087507,-6.73015939546578));
#4130=CARTESIAN_POINT('Ctrl Pts',(-15.6009861817585,9.18263077938205,-6.71821806036401));
#4131=CARTESIAN_POINT('Ctrl Pts',(-15.6009861817585,9.17879268083929,-6.70704751468569));
#4132=CARTESIAN_POINT('Ctrl Pts',(-15.6009861817585,9.1754537215573,-6.69648131541853));
#4133=CARTESIAN_POINT('Ctrl Pts',(-15.6009861817585,9.17182576976315,-6.68500059392682));
#4134=CARTESIAN_POINT('Ctrl Pts',(-15.6009861817585,9.168787315894,-6.67423392908731));
#4135=CARTESIAN_POINT('Ctrl Pts',(-15.6009861817585,9.16626599672608,-6.66401809802028));
#4136=CARTESIAN_POINT('Ctrl Pts',(-15.6009861817585,9.16342424748451,-6.65250395472733));
#4137=CARTESIAN_POINT('Ctrl Pts',(-15.6009861817585,9.16123933931564,-6.64168994497492));
#4138=CARTESIAN_POINT('Ctrl Pts',(-15.6009861817585,9.15964892669382,-6.63139584041042));
#4139=CARTESIAN_POINT('Ctrl Pts',(-15.6009861817585,9.15794580477099,-6.62037221363631));
#4140=CARTESIAN_POINT('Ctrl Pts',(-15.6009861817585,9.15692445333497,-6.60994570072334));
#4141=CARTESIAN_POINT('Ctrl Pts',(-15.6009861817585,9.15655266325142,-6.59994132837153));
#4142=CARTESIAN_POINT('Ctrl Pts',(-15.6009861817585,9.15616595864036,-6.58953562609376));
#4143=CARTESIAN_POINT('Ctrl Pts',(-15.6009861817585,9.15648180535892,-6.57958769204462));
#4144=CARTESIAN_POINT('Ctrl Pts',(-15.6009861817585,9.15751089505756,-6.56993304766896));
#4145=CARTESIAN_POINT('Ctrl Pts',(-15.6009861817585,9.15852376564078,-6.5604305666972));
#4146=CARTESIAN_POINT('Ctrl Pts',(-15.6009861817585,9.16022732702118,-6.55121330341417));
#4147=CARTESIAN_POINT('Ctrl Pts',(-15.6009861817585,9.16267879387464,-6.54213857562359));
#4148=CARTESIAN_POINT('Ctrl Pts',(-15.6009861817585,9.16497087259789,-6.53365386351796));
#4149=CARTESIAN_POINT('Ctrl Pts',(-15.6009861817585,9.16791651848398,-6.52529457398744));
#4150=CARTESIAN_POINT('Ctrl Pts',(-15.6009861817585,9.17160695204109,-6.51694316500006));
#4151=CARTESIAN_POINT('Ctrl Pts',(-15.6009861817585,9.17497871415562,-6.50931290584735));
#4152=CARTESIAN_POINT('Ctrl Pts',(-15.6009861817585,9.17897190331735,-6.50168975033529));
#4153=CARTESIAN_POINT('Ctrl Pts',(-15.6009861817585,9.18369799114032,-6.49397443510871));
#4154=CARTESIAN_POINT('Ctrl Pts',(-15.6009861817585,9.18798948448936,-6.48696859323255));
#4155=CARTESIAN_POINT('Ctrl Pts',(-15.6009861817585,9.19288494922815,-6.47988712047916));
#4156=CARTESIAN_POINT('Ctrl Pts',(-15.6009861817585,9.19850818279658,-6.4726416596347));
#4157=CARTESIAN_POINT('Ctrl Pts',(-15.6009861817585,9.20361152400841,-6.46606607310139));
#4158=CARTESIAN_POINT('Ctrl Pts',(-15.6009861817585,9.209313920981,-6.45935569678883));
#4159=CARTESIAN_POINT('Ctrl Pts',(-15.6009861817585,9.21574746792392,-6.45242818662978));
#4160=CARTESIAN_POINT('Ctrl Pts',(-15.6009861817585,9.22159249965734,-6.44613437746472));
#4161=CARTESIAN_POINT('Ctrl Pts',(-15.6009861817585,9.22804065751859,-6.43966157946239));
#4162=CARTESIAN_POINT('Ctrl Pts',(-15.6009861817585,9.23523024065668,-6.43293052036912));
#4163=CARTESIAN_POINT('Ctrl Pts',(-15.6009861817585,9.24177228715348,-6.42680570051308));
#4164=CARTESIAN_POINT('Ctrl Pts',(-15.6009861817585,9.24892783678947,-6.42046726150017));
#4165=CARTESIAN_POINT('Ctrl Pts',(-15.6009861817585,9.25684026807825,-6.41383724254083));
#4166=CARTESIAN_POINT('Ctrl Pts',(-15.6009861817585,9.2640521447792,-6.4077942353393));
#4167=CARTESIAN_POINT('Ctrl Pts',(-15.6009861817585,9.27189242644946,-6.40150919877099));
#4168=CARTESIAN_POINT('Ctrl Pts',(-15.6009861817585,9.28050895445319,-6.39490440568621));
#4169=CARTESIAN_POINT('Ctrl Pts',(-15.6009861817585,9.28837586303086,-6.38887421541121));
#4170=CARTESIAN_POINT('Ctrl Pts',(-15.6009861817585,9.296889446306,-6.38257768209666));
#4171=CARTESIAN_POINT('Ctrl Pts',(-15.6009861817585,9.30620167527793,-6.3759366305564));
#4172=CARTESIAN_POINT('Ctrl Pts',(-15.6009861817585,9.31471787718556,-6.36986326874727));
#4173=CARTESIAN_POINT('Ctrl Pts',(-15.6009861817585,9.32390163909609,-6.36350196444505));
#4174=CARTESIAN_POINT('Ctrl Pts',(-15.6009861817585,9.33390889391697,-6.3567736466224));
#4175=CARTESIAN_POINT('Ctrl Pts',(-15.6009861817585,9.34307548939679,-6.3506105410711));
#4176=CARTESIAN_POINT('Ctrl Pts',(-15.6009861817585,9.35293265346618,-6.34413968418013));
#4177=CARTESIAN_POINT('Ctrl Pts',(-15.6009861817585,9.36364021430491,-6.33728080192844));
#4178=CARTESIAN_POINT('Ctrl Pts',(-15.6009861817585,9.3734636271407,-6.33098827340908));
#4179=CARTESIAN_POINT('Ctrl Pts',(-15.6009861817585,9.38400241732967,-6.32436934246967));
#4180=CARTESIAN_POINT('Ctrl Pts',(-15.6009861817585,9.3954203062607,-6.3173423108816));
#4181=CARTESIAN_POINT('Ctrl Pts',(-15.6009861817585,9.4059112318866,-6.31088577007914));
#4182=CARTESIAN_POINT('Ctrl Pts',(-15.6009861817585,9.41714393293328,-6.30408488920635));
#4183=CARTESIAN_POINT('Ctrl Pts',(-15.6009861817585,9.42928606519904,-6.29685637768185));
#4184=CARTESIAN_POINT('Ctrl Pts',(-15.6009861817585,9.44077308038136,-6.29001787355341));
#4185=CARTESIAN_POINT('Ctrl Pts',(-15.6009861817585,9.45307339797719,-6.28279695445427));
#4186=CARTESIAN_POINT('Ctrl Pts',(-15.6009861817585,9.46637431908559,-6.27510086007606));
#4187=CARTESIAN_POINT('Ctrl Pts',(-15.6009861817585,9.47801262505545,-6.26836677749513));
#4188=CARTESIAN_POINT('Ctrl Pts',(-15.6009861817585,9.49041701014772,-6.26126889346479));
#4189=CARTESIAN_POINT('Ctrl Pts',(-15.6009861817585,9.50375183733465,-6.25372598339182));
#4190=CARTESIAN_POINT('Ctrl Pts',(-15.6009861817585,9.5158444099837,-6.24688576066047));
#4191=CARTESIAN_POINT('Ctrl Pts',(-15.6009861817585,9.52870195241685,-6.23967965932411));
#4192=CARTESIAN_POINT('Ctrl Pts',(-15.6009861817585,9.54248289018126,-6.23202950504426));
#4193=CARTESIAN_POINT('Ctrl Pts',(-15.6009861817585,9.55529893159865,-6.22491498963347));
#4194=CARTESIAN_POINT('Ctrl Pts',(-15.6009861817585,9.56891325834872,-6.21741658925544));
#4195=CARTESIAN_POINT('Ctrl Pts',(-15.6009861817585,9.5834896351683,-6.20945358106913));
#4196=CARTESIAN_POINT('Ctrl Pts',(-15.6009861817585,9.59705950847353,-6.20204042116293));
#4197=CARTESIAN_POINT('Ctrl Pts',(-15.6009861817585,9.61146282143259,-6.19422476691509));
#4198=CARTESIAN_POINT('Ctrl Pts',(-15.6009861817585,9.6268689646518,-6.18592318764477));
#4199=CARTESIAN_POINT('Ctrl Pts',(-15.6009861817585,9.64122572377191,-6.17818706756562));
#4200=CARTESIAN_POINT('Ctrl Pts',(-15.6009861817585,9.65645300545871,-6.17002913507895));
#4201=CARTESIAN_POINT('Ctrl Pts',(-15.6009861817585,9.67272613796576,-6.16136308485472));
#4202=CARTESIAN_POINT('Ctrl Pts',(-15.6009861817585,9.68790557356273,-6.15327946904185));
#4203=CARTESIAN_POINT('Ctrl Pts',(-15.6009861817585,9.70399464923367,-6.14475391434749));
#4204=CARTESIAN_POINT('Ctrl Pts',(-15.6009861817585,9.72117496908473,-6.13569706449492));
#4205=CARTESIAN_POINT('Ctrl Pts',(-15.6009861817585,9.73721568921086,-6.1272409708384));
#4206=CARTESIAN_POINT('Ctrl Pts',(-15.6009861817585,9.75420732301175,-6.11832190656133));
#4207=CARTESIAN_POINT('Ctrl Pts',(-15.6009861817585,9.7723381168037,-6.1088472768502));
#4208=CARTESIAN_POINT('Ctrl Pts',(-15.6009861817585,9.78950590852796,-6.09987588423432));
#4209=CARTESIAN_POINT('Ctrl Pts',(-15.6009861817585,9.80769456903954,-6.09040661834871));
#4210=CARTESIAN_POINT('Ctrl Pts',(-15.6009861817585,9.82710757180691,-6.08033941867407));
#4211=CARTESIAN_POINT('Ctrl Pts',(-15.6009861817585,9.84445317711135,-6.07134433047624));
#4212=CARTESIAN_POINT('Ctrl Pts',(-15.6009861817585,9.8627762003123,-6.06187189943477));
#4213=CARTESIAN_POINT('Ctrl Pts',(-15.6009861817585,9.88226039588234,-6.0518317783522));
#4214=CARTESIAN_POINT('Ctrl Pts',(-15.6009861817585,9.90069728930847,-6.04233132750118));
#4215=CARTESIAN_POINT('Ctrl Pts',(-15.6009861817585,9.9201734704568,-6.03232277629651));
#4216=CARTESIAN_POINT('Ctrl Pts',(-15.6009861817585,9.94088484754028,-6.02170981483755));
#4217=CARTESIAN_POINT('Ctrl Pts',(-15.6009861817585,9.95991514631499,-6.01195827457856));
#4218=CARTESIAN_POINT('Ctrl Pts',(-15.6009861817585,9.9799880712095,-6.00169655338893));
#4219=CARTESIAN_POINT('Ctrl Pts',(-15.6009861817585,10.0012942963724,-5.99083092410537));
#4220=CARTESIAN_POINT('Ctrl Pts',(-15.6009861817585,10.0145731834791,-5.98405903168906));
#4221=CARTESIAN_POINT('Ctrl Pts',(-15.6009861817585,10.0283318751734,-5.97705219287841));
#4222=CARTESIAN_POINT('Ctrl Pts',(-15.6009861817585,10.0426259032155,-5.96978311247643));
#4223=CARTESIAN_POINT('Origin',(-5.81370053840939,10.0426259032155,-2.05545179379595E-12));
#4224=CARTESIAN_POINT('',(-5.81370053840939,10.0426259032155,-5.96978311247643));
#4225=CARTESIAN_POINT('',(-5.81370053840939,10.0426259032155,-5.96978311247643));
#4226=CARTESIAN_POINT('',(-5.81370053840939,10.0426259032155,-2.05545179379595E-12));
#4227=CARTESIAN_POINT('Ctrl Pts',(-5.81370053840939,10.0426259032155,-8.25000000000206));
#4228=CARTESIAN_POINT('Ctrl Pts',(-20.5637005384094,10.0426259032155,-8.25000000000206));
#4229=CARTESIAN_POINT('Ctrl Pts',(-5.81370053840939,8.99999979883432,-6.49999985471368));
#4230=CARTESIAN_POINT('Ctrl Pts',(-20.5637005384094,8.99999979883432,-6.49999985471368));
#4231=CARTESIAN_POINT('Ctrl Pts',(-5.81370053840939,10.0426259032155,-5.96978311247643));
#4232=CARTESIAN_POINT('Ctrl Pts',(-20.5637005384094,10.0426259032155,-5.96978311247643));
#4233=CARTESIAN_POINT('Ctrl Pts',(-5.81370053840939,10.0426259032155,-5.96978311247643));
#4234=CARTESIAN_POINT('Ctrl Pts',(-5.81370053840939,8.99999979883432,-6.49999985471368));
#4235=CARTESIAN_POINT('Ctrl Pts',(-5.81370053840939,10.0426259032155,-8.25000000000206));
#4236=CARTESIAN_POINT('Origin',(13.4520254000511,-0.0122071411035374,-16.0504637364997));
#4237=CARTESIAN_POINT('',(12.3770000000001,8.9280367017433,-16.0504637364997));
#4238=CARTESIAN_POINT('',(12.6770000000001,8.9280367017433,-16.0504637364997));
#4239=CARTESIAN_POINT('',(13.0645127000256,8.92803670174331,-16.0504637364997));
#4240=CARTESIAN_POINT('',(12.3770000000001,10.4351131535365,-16.0504637364997));
#4241=CARTESIAN_POINT('',(12.3770000000001,-10.4595274357435,-16.0504637364997));
#4242=CARTESIAN_POINT('',(14.5770508001021,10.4351131535365,-16.0504637364997));
#4243=CARTESIAN_POINT('',(12.3770000000001,10.4351131535365,-16.0504637364997));
#4244=CARTESIAN_POINT('',(14.5770508001021,9.16943157477878,-16.0504637364997));
#4245=CARTESIAN_POINT('',(14.5770508001021,-10.4595274357435,-16.0504637364997));
#4246=CARTESIAN_POINT('',(16.6270000149012,9.16943157477878,-16.0504637364997));
#4247=CARTESIAN_POINT('',(16.6270000149012,9.16943157477878,-16.0504637364997));
#4248=CARTESIAN_POINT('',(16.6270000149012,-9.21056842522124,-16.0504637364997));
#4249=CARTESIAN_POINT('',(16.6270000149012,9.16943157477878,-16.0504637364997));
#4250=CARTESIAN_POINT('',(14.5770508001021,-9.21056842522124,-16.0504637364997));
#4251=CARTESIAN_POINT('',(16.6270000149012,-9.21056842522124,-16.0504637364997));
#4252=CARTESIAN_POINT('',(14.5770508001021,-10.4595274357435,-16.0504637364997));
#4253=CARTESIAN_POINT('',(14.5770508001021,-10.4595274357435,-16.0504637364997));
#4254=CARTESIAN_POINT('',(12.3770000000001,-10.4595274357435,-16.0504637364997));
#4255=CARTESIAN_POINT('',(12.3770000000001,-10.4595274357435,-16.0504637364997));
#4256=CARTESIAN_POINT('',(12.3770000000001,-8.95196838300105,-16.0504637364997));
#4257=CARTESIAN_POINT('',(12.3770000000001,-10.4595274357435,-16.0504637364997));
#4258=CARTESIAN_POINT('',(12.6770000000001,-8.95196838300105,-16.0504637364997));
#4259=CARTESIAN_POINT('',(12.2574313118869,-8.95196838300105,-16.0504637364997));
#4260=CARTESIAN_POINT('',(12.6770000000001,-4.4820877620523,-16.0504637364997));
#4261=CARTESIAN_POINT('Origin',(12.3770000000001,10.4351131535365,-34.8504637364997));
#4262=CARTESIAN_POINT('',(12.3770000000001,10.4351131535365,-34.8504637364997));
#4263=CARTESIAN_POINT('',(12.3770000000001,8.9280367017433,-34.8504637364997));
#4264=CARTESIAN_POINT('',(12.3770000000001,5.21755657676823,-34.8504637364997));
#4265=CARTESIAN_POINT('',(12.3770000000001,10.4351131535365,-34.8504637364997));
#4266=CARTESIAN_POINT('',(12.3770000000001,8.9280367017433,-34.8504637364997));
#4267=CARTESIAN_POINT('Origin',(14.5770508001021,10.4351131535365,-34.8504637364997));
#4268=CARTESIAN_POINT('',(14.5770508001021,10.4351131535365,-34.8504637364997));
#4269=CARTESIAN_POINT('',(15.570275400051,10.4351131535365,-34.8504637364997));
#4270=CARTESIAN_POINT('',(14.5770508001021,10.4351131535365,-34.8504637364997));
#4271=CARTESIAN_POINT('Origin',(14.5770508001021,9.16943157477878,-34.8504637364997));
#4272=CARTESIAN_POINT('',(14.5770508001021,9.16943157477878,-34.8504637364997));
#4273=CARTESIAN_POINT('',(14.5770508001021,4.58471578738939,-34.8504637364997));
#4274=CARTESIAN_POINT('',(14.5770508001021,9.16943157477878,-34.8504637364997));
#4275=CARTESIAN_POINT('Origin',(16.6270000149012,-9.21056842522124,-34.8504637364997));
#4276=CARTESIAN_POINT('',(16.6270000149012,-9.21056842522124,-19.6504637364997));
#4277=CARTESIAN_POINT('',(16.6270000149012,9.16943157477878,-19.6504637364997));
#4278=CARTESIAN_POINT('',(16.6270000149012,-4.61556842522124,-19.6504637364997));
#4279=CARTESIAN_POINT('',(16.6270000149012,-9.21056842522124,-34.8504637364997));
#4280=CARTESIAN_POINT('',(16.6270000149012,9.16943157477878,-34.8504637364997));
#4281=CARTESIAN_POINT('Origin',(14.5770508001021,-10.4595274357435,-34.8504637364997));
#4282=CARTESIAN_POINT('',(14.5770508001021,-10.4595274357435,-34.8504637364997));
#4283=CARTESIAN_POINT('',(14.5770508001021,-9.21056842522124,-34.8504637364997));
#4284=CARTESIAN_POINT('',(14.5770508001021,-5.22976371787177,-34.8504637364997));
#4285=CARTESIAN_POINT('',(14.5770508001021,-10.4595274357435,-34.8504637364997));
#4286=CARTESIAN_POINT('',(14.5770508001021,-9.21056842522124,-34.8504637364997));
#4287=CARTESIAN_POINT('Origin',(12.3770000000001,-10.4595274357435,-34.8504637364997));
#4288=CARTESIAN_POINT('',(12.3770000000001,-10.4595274357435,-34.8504637364997));
#4289=CARTESIAN_POINT('',(14.47025,-10.4595274357435,-34.8504637364997));
#4290=CARTESIAN_POINT('',(12.3770000000001,-10.4595274357435,-34.8504637364997));
#4291=CARTESIAN_POINT('Origin',(12.3770000000001,-8.95196838300105,-34.8504637364997));
#4292=CARTESIAN_POINT('',(12.3770000000001,-8.95196838300105,-34.8504637364997));
#4293=CARTESIAN_POINT('',(12.3770000000001,-4.47598419150053,-34.8504637364997));
#4294=CARTESIAN_POINT('',(12.3770000000001,-8.95196838300105,-34.8504637364997));
#4295=CARTESIAN_POINT('Origin',(19.1698728372269,9.16943157477878,-34.8504637364997));
#4296=CARTESIAN_POINT('',(19.1698728372269,9.16943157477878,-34.8504637364997));
#4297=CARTESIAN_POINT('',(17.8666864186135,9.16943157477878,-34.8504637364997));
#4298=CARTESIAN_POINT('',(19.1698728372269,9.16943157477878,-19.6504637364997));
#4299=CARTESIAN_POINT('',(19.1698728372269,9.16943157477878,-34.8504637364997));
#4300=CARTESIAN_POINT('',(16.6270000149012,9.16943157477878,-19.6504637364997));
#4301=CARTESIAN_POINT('Origin',(11.0628372237227,8.9280367017433,-34.8504637364997));
#4302=CARTESIAN_POINT('',(11.0628372237227,8.9280367017433,-34.4311004333458));
#4303=CARTESIAN_POINT('',(11.0628372237227,8.9280367017433,-34.8504637364997));
#4304=CARTESIAN_POINT('',(10.8770000000001,8.74219947802065,-33.8504637364997));
#4305=CARTESIAN_POINT('',(10.8770000000001,8.74219947802065,-21.5502318682498));
#4306=CARTESIAN_POINT('Origin',(11.8770000000001,9.74219947802065,-33.8504637364997));
#4307=CARTESIAN_POINT('Origin',(12.6770000000001,8.9280367017433,-34.8504637364997));
#4308=CARTESIAN_POINT('',(12.6770000000001,8.9280367017433,-34.8504637364997));
#4309=CARTESIAN_POINT('',(11.8770000000001,8.9280367017433,-34.8504637364997));
#4310=CARTESIAN_POINT('Origin',(11.8770000000001,8.9280367017433,-33.8504637364997));
#4311=CARTESIAN_POINT('',(14.62025,8.92803670174331,-34.8504637364997));
#4312=CARTESIAN_POINT('Origin',(16.5635,-2.22044604925031E-15,-34.8504637364997));
#4313=CARTESIAN_POINT('',(19.150141756246,-9.21056842522124,-34.8504637364997));
#4314=CARTESIAN_POINT('',(15.570275400051,-9.21056842522124,-34.8504637364997));
#4315=CARTESIAN_POINT('',(15.7498489430376,-14.2655093940419,-34.8504637364997));
#4316=CARTESIAN_POINT('Origin',(0.,0.,-34.8504637364997));
#4317=CARTESIAN_POINT('',(11.8770000000001,-14.2655093940419,-34.8504637364997));
#4318=CARTESIAN_POINT('',(16.3753697547887,-14.2655093940419,-34.8504637364997));
#4319=CARTESIAN_POINT('',(11.8770000000001,-8.95196838300106,-34.8504637364997));
#4320=CARTESIAN_POINT('',(11.8770000000001,-7.63275469702093,-34.8504637364997));
#4321=CARTESIAN_POINT('',(13.8131686118614,-8.95196838300105,-34.8504637364997));
#4322=CARTESIAN_POINT('Origin',(16.5635,-2.22044604925031E-15,-34.8504637364997));
#4323=CARTESIAN_POINT('',(11.8770000000001,14.2655093940419,-34.8504637364997));
#4324=CARTESIAN_POINT('',(11.8770000000001,-7.63275469702093,-34.8504637364997));
#4325=CARTESIAN_POINT('',(15.7498489430376,14.2655093940419,-34.8504637364997));
#4326=CARTESIAN_POINT('',(13.72025,14.2655093940419,-34.8504637364997));
#4327=CARTESIAN_POINT('Origin',(0.,0.,-34.8504637364997));
#4328=CARTESIAN_POINT('Origin',(12.6770000000001,-8.95196838300105,-34.8504637364997));
#4329=CARTESIAN_POINT('',(12.6770000000001,-8.95196838300105,-34.8504637364997));
#4330=CARTESIAN_POINT('Origin',(11.0628372237227,-8.95196838300106,-34.8504637364997));
#4331=CARTESIAN_POINT('',(11.0628372237227,-8.95196838300106,-34.4311004333458));
#4332=CARTESIAN_POINT('Origin',(11.8770000000001,-8.95196838300106,-33.8504637364997));
#4333=CARTESIAN_POINT('',(11.0628372237227,-8.95196838300106,-34.8504637364997));
#4334=CARTESIAN_POINT('Origin',(-2.22044604925031E-15,-1.11022302462516E-15,
-34.8504637364997));
#4335=CARTESIAN_POINT('',(20.3770000149012,6.02829747048994,-34.8504637364997));
#4336=CARTESIAN_POINT('Origin',(0.,0.,-34.8504637364997));
#4337=CARTESIAN_POINT('',(20.3770000149012,6.02829747048994,-19.6504637364997));
#4338=CARTESIAN_POINT('',(20.3770000149012,6.02829747048994,-34.8504637364997));
#4339=CARTESIAN_POINT('Origin',(-2.22044604925031E-15,-1.11022302462516E-15,
-19.6504637364997));
#4340=CARTESIAN_POINT('Origin',(20.3770000149012,-6.02829747048992,-34.8504637364997));
#4341=CARTESIAN_POINT('',(20.3770000149012,-6.02829747048992,-34.8504637364997));
#4342=CARTESIAN_POINT('',(20.3770000149012,-3.01414873524496,-34.8504637364997));
#4343=CARTESIAN_POINT('',(20.3770000149012,-6.02829747048992,-19.6504637364997));
#4344=CARTESIAN_POINT('',(20.3770000149012,-6.02829747048992,-34.8504637364997));
#4345=CARTESIAN_POINT('',(20.3770000149012,5.8969495912965,-19.6504637364997));
#4346=CARTESIAN_POINT('Origin',(-2.22044604925031E-15,-1.11022302462516E-15,
-34.8504637364997));
#4347=CARTESIAN_POINT('Origin',(0.,0.,-34.8504637364997));
#4348=CARTESIAN_POINT('',(19.150141756246,-9.21056842522124,-19.6504637364997));
#4349=CARTESIAN_POINT('',(19.150141756246,-9.21056842522124,-34.8504637364997));
#4350=CARTESIAN_POINT('Origin',(-2.22044604925031E-15,-1.11022302462516E-15,
-19.6504637364997));
#4351=CARTESIAN_POINT('Origin',(14.5770508001021,-9.21056842522124,-34.8504637364997));
#4352=CARTESIAN_POINT('',(18.4770000149012,-9.21056842522124,-19.6504637364997));
#4353=CARTESIAN_POINT('Origin',(17.4770254075016,-0.0205684252212324,-19.6504637364997));
#4354=CARTESIAN_POINT('Origin',(16.5635,-2.22044604925031E-15,-34.8504637364997));
#4355=CARTESIAN_POINT('Origin',(0.,0.,-34.8504637364997));
#4356=CARTESIAN_POINT('Origin',(10.8770000000001,-8.7661311592784,-34.8504637364997));
#4357=CARTESIAN_POINT('',(10.8770000000001,-8.7661311592784,-33.8504637364997));
#4358=CARTESIAN_POINT('',(10.8770000000001,-8.7661311592784,-21.5502318682498));
#4359=CARTESIAN_POINT('Origin',(11.8770000000001,-9.7661311592784,-33.8504637364997));
#4360=CARTESIAN_POINT('Origin',(6.50000011175871,-13.0000001937151,-34.8504637364997));
#4361=CARTESIAN_POINT('',(6.50000011175871,-13.0000001937151,-8.25));
#4362=CARTESIAN_POINT('',(10.8770000000001,-13.0000001937151,-8.25));
#4363=CARTESIAN_POINT('',(3.25000005587935,-13.0000001937151,-8.25));
#4364=CARTESIAN_POINT('',(6.50000011175871,-13.0000001937151,-34.8504637364997));
#4365=CARTESIAN_POINT('',(10.8770000000001,-13.0000001937151,-34.8504637364997));
#4366=CARTESIAN_POINT('Origin',(10.8770000000001,12.9956911318784,-34.8504637364997));
#4367=CARTESIAN_POINT('',(10.8770000000001,12.9956911318784,-34.8504637364997));
#4368=CARTESIAN_POINT('',(6.50000011175871,12.9956911318784,-34.8504637364997));
#4369=CARTESIAN_POINT('Origin',(11.8770000000001,-7.63275469702093,-33.8504637364997));
#4370=CARTESIAN_POINT('',(10.8770000000001,14.2655093940419,-33.8504637364997));
#4371=CARTESIAN_POINT('',(10.8770000000001,-7.63275469702093,-33.8504637364997));
#4372=CARTESIAN_POINT('Origin',(11.8770000000001,14.2655093940419,-33.8504637364997));
#4373=CARTESIAN_POINT('Origin',(11.8770000000001,-7.63275469702093,-33.8504637364997));
#4374=CARTESIAN_POINT('',(10.8770000000001,-14.2655093940419,-33.8504637364997));
#4375=CARTESIAN_POINT('Origin',(11.8770000000001,-14.2655093940419,-33.8504637364997));
#4376=CARTESIAN_POINT('',(10.8770000000001,-7.63275469702093,-33.8504637364997));
#4377=CARTESIAN_POINT('Origin',(10.8770000000001,-15.2655093940419,-8.25));
#4378=CARTESIAN_POINT('',(10.8770000000001,14.2655093940419,-8.25));
#4379=CARTESIAN_POINT('Origin',(10.8770000000001,-15.2655093940419,-8.25));
#4380=CARTESIAN_POINT('',(10.8770000000001,-14.2655093940419,-8.25));
#4381=CARTESIAN_POINT('',(10.8770000000001,-14.2655093940419,-8.25));
#4382=CARTESIAN_POINT('',(10.8770000000001,-7.63275469702093,-8.25));
#4383=CARTESIAN_POINT('Origin',(16.3753697547887,-14.2655093940419,-33.8504637364997));
#4384=CARTESIAN_POINT('',(15.7498489430376,-15.2655093940419,-33.8504637364997));
#4385=CARTESIAN_POINT('Origin',(15.7498489430376,-14.2655093940419,-33.8504637364997));
#4386=CARTESIAN_POINT('',(11.8770000000001,-15.2655093940419,-33.8504637364997));
#4387=CARTESIAN_POINT('',(16.3753697547887,-15.2655093940419,-33.8504637364997));
#4388=CARTESIAN_POINT('Origin',(11.8770000000001,-14.2655093940419,-33.8504637364997));
#4389=CARTESIAN_POINT('Origin',(0.,0.,-33.8504637364997));
#4390=CARTESIAN_POINT('',(16.4910183050629,-14.9368274831732,-33.8504637364997));
#4391=CARTESIAN_POINT('Origin',(0.,0.,-33.8504637364997));
#4392=CARTESIAN_POINT('Origin',(15.7498489430376,-14.2655093940419,-33.8504637364997));
#4393=CARTESIAN_POINT('Origin',(15.7498489430376,14.2655093940419,-33.8504637364997));
#4394=CARTESIAN_POINT('Origin',(15.7498489430376,-14.2655093940419,-33.8504637364997));
#4395=CARTESIAN_POINT('Origin',(15.7498489430376,-14.2655093940419,-33.8504637364997));
#4396=CARTESIAN_POINT('Origin',(13.72025,14.2655093940419,-33.8504637364997));
#4397=CARTESIAN_POINT('',(11.8770000000001,15.2655093940419,-33.8504637364997));
#4398=CARTESIAN_POINT('Origin',(11.8770000000001,14.2655093940419,-33.8504637364997));
#4399=CARTESIAN_POINT('',(15.7498489430376,15.2655093940419,-33.8504637364997));
#4400=CARTESIAN_POINT('',(13.72025,15.2655093940419,-33.8504637364997));
#4401=CARTESIAN_POINT('Origin',(15.7498489430376,14.2655093940419,-33.8504637364997));
#4402=CARTESIAN_POINT('Origin',(15.7498489430376,14.2655093940419,-33.8504637364997));
#4403=CARTESIAN_POINT('Origin',(15.7498489430376,14.2655093940419,-33.8504637364997));
#4404=CARTESIAN_POINT('Origin',(11.8770000000001,14.2655093940419,-33.8504637364997));
#4405=CARTESIAN_POINT('Origin',(11.8770000000001,14.2655093940419,-33.8504637364997));
#4406=CARTESIAN_POINT('Origin',(11.8770000000001,-14.2655093940419,-33.8504637364997));
#4407=CARTESIAN_POINT('Origin',(11.8770000000001,-14.2655093940419,-33.8504637364997));
#4408=CARTESIAN_POINT('Origin',(15.7498489430376,14.2655093940419,-8.25));
#4409=CARTESIAN_POINT('',(15.7498489430376,15.2655093940419,-8.25));
#4410=CARTESIAN_POINT('Origin',(10.8770000000001,15.2655093940419,-8.25));
#4411=CARTESIAN_POINT('',(11.8770000000001,15.2655093940419,-8.25));
#4412=CARTESIAN_POINT('Origin',(11.8770000000001,14.2655093940419,-8.25));
#4413=CARTESIAN_POINT('Origin',(11.8770000000001,-14.2655093940419,-8.25));
#4414=CARTESIAN_POINT('',(11.8770000000001,-15.2655093940419,-8.25));
#4415=CARTESIAN_POINT('',(11.8770000000001,-15.2655093940419,-8.25));
#4416=CARTESIAN_POINT('Origin',(11.8770000000001,-14.2655093940419,-8.25));
#4417=CARTESIAN_POINT('Origin',(16.1872395095773,-15.2655093940419,-8.25));
#4418=CARTESIAN_POINT('',(15.7498489430376,-15.2655093940419,-8.25));
#4419=CARTESIAN_POINT('',(15.7498489430376,-15.2655093940419,-8.25));
#4420=CARTESIAN_POINT('',(8.09361975478864,-15.2655093940419,-8.25));
#4421=CARTESIAN_POINT('Origin',(15.7498489430376,-14.2655093940419,-8.25));
#4422=CARTESIAN_POINT('',(16.4910183050629,-14.9368274831732,-8.25));
#4423=CARTESIAN_POINT('',(16.4910183050629,-14.9368274831732,-8.25));
#4424=CARTESIAN_POINT('Origin',(15.7498489430376,-14.2655093940419,-8.25));
#4425=CARTESIAN_POINT('Origin',(0.,0.,-8.25));
#4426=CARTESIAN_POINT('Origin',(0.,0.,-8.25));
#4427=CARTESIAN_POINT('Origin',(0.0130997542386913,-15.0021995968712,-8.25));
#4428=CARTESIAN_POINT('',(-1.73690024576131,-15.0021995968712,-5.85));
#4429=CARTESIAN_POINT('Origin',(0.0130997542386913,-15.0021995968712,-5.85));
#4430=CARTESIAN_POINT('',(-1.73690024576131,-15.0021995968712,-8.25));
#4431=CARTESIAN_POINT('Origin',(0.0752745237292361,15.2031003193954,-8.25));
#4432=CARTESIAN_POINT('',(-1.67472547627076,15.2031003193954,-5.85));
#4433=CARTESIAN_POINT('Origin',(0.0752745237292361,15.2031003193954,-5.85));
#4434=CARTESIAN_POINT('',(-1.67472547627076,15.2031003193954,-8.25));
#4435=CARTESIAN_POINT('Origin',(3.18852622912208,-15.0023891831892,-8.25));
#4436=CARTESIAN_POINT('',(3.18852622912208,-15.0023891831892,-8.25));
#4437=CARTESIAN_POINT('',(1.60097717824796,-12.2522943949315,-8.25));
#4438=CARTESIAN_POINT('',(-0.457845708347033,-8.68581681916594,-8.25));
#4439=CARTESIAN_POINT('',(3.18852622912208,-15.0023891831892,-5.85));
#4440=CARTESIAN_POINT('',(3.18852622912208,-15.0023891831892,-8.25));
#4441=CARTESIAN_POINT('',(1.60097717824796,-12.2522943949315,-5.85));
#4442=CARTESIAN_POINT('',(3.18852622912208,-15.0023891831892,-5.85));
#4443=CARTESIAN_POINT('',(1.60097717824796,-12.2522943949315,-8.25));
#4444=CARTESIAN_POINT('Origin',(1.60097717824796,-12.2522943949315,-8.25));
#4445=CARTESIAN_POINT('',(-1.57444929663543,-12.2521048086136,-8.25));
#4446=CARTESIAN_POINT('',(0.800122835221394,-12.2522465805585,-8.25));
#4447=CARTESIAN_POINT('',(-1.57444929663543,-12.2521048086136,-5.85));
#4448=CARTESIAN_POINT('',(1.60097717824796,-12.2522943949315,-5.85));
#4449=CARTESIAN_POINT('',(-1.57444929663543,-12.2521048086136,-8.25));
#4450=CARTESIAN_POINT('Origin',(-1.57444929663543,-12.2521048086136,-8.25));
#4451=CARTESIAN_POINT('',(-3.1623267206447,-15.0020100105533,-8.25));
#4452=CARTESIAN_POINT('',(1.27523893073955,-7.31698049619749,-8.25));
#4453=CARTESIAN_POINT('',(-3.1623267206447,-15.0020100105533,-5.85));
#4454=CARTESIAN_POINT('',(-1.57444929663543,-12.2521048086136,-5.85));
#4455=CARTESIAN_POINT('',(-3.1623267206447,-15.0020100105533,-8.25));
#4456=CARTESIAN_POINT('Origin',(-3.1623267206447,-15.0020100105533,-8.25));
#4457=CARTESIAN_POINT('',(-1.57477766977058,-17.7521047988109,-8.25));
#4458=CARTESIAN_POINT('',(-6.01492413267675,-10.0604850406588,-8.25));
#4459=CARTESIAN_POINT('',(-1.57477766977058,-17.7521047988109,-5.85));
#4460=CARTESIAN_POINT('',(-3.1623267206447,-15.0020100105533,-5.85));
#4461=CARTESIAN_POINT('',(-1.57477766977058,-17.7521047988109,-8.25));
#4462=CARTESIAN_POINT('Origin',(1.60064880511281,-17.7522943851289,-8.25));
#4463=CARTESIAN_POINT('',(1.60064880511281,-17.7522943851289,-8.25));
#4464=CARTESIAN_POINT('',(5.24427574449242,-11.442217471743,-8.25));
#4465=CARTESIAN_POINT('',(1.60064880511281,-17.7522943851289,-5.85));
#4466=CARTESIAN_POINT('',(1.60064880511281,-17.7522943851289,-8.25));
#4467=CARTESIAN_POINT('',(1.60064880511281,-17.7522943851289,-5.85));
#4468=CARTESIAN_POINT('Origin',(-1.57477766977058,-17.7521047988109,-8.25));
#4469=CARTESIAN_POINT('',(-0.787918775355457,-17.7521517775969,-8.25));
#4470=CARTESIAN_POINT('',(-1.57477766977058,-17.7521047988109,-5.85));
#4471=CARTESIAN_POINT('Origin',(0.0130997542386913,-15.0021995968712,-5.85));
#4472=CARTESIAN_POINT('Origin',(3.24996000979307,15.134504416391,-8.25));
#4473=CARTESIAN_POINT('',(3.24996000979307,15.134504416391,-5.85));
#4474=CARTESIAN_POINT('',(3.24996000979307,15.134504416391,-8.25));
#4475=CARTESIAN_POINT('',(1.72202306135847,17.9181606478502,-5.85));
#4476=CARTESIAN_POINT('',(3.24996000979307,15.134504416391,-5.85));
#4477=CARTESIAN_POINT('',(1.72202306135847,17.9181606478502,-8.25));
#4478=CARTESIAN_POINT('Origin',(1.72202306135847,17.9181606478502,-8.25));
#4479=CARTESIAN_POINT('',(-1.45266242470537,17.9867565508546,-5.85));
#4480=CARTESIAN_POINT('',(1.72202306135847,17.9181606478502,-5.85));
#4481=CARTESIAN_POINT('',(-1.45266242470537,17.9867565508546,-8.25));
#4482=CARTESIAN_POINT('Origin',(-1.45266242470537,17.9867565508546,-8.25));
#4483=CARTESIAN_POINT('',(-3.0994109623346,15.2716962223998,-5.85));
#4484=CARTESIAN_POINT('',(-1.45266242470537,17.9867565508546,-5.85));
#4485=CARTESIAN_POINT('',(-3.0994109623346,15.2716962223998,-8.25));
#4486=CARTESIAN_POINT('Origin',(-3.0994109623346,15.2716962223998,-8.25));
#4487=CARTESIAN_POINT('',(-1.5714740139,12.4880399909406,-5.85));
#4488=CARTESIAN_POINT('',(-3.0994109623346,15.2716962223998,-5.85));
#4489=CARTESIAN_POINT('',(-1.5714740139,12.4880399909406,-8.25));
#4490=CARTESIAN_POINT('Origin',(1.60321147216384,12.4194440879362,-8.25));
#4491=CARTESIAN_POINT('',(1.60321147216384,12.4194440879362,-5.85));
#4492=CARTESIAN_POINT('',(1.60321147216384,12.4194440879362,-8.25));
#4493=CARTESIAN_POINT('',(1.60321147216384,12.4194440879362,-5.85));
#4494=CARTESIAN_POINT('Origin',(-1.5714740139,12.4880399909406,-8.25));
#4495=CARTESIAN_POINT('',(-1.5714740139,12.4880399909406,-5.85));
#4496=CARTESIAN_POINT('Origin',(0.0752745237292357,15.2031003193954,-5.85));
#4497=CARTESIAN_POINT('Origin',(0.343149786674661,-0.0042073827607475,-18.3));
#4498=CARTESIAN_POINT('',(-5.07261661097929,-5.41472111816416,-18.3));
#4499=CARTESIAN_POINT('',(-5.07261661097929,-3.50000000000001,-18.3));
#4500=CARTESIAN_POINT('',(-5.07261661097929,2.70525686770171,-18.3));
#4501=CARTESIAN_POINT('',(-4.,-6.15000000000002,-18.3));
#4502=CARTESIAN_POINT('Origin',(-4.,-5.00000000000002,-18.3));
#4503=CARTESIAN_POINT('',(4.,-6.15000000000001,-18.3));
#4504=CARTESIAN_POINT('',(-1.82842510666267,-6.15000000000002,-18.3));
#4505=CARTESIAN_POINT('',(5.15000000000001,-5.00000000000001,-18.3));
#4506=CARTESIAN_POINT('Origin',(4.,-5.00000000000001,-18.3));
#4507=CARTESIAN_POINT('',(5.15,5.00000000000001,-18.3));
#4508=CARTESIAN_POINT('',(5.15,-2.50210369138037,-18.3));
#4509=CARTESIAN_POINT('',(4.,6.15000000000001,-18.3));
#4510=CARTESIAN_POINT('Origin',(4.,5.00000000000001,-18.3));
#4511=CARTESIAN_POINT('',(-4.00000000000001,6.15000000000001,-18.3));
#4512=CARTESIAN_POINT('',(2.17157489333733,6.15000000000001,-18.3));
#4513=CARTESIAN_POINT('',(-5.07261661097929,5.41472111816417,-18.3));
#4514=CARTESIAN_POINT('Origin',(-4.00000000000001,5.00000000000001,-18.3));
#4515=CARTESIAN_POINT('',(-5.07261661097929,3.50000000000001,-18.3));
#4516=CARTESIAN_POINT('',(-5.07261661097929,2.70525686770171,-18.3));
#4517=CARTESIAN_POINT('',(-5.,3.50000000000001,-18.3));
#4518=CARTESIAN_POINT('',(-2.32842510666267,3.50000000000001,-18.3));
#4519=CARTESIAN_POINT('',(5.,3.50000000000002,-18.3));
#4520=CARTESIAN_POINT('Origin',(-3.46944695195353E-16,3.50000000000001,
-18.3));
#4521=CARTESIAN_POINT('',(5.09881611945667,3.50000000000002,-18.3));
#4522=CARTESIAN_POINT('',(2.72098295306567,3.50000000000002,-18.3));
#4523=CARTESIAN_POINT('',(5.09881611945667,-3.5,-18.3));
#4524=CARTESIAN_POINT('',(5.09881611945667,-1.75210369138037,-18.3));
#4525=CARTESIAN_POINT('',(5.,-3.5,-18.3));
#4526=CARTESIAN_POINT('',(2.67157489333733,-3.5,-18.3));
#4527=CARTESIAN_POINT('',(-5.,-3.50000000000001,-18.3));
#4528=CARTESIAN_POINT('Origin',(1.45716771982052E-15,-3.5,-18.3));
#4529=CARTESIAN_POINT('',(-2.36473341215231,-3.50000000000001,-18.3));
#4530=CARTESIAN_POINT('Ctrl Pts',(-5.,3.50000000000001,-18.3));
#4531=CARTESIAN_POINT('Ctrl Pts',(-5.,6.00000000000001,-18.3));
#4532=CARTESIAN_POINT('Ctrl Pts',(-2.49800180540659E-15,6.00000000000002,
-18.3));
#4533=CARTESIAN_POINT('Ctrl Pts',(5.,6.00000000000002,-18.3));
#4534=CARTESIAN_POINT('Ctrl Pts',(5.,3.50000000000001,-18.3));
#4535=CARTESIAN_POINT('Ctrl Pts',(-5.,3.50000000000001,-22.3));
#4536=CARTESIAN_POINT('Ctrl Pts',(-5.,6.00000000000001,-22.3));
#4537=CARTESIAN_POINT('Ctrl Pts',(-2.49800180540659E-15,6.00000000000002,
-22.3));
#4538=CARTESIAN_POINT('Ctrl Pts',(5.,6.00000000000002,-22.3));
#4539=CARTESIAN_POINT('Ctrl Pts',(5.,3.50000000000001,-22.3));
#4540=CARTESIAN_POINT('',(-5.,3.50000000000001,-22.3));
#4541=CARTESIAN_POINT('',(-5.,3.50000000000001,-18.3));
#4542=CARTESIAN_POINT('',(5.,3.50000000000002,-22.3));
#4543=CARTESIAN_POINT('Origin',(-3.46944695195353E-16,3.50000000000001,
-22.3));
#4544=CARTESIAN_POINT('',(5.,3.50000000000002,-18.3));
#4545=CARTESIAN_POINT('Origin',(5.09881611945667,3.50000000000002,-18.3));
#4546=CARTESIAN_POINT('',(5.09881611945667,3.50000000000002,-22.3));
#4547=CARTESIAN_POINT('',(2.72098295306567,3.50000000000002,-22.3));
#4548=CARTESIAN_POINT('',(5.09881611945667,3.50000000000002,-18.3));
#4549=CARTESIAN_POINT('Origin',(5.09881611945667,-3.5,-18.3));
#4550=CARTESIAN_POINT('',(5.09881611945667,-3.5,-22.3));
#4551=CARTESIAN_POINT('',(5.09881611945667,-1.75210369138037,-22.3));
#4552=CARTESIAN_POINT('',(5.09881611945667,-3.5,-18.3));
#4553=CARTESIAN_POINT('Origin',(5.,-3.5,-18.3));
#4554=CARTESIAN_POINT('',(5.,-3.5,-22.3));
#4555=CARTESIAN_POINT('',(2.67157489333733,-3.5,-22.3));
#4556=CARTESIAN_POINT('',(5.,-3.5,-18.3));
#4557=CARTESIAN_POINT('Ctrl Pts',(5.,-3.5,-18.3));
#4558=CARTESIAN_POINT('Ctrl Pts',(5.,-6.,-18.3));
#4559=CARTESIAN_POINT('Ctrl Pts',(2.90662555752559E-15,-6.00000000000001,
-18.3));
#4560=CARTESIAN_POINT('Ctrl Pts',(-5.,-6.00000000000001,-18.3));
#4561=CARTESIAN_POINT('Ctrl Pts',(-5.,-3.50000000000001,-18.3));
#4562=CARTESIAN_POINT('Ctrl Pts',(5.,-3.5,-22.3));
#4563=CARTESIAN_POINT('Ctrl Pts',(5.,-6.,-22.3));
#4564=CARTESIAN_POINT('Ctrl Pts',(2.90662555752559E-15,-6.00000000000001,
-22.3));
#4565=CARTESIAN_POINT('Ctrl Pts',(-5.,-6.00000000000001,-22.3));
#4566=CARTESIAN_POINT('Ctrl Pts',(-5.,-3.50000000000001,-22.3));
#4567=CARTESIAN_POINT('',(-5.,-3.50000000000001,-22.3));
#4568=CARTESIAN_POINT('Origin',(1.45716771982052E-15,-3.5,-22.3));
#4569=CARTESIAN_POINT('',(-5.,-3.50000000000001,-18.3));
#4570=CARTESIAN_POINT('Origin',(-5.07261661097929,-3.50000000000001,-18.3));
#4571=CARTESIAN_POINT('',(-5.07261661097929,-3.50000000000001,-22.3));
#4572=CARTESIAN_POINT('',(-2.36473341215231,-3.50000000000001,-22.3));
#4573=CARTESIAN_POINT('',(-5.07261661097929,-3.50000000000001,-18.3));
#4574=CARTESIAN_POINT('Origin',(-5.,3.50000000000001,-18.3));
#4575=CARTESIAN_POINT('',(-5.07261661097929,3.50000000000001,-22.3));
#4576=CARTESIAN_POINT('',(-5.07261661097929,3.50000000000001,-18.3));
#4577=CARTESIAN_POINT('',(-2.32842510666267,3.50000000000001,-22.3));
#4578=CARTESIAN_POINT('Origin',(0.343149786674661,-0.0042073827607475,-22.3));
#4579=CARTESIAN_POINT('',(6.50000011175871,9.99158534623721,-22.3));
#4580=CARTESIAN_POINT('',(6.50000011175871,-10.0000001117587,-22.3));
#4581=CARTESIAN_POINT('',(6.50000011175871,4.99368898173823,-22.3));
#4582=CARTESIAN_POINT('',(-5.81370053840939,-10.0000001117587,-22.3));
#4583=CARTESIAN_POINT('',(3.42157494921668,-10.0000001117587,-22.3));
#4584=CARTESIAN_POINT('',(-5.81370053840939,9.99158534623721,-22.3));
#4585=CARTESIAN_POINT('',(-5.81370053840939,-5.00210374725973,-22.3));
#4586=CARTESIAN_POINT('',(-2.73527537586736,9.99158534623721,-22.3));
#4587=CARTESIAN_POINT('',(-5.07261661097929,1.74789630861963,-22.3));
#4588=CARTESIAN_POINT('Origin',(-5.07261661097929,5.41472111816417,-8.25));
#4589=CARTESIAN_POINT('',(-5.07261661097929,5.41472111816417,-8.25));
#4590=CARTESIAN_POINT('',(-5.07261661097929,5.41472111816417,-8.25));
#4591=CARTESIAN_POINT('',(-5.07261661097929,-5.41472111816416,-8.25));
#4592=CARTESIAN_POINT('',(-5.07261661097929,6.05481954771898,-8.25));
#4593=CARTESIAN_POINT('',(-5.07261661097929,-5.41472111816416,-8.25));
#4594=CARTESIAN_POINT('Origin',(6.50000011175871,-10.0000001117587,-8.25));
#4595=CARTESIAN_POINT('',(6.50000011175871,-10.0000001117587,-8.25));
#4596=CARTESIAN_POINT('',(6.50000011175871,-10.0000001117587,-18.3));
#4597=CARTESIAN_POINT('',(-5.81370053840939,-10.0000001117587,-8.25));
#4598=CARTESIAN_POINT('',(3.25000005587935,-10.0000001117587,-8.25));
#4599=CARTESIAN_POINT('',(-5.81370053840939,-10.0000001117587,-8.25));
#4600=CARTESIAN_POINT('Origin',(6.50000011175871,9.99158534623721,-8.25));
#4601=CARTESIAN_POINT('',(6.50000011175871,9.99158534623721,-8.25));
#4602=CARTESIAN_POINT('',(6.50000011175871,6.49784556593918,-8.25));
#4603=CARTESIAN_POINT('Origin',(-5.81370053840938,9.99158534623721,-8.25));
#4604=CARTESIAN_POINT('',(-5.81370053840939,9.99158534623721,-8.25));
#4605=CARTESIAN_POINT('Origin',(0.343149786674661,-0.00420738276074806,
-8.25));
#4606=CARTESIAN_POINT('',(-5.15,-5.00000000000002,-8.25));
#4607=CARTESIAN_POINT('Origin',(-4.,-5.00000000000002,-8.25));
#4608=CARTESIAN_POINT('',(-5.15000000000001,5.00000000000001,-8.25));
#4609=CARTESIAN_POINT('Origin',(-4.00000000000001,5.00000000000001,-8.25));
#4610=CARTESIAN_POINT('',(-5.15000000000001,5.00000000000001,-8.25));
#4611=CARTESIAN_POINT('Origin',(0.,0.,-8.25));
#4612=CARTESIAN_POINT('',(-5.81370053840939,10.0426259032155,-8.25000000000206));
#4613=CARTESIAN_POINT('Ctrl Pts',(-15.6009861817585,14.710973779036,-16.0856080157744));
#4614=CARTESIAN_POINT('Ctrl Pts',(-20.6582617454237,14.710973779036,-16.0856080157744));
#4615=CARTESIAN_POINT('Ctrl Pts',(-15.6009861817585,12.3767998411257,-12.1678040078882));
#4616=CARTESIAN_POINT('Ctrl Pts',(-20.6582617454237,12.3767998411257,-12.1678040078882));
#4617=CARTESIAN_POINT('Ctrl Pts',(-15.6009861817585,10.0426259032155,-8.25000000000206));
#4618=CARTESIAN_POINT('Ctrl Pts',(-20.6582617454237,10.0426259032155,-8.25000000000206));
#4619=CARTESIAN_POINT('Ctrl Pts',(-15.6009861817585,8.99999979883432,-6.49999985471368));
#4620=CARTESIAN_POINT('Ctrl Pts',(-20.6582617454237,8.99999979883432,-6.49999985471368));
#4621=CARTESIAN_POINT('Ctrl Pts',(-15.6009861817585,10.0426259032155,-5.96978311247643));
#4622=CARTESIAN_POINT('Ctrl Pts',(-20.6582617454237,10.0426259032155,-5.96978311247643));
#4623=CARTESIAN_POINT('Ctrl Pts',(-15.6009861817585,14.1076218355278,-3.90257139450629));
#4624=CARTESIAN_POINT('Ctrl Pts',(-20.6582617454237,14.1076218355278,-3.90257139450629));
#4625=CARTESIAN_POINT('Ctrl Pts',(-15.6009861817585,18.17261776784,-1.83535967653616));
#4626=CARTESIAN_POINT('Ctrl Pts',(-20.6582617454237,18.17261776784,-1.83535967653616));
#4627=CARTESIAN_POINT('',(-5.81370053840939,10.0426259032155,-5.96978311247643));
#4628=CARTESIAN_POINT('Origin',(-5.81370053840939,10.0426259032155,-2.05545179379595E-12));
#4629=CARTESIAN_POINT('Origin',(-5.81370053840939,-10.0056272326592,2.04598077300644E-12));
#4630=CARTESIAN_POINT('',(-5.81370053840939,-10.0056272326592,2.04598077300644E-12));
#4631=CARTESIAN_POINT('Origin',(4.,6.15000000000001,0.));
#4632=CARTESIAN_POINT('',(-4.00000000000001,6.15000000000001,0.));
#4633=CARTESIAN_POINT('',(4.,6.15000000000001,0.));
#4634=CARTESIAN_POINT('Origin',(4.,5.00000000000001,0.));
#4635=CARTESIAN_POINT('',(5.15,5.00000000000001,0.));
#4636=CARTESIAN_POINT('Origin',(5.15,-5.00000000000001,0.));
#4637=CARTESIAN_POINT('',(5.15,-5.00000000000001,0.));
#4638=CARTESIAN_POINT('Origin',(4.,-5.00000000000001,0.));
#4639=CARTESIAN_POINT('',(4.,-6.15000000000001,0.));
#4640=CARTESIAN_POINT('Origin',(-4.,-6.15000000000002,0.));
#4641=CARTESIAN_POINT('',(-4.,-6.15000000000002,0.));
#4642=CARTESIAN_POINT('Origin',(-4.,-5.00000000000002,0.));
#4643=CARTESIAN_POINT('',(-5.15,-5.00000000000002,0.));
#4644=CARTESIAN_POINT('Origin',(-5.15000000000001,5.00000000000001,0.));
#4645=CARTESIAN_POINT('',(-5.15000000000001,5.00000000000001,0.));
#4646=CARTESIAN_POINT('Origin',(-4.00000000000001,5.00000000000001,0.));
#4647=CARTESIAN_POINT('Origin',(-20.7095973809504,-10.0056272326592,-1.20597796740138E-12));
#4648=UNCERTAINTY_MEASURE_WITH_UNIT(LENGTH_MEASURE(0.01),#4652,
'DISTANCE_ACCURACY_VALUE',
'Maximum model space distance between geometric entities at asserted c
onnectivities');
#4649=UNCERTAINTY_MEASURE_WITH_UNIT(LENGTH_MEASURE(0.01),#4652,
'DISTANCE_ACCURACY_VALUE',
'Maximum model space distance between geometric entities at asserted c
onnectivities');
#4650=(
GEOMETRIC_REPRESENTATION_CONTEXT(3)
GLOBAL_UNCERTAINTY_ASSIGNED_CONTEXT((#4648))
GLOBAL_UNIT_ASSIGNED_CONTEXT((#4652,#4654,#4655))
REPRESENTATION_CONTEXT('','3D')
);
#4651=(
GEOMETRIC_REPRESENTATION_CONTEXT(3)
GLOBAL_UNCERTAINTY_ASSIGNED_CONTEXT((#4649))
GLOBAL_UNIT_ASSIGNED_CONTEXT((#4652,#4654,#4655))
REPRESENTATION_CONTEXT('','3D')
);
#4652=(
LENGTH_UNIT()
NAMED_UNIT(*)
SI_UNIT(.MILLI.,.METRE.)
);
#4653=(
LENGTH_UNIT()
NAMED_UNIT(*)
SI_UNIT($,.METRE.)
);
#4654=(
NAMED_UNIT(*)
PLANE_ANGLE_UNIT()
SI_UNIT($,.RADIAN.)
);
#4655=(
NAMED_UNIT(*)
SI_UNIT($,.STERADIAN.)
SOLID_ANGLE_UNIT()
);
#4656=SHAPE_DEFINITION_REPRESENTATION(#4657,#4658);
#4657=PRODUCT_DEFINITION_SHAPE('',$,#4660);
#4658=SHAPE_REPRESENTATION('',(#2499),#4650);
#4659=PRODUCT_DEFINITION_CONTEXT('part definition',#4664,'design');
#4660=PRODUCT_DEFINITION('Base','Base',#4661,#4659);
#4661=PRODUCT_DEFINITION_FORMATION('',$,#4666);
#4662=PRODUCT_RELATED_PRODUCT_CATEGORY('Base','Base',(#4666));
#4663=APPLICATION_PROTOCOL_DEFINITION('international standard',
'automotive_design',2009,#4664);
#4664=APPLICATION_CONTEXT(
'Core Data for Automotive Mechanical Design Process');
#4665=PRODUCT_CONTEXT('part definition',#4664,'mechanical');
#4666=PRODUCT('Base','Base',$,(#4665));
#4667=PRESENTATION_STYLE_ASSIGNMENT((#4668));
#4668=SURFACE_STYLE_USAGE(.BOTH.,#4669);
#4669=SURFACE_SIDE_STYLE('',(#4670));
#4670=SURFACE_STYLE_FILL_AREA(#4671);
#4671=FILL_AREA_STYLE('Plastic - Glossy (Grey)',(#4672));
#4672=FILL_AREA_STYLE_COLOUR('Plastic - Glossy (Grey)',#4673);
#4673=COLOUR_RGB('Plastic - Glossy (Grey)',0.701960784313725,0.701960784313725,
0.701960784313725);
ENDSEC;
END-ISO-10303-21;
