ISO-10303-21;
HEADER;
/* Generated by software containing ST-Developer
 * from STEP Tools, Inc. (www.steptools.com) 
 */

FILE_DESCRIPTION(
/* description */ (''),
/* implementation_level */ '2;1');

FILE_NAME(
/* name */ 'Pin Coupler (2).step',
/* time_stamp */ '2026-05-23T12:59:53+01:00',
/* author */ (''),
/* organization */ (''),
/* preprocessor_version */ 'ST-DEVELOPER v20.1',
/* originating_system */ 'Autodesk Translation Framework v15.8.0.0',
/* authorisation */ '');

FILE_SCHEMA (('AUTOMOTIVE_DESIGN { 1 0 10303 214 3 1 1 }'));
ENDSEC;

DATA;
#10=MECHANICAL_DESIGN_GEOMETRIC_PRESENTATION_REPRESENTATION('',(#13),#1715);
#11=SHAPE_REPRESENTATION_RELATIONSHIP('SRR','None',#1722,#12);
#12=ADVANCED_BREP_SHAPE_REPRESENTATION('',(#14),#1714);
#13=STYLED_ITEM('',(#1731),#14);
#14=MANIFOLD_SOLID_BREP('Pin Coupler Body',#824);
#15=FACE_BOUND('',#163,.T.);
#16=FACE_BOUND('',#168,.T.);
#17=CYLINDRICAL_SURFACE('',#888,2.49520007254261);
#18=CYLINDRICAL_SURFACE('',#890,2.49520007254261);
#19=CYLINDRICAL_SURFACE('',#892,2.49520007254261);
#20=CYLINDRICAL_SURFACE('',#894,2.49520007254261);
#21=CYLINDRICAL_SURFACE('',#900,2.075);
#22=CYLINDRICAL_SURFACE('',#904,1.505);
#23=(
BOUNDED_CURVE()
B_SPLINE_CURVE(2,(#1195,#1196,#1197),.UNSPECIFIED.,.F.,.F.)
B_SPLINE_CURVE_WITH_KNOTS((3,3),(0.235826120135213,0.341522147025349),
 .UNSPECIFIED.)
CURVE()
GEOMETRIC_REPRESENTATION_ITEM()
RATIONAL_B_SPLINE_CURVE((3.85419722107708,4.44879651128668,5.00304142064107))
REPRESENTATION_ITEM('')
);
#24=(
BOUNDED_CURVE()
B_SPLINE_CURVE(2,(#1205,#1206,#1207,#1208),.UNSPECIFIED.,.F.,.F.)
B_SPLINE_CURVE_WITH_KNOTS((3,1,3),(0.409694748964343,0.443647499192751,
0.54633639878712),.UNSPECIFIED.)
CURVE()
GEOMETRIC_REPRESENTATION_ITEM()
RATIONAL_B_SPLINE_CURVE((4.49417908172358,4.62523466734653,5.14350381057524,
5.51217437474731))
REPRESENTATION_ITEM('')
);
#25=(
BOUNDED_CURVE()
B_SPLINE_CURVE(2,(#1225,#1226,#1227),.UNSPECIFIED.,.F.,.F.)
B_SPLINE_CURVE_WITH_KNOTS((3,3),(3.19488430090666,3.23668862585518),
 .UNSPECIFIED.)
CURVE()
GEOMETRIC_REPRESENTATION_ITEM()
RATIONAL_B_SPLINE_CURVE((3.73773085685837,3.57985608677483,3.41738107653732))
REPRESENTATION_ITEM('')
);
#26=(
BOUNDED_CURVE()
B_SPLINE_CURVE(2,(#1230,#1231,#1232),.UNSPECIFIED.,.F.,.F.)
B_SPLINE_CURVE_WITH_KNOTS((3,3),(3.2407497527038,3.3353114981395),
 .UNSPECIFIED.)
CURVE()
GEOMETRIC_REPRESENTATION_ITEM()
RATIONAL_B_SPLINE_CURVE((4.99308117357979,4.50500339329436,3.98504263870606))
REPRESENTATION_ITEM('')
);
#27=(
BOUNDED_CURVE()
B_SPLINE_CURVE(2,(#1234,#1235,#1236),.UNSPECIFIED.,.F.,.F.)
B_SPLINE_CURVE_WITH_KNOTS((3,3),(15498.4276301049,17931.7269542501),
 .UNSPECIFIED.)
CURVE()
GEOMETRIC_REPRESENTATION_ITEM()
RATIONAL_B_SPLINE_CURVE((18103.967412568,17802.4956511448,16960.1229762744))
REPRESENTATION_ITEM('')
);
#28=(
BOUNDED_CURVE()
B_SPLINE_CURVE(2,(#1237,#1238,#1239,#1240),.UNSPECIFIED.,.F.,.F.)
B_SPLINE_CURVE_WITH_KNOTS((3,1,3),(11699.429439159,13985.1992275611,17931.7269542375),
 .UNSPECIFIED.)
CURVE()
GEOMETRIC_REPRESENTATION_ITEM()
RATIONAL_B_SPLINE_CURVE((17726.8618717875,18236.9512998855,18326.3532153625,
16960.1229762143))
REPRESENTATION_ITEM('')
);
#29=(
BOUNDED_CURVE()
B_SPLINE_CURVE(2,(#1264,#1265,#1266),.UNSPECIFIED.,.F.,.F.)
B_SPLINE_CURVE_WITH_KNOTS((3,3),(4.17561261091669,4.31377901955665),
 .UNSPECIFIED.)
CURVE()
GEOMETRIC_REPRESENTATION_ITEM()
RATIONAL_B_SPLINE_CURVE((5.49921954815567,5.01121795008833,4.48599540144013))
REPRESENTATION_ITEM('')
);
#30=(
BOUNDED_CURVE()
B_SPLINE_CURVE(2,(#1306,#1307,#1308,#1309),.UNSPECIFIED.,.F.,.F.)
B_SPLINE_CURVE_WITH_KNOTS((3,1,3),(0.419225787928741,0.433835487728073,
0.55891526571324),.UNSPECIFIED.)
CURVE()
GEOMETRIC_REPRESENTATION_ITEM()
RATIONAL_B_SPLINE_CURVE((4.47784995241254,4.5325525040401,5.05165628423874,
5.48633887681904))
REPRESENTATION_ITEM('')
);
#31=(
BOUNDED_CURVE()
B_SPLINE_CURVE(2,(#1312,#1313,#1314),.UNSPECIFIED.,.F.,.F.)
B_SPLINE_CURVE_WITH_KNOTS((3,3),(4.17561259870284,4.31377900977999),
 .UNSPECIFIED.)
CURVE()
GEOMETRIC_REPRESENTATION_ITEM()
RATIONAL_B_SPLINE_CURVE((5.49921952749636,5.01121793351668,4.48599538838254))
REPRESENTATION_ITEM('')
);
#32=(
BOUNDED_CURVE()
B_SPLINE_CURVE(2,(#1359,#1360,#1361),.UNSPECIFIED.,.F.,.F.)
B_SPLINE_CURVE_WITH_KNOTS((3,3),(0.287040774150859,0.329315288240094),
 .UNSPECIFIED.)
CURVE()
GEOMETRIC_REPRESENTATION_ITEM()
RATIONAL_B_SPLINE_CURVE((3.41171934456647,3.57354225517282,3.73071930395842))
REPRESENTATION_ITEM('')
);
#33=(
BOUNDED_CURVE()
B_SPLINE_CURVE(2,(#1368,#1369,#1370),.UNSPECIFIED.,.F.,.F.)
B_SPLINE_CURVE_WITH_KNOTS((3,3),(3.24074974610989,3.33531149347621),
 .UNSPECIFIED.)
CURVE()
GEOMETRIC_REPRESENTATION_ITEM()
RATIONAL_B_SPLINE_CURVE((4.9930811576899,4.50500337972808,3.98504262682039))
REPRESENTATION_ITEM('')
);
#34=(
BOUNDED_CURVE()
B_SPLINE_CURVE(2,(#1372,#1373,#1374),.UNSPECIFIED.,.F.,.F.)
B_SPLINE_CURVE_WITH_KNOTS((3,3),(3.18461249085698,3.22735661175529),
 .UNSPECIFIED.)
CURVE()
GEOMETRIC_REPRESENTATION_ITEM()
RATIONAL_B_SPLINE_CURVE((3.72374358476397,3.56725951823273,3.40608408022728))
REPRESENTATION_ITEM('')
);
#35=(
BOUNDED_CURVE()
B_SPLINE_CURVE(2,(#1414,#1415,#1416,#1417),.UNSPECIFIED.,.F.,.F.)
B_SPLINE_CURVE_WITH_KNOTS((3,1,3),(0.41446359902255,0.438682079455234,0.552630007662515),
 .UNSPECIFIED.)
CURVE()
GEOMETRIC_REPRESENTATION_ITEM()
RATIONAL_B_SPLINE_CURVE((4.48599540144011,4.5780589655325,5.09675724484347,
5.49921954815569))
REPRESENTATION_ITEM('')
);
#36=(
BOUNDED_CURVE()
B_SPLINE_CURVE(2,(#1420,#1421,#1422),.UNSPECIFIED.,.F.,.F.)
B_SPLINE_CURVE_WITH_KNOTS((3,3),(4.16797961240815,4.30766909019264),
 .UNSPECIFIED.)
CURVE()
GEOMETRIC_REPRESENTATION_ITEM()
RATIONAL_B_SPLINE_CURVE((5.48633887681901,5.00088403081862,4.47784995241256))
REPRESENTATION_ITEM('')
);
#37=(
BOUNDED_CURVE()
B_SPLINE_CURVE(2,(#1467,#1468,#1469),.UNSPECIFIED.,.F.,.F.)
B_SPLINE_CURVE_WITH_KNOTS((3,3),(0.290346636811916,0.333090757710229),
 .UNSPECIFIED.)
CURVE()
GEOMETRIC_REPRESENTATION_ITEM()
RATIONAL_B_SPLINE_CURVE((3.40608408022728,3.56725951823273,3.72374358476397))
REPRESENTATION_ITEM('')
);
#38=(
BOUNDED_CURVE()
B_SPLINE_CURVE(2,(#1476,#1477,#1478),.UNSPECIFIED.,.F.,.F.)
B_SPLINE_CURVE_WITH_KNOTS((3,3),(3.23662810550301,3.34427910702013),
 .UNSPECIFIED.)
CURVE()
GEOMETRIC_REPRESENTATION_ITEM()
RATIONAL_B_SPLINE_CURVE((4.98317035325938,4.43617106625343,3.84837877848807))
REPRESENTATION_ITEM('')
);
#39=(
BOUNDED_CURVE()
B_SPLINE_CURVE(2,(#1480,#1481,#1482),.UNSPECIFIED.,.F.,.F.)
B_SPLINE_CURVE_WITH_KNOTS((3,3),(3.18974620024203,3.23202071357976),
 .UNSPECIFIED.)
CURVE()
GEOMETRIC_REPRESENTATION_ITEM()
RATIONAL_B_SPLINE_CURVE((3.73071931514334,3.57354226524567,3.41171935360012))
REPRESENTATION_ITEM('')
);
#40=(
BOUNDED_CURVE()
B_SPLINE_CURVE(2,(#1522,#1523,#1524,#1525),.UNSPECIFIED.,.F.,.F.)
B_SPLINE_CURVE_WITH_KNOTS((3,1,3),(0.414463606644065,0.438682071609906,
0.552630017721212),.UNSPECIFIED.)
CURVE()
GEOMETRIC_REPRESENTATION_ITEM()
RATIONAL_B_SPLINE_CURVE((4.48599538838252,4.57805889143971,5.09675717141781,
5.49921952749639))
REPRESENTATION_ITEM('')
);
#41=(
BOUNDED_CURVE()
B_SPLINE_CURVE(2,(#1528,#1529,#1530),.UNSPECIFIED.,.F.,.F.)
B_SPLINE_CURVE_WITH_KNOTS((3,3),(4.18325357404417,4.31989522386703),
 .UNSPECIFIED.)
CURVE()
GEOMETRIC_REPRESENTATION_ITEM()
RATIONAL_B_SPLINE_CURVE((5.51217437474791,5.02160767933505,4.4941790817236))
REPRESENTATION_ITEM('')
);
#42=(
BOUNDED_CURVE()
B_SPLINE_CURVE(2,(#1575,#1576,#1577),.UNSPECIFIED.,.F.,.F.)
B_SPLINE_CURVE_WITH_KNOTS((3,3),(0.283730564258498,0.325534889207025),
 .UNSPECIFIED.)
CURVE()
GEOMETRIC_REPRESENTATION_ITEM()
RATIONAL_B_SPLINE_CURVE((3.41738107653732,3.57985608677483,3.73773085685836))
REPRESENTATION_ITEM('')
);
#43=(
BOUNDED_CURVE()
B_SPLINE_CURVE(2,(#1584,#1585,#1586),.UNSPECIFIED.,.F.,.F.)
B_SPLINE_CURVE_WITH_KNOTS((3,3),(3.24487408063741,3.35062076674505),
 .UNSPECIFIED.)
CURVE()
GEOMETRIC_REPRESENTATION_ITEM()
RATIONAL_B_SPLINE_CURVE((5.00304142064107,4.44853086635908,3.85362723892037))
REPRESENTATION_ITEM('')
);
#44=(
BOUNDED_CURVE()
B_SPLINE_CURVE(2,(#1588,#1589,#1590),.UNSPECIFIED.,.F.,.F.)
B_SPLINE_CURVE_WITH_KNOTS((3,3),(3.18974619202815,3.23202070611738),
 .UNSPECIFIED.)
CURVE()
GEOMETRIC_REPRESENTATION_ITEM()
RATIONAL_B_SPLINE_CURVE((3.73071930395842,3.57354225517282,3.41171934456647))
REPRESENTATION_ITEM('')
);
#45=(
BOUNDED_CURVE()
B_SPLINE_CURVE(2,(#1593,#1594,#1595),.UNSPECIFIED.,.F.,.F.)
B_SPLINE_CURVE_WITH_KNOTS((3,3),(0.250981216854081,0.345568997373247),
 .UNSPECIFIED.)
CURVE()
GEOMETRIC_REPRESENTATION_ITEM()
RATIONAL_B_SPLINE_CURVE((3.98475632131948,4.50486901394586,4.99308117357979))
REPRESENTATION_ITEM('')
);
#46=(
BOUNDED_CURVE()
B_SPLINE_CURVE(2,(#1603,#1604,#1605),.UNSPECIFIED.,.F.,.F.)
B_SPLINE_CURVE_WITH_KNOTS((3,3),(0.242012338433071,0.349612196933926),
 .UNSPECIFIED.)
CURVE()
GEOMETRIC_REPRESENTATION_ITEM()
RATIONAL_B_SPLINE_CURVE((3.84893726795006,4.43643093558154,4.98317035325939))
REPRESENTATION_ITEM('')
);
#47=(
BOUNDED_CURVE()
B_SPLINE_CURVE(2,(#1613,#1614,#1615),.UNSPECIFIED.,.F.,.F.)
B_SPLINE_CURVE_WITH_KNOTS((3,3),(15498.4276565904,17931.7269542501),
 .UNSPECIFIED.)
CURVE()
GEOMETRIC_REPRESENTATION_ITEM()
RATIONAL_B_SPLINE_CURVE((18103.9674060051,17802.4956419759,16960.1229762744))
REPRESENTATION_ITEM('')
);
#48=(
BOUNDED_CURVE()
B_SPLINE_CURVE(2,(#1616,#1617,#1618,#1619),.UNSPECIFIED.,.F.,.F.)
B_SPLINE_CURVE_WITH_KNOTS((3,1,3),(11735.4058968579,13985.1992275611,17931.7269542375),
 .UNSPECIFIED.)
CURVE()
GEOMETRIC_REPRESENTATION_ITEM()
RATIONAL_B_SPLINE_CURVE((17742.8005515438,18237.4673799062,18326.3532153625,
16960.1229762143))
REPRESENTATION_ITEM('')
);
#49=(
BOUNDED_CURVE()
B_SPLINE_CURVE(2,(#1622,#1623,#1624,#1625),.UNSPECIFIED.,.F.,.F.)
B_SPLINE_CURVE_WITH_KNOTS((3,1,3),(10352.7238153026,13985.1992276372,16552.6122221286),
 .UNSPECIFIED.)
CURVE()
GEOMETRIC_REPRESENTATION_ITEM()
RATIONAL_B_SPLINE_CURVE((16960.1229764179,18217.6328927461,18306.5699015636,
17741.2306678261))
REPRESENTATION_ITEM('')
);
#50=(
BOUNDED_CURVE()
B_SPLINE_CURVE(2,(#1626,#1627,#1628),.UNSPECIFIED.,.F.,.F.)
B_SPLINE_CURVE_WITH_KNOTS((3,3),(15501.5768691981,17931.7269542402),
 .UNSPECIFIED.)
CURVE()
GEOMETRIC_REPRESENTATION_ITEM()
RATIONAL_B_SPLINE_CURVE((18103.186161403,17801.4054305832,16960.1229762813))
REPRESENTATION_ITEM('')
);
#51=(
BOUNDED_CURVE()
B_SPLINE_CURVE(2,(#1630,#1631,#1632),.UNSPECIFIED.,.F.,.F.)
B_SPLINE_CURVE_WITH_KNOTS((3,3),(0.287040768860303,0.329315282198032),
 .UNSPECIFIED.)
CURVE()
GEOMETRIC_REPRESENTATION_ITEM()
RATIONAL_B_SPLINE_CURVE((3.41171935360013,3.57354226524567,3.73071931514334))
REPRESENTATION_ITEM('')
);
#52=(
BOUNDED_CURVE()
B_SPLINE_CURVE(2,(#1640,#1641,#1642),.UNSPECIFIED.,.F.,.F.)
B_SPLINE_CURVE_WITH_KNOTS((3,3),(0.250981221391751,0.34556900384247),
 .UNSPECIFIED.)
CURVE()
GEOMETRIC_REPRESENTATION_ITEM()
RATIONAL_B_SPLINE_CURVE((3.98475630943027,4.50486900037812,4.9930811576899))
REPRESENTATION_ITEM('')
);
#53=(
BOUNDED_CURVE()
B_SPLINE_CURVE(2,(#1650,#1651,#1652,#1653),.UNSPECIFIED.,.F.,.F.)
B_SPLINE_CURVE_WITH_KNOTS((3,1,3),(10352.7238153415,13985.1992275611,16588.5887477705),
 .UNSPECIFIED.)
CURVE()
GEOMETRIC_REPRESENTATION_ITEM()
RATIONAL_B_SPLINE_CURVE((16960.1229762385,18217.6328924986,18307.0859823529,
17725.2685086817))
REPRESENTATION_ITEM('')
);
#54=(
BOUNDED_CURVE()
B_SPLINE_CURVE(2,(#1654,#1655,#1656),.UNSPECIFIED.,.F.,.F.)
B_SPLINE_CURVE_WITH_KNOTS((3,3),(15501.5768956803,17931.7269542402),
 .UNSPECIFIED.)
CURVE()
GEOMETRIC_REPRESENTATION_ITEM()
RATIONAL_B_SPLINE_CURVE((18103.1861548258,17801.4054214155,16960.1229762813))
REPRESENTATION_ITEM('')
);
#55=PLANE('',#844);
#56=PLANE('',#859);
#57=PLANE('',#869);
#58=PLANE('',#879);
#59=PLANE('',#881);
#60=PLANE('',#882);
#61=PLANE('',#885);
#62=PLANE('',#886);
#63=PLANE('',#897);
#64=PLANE('',#898);
#65=PLANE('',#899);
#66=PLANE('',#906);
#67=PLANE('',#907);
#68=PLANE('',#908);
#69=PLANE('',#909);
#70=PLANE('',#910);
#71=TOROIDAL_SURFACE('',#841,2.99408059439014,0.15);
#72=TOROIDAL_SURFACE('',#846,3.12210740300085,0.15);
#73=TOROIDAL_SURFACE('',#851,3.12210740300085,0.15);
#74=TOROIDAL_SURFACE('',#856,2.99408059439014,0.15);
#75=TOROIDAL_SURFACE('',#861,3.12210740300085,0.15);
#76=TOROIDAL_SURFACE('',#866,2.99408059439014,0.15);
#77=TOROIDAL_SURFACE('',#871,3.12210740300085,0.15);
#78=TOROIDAL_SURFACE('',#876,2.99408059439014,0.15);
#79=FACE_OUTER_BOUND('',#123,.T.);
#80=FACE_OUTER_BOUND('',#124,.T.);
#81=FACE_OUTER_BOUND('',#125,.T.);
#82=FACE_OUTER_BOUND('',#126,.T.);
#83=FACE_OUTER_BOUND('',#127,.T.);
#84=FACE_OUTER_BOUND('',#128,.T.);
#85=FACE_OUTER_BOUND('',#129,.T.);
#86=FACE_OUTER_BOUND('',#130,.T.);
#87=FACE_OUTER_BOUND('',#131,.T.);
#88=FACE_OUTER_BOUND('',#132,.T.);
#89=FACE_OUTER_BOUND('',#133,.T.);
#90=FACE_OUTER_BOUND('',#134,.T.);
#91=FACE_OUTER_BOUND('',#135,.T.);
#92=FACE_OUTER_BOUND('',#136,.T.);
#93=FACE_OUTER_BOUND('',#137,.T.);
#94=FACE_OUTER_BOUND('',#138,.T.);
#95=FACE_OUTER_BOUND('',#139,.T.);
#96=FACE_OUTER_BOUND('',#140,.T.);
#97=FACE_OUTER_BOUND('',#141,.T.);
#98=FACE_OUTER_BOUND('',#142,.T.);
#99=FACE_OUTER_BOUND('',#143,.T.);
#100=FACE_OUTER_BOUND('',#144,.T.);
#101=FACE_OUTER_BOUND('',#145,.T.);
#102=FACE_OUTER_BOUND('',#146,.T.);
#103=FACE_OUTER_BOUND('',#147,.T.);
#104=FACE_OUTER_BOUND('',#148,.T.);
#105=FACE_OUTER_BOUND('',#149,.T.);
#106=FACE_OUTER_BOUND('',#150,.T.);
#107=FACE_OUTER_BOUND('',#151,.T.);
#108=FACE_OUTER_BOUND('',#152,.T.);
#109=FACE_OUTER_BOUND('',#153,.T.);
#110=FACE_OUTER_BOUND('',#154,.T.);
#111=FACE_OUTER_BOUND('',#155,.T.);
#112=FACE_OUTER_BOUND('',#156,.T.);
#113=FACE_OUTER_BOUND('',#157,.T.);
#114=FACE_OUTER_BOUND('',#158,.T.);
#115=FACE_OUTER_BOUND('',#159,.T.);
#116=FACE_OUTER_BOUND('',#160,.T.);
#117=FACE_OUTER_BOUND('',#161,.T.);
#118=FACE_OUTER_BOUND('',#162,.T.);
#119=FACE_OUTER_BOUND('',#164,.T.);
#120=FACE_OUTER_BOUND('',#165,.T.);
#121=FACE_OUTER_BOUND('',#166,.T.);
#122=FACE_OUTER_BOUND('',#167,.T.);
#123=EDGE_LOOP('',(#516,#517,#518,#519,#520,#521));
#124=EDGE_LOOP('',(#522,#523,#524,#525));
#125=EDGE_LOOP('',(#526,#527,#528,#529,#530,#531,#532,#533));
#126=EDGE_LOOP('',(#534,#535,#536,#537,#538));
#127=EDGE_LOOP('',(#539,#540,#541,#542));
#128=EDGE_LOOP('',(#543,#544,#545,#546));
#129=EDGE_LOOP('',(#547,#548,#549,#550));
#130=EDGE_LOOP('',(#551,#552,#553,#554));
#131=EDGE_LOOP('',(#555,#556,#557,#558));
#132=EDGE_LOOP('',(#559,#560,#561,#562,#563,#564,#565,#566));
#133=EDGE_LOOP('',(#567,#568,#569,#570));
#134=EDGE_LOOP('',(#571,#572,#573,#574));
#135=EDGE_LOOP('',(#575,#576,#577,#578));
#136=EDGE_LOOP('',(#579,#580,#581,#582));
#137=EDGE_LOOP('',(#583,#584,#585,#586,#587,#588,#589,#590));
#138=EDGE_LOOP('',(#591,#592,#593,#594));
#139=EDGE_LOOP('',(#595,#596,#597,#598));
#140=EDGE_LOOP('',(#599,#600,#601,#602));
#141=EDGE_LOOP('',(#603,#604,#605,#606));
#142=EDGE_LOOP('',(#607,#608,#609,#610,#611,#612,#613,#614));
#143=EDGE_LOOP('',(#615,#616,#617,#618));
#144=EDGE_LOOP('',(#619,#620,#621,#622,#623,#624,#625,#626));
#145=EDGE_LOOP('',(#627,#628,#629,#630,#631,#632,#633,#634));
#146=EDGE_LOOP('',(#635,#636,#637,#638,#639));
#147=EDGE_LOOP('',(#640,#641,#642,#643,#644));
#148=EDGE_LOOP('',(#645,#646,#647,#648,#649,#650,#651,#652));
#149=EDGE_LOOP('',(#653,#654,#655,#656,#657,#658,#659,#660));
#150=EDGE_LOOP('',(#661,#662,#663,#664,#665));
#151=EDGE_LOOP('',(#666,#667,#668,#669));
#152=EDGE_LOOP('',(#670,#671,#672,#673));
#153=EDGE_LOOP('',(#674,#675,#676,#677));
#154=EDGE_LOOP('',(#678,#679,#680,#681));
#155=EDGE_LOOP('',(#682,#683,#684,#685));
#156=EDGE_LOOP('',(#686,#687,#688,#689,#690,#691,#692,#693));
#157=EDGE_LOOP('',(#694,#695,#696,#697,#698,#699));
#158=EDGE_LOOP('',(#700,#701,#702,#703,#704,#705));
#159=EDGE_LOOP('',(#706,#707,#708,#709,#710));
#160=EDGE_LOOP('',(#711,#712,#713,#714));
#161=EDGE_LOOP('',(#715,#716,#717,#718,#719));
#162=EDGE_LOOP('',(#720,#721,#722,#723,#724,#725,#726,#727,#728,#729,#730,
#731,#732,#733,#734,#735,#736,#737));
#163=EDGE_LOOP('',(#738));
#164=EDGE_LOOP('',(#739,#740,#741,#742,#743,#744));
#165=EDGE_LOOP('',(#745,#746,#747,#748,#749,#750));
#166=EDGE_LOOP('',(#751,#752,#753,#754,#755,#756,#757,#758));
#167=EDGE_LOOP('',(#759,#760,#761,#762,#763,#764));
#168=EDGE_LOOP('',(#765));
#169=B_SPLINE_CURVE_WITH_KNOTS('',3,(#1114,#1115,#1116,#1117,#1118,#1119,
#1120,#1121,#1122,#1123,#1124,#1125,#1126,#1127,#1128,#1129,#1130,#1131),
 .UNSPECIFIED.,.F.,.F.,(4,2,2,2,2,2,2,2,4),(0.,0.0566913483785288,0.113382696757058,
0.170074044716665,0.226765392676273,0.283456740635881,0.340148088595489,
0.396839436974018,0.453524113114746),.UNSPECIFIED.);
#170=B_SPLINE_CURVE_WITH_KNOTS('',3,(#1132,#1133,#1134,#1135,#1136,#1137,
#1138,#1139,#1140,#1141,#1142,#1143,#1144,#1145,#1146,#1147,#1148,#1149),
 .UNSPECIFIED.,.F.,.F.,(4,2,2,2,2,2,2,2,4),(0.453530785352547,0.51022213373105,
0.566913482109552,0.623604830069157,0.680296178028763,0.736987525988368,
0.793678873947974,0.850370222326476,0.907061570704979),.UNSPECIFIED.);
#171=B_SPLINE_CURVE_WITH_KNOTS('',3,(#1153,#1154,#1155,#1156,#1157,#1158,
#1159,#1160,#1161,#1162,#1163,#1164,#1165,#1166,#1167,#1168,#1169,#1170),
 .UNSPECIFIED.,.F.,.F.,(4,2,2,2,2,2,2,2,4),(0.022510769556284,0.022565882561104,
0.028366536317036,0.0340790553223978,0.0396731466732167,0.0451649343008722,
0.0506567219285277,0.0562508132793466,0.0563529191795345),.UNSPECIFIED.);
#172=B_SPLINE_CURVE_WITH_KNOTS('',3,(#1174,#1175,#1176,#1177,#1178,#1179,
#1180,#1181,#1182,#1183,#1184,#1185,#1186,#1187,#1188,#1189,#1190,#1191),
 .UNSPECIFIED.,.F.,.F.,(4,2,2,2,2,2,2,2,4),(0.0339599278272407,0.0340593894447173,
0.0396524333559737,0.0451457982044577,0.0506391630529417,0.056232206964198,
0.0619406023853995,0.06773482705092,0.0677898945599651),.UNSPECIFIED.);
#173=B_SPLINE_CURVE_WITH_KNOTS('',3,(#1210,#1211,#1212,#1213,#1214,#1215,
#1216,#1217,#1218,#1219,#1220,#1221,#1222,#1223,#1224),.UNSPECIFIED.,.F.,
 .F.,(4,2,2,3,2,2,4),(0.0790024286604166,0.0790846179743548,0.0846650157360251,
0.0901706099086226,0.0956762040812201,0.10125660184289,0.101338791156829),
 .UNSPECIFIED.);
#174=B_SPLINE_CURVE_WITH_KNOTS('',3,(#1245,#1246,#1247,#1248,#1249,#1250,
#1251,#1252,#1253,#1254,#1255,#1256,#1257,#1258,#1259),.UNSPECIFIED.,.F.,
 .F.,(4,2,2,3,2,2,4),(0.0790357011723977,0.079120055799597,0.0847011534292305,
0.0902054987025622,0.0957098439758939,0.101290941605527,0.101375296232727),
 .UNSPECIFIED.);
#175=B_SPLINE_CURVE_WITH_KNOTS('',3,(#1270,#1271,#1272,#1273,#1274,#1275,
#1276,#1277,#1278,#1279,#1280,#1281,#1282,#1283,#1284),.UNSPECIFIED.,.F.,
 .F.,(4,2,2,3,2,2,4),(0.0790694734392416,0.079156024916413,0.0847378322998806,
0.0902409113243224,0.0957439903487642,0.101325797732232,0.101412349209404),
 .UNSPECIFIED.);
#176=B_SPLINE_CURVE_WITH_KNOTS('',3,(#1288,#1289,#1290,#1291,#1292,#1293,
#1294,#1295,#1296,#1297,#1298,#1299,#1300,#1301,#1302),.UNSPECIFIED.,.F.,
 .F.,(4,2,2,3,2,2,4),(0.0790357012260092,0.0791200558566969,0.0847011534874575,
0.090205498758778,0.0957098440300986,0.101290941660859,0.101375296291547),
 .UNSPECIFIED.);
#177=B_SPLINE_CURVE_WITH_KNOTS('',3,(#1318,#1319,#1320,#1321,#1322,#1323,
#1324,#1325,#1326,#1327,#1328,#1329,#1330,#1331,#1332,#1333,#1334,#1335),
 .UNSPECIFIED.,.F.,.F.,(4,2,2,2,2,2,2,2,4),(0.0225107695708952,0.0225658825757887,
0.0283665363420813,0.0340790553540879,0.0396731467065945,0.0451649343317095,
0.0506567219568246,0.0562508133093312,0.0563529192137798),.UNSPECIFIED.);
#178=B_SPLINE_CURVE_WITH_KNOTS('',3,(#1339,#1340,#1341,#1342,#1343,#1344,
#1345,#1346,#1347,#1348,#1349,#1350,#1351,#1352,#1353,#1354,#1355,#1356),
 .UNSPECIFIED.,.F.,.F.,(4,2,2,2,2,2,2,2,4),(0.0339942297635486,0.0340990197512591,
0.0396941742635142,0.0451843622172464,0.0506745501709787,0.0562697046832338,
0.0619864097642122,0.0677935910007609,0.0678487501852282),.UNSPECIFIED.);
#179=B_SPLINE_CURVE_WITH_KNOTS('',3,(#1378,#1379,#1380,#1381,#1382,#1383,
#1384,#1385,#1386,#1387,#1388,#1389,#1390,#1391,#1392),.UNSPECIFIED.,.F.,
 .F.,(4,2,2,3,2,2,4),(0.0790357011723976,0.0791200557995969,0.0847011534292303,
0.0902054987025621,0.0957098439758939,0.101290941605527,0.101375296232726),
 .UNSPECIFIED.);
#180=B_SPLINE_CURVE_WITH_KNOTS('',3,(#1396,#1397,#1398,#1399,#1400,#1401,
#1402,#1403,#1404,#1405,#1406,#1407,#1408,#1409,#1410),.UNSPECIFIED.,.F.,
 .F.,(4,2,2,3,2,2,4),(0.0790694734392416,0.079156024916413,0.0847378322998806,
0.0902409113243224,0.0957439903487643,0.101325797732232,0.101412349209403),
 .UNSPECIFIED.);
#181=B_SPLINE_CURVE_WITH_KNOTS('',3,(#1426,#1427,#1428,#1429,#1430,#1431,
#1432,#1433,#1434,#1435,#1436,#1437,#1438,#1439,#1440,#1441,#1442,#1443),
 .UNSPECIFIED.,.F.,.F.,(4,2,2,2,2,2,2,2,4),(0.0225199742492646,0.0225751334337319,
0.0283823146702806,0.0340990197512591,0.0396941742635141,0.0451843622172464,
0.0506745501709787,0.0562697046832338,0.0563744946709442),.UNSPECIFIED.);
#182=B_SPLINE_CURVE_WITH_KNOTS('',3,(#1447,#1448,#1449,#1450,#1451,#1452,
#1453,#1454,#1455,#1456,#1457,#1458,#1459,#1460,#1461,#1462,#1463,#1464),
 .UNSPECIFIED.,.F.,.F.,(4,2,2,2,2,2,2,2,4),(0.0339769494222098,0.0340790553223978,
0.0396731466732167,0.0451649343008722,0.0506567219285277,0.0562508132793466,
0.0619633322847084,0.0677639860406404,0.0678190990454604),.UNSPECIFIED.);
#183=B_SPLINE_CURVE_WITH_KNOTS('',3,(#1486,#1487,#1488,#1489,#1490,#1491,
#1492,#1493,#1494,#1495,#1496,#1497,#1498,#1499,#1500),.UNSPECIFIED.,.F.,
 .F.,(4,2,2,3,2,2,4),(0.0790357012260094,0.0791200558566969,0.0847011534874575,
0.0902054987587781,0.0957098440300986,0.101290941660859,0.101375296291547),
 .UNSPECIFIED.);
#184=B_SPLINE_CURVE_WITH_KNOTS('',3,(#1504,#1505,#1506,#1507,#1508,#1509,
#1510,#1511,#1512,#1513,#1514,#1515,#1516,#1517,#1518),.UNSPECIFIED.,.F.,
 .F.,(4,2,2,3,2,2,4),(0.0790024286604165,0.0790846179743548,0.0846650157360251,
0.0901706099086226,0.0956762040812201,0.10125660184289,0.101338791156829),
 .UNSPECIFIED.);
#185=B_SPLINE_CURVE_WITH_KNOTS('',3,(#1534,#1535,#1536,#1537,#1538,#1539,
#1540,#1541,#1542,#1543,#1544,#1545,#1546,#1547,#1548,#1549,#1550,#1551),
 .UNSPECIFIED.,.F.,.F.,(4,2,2,2,2,2,2,2,4),(0.0225017018489504,0.0225567693579954,
0.0283509940235159,0.0340593894447174,0.0396524333559737,0.0451457982044577,
0.0506391630529417,0.0562322069641981,0.0563316685816747),.UNSPECIFIED.);
#186=B_SPLINE_CURVE_WITH_KNOTS('',3,(#1555,#1556,#1557,#1558,#1559,#1560,
#1561,#1562,#1563,#1564,#1565,#1566,#1567,#1568,#1569,#1570,#1571,#1572),
 .UNSPECIFIED.,.F.,.F.,(4,2,2,2,2,2,2,2,4),(0.0339769494496394,0.0340790553540879,
0.0396731467065945,0.0451649343317095,0.0506567219568246,0.0562508133093312,
0.0619633323213378,0.0677639860876304,0.0678190990925237),.UNSPECIFIED.);
#187=CIRCLE('',#839,2.075);
#188=CIRCLE('',#840,2.075);
#189=CIRCLE('',#842,2.99461505453511);
#190=CIRCLE('',#843,2.88801457721216);
#191=CIRCLE('',#847,3.22817342017883);
#192=CIRCLE('',#848,3.22817342017883);
#193=CIRCLE('',#850,2.49520007254261);
#194=CIRCLE('',#852,3.22817342017883);
#195=CIRCLE('',#853,3.22817342017883);
#196=CIRCLE('',#855,2.49520007254261);
#197=CIRCLE('',#857,2.99461505453511);
#198=CIRCLE('',#858,2.88801457721216);
#199=CIRCLE('',#862,3.22817342017883);
#200=CIRCLE('',#863,3.22817342017883);
#201=CIRCLE('',#865,2.49520007254261);
#202=CIRCLE('',#867,2.99461505453511);
#203=CIRCLE('',#868,2.88801457721216);
#204=CIRCLE('',#872,3.22817342017883);
#205=CIRCLE('',#873,3.22817342017883);
#206=CIRCLE('',#875,2.49520007254261);
#207=CIRCLE('',#877,2.99461505453511);
#208=CIRCLE('',#878,2.88801457721216);
#209=CIRCLE('',#889,2.49520007254261);
#210=CIRCLE('',#891,2.49520007254261);
#211=CIRCLE('',#893,2.49520007254261);
#212=CIRCLE('',#895,2.49520007254261);
#213=CIRCLE('',#901,2.075);
#214=CIRCLE('',#903,2.575);
#215=CIRCLE('',#905,1.505);
#216=LINE('',#1109,#262);
#217=LINE('',#1199,#263);
#218=LINE('',#1201,#264);
#219=LINE('',#1203,#265);
#220=LINE('',#1363,#266);
#221=LINE('',#1365,#267);
#222=LINE('',#1367,#268);
#223=LINE('',#1471,#269);
#224=LINE('',#1473,#270);
#225=LINE('',#1475,#271);
#226=LINE('',#1579,#272);
#227=LINE('',#1581,#273);
#228=LINE('',#1583,#274);
#229=LINE('',#1597,#275);
#230=LINE('',#1599,#276);
#231=LINE('',#1600,#277);
#232=LINE('',#1607,#278);
#233=LINE('',#1609,#279);
#234=LINE('',#1610,#280);
#235=LINE('',#1634,#281);
#236=LINE('',#1636,#282);
#237=LINE('',#1637,#283);
#238=LINE('',#1644,#284);
#239=LINE('',#1646,#285);
#240=LINE('',#1647,#286);
#241=LINE('',#1667,#287);
#242=LINE('',#1669,#288);
#243=LINE('',#1671,#289);
#244=LINE('',#1672,#290);
#245=LINE('',#1675,#291);
#246=LINE('',#1677,#292);
#247=LINE('',#1678,#293);
#248=LINE('',#1680,#294);
#249=LINE('',#1682,#295);
#250=LINE('',#1683,#296);
#251=LINE('',#1687,#297);
#252=LINE('',#1691,#298);
#253=LINE('',#1694,#299);
#254=LINE('',#1698,#300);
#255=LINE('',#1699,#301);
#256=LINE('',#1700,#302);
#257=LINE('',#1703,#303);
#258=LINE('',#1704,#304);
#259=LINE('',#1707,#305);
#260=LINE('',#1708,#306);
#261=LINE('',#1710,#307);
#262=VECTOR('',#915,1.7875);
#263=VECTOR('',#928,10.);
#264=VECTOR('',#929,10.);
#265=VECTOR('',#930,10.);
#266=VECTOR('',#961,10.);
#267=VECTOR('',#962,10.);
#268=VECTOR('',#963,10.);
#269=VECTOR('',#984,10.);
#270=VECTOR('',#985,10.);
#271=VECTOR('',#986,10.);
#272=VECTOR('',#1007,10.);
#273=VECTOR('',#1008,10.);
#274=VECTOR('',#1009,10.);
#275=VECTOR('',#1014,10.);
#276=VECTOR('',#1015,10.);
#277=VECTOR('',#1016,10.);
#278=VECTOR('',#1019,10.);
#279=VECTOR('',#1020,10.);
#280=VECTOR('',#1021,10.);
#281=VECTOR('',#1028,10.);
#282=VECTOR('',#1029,10.);
#283=VECTOR('',#1030,10.);
#284=VECTOR('',#1033,10.);
#285=VECTOR('',#1034,10.);
#286=VECTOR('',#1035,10.);
#287=VECTOR('',#1058,10.);
#288=VECTOR('',#1059,10.);
#289=VECTOR('',#1060,10.);
#290=VECTOR('',#1061,10.);
#291=VECTOR('',#1064,10.);
#292=VECTOR('',#1065,10.);
#293=VECTOR('',#1066,10.);
#294=VECTOR('',#1069,10.);
#295=VECTOR('',#1070,10.);
#296=VECTOR('',#1071,10.);
#297=VECTOR('',#1076,2.075);
#298=VECTOR('',#1081,2.325);
#299=VECTOR('',#1084,1.475);
#300=VECTOR('',#1089,10.);
#301=VECTOR('',#1090,10.);
#302=VECTOR('',#1091,10.);
#303=VECTOR('',#1094,10.);
#304=VECTOR('',#1095,10.);
#305=VECTOR('',#1098,10.);
#306=VECTOR('',#1099,10.);
#307=VECTOR('',#1102,10.);
#308=VERTEX_POINT('',#1107);
#309=VERTEX_POINT('',#1108);
#310=VERTEX_POINT('',#1110);
#311=VERTEX_POINT('',#1113);
#312=VERTEX_POINT('',#1151);
#313=VERTEX_POINT('',#1152);
#314=VERTEX_POINT('',#1171);
#315=VERTEX_POINT('',#1173);
#316=VERTEX_POINT('',#1194);
#317=VERTEX_POINT('',#1198);
#318=VERTEX_POINT('',#1200);
#319=VERTEX_POINT('',#1202);
#320=VERTEX_POINT('',#1204);
#321=VERTEX_POINT('',#1209);
#322=VERTEX_POINT('',#1229);
#323=VERTEX_POINT('',#1233);
#324=VERTEX_POINT('',#1242);
#325=VERTEX_POINT('',#1244);
#326=VERTEX_POINT('',#1262);
#327=VERTEX_POINT('',#1268);
#328=VERTEX_POINT('',#1269);
#329=VERTEX_POINT('',#1285);
#330=VERTEX_POINT('',#1287);
#331=VERTEX_POINT('',#1305);
#332=VERTEX_POINT('',#1310);
#333=VERTEX_POINT('',#1316);
#334=VERTEX_POINT('',#1317);
#335=VERTEX_POINT('',#1336);
#336=VERTEX_POINT('',#1338);
#337=VERTEX_POINT('',#1362);
#338=VERTEX_POINT('',#1364);
#339=VERTEX_POINT('',#1366);
#340=VERTEX_POINT('',#1376);
#341=VERTEX_POINT('',#1377);
#342=VERTEX_POINT('',#1393);
#343=VERTEX_POINT('',#1395);
#344=VERTEX_POINT('',#1413);
#345=VERTEX_POINT('',#1418);
#346=VERTEX_POINT('',#1424);
#347=VERTEX_POINT('',#1425);
#348=VERTEX_POINT('',#1444);
#349=VERTEX_POINT('',#1446);
#350=VERTEX_POINT('',#1470);
#351=VERTEX_POINT('',#1472);
#352=VERTEX_POINT('',#1474);
#353=VERTEX_POINT('',#1484);
#354=VERTEX_POINT('',#1485);
#355=VERTEX_POINT('',#1501);
#356=VERTEX_POINT('',#1503);
#357=VERTEX_POINT('',#1521);
#358=VERTEX_POINT('',#1526);
#359=VERTEX_POINT('',#1532);
#360=VERTEX_POINT('',#1533);
#361=VERTEX_POINT('',#1552);
#362=VERTEX_POINT('',#1554);
#363=VERTEX_POINT('',#1578);
#364=VERTEX_POINT('',#1580);
#365=VERTEX_POINT('',#1582);
#366=VERTEX_POINT('',#1592);
#367=VERTEX_POINT('',#1596);
#368=VERTEX_POINT('',#1598);
#369=VERTEX_POINT('',#1602);
#370=VERTEX_POINT('',#1606);
#371=VERTEX_POINT('',#1608);
#372=VERTEX_POINT('',#1612);
#373=VERTEX_POINT('',#1621);
#374=VERTEX_POINT('',#1633);
#375=VERTEX_POINT('',#1635);
#376=VERTEX_POINT('',#1639);
#377=VERTEX_POINT('',#1643);
#378=VERTEX_POINT('',#1645);
#379=VERTEX_POINT('',#1649);
#380=VERTEX_POINT('',#1668);
#381=VERTEX_POINT('',#1670);
#382=VERTEX_POINT('',#1674);
#383=VERTEX_POINT('',#1676);
#384=VERTEX_POINT('',#1681);
#385=VERTEX_POINT('',#1685);
#386=VERTEX_POINT('',#1689);
#387=VERTEX_POINT('',#1693);
#388=VERTEX_POINT('',#1697);
#389=VERTEX_POINT('',#1702);
#390=VERTEX_POINT('',#1706);
#391=EDGE_CURVE('',#308,#309,#216,.T.);
#392=EDGE_CURVE('',#308,#310,#187,.T.);
#393=EDGE_CURVE('',#310,#308,#188,.T.);
#394=EDGE_CURVE('',#311,#309,#169,.T.);
#395=EDGE_CURVE('',#309,#311,#170,.T.);
#396=EDGE_CURVE('',#312,#313,#171,.T.);
#397=EDGE_CURVE('',#312,#314,#189,.T.);
#398=EDGE_CURVE('',#315,#314,#172,.T.);
#399=EDGE_CURVE('',#315,#313,#190,.T.);
#400=EDGE_CURVE('',#314,#316,#23,.F.);
#401=EDGE_CURVE('',#317,#316,#217,.F.);
#402=EDGE_CURVE('',#317,#318,#218,.F.);
#403=EDGE_CURVE('',#318,#319,#219,.F.);
#404=EDGE_CURVE('',#319,#320,#24,.F.);
#405=EDGE_CURVE('',#321,#320,#173,.F.);
#406=EDGE_CURVE('',#321,#315,#25,.F.);
#407=EDGE_CURVE('',#322,#312,#26,.F.);
#408=EDGE_CURVE('',#322,#323,#27,.T.);
#409=EDGE_CURVE('',#316,#323,#28,.T.);
#410=EDGE_CURVE('',#320,#324,#191,.T.);
#411=EDGE_CURVE('',#324,#325,#174,.F.);
#412=EDGE_CURVE('',#325,#321,#192,.T.);
#413=EDGE_CURVE('',#326,#319,#193,.T.);
#414=EDGE_CURVE('',#324,#326,#29,.F.);
#415=EDGE_CURVE('',#327,#328,#175,.F.);
#416=EDGE_CURVE('',#328,#329,#194,.T.);
#417=EDGE_CURVE('',#329,#330,#176,.F.);
#418=EDGE_CURVE('',#330,#327,#195,.T.);
#419=EDGE_CURVE('',#331,#328,#30,.F.);
#420=EDGE_CURVE('',#332,#331,#196,.T.);
#421=EDGE_CURVE('',#332,#329,#31,.T.);
#422=EDGE_CURVE('',#333,#334,#177,.T.);
#423=EDGE_CURVE('',#333,#335,#197,.T.);
#424=EDGE_CURVE('',#336,#335,#178,.T.);
#425=EDGE_CURVE('',#336,#334,#198,.T.);
#426=EDGE_CURVE('',#334,#330,#32,.F.);
#427=EDGE_CURVE('',#332,#337,#220,.F.);
#428=EDGE_CURVE('',#337,#338,#221,.F.);
#429=EDGE_CURVE('',#339,#338,#222,.T.);
#430=EDGE_CURVE('',#339,#333,#33,.F.);
#431=EDGE_CURVE('',#327,#336,#34,.F.);
#432=EDGE_CURVE('',#340,#341,#179,.F.);
#433=EDGE_CURVE('',#341,#342,#199,.T.);
#434=EDGE_CURVE('',#342,#343,#180,.F.);
#435=EDGE_CURVE('',#343,#340,#200,.T.);
#436=EDGE_CURVE('',#344,#341,#35,.F.);
#437=EDGE_CURVE('',#345,#344,#201,.T.);
#438=EDGE_CURVE('',#342,#345,#36,.F.);
#439=EDGE_CURVE('',#346,#347,#181,.T.);
#440=EDGE_CURVE('',#346,#348,#202,.T.);
#441=EDGE_CURVE('',#349,#348,#182,.T.);
#442=EDGE_CURVE('',#349,#347,#203,.T.);
#443=EDGE_CURVE('',#347,#343,#37,.F.);
#444=EDGE_CURVE('',#345,#350,#223,.F.);
#445=EDGE_CURVE('',#350,#351,#224,.F.);
#446=EDGE_CURVE('',#352,#351,#225,.F.);
#447=EDGE_CURVE('',#352,#346,#38,.F.);
#448=EDGE_CURVE('',#340,#349,#39,.F.);
#449=EDGE_CURVE('',#353,#354,#183,.F.);
#450=EDGE_CURVE('',#354,#355,#204,.T.);
#451=EDGE_CURVE('',#355,#356,#184,.F.);
#452=EDGE_CURVE('',#356,#353,#205,.T.);
#453=EDGE_CURVE('',#357,#354,#40,.F.);
#454=EDGE_CURVE('',#358,#357,#206,.T.);
#455=EDGE_CURVE('',#358,#355,#41,.T.);
#456=EDGE_CURVE('',#359,#360,#185,.T.);
#457=EDGE_CURVE('',#359,#361,#207,.T.);
#458=EDGE_CURVE('',#362,#361,#186,.T.);
#459=EDGE_CURVE('',#362,#360,#208,.T.);
#460=EDGE_CURVE('',#356,#360,#42,.T.);
#461=EDGE_CURVE('',#358,#363,#226,.F.);
#462=EDGE_CURVE('',#363,#364,#227,.F.);
#463=EDGE_CURVE('',#365,#364,#228,.F.);
#464=EDGE_CURVE('',#365,#359,#43,.F.);
#465=EDGE_CURVE('',#353,#362,#44,.F.);
#466=EDGE_CURVE('',#348,#366,#45,.F.);
#467=EDGE_CURVE('',#367,#366,#229,.T.);
#468=EDGE_CURVE('',#367,#368,#230,.F.);
#469=EDGE_CURVE('',#368,#344,#231,.F.);
#470=EDGE_CURVE('',#335,#369,#46,.F.);
#471=EDGE_CURVE('',#370,#369,#232,.F.);
#472=EDGE_CURVE('',#370,#371,#233,.F.);
#473=EDGE_CURVE('',#371,#331,#234,.F.);
#474=EDGE_CURVE('',#339,#372,#47,.T.);
#475=EDGE_CURVE('',#369,#372,#48,.T.);
#476=EDGE_CURVE('',#373,#352,#49,.T.);
#477=EDGE_CURVE('',#366,#373,#50,.T.);
#478=EDGE_CURVE('',#313,#325,#51,.F.);
#479=EDGE_CURVE('',#326,#374,#235,.F.);
#480=EDGE_CURVE('',#374,#375,#236,.F.);
#481=EDGE_CURVE('',#322,#375,#237,.T.);
#482=EDGE_CURVE('',#361,#376,#52,.F.);
#483=EDGE_CURVE('',#377,#376,#238,.T.);
#484=EDGE_CURVE('',#377,#378,#239,.F.);
#485=EDGE_CURVE('',#378,#357,#240,.F.);
#486=EDGE_CURVE('',#379,#365,#53,.T.);
#487=EDGE_CURVE('',#376,#379,#54,.T.);
#488=EDGE_CURVE('',#363,#378,#209,.F.);
#489=EDGE_CURVE('',#337,#371,#210,.F.);
#490=EDGE_CURVE('',#350,#368,#211,.F.);
#491=EDGE_CURVE('',#374,#318,#212,.F.);
#492=EDGE_CURVE('',#338,#367,#241,.T.);
#493=EDGE_CURVE('',#373,#380,#242,.T.);
#494=EDGE_CURVE('',#380,#381,#243,.T.);
#495=EDGE_CURVE('',#372,#381,#244,.T.);
#496=EDGE_CURVE('',#351,#382,#245,.T.);
#497=EDGE_CURVE('',#382,#383,#246,.T.);
#498=EDGE_CURVE('',#383,#380,#247,.T.);
#499=EDGE_CURVE('',#382,#317,#248,.T.);
#500=EDGE_CURVE('',#323,#384,#249,.T.);
#501=EDGE_CURVE('',#384,#383,#250,.T.);
#502=EDGE_CURVE('',#385,#385,#213,.T.);
#503=EDGE_CURVE('',#385,#310,#251,.T.);
#504=EDGE_CURVE('',#386,#386,#214,.T.);
#505=EDGE_CURVE('',#386,#385,#252,.T.);
#506=EDGE_CURVE('',#387,#309,#253,.T.);
#507=EDGE_CURVE('',#387,#387,#215,.F.);
#508=EDGE_CURVE('',#364,#388,#254,.T.);
#509=EDGE_CURVE('',#375,#377,#255,.T.);
#510=EDGE_CURVE('',#388,#370,#256,.T.);
#511=EDGE_CURVE('',#381,#389,#257,.T.);
#512=EDGE_CURVE('',#388,#389,#258,.T.);
#513=EDGE_CURVE('',#389,#390,#259,.T.);
#514=EDGE_CURVE('',#379,#390,#260,.T.);
#515=EDGE_CURVE('',#390,#384,#261,.T.);
#516=ORIENTED_EDGE('',*,*,#391,.F.);
#517=ORIENTED_EDGE('',*,*,#392,.T.);
#518=ORIENTED_EDGE('',*,*,#393,.T.);
#519=ORIENTED_EDGE('',*,*,#391,.T.);
#520=ORIENTED_EDGE('',*,*,#394,.F.);
#521=ORIENTED_EDGE('',*,*,#395,.F.);
#522=ORIENTED_EDGE('',*,*,#396,.F.);
#523=ORIENTED_EDGE('',*,*,#397,.T.);
#524=ORIENTED_EDGE('',*,*,#398,.F.);
#525=ORIENTED_EDGE('',*,*,#399,.T.);
#526=ORIENTED_EDGE('',*,*,#398,.T.);
#527=ORIENTED_EDGE('',*,*,#400,.T.);
#528=ORIENTED_EDGE('',*,*,#401,.F.);
#529=ORIENTED_EDGE('',*,*,#402,.T.);
#530=ORIENTED_EDGE('',*,*,#403,.T.);
#531=ORIENTED_EDGE('',*,*,#404,.T.);
#532=ORIENTED_EDGE('',*,*,#405,.F.);
#533=ORIENTED_EDGE('',*,*,#406,.T.);
#534=ORIENTED_EDGE('',*,*,#397,.F.);
#535=ORIENTED_EDGE('',*,*,#407,.F.);
#536=ORIENTED_EDGE('',*,*,#408,.T.);
#537=ORIENTED_EDGE('',*,*,#409,.F.);
#538=ORIENTED_EDGE('',*,*,#400,.F.);
#539=ORIENTED_EDGE('',*,*,#405,.T.);
#540=ORIENTED_EDGE('',*,*,#410,.T.);
#541=ORIENTED_EDGE('',*,*,#411,.T.);
#542=ORIENTED_EDGE('',*,*,#412,.T.);
#543=ORIENTED_EDGE('',*,*,#410,.F.);
#544=ORIENTED_EDGE('',*,*,#404,.F.);
#545=ORIENTED_EDGE('',*,*,#413,.F.);
#546=ORIENTED_EDGE('',*,*,#414,.F.);
#547=ORIENTED_EDGE('',*,*,#415,.T.);
#548=ORIENTED_EDGE('',*,*,#416,.T.);
#549=ORIENTED_EDGE('',*,*,#417,.T.);
#550=ORIENTED_EDGE('',*,*,#418,.T.);
#551=ORIENTED_EDGE('',*,*,#416,.F.);
#552=ORIENTED_EDGE('',*,*,#419,.F.);
#553=ORIENTED_EDGE('',*,*,#420,.F.);
#554=ORIENTED_EDGE('',*,*,#421,.T.);
#555=ORIENTED_EDGE('',*,*,#422,.F.);
#556=ORIENTED_EDGE('',*,*,#423,.T.);
#557=ORIENTED_EDGE('',*,*,#424,.F.);
#558=ORIENTED_EDGE('',*,*,#425,.T.);
#559=ORIENTED_EDGE('',*,*,#422,.T.);
#560=ORIENTED_EDGE('',*,*,#426,.T.);
#561=ORIENTED_EDGE('',*,*,#417,.F.);
#562=ORIENTED_EDGE('',*,*,#421,.F.);
#563=ORIENTED_EDGE('',*,*,#427,.T.);
#564=ORIENTED_EDGE('',*,*,#428,.T.);
#565=ORIENTED_EDGE('',*,*,#429,.F.);
#566=ORIENTED_EDGE('',*,*,#430,.T.);
#567=ORIENTED_EDGE('',*,*,#418,.F.);
#568=ORIENTED_EDGE('',*,*,#426,.F.);
#569=ORIENTED_EDGE('',*,*,#425,.F.);
#570=ORIENTED_EDGE('',*,*,#431,.F.);
#571=ORIENTED_EDGE('',*,*,#432,.T.);
#572=ORIENTED_EDGE('',*,*,#433,.T.);
#573=ORIENTED_EDGE('',*,*,#434,.T.);
#574=ORIENTED_EDGE('',*,*,#435,.T.);
#575=ORIENTED_EDGE('',*,*,#433,.F.);
#576=ORIENTED_EDGE('',*,*,#436,.F.);
#577=ORIENTED_EDGE('',*,*,#437,.F.);
#578=ORIENTED_EDGE('',*,*,#438,.F.);
#579=ORIENTED_EDGE('',*,*,#439,.F.);
#580=ORIENTED_EDGE('',*,*,#440,.T.);
#581=ORIENTED_EDGE('',*,*,#441,.F.);
#582=ORIENTED_EDGE('',*,*,#442,.T.);
#583=ORIENTED_EDGE('',*,*,#439,.T.);
#584=ORIENTED_EDGE('',*,*,#443,.T.);
#585=ORIENTED_EDGE('',*,*,#434,.F.);
#586=ORIENTED_EDGE('',*,*,#438,.T.);
#587=ORIENTED_EDGE('',*,*,#444,.T.);
#588=ORIENTED_EDGE('',*,*,#445,.T.);
#589=ORIENTED_EDGE('',*,*,#446,.F.);
#590=ORIENTED_EDGE('',*,*,#447,.T.);
#591=ORIENTED_EDGE('',*,*,#435,.F.);
#592=ORIENTED_EDGE('',*,*,#443,.F.);
#593=ORIENTED_EDGE('',*,*,#442,.F.);
#594=ORIENTED_EDGE('',*,*,#448,.F.);
#595=ORIENTED_EDGE('',*,*,#449,.T.);
#596=ORIENTED_EDGE('',*,*,#450,.T.);
#597=ORIENTED_EDGE('',*,*,#451,.T.);
#598=ORIENTED_EDGE('',*,*,#452,.T.);
#599=ORIENTED_EDGE('',*,*,#450,.F.);
#600=ORIENTED_EDGE('',*,*,#453,.F.);
#601=ORIENTED_EDGE('',*,*,#454,.F.);
#602=ORIENTED_EDGE('',*,*,#455,.T.);
#603=ORIENTED_EDGE('',*,*,#456,.F.);
#604=ORIENTED_EDGE('',*,*,#457,.T.);
#605=ORIENTED_EDGE('',*,*,#458,.F.);
#606=ORIENTED_EDGE('',*,*,#459,.T.);
#607=ORIENTED_EDGE('',*,*,#456,.T.);
#608=ORIENTED_EDGE('',*,*,#460,.F.);
#609=ORIENTED_EDGE('',*,*,#451,.F.);
#610=ORIENTED_EDGE('',*,*,#455,.F.);
#611=ORIENTED_EDGE('',*,*,#461,.T.);
#612=ORIENTED_EDGE('',*,*,#462,.T.);
#613=ORIENTED_EDGE('',*,*,#463,.F.);
#614=ORIENTED_EDGE('',*,*,#464,.T.);
#615=ORIENTED_EDGE('',*,*,#452,.F.);
#616=ORIENTED_EDGE('',*,*,#460,.T.);
#617=ORIENTED_EDGE('',*,*,#459,.F.);
#618=ORIENTED_EDGE('',*,*,#465,.F.);
#619=ORIENTED_EDGE('',*,*,#441,.T.);
#620=ORIENTED_EDGE('',*,*,#466,.T.);
#621=ORIENTED_EDGE('',*,*,#467,.F.);
#622=ORIENTED_EDGE('',*,*,#468,.T.);
#623=ORIENTED_EDGE('',*,*,#469,.T.);
#624=ORIENTED_EDGE('',*,*,#436,.T.);
#625=ORIENTED_EDGE('',*,*,#432,.F.);
#626=ORIENTED_EDGE('',*,*,#448,.T.);
#627=ORIENTED_EDGE('',*,*,#424,.T.);
#628=ORIENTED_EDGE('',*,*,#470,.T.);
#629=ORIENTED_EDGE('',*,*,#471,.F.);
#630=ORIENTED_EDGE('',*,*,#472,.T.);
#631=ORIENTED_EDGE('',*,*,#473,.T.);
#632=ORIENTED_EDGE('',*,*,#419,.T.);
#633=ORIENTED_EDGE('',*,*,#415,.F.);
#634=ORIENTED_EDGE('',*,*,#431,.T.);
#635=ORIENTED_EDGE('',*,*,#423,.F.);
#636=ORIENTED_EDGE('',*,*,#430,.F.);
#637=ORIENTED_EDGE('',*,*,#474,.T.);
#638=ORIENTED_EDGE('',*,*,#475,.F.);
#639=ORIENTED_EDGE('',*,*,#470,.F.);
#640=ORIENTED_EDGE('',*,*,#440,.F.);
#641=ORIENTED_EDGE('',*,*,#447,.F.);
#642=ORIENTED_EDGE('',*,*,#476,.F.);
#643=ORIENTED_EDGE('',*,*,#477,.F.);
#644=ORIENTED_EDGE('',*,*,#466,.F.);
#645=ORIENTED_EDGE('',*,*,#396,.T.);
#646=ORIENTED_EDGE('',*,*,#478,.T.);
#647=ORIENTED_EDGE('',*,*,#411,.F.);
#648=ORIENTED_EDGE('',*,*,#414,.T.);
#649=ORIENTED_EDGE('',*,*,#479,.T.);
#650=ORIENTED_EDGE('',*,*,#480,.T.);
#651=ORIENTED_EDGE('',*,*,#481,.F.);
#652=ORIENTED_EDGE('',*,*,#407,.T.);
#653=ORIENTED_EDGE('',*,*,#458,.T.);
#654=ORIENTED_EDGE('',*,*,#482,.T.);
#655=ORIENTED_EDGE('',*,*,#483,.F.);
#656=ORIENTED_EDGE('',*,*,#484,.T.);
#657=ORIENTED_EDGE('',*,*,#485,.T.);
#658=ORIENTED_EDGE('',*,*,#453,.T.);
#659=ORIENTED_EDGE('',*,*,#449,.F.);
#660=ORIENTED_EDGE('',*,*,#465,.T.);
#661=ORIENTED_EDGE('',*,*,#457,.F.);
#662=ORIENTED_EDGE('',*,*,#464,.F.);
#663=ORIENTED_EDGE('',*,*,#486,.F.);
#664=ORIENTED_EDGE('',*,*,#487,.F.);
#665=ORIENTED_EDGE('',*,*,#482,.F.);
#666=ORIENTED_EDGE('',*,*,#461,.F.);
#667=ORIENTED_EDGE('',*,*,#454,.T.);
#668=ORIENTED_EDGE('',*,*,#485,.F.);
#669=ORIENTED_EDGE('',*,*,#488,.F.);
#670=ORIENTED_EDGE('',*,*,#427,.F.);
#671=ORIENTED_EDGE('',*,*,#420,.T.);
#672=ORIENTED_EDGE('',*,*,#473,.F.);
#673=ORIENTED_EDGE('',*,*,#489,.F.);
#674=ORIENTED_EDGE('',*,*,#444,.F.);
#675=ORIENTED_EDGE('',*,*,#437,.T.);
#676=ORIENTED_EDGE('',*,*,#469,.F.);
#677=ORIENTED_EDGE('',*,*,#490,.F.);
#678=ORIENTED_EDGE('',*,*,#403,.F.);
#679=ORIENTED_EDGE('',*,*,#491,.F.);
#680=ORIENTED_EDGE('',*,*,#479,.F.);
#681=ORIENTED_EDGE('',*,*,#413,.T.);
#682=ORIENTED_EDGE('',*,*,#399,.F.);
#683=ORIENTED_EDGE('',*,*,#406,.F.);
#684=ORIENTED_EDGE('',*,*,#412,.F.);
#685=ORIENTED_EDGE('',*,*,#478,.F.);
#686=ORIENTED_EDGE('',*,*,#474,.F.);
#687=ORIENTED_EDGE('',*,*,#429,.T.);
#688=ORIENTED_EDGE('',*,*,#492,.T.);
#689=ORIENTED_EDGE('',*,*,#467,.T.);
#690=ORIENTED_EDGE('',*,*,#477,.T.);
#691=ORIENTED_EDGE('',*,*,#493,.T.);
#692=ORIENTED_EDGE('',*,*,#494,.T.);
#693=ORIENTED_EDGE('',*,*,#495,.F.);
#694=ORIENTED_EDGE('',*,*,#476,.T.);
#695=ORIENTED_EDGE('',*,*,#446,.T.);
#696=ORIENTED_EDGE('',*,*,#496,.T.);
#697=ORIENTED_EDGE('',*,*,#497,.T.);
#698=ORIENTED_EDGE('',*,*,#498,.T.);
#699=ORIENTED_EDGE('',*,*,#493,.F.);
#700=ORIENTED_EDGE('',*,*,#499,.T.);
#701=ORIENTED_EDGE('',*,*,#401,.T.);
#702=ORIENTED_EDGE('',*,*,#409,.T.);
#703=ORIENTED_EDGE('',*,*,#500,.T.);
#704=ORIENTED_EDGE('',*,*,#501,.T.);
#705=ORIENTED_EDGE('',*,*,#497,.F.);
#706=ORIENTED_EDGE('',*,*,#502,.F.);
#707=ORIENTED_EDGE('',*,*,#503,.T.);
#708=ORIENTED_EDGE('',*,*,#392,.F.);
#709=ORIENTED_EDGE('',*,*,#393,.F.);
#710=ORIENTED_EDGE('',*,*,#503,.F.);
#711=ORIENTED_EDGE('',*,*,#504,.F.);
#712=ORIENTED_EDGE('',*,*,#505,.T.);
#713=ORIENTED_EDGE('',*,*,#502,.T.);
#714=ORIENTED_EDGE('',*,*,#505,.F.);
#715=ORIENTED_EDGE('',*,*,#506,.F.);
#716=ORIENTED_EDGE('',*,*,#507,.F.);
#717=ORIENTED_EDGE('',*,*,#506,.T.);
#718=ORIENTED_EDGE('',*,*,#395,.T.);
#719=ORIENTED_EDGE('',*,*,#394,.T.);
#720=ORIENTED_EDGE('',*,*,#508,.F.);
#721=ORIENTED_EDGE('',*,*,#462,.F.);
#722=ORIENTED_EDGE('',*,*,#488,.T.);
#723=ORIENTED_EDGE('',*,*,#484,.F.);
#724=ORIENTED_EDGE('',*,*,#509,.F.);
#725=ORIENTED_EDGE('',*,*,#480,.F.);
#726=ORIENTED_EDGE('',*,*,#491,.T.);
#727=ORIENTED_EDGE('',*,*,#402,.F.);
#728=ORIENTED_EDGE('',*,*,#499,.F.);
#729=ORIENTED_EDGE('',*,*,#496,.F.);
#730=ORIENTED_EDGE('',*,*,#445,.F.);
#731=ORIENTED_EDGE('',*,*,#490,.T.);
#732=ORIENTED_EDGE('',*,*,#468,.F.);
#733=ORIENTED_EDGE('',*,*,#492,.F.);
#734=ORIENTED_EDGE('',*,*,#428,.F.);
#735=ORIENTED_EDGE('',*,*,#489,.T.);
#736=ORIENTED_EDGE('',*,*,#472,.F.);
#737=ORIENTED_EDGE('',*,*,#510,.F.);
#738=ORIENTED_EDGE('',*,*,#507,.T.);
#739=ORIENTED_EDGE('',*,*,#475,.T.);
#740=ORIENTED_EDGE('',*,*,#495,.T.);
#741=ORIENTED_EDGE('',*,*,#511,.T.);
#742=ORIENTED_EDGE('',*,*,#512,.F.);
#743=ORIENTED_EDGE('',*,*,#510,.T.);
#744=ORIENTED_EDGE('',*,*,#471,.T.);
#745=ORIENTED_EDGE('',*,*,#508,.T.);
#746=ORIENTED_EDGE('',*,*,#512,.T.);
#747=ORIENTED_EDGE('',*,*,#513,.T.);
#748=ORIENTED_EDGE('',*,*,#514,.F.);
#749=ORIENTED_EDGE('',*,*,#486,.T.);
#750=ORIENTED_EDGE('',*,*,#463,.T.);
#751=ORIENTED_EDGE('',*,*,#487,.T.);
#752=ORIENTED_EDGE('',*,*,#514,.T.);
#753=ORIENTED_EDGE('',*,*,#515,.T.);
#754=ORIENTED_EDGE('',*,*,#500,.F.);
#755=ORIENTED_EDGE('',*,*,#408,.F.);
#756=ORIENTED_EDGE('',*,*,#481,.T.);
#757=ORIENTED_EDGE('',*,*,#509,.T.);
#758=ORIENTED_EDGE('',*,*,#483,.T.);
#759=ORIENTED_EDGE('',*,*,#515,.F.);
#760=ORIENTED_EDGE('',*,*,#513,.F.);
#761=ORIENTED_EDGE('',*,*,#511,.F.);
#762=ORIENTED_EDGE('',*,*,#494,.F.);
#763=ORIENTED_EDGE('',*,*,#498,.F.);
#764=ORIENTED_EDGE('',*,*,#501,.F.);
#765=ORIENTED_EDGE('',*,*,#504,.T.);
#766=CONICAL_SURFACE('',#838,1.7875,0.366056515847418);
#767=CONICAL_SURFACE('',#845,3.81786116788906,1.56723325162264);
#768=CONICAL_SURFACE('',#849,2.88668674636072,0.78539816339745);
#769=CONICAL_SURFACE('',#854,2.88668674636072,0.78539816339745);
#770=CONICAL_SURFACE('',#860,3.09357576248144,0.785398163397453);
#771=CONICAL_SURFACE('',#864,2.88668674636072,0.78539816339745);
#772=CONICAL_SURFACE('',#870,3.09357576248144,0.785398163397453);
#773=CONICAL_SURFACE('',#874,2.88668674636072,0.78539816339745);
#774=CONICAL_SURFACE('',#880,3.09357576248144,0.785398163397453);
#775=CONICAL_SURFACE('',#883,3.81786116788906,1.56723325162264);
#776=CONICAL_SURFACE('',#884,3.81786116788906,1.56723325162264);
#777=CONICAL_SURFACE('',#887,3.81786116788906,1.56723325162264);
#778=CONICAL_SURFACE('',#896,3.09357576248144,0.785398163397453);
#779=CONICAL_SURFACE('',#902,2.325,0.785398163397448);
#780=ADVANCED_FACE('',(#79),#766,.F.);
#781=ADVANCED_FACE('',(#80),#71,.F.);
#782=ADVANCED_FACE('',(#81),#55,.T.);
#783=ADVANCED_FACE('',(#82),#767,.F.);
#784=ADVANCED_FACE('',(#83),#72,.T.);
#785=ADVANCED_FACE('',(#84),#768,.T.);
#786=ADVANCED_FACE('',(#85),#73,.T.);
#787=ADVANCED_FACE('',(#86),#769,.T.);
#788=ADVANCED_FACE('',(#87),#74,.F.);
#789=ADVANCED_FACE('',(#88),#56,.T.);
#790=ADVANCED_FACE('',(#89),#770,.T.);
#791=ADVANCED_FACE('',(#90),#75,.T.);
#792=ADVANCED_FACE('',(#91),#771,.T.);
#793=ADVANCED_FACE('',(#92),#76,.F.);
#794=ADVANCED_FACE('',(#93),#57,.T.);
#795=ADVANCED_FACE('',(#94),#772,.T.);
#796=ADVANCED_FACE('',(#95),#77,.T.);
#797=ADVANCED_FACE('',(#96),#773,.T.);
#798=ADVANCED_FACE('',(#97),#78,.F.);
#799=ADVANCED_FACE('',(#98),#58,.T.);
#800=ADVANCED_FACE('',(#99),#774,.T.);
#801=ADVANCED_FACE('',(#100),#59,.T.);
#802=ADVANCED_FACE('',(#101),#60,.T.);
#803=ADVANCED_FACE('',(#102),#775,.F.);
#804=ADVANCED_FACE('',(#103),#776,.F.);
#805=ADVANCED_FACE('',(#104),#61,.T.);
#806=ADVANCED_FACE('',(#105),#62,.T.);
#807=ADVANCED_FACE('',(#106),#777,.F.);
#808=ADVANCED_FACE('',(#107),#17,.T.);
#809=ADVANCED_FACE('',(#108),#18,.T.);
#810=ADVANCED_FACE('',(#109),#19,.T.);
#811=ADVANCED_FACE('',(#110),#20,.T.);
#812=ADVANCED_FACE('',(#111),#778,.T.);
#813=ADVANCED_FACE('',(#112),#63,.T.);
#814=ADVANCED_FACE('',(#113),#64,.T.);
#815=ADVANCED_FACE('',(#114),#65,.T.);
#816=ADVANCED_FACE('',(#115),#21,.F.);
#817=ADVANCED_FACE('',(#116),#779,.F.);
#818=ADVANCED_FACE('',(#117),#22,.F.);
#819=ADVANCED_FACE('',(#118,#15),#66,.F.);
#820=ADVANCED_FACE('',(#119),#67,.T.);
#821=ADVANCED_FACE('',(#120),#68,.T.);
#822=ADVANCED_FACE('',(#121),#69,.T.);
#823=ADVANCED_FACE('',(#122,#16),#70,.T.);
#824=CLOSED_SHELL('',(#780,#781,#782,#783,#784,#785,#786,#787,#788,#789,
#790,#791,#792,#793,#794,#795,#796,#797,#798,#799,#800,#801,#802,#803,#804,
#805,#806,#807,#808,#809,#810,#811,#812,#813,#814,#815,#816,#817,#818,#819,
#820,#821,#822,#823));
#825=DERIVED_UNIT_ELEMENT(#827,1.);
#826=DERIVED_UNIT_ELEMENT(#1717,-3.);
#827=(
MASS_UNIT()
NAMED_UNIT(*)
SI_UNIT(.KILO.,.GRAM.)
);
#828=DERIVED_UNIT((#825,#826));
#829=MEASURE_REPRESENTATION_ITEM('density measure',
POSITIVE_RATIO_MEASURE(7850.),#828);
#830=PROPERTY_DEFINITION_REPRESENTATION(#835,#832);
#831=PROPERTY_DEFINITION_REPRESENTATION(#836,#833);
#832=REPRESENTATION('material name',(#834),#1714);
#833=REPRESENTATION('density',(#829),#1714);
#834=DESCRIPTIVE_REPRESENTATION_ITEM('Steel','Steel');
#835=PROPERTY_DEFINITION('material property','material name',#1724);
#836=PROPERTY_DEFINITION('material property','density of part',#1724);
#837=AXIS2_PLACEMENT_3D('',#1105,#911,#912);
#838=AXIS2_PLACEMENT_3D('',#1106,#913,#914);
#839=AXIS2_PLACEMENT_3D('',#1111,#916,#917);
#840=AXIS2_PLACEMENT_3D('',#1112,#918,#919);
#841=AXIS2_PLACEMENT_3D('',#1150,#920,#921);
#842=AXIS2_PLACEMENT_3D('',#1172,#922,#923);
#843=AXIS2_PLACEMENT_3D('',#1192,#924,#925);
#844=AXIS2_PLACEMENT_3D('',#1193,#926,#927);
#845=AXIS2_PLACEMENT_3D('',#1228,#931,#932);
#846=AXIS2_PLACEMENT_3D('',#1241,#933,#934);
#847=AXIS2_PLACEMENT_3D('',#1243,#935,#936);
#848=AXIS2_PLACEMENT_3D('',#1260,#937,#938);
#849=AXIS2_PLACEMENT_3D('',#1261,#939,#940);
#850=AXIS2_PLACEMENT_3D('',#1263,#941,#942);
#851=AXIS2_PLACEMENT_3D('',#1267,#943,#944);
#852=AXIS2_PLACEMENT_3D('',#1286,#945,#946);
#853=AXIS2_PLACEMENT_3D('',#1303,#947,#948);
#854=AXIS2_PLACEMENT_3D('',#1304,#949,#950);
#855=AXIS2_PLACEMENT_3D('',#1311,#951,#952);
#856=AXIS2_PLACEMENT_3D('',#1315,#953,#954);
#857=AXIS2_PLACEMENT_3D('',#1337,#955,#956);
#858=AXIS2_PLACEMENT_3D('',#1357,#957,#958);
#859=AXIS2_PLACEMENT_3D('',#1358,#959,#960);
#860=AXIS2_PLACEMENT_3D('',#1371,#964,#965);
#861=AXIS2_PLACEMENT_3D('',#1375,#966,#967);
#862=AXIS2_PLACEMENT_3D('',#1394,#968,#969);
#863=AXIS2_PLACEMENT_3D('',#1411,#970,#971);
#864=AXIS2_PLACEMENT_3D('',#1412,#972,#973);
#865=AXIS2_PLACEMENT_3D('',#1419,#974,#975);
#866=AXIS2_PLACEMENT_3D('',#1423,#976,#977);
#867=AXIS2_PLACEMENT_3D('',#1445,#978,#979);
#868=AXIS2_PLACEMENT_3D('',#1465,#980,#981);
#869=AXIS2_PLACEMENT_3D('',#1466,#982,#983);
#870=AXIS2_PLACEMENT_3D('',#1479,#987,#988);
#871=AXIS2_PLACEMENT_3D('',#1483,#989,#990);
#872=AXIS2_PLACEMENT_3D('',#1502,#991,#992);
#873=AXIS2_PLACEMENT_3D('',#1519,#993,#994);
#874=AXIS2_PLACEMENT_3D('',#1520,#995,#996);
#875=AXIS2_PLACEMENT_3D('',#1527,#997,#998);
#876=AXIS2_PLACEMENT_3D('',#1531,#999,#1000);
#877=AXIS2_PLACEMENT_3D('',#1553,#1001,#1002);
#878=AXIS2_PLACEMENT_3D('',#1573,#1003,#1004);
#879=AXIS2_PLACEMENT_3D('',#1574,#1005,#1006);
#880=AXIS2_PLACEMENT_3D('',#1587,#1010,#1011);
#881=AXIS2_PLACEMENT_3D('',#1591,#1012,#1013);
#882=AXIS2_PLACEMENT_3D('',#1601,#1017,#1018);
#883=AXIS2_PLACEMENT_3D('',#1611,#1022,#1023);
#884=AXIS2_PLACEMENT_3D('',#1620,#1024,#1025);
#885=AXIS2_PLACEMENT_3D('',#1629,#1026,#1027);
#886=AXIS2_PLACEMENT_3D('',#1638,#1031,#1032);
#887=AXIS2_PLACEMENT_3D('',#1648,#1036,#1037);
#888=AXIS2_PLACEMENT_3D('',#1657,#1038,#1039);
#889=AXIS2_PLACEMENT_3D('',#1658,#1040,#1041);
#890=AXIS2_PLACEMENT_3D('',#1659,#1042,#1043);
#891=AXIS2_PLACEMENT_3D('',#1660,#1044,#1045);
#892=AXIS2_PLACEMENT_3D('',#1661,#1046,#1047);
#893=AXIS2_PLACEMENT_3D('',#1662,#1048,#1049);
#894=AXIS2_PLACEMENT_3D('',#1663,#1050,#1051);
#895=AXIS2_PLACEMENT_3D('',#1664,#1052,#1053);
#896=AXIS2_PLACEMENT_3D('',#1665,#1054,#1055);
#897=AXIS2_PLACEMENT_3D('',#1666,#1056,#1057);
#898=AXIS2_PLACEMENT_3D('',#1673,#1062,#1063);
#899=AXIS2_PLACEMENT_3D('',#1679,#1067,#1068);
#900=AXIS2_PLACEMENT_3D('',#1684,#1072,#1073);
#901=AXIS2_PLACEMENT_3D('',#1686,#1074,#1075);
#902=AXIS2_PLACEMENT_3D('',#1688,#1077,#1078);
#903=AXIS2_PLACEMENT_3D('',#1690,#1079,#1080);
#904=AXIS2_PLACEMENT_3D('',#1692,#1082,#1083);
#905=AXIS2_PLACEMENT_3D('',#1695,#1085,#1086);
#906=AXIS2_PLACEMENT_3D('',#1696,#1087,#1088);
#907=AXIS2_PLACEMENT_3D('',#1701,#1092,#1093);
#908=AXIS2_PLACEMENT_3D('',#1705,#1096,#1097);
#909=AXIS2_PLACEMENT_3D('',#1709,#1100,#1101);
#910=AXIS2_PLACEMENT_3D('',#1711,#1103,#1104);
#911=DIRECTION('axis',(0.,0.,1.));
#912=DIRECTION('refdir',(1.,0.,0.));
#913=DIRECTION('center_axis',(0.,0.,-1.));
#914=DIRECTION('ref_axis',(1.,0.,0.));
#915=DIRECTION('',(0.357936011632452,-4.38345190945253E-17,0.93374611730205));
#916=DIRECTION('center_axis',(0.,0.,-1.));
#917=DIRECTION('ref_axis',(1.,0.,0.));
#918=DIRECTION('center_axis',(0.,0.,-1.));
#919=DIRECTION('ref_axis',(1.,0.,0.));
#920=DIRECTION('center_axis',(0.,0.,-1.));
#921=DIRECTION('ref_axis',(-1.,0.,0.));
#922=DIRECTION('center_axis',(0.,0.,1.));
#923=DIRECTION('ref_axis',(-0.705799856095731,-0.708411295177629,0.));
#924=DIRECTION('center_axis',(0.,0.,-1.));
#925=DIRECTION('ref_axis',(-0.705799856095731,-0.708411295177629,0.));
#926=DIRECTION('center_axis',(-1.,0.,0.));
#927=DIRECTION('ref_axis',(0.,1.,0.));
#928=DIRECTION('',(0.,0.,1.));
#929=DIRECTION('',(0.,-1.,0.));
#930=DIRECTION('',(0.,0.,1.));
#931=DIRECTION('center_axis',(0.,0.,1.));
#932=DIRECTION('ref_axis',(1.,0.,0.));
#933=DIRECTION('center_axis',(0.,0.,-1.));
#934=DIRECTION('ref_axis',(-1.,0.,0.));
#935=DIRECTION('center_axis',(0.,0.,-1.));
#936=DIRECTION('ref_axis',(-0.706092430435951,-0.708119678925146,0.));
#937=DIRECTION('center_axis',(0.,0.,1.));
#938=DIRECTION('ref_axis',(-0.706092430435951,-0.708119678925146,0.));
#939=DIRECTION('center_axis',(0.,0.,-1.));
#940=DIRECTION('ref_axis',(1.,0.,0.));
#941=DIRECTION('center_axis',(0.,0.,1.));
#942=DIRECTION('ref_axis',(1.,0.,0.));
#943=DIRECTION('center_axis',(0.,0.,-1.));
#944=DIRECTION('ref_axis',(-1.,0.,0.));
#945=DIRECTION('center_axis',(0.,0.,-1.));
#946=DIRECTION('ref_axis',(0.708120349279944,0.706091758155872,0.));
#947=DIRECTION('center_axis',(0.,0.,1.));
#948=DIRECTION('ref_axis',(0.708120349279944,0.706091758155872,0.));
#949=DIRECTION('center_axis',(0.,0.,-1.));
#950=DIRECTION('ref_axis',(1.,0.,0.));
#951=DIRECTION('center_axis',(0.,0.,1.));
#952=DIRECTION('ref_axis',(1.,0.,0.));
#953=DIRECTION('center_axis',(0.,0.,-1.));
#954=DIRECTION('ref_axis',(-1.,0.,0.));
#955=DIRECTION('center_axis',(0.,0.,1.));
#956=DIRECTION('ref_axis',(0.708412728450467,0.705798417516904,0.));
#957=DIRECTION('center_axis',(0.,0.,-1.));
#958=DIRECTION('ref_axis',(0.708412728450466,0.705798417516904,0.));
#959=DIRECTION('center_axis',(1.26161455832804E-16,1.,0.));
#960=DIRECTION('ref_axis',(1.,-1.26161455832804E-16,0.));
#961=DIRECTION('',(0.,0.,-1.));
#962=DIRECTION('',(-1.,1.26161455832804E-16,0.));
#963=DIRECTION('',(0.,0.,1.));
#964=DIRECTION('center_axis',(0.,0.,1.));
#965=DIRECTION('ref_axis',(1.,0.,0.));
#966=DIRECTION('center_axis',(0.,0.,-1.));
#967=DIRECTION('ref_axis',(-1.,0.,0.));
#968=DIRECTION('center_axis',(0.,0.,-1.));
#969=DIRECTION('ref_axis',(0.708120350899251,-0.706091756531913,0.));
#970=DIRECTION('center_axis',(0.,0.,1.));
#971=DIRECTION('ref_axis',(0.708120350899251,-0.706091756531912,0.));
#972=DIRECTION('center_axis',(0.,0.,-1.));
#973=DIRECTION('ref_axis',(1.,0.,0.));
#974=DIRECTION('center_axis',(0.,0.,1.));
#975=DIRECTION('ref_axis',(1.,0.,0.));
#976=DIRECTION('center_axis',(0.,0.,-1.));
#977=DIRECTION('ref_axis',(-1.,0.,0.));
#978=DIRECTION('center_axis',(0.,0.,1.));
#979=DIRECTION('ref_axis',(0.708412730535995,-0.70579841542365,0.));
#980=DIRECTION('center_axis',(0.,0.,-1.));
#981=DIRECTION('ref_axis',(0.708412730535995,-0.70579841542365,0.));
#982=DIRECTION('center_axis',(1.,0.,0.));
#983=DIRECTION('ref_axis',(0.,-1.,0.));
#984=DIRECTION('',(0.,0.,-1.));
#985=DIRECTION('',(0.,1.,0.));
#986=DIRECTION('',(0.,0.,-1.));
#987=DIRECTION('center_axis',(0.,0.,1.));
#988=DIRECTION('ref_axis',(1.,0.,0.));
#989=DIRECTION('center_axis',(0.,0.,-1.));
#990=DIRECTION('ref_axis',(-1.,0.,0.));
#991=DIRECTION('center_axis',(0.,0.,-1.));
#992=DIRECTION('ref_axis',(-0.706092428811993,0.708119680544455,0.));
#993=DIRECTION('center_axis',(0.,0.,1.));
#994=DIRECTION('ref_axis',(-0.706092428811993,0.708119680544455,0.));
#995=DIRECTION('center_axis',(0.,0.,-1.));
#996=DIRECTION('ref_axis',(1.,0.,0.));
#997=DIRECTION('center_axis',(0.,0.,1.));
#998=DIRECTION('ref_axis',(1.,0.,0.));
#999=DIRECTION('center_axis',(0.,0.,-1.));
#1000=DIRECTION('ref_axis',(-1.,0.,0.));
#1001=DIRECTION('center_axis',(0.,0.,1.));
#1002=DIRECTION('ref_axis',(-0.705799854002482,0.708411297263162,0.));
#1003=DIRECTION('center_axis',(0.,0.,-1.));
#1004=DIRECTION('ref_axis',(-0.705799854002482,0.708411297263162,0.));
#1005=DIRECTION('center_axis',(-1.,0.,0.));
#1006=DIRECTION('ref_axis',(0.,1.,0.));
#1007=DIRECTION('',(0.,0.,-1.));
#1008=DIRECTION('',(0.,-1.,0.));
#1009=DIRECTION('',(0.,0.,-1.));
#1010=DIRECTION('center_axis',(0.,0.,1.));
#1011=DIRECTION('ref_axis',(1.,0.,0.));
#1012=DIRECTION('center_axis',(-1.26161455832804E-16,-1.,0.));
#1013=DIRECTION('ref_axis',(-1.,1.26161455832804E-16,0.));
#1014=DIRECTION('',(0.,0.,-1.));
#1015=DIRECTION('',(1.,-1.26161455832804E-16,0.));
#1016=DIRECTION('',(0.,0.,1.));
#1017=DIRECTION('center_axis',(1.,0.,0.));
#1018=DIRECTION('ref_axis',(0.,-1.,0.));
#1019=DIRECTION('',(0.,0.,1.));
#1020=DIRECTION('',(0.,1.,0.));
#1021=DIRECTION('',(0.,0.,1.));
#1022=DIRECTION('center_axis',(0.,0.,1.));
#1023=DIRECTION('ref_axis',(1.,0.,0.));
#1024=DIRECTION('center_axis',(0.,0.,1.));
#1025=DIRECTION('ref_axis',(1.,0.,0.));
#1026=DIRECTION('center_axis',(-1.26161455832804E-16,-1.,0.));
#1027=DIRECTION('ref_axis',(-1.,1.26161455832804E-16,0.));
#1028=DIRECTION('',(0.,0.,-1.));
#1029=DIRECTION('',(1.,-1.26161455832804E-16,0.));
#1030=DIRECTION('',(0.,0.,1.));
#1031=DIRECTION('center_axis',(1.26161455832804E-16,1.,0.));
#1032=DIRECTION('ref_axis',(1.,-1.26161455832804E-16,0.));
#1033=DIRECTION('',(0.,0.,-1.));
#1034=DIRECTION('',(-1.,1.26161455832804E-16,0.));
#1035=DIRECTION('',(0.,0.,1.));
#1036=DIRECTION('center_axis',(0.,0.,1.));
#1037=DIRECTION('ref_axis',(1.,0.,0.));
#1038=DIRECTION('center_axis',(0.,0.,1.));
#1039=DIRECTION('ref_axis',(1.,0.,0.));
#1040=DIRECTION('center_axis',(0.,0.,-1.));
#1041=DIRECTION('ref_axis',(1.,0.,0.));
#1042=DIRECTION('center_axis',(0.,0.,1.));
#1043=DIRECTION('ref_axis',(1.,0.,0.));
#1044=DIRECTION('center_axis',(0.,0.,-1.));
#1045=DIRECTION('ref_axis',(1.,0.,0.));
#1046=DIRECTION('center_axis',(0.,0.,1.));
#1047=DIRECTION('ref_axis',(1.,0.,0.));
#1048=DIRECTION('center_axis',(0.,0.,-1.));
#1049=DIRECTION('ref_axis',(1.,0.,0.));
#1050=DIRECTION('center_axis',(0.,0.,1.));
#1051=DIRECTION('ref_axis',(1.,0.,0.));
#1052=DIRECTION('center_axis',(0.,0.,-1.));
#1053=DIRECTION('ref_axis',(1.,0.,0.));
#1054=DIRECTION('center_axis',(0.,0.,1.));
#1055=DIRECTION('ref_axis',(1.,0.,0.));
#1056=DIRECTION('center_axis',(0.99999997379541,0.000228930510331733,0.));
#1057=DIRECTION('ref_axis',(0.000228930510331733,-0.99999997379541,-2.31759050317351E-15));
#1058=DIRECTION('',(0.000228930510331733,-0.99999997379541,0.));
#1059=DIRECTION('',(0.,0.,-1.));
#1060=DIRECTION('',(-0.000228930510331733,0.99999997379541,0.));
#1061=DIRECTION('',(0.,0.,-1.));
#1062=DIRECTION('center_axis',(0.500198246535353,-0.865910915835433,0.));
#1063=DIRECTION('ref_axis',(-0.865910915835433,-0.500198246535353,-1.15925473625217E-15));
#1064=DIRECTION('',(-0.865910915835433,-0.500198246535353,0.));
#1065=DIRECTION('',(0.,0.,-1.));
#1066=DIRECTION('',(0.865910915835433,0.500198246535353,0.));
#1067=DIRECTION('center_axis',(-0.499801727260057,-0.866139846345764,0.));
#1068=DIRECTION('ref_axis',(-0.866139846345764,0.499801727260057,1.15833576692134E-15));
#1069=DIRECTION('',(-0.866139846345764,0.499801727260057,0.));
#1070=DIRECTION('',(0.,0.,-1.));
#1071=DIRECTION('',(0.866139846345764,-0.499801727260057,0.));
#1072=DIRECTION('center_axis',(0.,0.,1.));
#1073=DIRECTION('ref_axis',(-1.,0.,0.));
#1074=DIRECTION('center_axis',(0.,0.,1.));
#1075=DIRECTION('ref_axis',(-1.,0.,0.));
#1076=DIRECTION('',(0.,0.,1.));
#1077=DIRECTION('center_axis',(0.,0.,-1.));
#1078=DIRECTION('ref_axis',(-1.,0.,0.));
#1079=DIRECTION('center_axis',(0.,0.,1.));
#1080=DIRECTION('ref_axis',(-1.,0.,0.));
#1081=DIRECTION('',(-0.707106781186548,-8.65956056235493E-17,0.707106781186548));
#1082=DIRECTION('center_axis',(5.39260384428424E-31,2.31759056390502E-15,
-1.));
#1083=DIRECTION('ref_axis',(1.,-1.11022302462516E-15,-2.03378202127293E-30));
#1084=DIRECTION('',(5.39260384428424E-31,2.31759056390502E-15,-1.));
#1085=DIRECTION('center_axis',(0.,0.,1.));
#1086=DIRECTION('ref_axis',(1.,-1.11022302462516E-15,-2.03378202127293E-30));
#1087=DIRECTION('center_axis',(0.,0.,-1.));
#1088=DIRECTION('ref_axis',(-1.,0.,0.));
#1089=DIRECTION('',(0.865910915835433,0.500198246535354,0.));
#1090=DIRECTION('',(-0.000228930510331236,0.99999997379541,0.));
#1091=DIRECTION('',(0.866139846345764,-0.499801727260057,0.));
#1092=DIRECTION('center_axis',(0.499801727260057,0.866139846345764,0.));
#1093=DIRECTION('ref_axis',(0.866139846345764,-0.499801727260057,-1.15833576692134E-15));
#1094=DIRECTION('',(-0.866139846345764,0.499801727260057,0.));
#1095=DIRECTION('',(0.,0.,-1.));
#1096=DIRECTION('center_axis',(-0.500198246535354,0.865910915835433,0.));
#1097=DIRECTION('ref_axis',(0.865910915835433,0.500198246535354,1.15925473625217E-15));
#1098=DIRECTION('',(-0.865910915835433,-0.500198246535354,0.));
#1099=DIRECTION('',(0.,0.,-1.));
#1100=DIRECTION('center_axis',(-0.999999973795411,-0.000228930510331236,
0.));
#1101=DIRECTION('ref_axis',(-0.000228930510331236,0.99999997379541,2.31759050317351E-15));
#1102=DIRECTION('',(0.000228930510331236,-0.99999997379541,0.));
#1103=DIRECTION('center_axis',(0.,0.,-1.));
#1104=DIRECTION('ref_axis',(-1.,0.,0.));
#1105=CARTESIAN_POINT('',(0.,0.,0.));
#1106=CARTESIAN_POINT('Origin',(4.63251722436815E-17,-2.35973776072404E-16,
-2.3));
#1107=CARTESIAN_POINT('',(-2.075,1.81404347506721E-17,-3.05));
#1108=CARTESIAN_POINT('',(-1.50499999926034,3.33518245072127E-5,-1.56304347826016));
#1109=CARTESIAN_POINT('',(-1.7875,-1.70681607248143E-17,-2.3));
#1110=CARTESIAN_POINT('',(2.075,1.81404347506721E-17,-3.05));
#1111=CARTESIAN_POINT('Origin',(4.63251722436815E-17,-2.35973776072404E-16,
-3.05));
#1112=CARTESIAN_POINT('Origin',(4.63251722436815E-17,-2.35973776072404E-16,
-3.05));
#1113=CARTESIAN_POINT('',(1.505,6.67223775564427E-5,-1.5630434821192));
#1114=CARTESIAN_POINT('Ctrl Pts',(1.505,6.67223775564427E-5,-1.5630434821192));
#1115=CARTESIAN_POINT('Ctrl Pts',(1.505,-0.188904437620394,-1.56302162696091));
#1116=CARTESIAN_POINT('Ctrl Pts',(1.46723407283031,-0.390471404278573,-1.56299831485342));
#1117=CARTESIAN_POINT('Ctrl Pts',(1.31364331963091,-0.761272283345498,-1.56295542974121));
#1118=CARTESIAN_POINT('Ctrl Pts',(1.19781849359375,-0.930506195751155,-1.56293585674692));
#1119=CARTESIAN_POINT('Ctrl Pts',(0.930572915970129,-1.19775177267287,-1.56290494791674));
#1120=CARTESIAN_POINT('Ctrl Pts',(0.761339004254803,-1.31357659801152,-1.56289155186527));
#1121=CARTESIAN_POINT('Ctrl Pts',(0.390538126203964,-1.46716735049004,-1.562873787844));
#1122=CARTESIAN_POINT('Ctrl Pts',(0.188971159865358,-1.50493327762244,-1.56286941988463));
#1123=CARTESIAN_POINT('Ctrl Pts',(-0.188971159865362,-1.50493327762244,
-1.56286941988463));
#1124=CARTESIAN_POINT('Ctrl Pts',(-0.390538126203967,-1.46716735049004,
-1.562873787844));
#1125=CARTESIAN_POINT('Ctrl Pts',(-0.761339004254806,-1.31357659801152,
-1.56289155186528));
#1126=CARTESIAN_POINT('Ctrl Pts',(-0.930572915970132,-1.19775177267287,
-1.56290494791674));
#1127=CARTESIAN_POINT('Ctrl Pts',(-1.19781849359375,-0.930506195751153,
-1.56293585674692));
#1128=CARTESIAN_POINT('Ctrl Pts',(-1.31364331963091,-0.761272283345495,
-1.56295542974121));
#1129=CARTESIAN_POINT('Ctrl Pts',(-1.46722503446679,-0.390493224818322,
-1.56299831232975));
#1130=CARTESIAN_POINT('Ctrl Pts',(-1.50499162149915,-0.188951883909385,
-1.56302162147354));
#1131=CARTESIAN_POINT('Ctrl Pts',(-1.50499999852095,-5.23385154660438E-10,
-1.56304347440247));
#1132=CARTESIAN_POINT('Ctrl Pts',(-1.505,6.67223775595999E-5,-1.5630434821192));
#1133=CARTESIAN_POINT('Ctrl Pts',(-1.505,0.189037882375423,-1.5630653372775));
#1134=CARTESIAN_POINT('Ctrl Pts',(-1.46723407283034,0.390604849033562,-1.56308864898248));
#1135=CARTESIAN_POINT('Ctrl Pts',(-1.31364331963099,0.761405728100465,-1.56313153263955));
#1136=CARTESIAN_POINT('Ctrl Pts',(-1.19781849359385,0.930639640506137,-1.56315110460207));
#1137=CARTESIAN_POINT('Ctrl Pts',(-0.930572915970219,1.19788521742793,-1.56318201149441));
#1138=CARTESIAN_POINT('Ctrl Pts',(-0.761339004254853,1.31371004276662,-1.56319540651411));
#1139=CARTESIAN_POINT('Ctrl Pts',(-0.390538126203964,1.46730079524516,-1.56321316908024));
#1140=CARTESIAN_POINT('Ctrl Pts',(-0.18897115986535,1.50506672237756,-1.56321753663711));
#1141=CARTESIAN_POINT('Ctrl Pts',(0.188971159865353,1.50506672237756,-1.56321753663711));
#1142=CARTESIAN_POINT('Ctrl Pts',(0.390538126203966,1.46730079524516,-1.56321316908024));
#1143=CARTESIAN_POINT('Ctrl Pts',(0.761339004254855,1.31371004276661,-1.56319540651411));
#1144=CARTESIAN_POINT('Ctrl Pts',(0.93057291597022,1.19788521742793,-1.56318201149441));
#1145=CARTESIAN_POINT('Ctrl Pts',(1.19781849359385,0.930639640506136,-1.56315110460207));
#1146=CARTESIAN_POINT('Ctrl Pts',(1.313643319631,0.761405728100463,-1.56313153263955));
#1147=CARTESIAN_POINT('Ctrl Pts',(1.46723407283034,0.39060484903356,-1.56308864898248));
#1148=CARTESIAN_POINT('Ctrl Pts',(1.505,0.189037882375421,-1.5630653372775));
#1149=CARTESIAN_POINT('Ctrl Pts',(1.505,6.67223775563039E-5,-1.5630434821192));
#1150=CARTESIAN_POINT('Origin',(0.,0.,-3.34046267159869));
#1151=CARTESIAN_POINT('',(-2.89917563042051,-0.749999992549419,-3.49046171943685));
#1152=CARTESIAN_POINT('',(-2.78892958128487,-0.74999999254942,-3.2343966544207));
#1153=CARTESIAN_POINT('Ctrl Pts',(-2.89917563042051,-0.749999992549419,
-3.49046171943684));
#1154=CARTESIAN_POINT('Ctrl Pts',(-2.89899130449434,-0.749999992549419,
-3.49046235527527));
#1155=CARTESIAN_POINT('Ctrl Pts',(-2.89880728283118,-0.749999992549419,
-3.49046267159869));
#1156=CARTESIAN_POINT('Ctrl Pts',(-2.87928806029535,-0.749999992549419,
-3.49046267159869));
#1157=CARTESIAN_POINT('Ctrl Pts',(-2.85651135283588,-0.749999992549419,
-3.48603740988378));
#1158=CARTESIAN_POINT('Ctrl Pts',(-2.82095285407349,-0.749999992549419,
-3.47160113922415));
#1159=CARTESIAN_POINT('Ctrl Pts',(-2.80180374655063,-0.749999992549419,
-3.4591336753576));
#1160=CARTESIAN_POINT('Ctrl Pts',(-2.77486874604334,-0.749999992549419,
-3.43277188587251));
#1161=CARTESIAN_POINT('Ctrl Pts',(-2.76220506618037,-0.749999992549419,
-3.41432377103687));
#1162=CARTESIAN_POINT('Ctrl Pts',(-2.74780764228374,-0.749999992549419,
-3.38029094547944));
#1163=CARTESIAN_POINT('Ctrl Pts',(-2.74340927288701,-0.749999992549419,
-3.35876863035754));
#1164=CARTESIAN_POINT('Ctrl Pts',(-2.74340927288701,-0.749999992549419,
-3.32215671283984));
#1165=CARTESIAN_POINT('Ctrl Pts',(-2.74780764228374,-0.749999992549419,
-3.30063439771794));
#1166=CARTESIAN_POINT('Ctrl Pts',(-2.76220506618037,-0.749999992549419,
-3.2666015721605));
#1167=CARTESIAN_POINT('Ctrl Pts',(-2.77486874604334,-0.749999992549419,
-3.24815345732486));
#1168=CARTESIAN_POINT('Ctrl Pts',(-2.78843842528515,-0.749999992549419,
-3.23487255809281));
#1169=CARTESIAN_POINT('Ctrl Pts',(-2.78868323077516,-0.749999992549419,
-3.23463455288192));
#1170=CARTESIAN_POINT('Ctrl Pts',(-2.78892958128487,-0.749999992549419,
-3.2343966544207));
#1171=CARTESIAN_POINT('',(-0.740682754205158,-2.90156998579585,-3.49046171943684));
#1172=CARTESIAN_POINT('Origin',(0.,0.,-3.49046171943684));
#1173=CARTESIAN_POINT('',(-0.740682754205159,-2.79141850244871,-3.2343966544207));
#1174=CARTESIAN_POINT('Ctrl Pts',(-0.740682754205159,-2.79141850244871,
-3.2343966544207));
#1175=CARTESIAN_POINT('Ctrl Pts',(-0.740682754205159,-2.79117867178196,
-3.23462846341706));
#1176=CARTESIAN_POINT('Ctrl Pts',(-0.740682754205159,-2.79094030853592,
-3.23486037208359));
#1177=CARTESIAN_POINT('Ctrl Pts',(-0.740682754205159,-2.77738307584414,
-3.24813639430887));
#1178=CARTESIAN_POINT('Ctrl Pts',(-0.740682754205159,-2.7647277050528,-3.26658512958329));
#1179=CARTESIAN_POINT('Ctrl Pts',(-0.740682754205159,-2.75033617114917,
-3.30062236358423));
#1180=CARTESIAN_POINT('Ctrl Pts',(-0.740682754205159,-2.7459394539956,-3.32215145543707));
#1181=CARTESIAN_POINT('Ctrl Pts',(-0.740682754205159,-2.7459394539956,-3.3587738877603));
#1182=CARTESIAN_POINT('Ctrl Pts',(-0.740682754205159,-2.75033617114917,
-3.38030297961315));
#1183=CARTESIAN_POINT('Ctrl Pts',(-0.740682754205159,-2.7647277050528,-3.41434021361409));
#1184=CARTESIAN_POINT('Ctrl Pts',(-0.740682754205159,-2.77738307584414,
-3.43278894888851));
#1185=CARTESIAN_POINT('Ctrl Pts',(-0.740682754205159,-2.80429850737227,
-3.45914608793704));
#1186=CARTESIAN_POINT('Ctrl Pts',(-0.740682754205159,-2.82343001334303,
-3.47161035413476));
#1187=CARTESIAN_POINT('Ctrl Pts',(-0.740682754205159,-2.85895333535799,
-3.48603975784592));
#1188=CARTESIAN_POINT('Ctrl Pts',(-0.740682754205159,-2.88170430161281,
-3.49046267159869));
#1189=CARTESIAN_POINT('Ctrl Pts',(-0.740682754205159,-2.9012019421947,-3.49046267159869));
#1190=CARTESIAN_POINT('Ctrl Pts',(-0.740682754205159,-2.90138581197689,
-3.49046235527526));
#1191=CARTESIAN_POINT('Ctrl Pts',(-0.740682754205159,-2.90156998579585,
-3.49046171943684));
#1192=CARTESIAN_POINT('Origin',(0.,0.,-3.23439665442071));
#1193=CARTESIAN_POINT('Origin',(-0.740682754205159,0.799999992549419,-1.1));
#1194=CARTESIAN_POINT('',(-0.740682754205159,-4.04069330704755,-3.48649456362547));
#1195=CARTESIAN_POINT('Ctrl Pts',(-0.740682754205159,-4.04069330704755,
-3.48649456362547));
#1196=CARTESIAN_POINT('Ctrl Pts',(-0.740682754205159,-3.38184761460019,
-3.48880361749722));
#1197=CARTESIAN_POINT('Ctrl Pts',(-0.740682754205159,-2.90156998579586,
-3.49046171943684));
#1198=CARTESIAN_POINT('',(-0.740682754205159,-4.04069330704756,-1.1));
#1199=CARTESIAN_POINT('',(-0.740682754205159,-4.04069330704755,-0.200068813963851));
#1200=CARTESIAN_POINT('',(-0.740682754205159,-2.3827321418153,-1.1));
#1201=CARTESIAN_POINT('',(-0.740682754205159,0.39999999627471,-1.1));
#1202=CARTESIAN_POINT('',(-0.740682754205159,-2.3827321418153,-1.94913242946186));
#1203=CARTESIAN_POINT('',(-0.740682754205159,-2.3827321418153,-1.5142108756716));
#1204=CARTESIAN_POINT('',(-0.740682754205158,-3.14205230516173,-2.68210577709807));
#1205=CARTESIAN_POINT('Ctrl Pts',(-0.740682754205158,-3.14205230516173,
-2.68210577709807));
#1206=CARTESIAN_POINT('Ctrl Pts',(-0.740682754205158,-3.02651278189918,
-2.56964861381957));
#1207=CARTESIAN_POINT('Ctrl Pts',(-0.740682754205158,-2.62561805971115,
-2.1810705773215));
#1208=CARTESIAN_POINT('Ctrl Pts',(-0.740682754205158,-2.38273214181568,
-1.94913242946223));
#1209=CARTESIAN_POINT('',(-0.740682754205159,-3.14205230516173,-2.89423781145404));
#1210=CARTESIAN_POINT('Ctrl Pts',(-0.740682754205159,-3.14205230516173,
-2.68210577709807));
#1211=CARTESIAN_POINT('Ctrl Pts',(-0.740682754205159,-3.14224961923536,
-2.68229782723268));
#1212=CARTESIAN_POINT('Ctrl Pts',(-0.740682754205159,-3.14244592357364,
-2.68248993878909));
#1213=CARTESIAN_POINT('Ctrl Pts',(-0.740682754205159,-3.15590038562047,
-2.69572829341226));
#1214=CARTESIAN_POINT('Ctrl Pts',(-0.740682754205159,-3.16847179239715,
-2.71417316149285));
#1215=CARTESIAN_POINT('Ctrl Pts',(-0.740682754205159,-3.18279762692343,
-2.74823659236135));
#1216=CARTESIAN_POINT('Ctrl Pts',(-0.740682754205159,-3.1871736561405,-2.76981981370073));
#1217=CARTESIAN_POINT('Ctrl Pts',(-0.740682754205159,-3.1871736561405,-2.78817179427606));
#1218=CARTESIAN_POINT('Ctrl Pts',(-0.740682754205159,-3.1871736561405,-2.80652377485138));
#1219=CARTESIAN_POINT('Ctrl Pts',(-0.740682754205159,-3.18279762692343,
-2.82810699619076));
#1220=CARTESIAN_POINT('Ctrl Pts',(-0.740682754205159,-3.16847179239715,
-2.86217042705926));
#1221=CARTESIAN_POINT('Ctrl Pts',(-0.740682754205159,-3.15590038562047,
-2.88061529513986));
#1222=CARTESIAN_POINT('Ctrl Pts',(-0.740682754205159,-3.14244592357364,
-2.89385364976302));
#1223=CARTESIAN_POINT('Ctrl Pts',(-0.740682754205159,-3.14224961923536,
-2.89404576131943));
#1224=CARTESIAN_POINT('Ctrl Pts',(-0.740682754205159,-3.14205230516173,
-2.89423781145404));
#1225=CARTESIAN_POINT('Ctrl Pts',(-0.740682754205159,-2.79141850244871,
-3.2343966544207));
#1226=CARTESIAN_POINT('Ctrl Pts',(-0.740682754205159,-2.9569849523241,-3.07436794292679));
#1227=CARTESIAN_POINT('Ctrl Pts',(-0.740682754205159,-3.14205230516172,
-2.89423781145405));
#1228=CARTESIAN_POINT('Origin',(0.,0.,-3.48752841923643));
#1229=CARTESIAN_POINT('',(-3.86982840352622,-0.749999992549419,-3.48708668535442));
#1230=CARTESIAN_POINT('Ctrl Pts',(-2.89917563042051,-0.749999992549419,
-3.49046171943685));
#1231=CARTESIAN_POINT('Ctrl Pts',(-3.3182272954759,-0.749999992549419,-3.48901618675367));
#1232=CARTESIAN_POINT('Ctrl Pts',(-3.86982840352622,-0.749999992549419,
-3.48708668535442));
#1233=CARTESIAN_POINT('',(-3.86948838872311,-2.23523144428873,-3.48520945350916));
#1234=CARTESIAN_POINT('Ctrl Pts',(-3.86982840352623,-0.749999992549418,
-3.48708668535432));
#1235=CARTESIAN_POINT('Ctrl Pts',(-3.86966904578363,-1.44609654247984,-3.48661533298346));
#1236=CARTESIAN_POINT('Ctrl Pts',(-3.86948838872311,-2.23523144428871,-3.48520945350905));
#1237=CARTESIAN_POINT('Ctrl Pts',(-0.740682754184654,-4.04069330705936,
-3.48649456362541));
#1238=CARTESIAN_POINT('Ctrl Pts',(-1.31686106723391,-3.70821245274147,-3.48728965296143));
#1239=CARTESIAN_POINT('Ctrl Pts',(-2.79261724361209,-2.85663462835159,-3.48742444748183));
#1240=CARTESIAN_POINT('Ctrl Pts',(-3.86948838872308,-2.23523144428871,-3.48520945350909));
#1241=CARTESIAN_POINT('Origin',(0.,0.,-2.78817179427606));
#1242=CARTESIAN_POINT('',(-3.13984134024714,-0.749999992549419,-2.68210577709808));
#1243=CARTESIAN_POINT('Origin',(0.,0.,-2.68210577709807));
#1244=CARTESIAN_POINT('',(-3.13984134024714,-0.74999999254942,-2.89423781145403));
#1245=CARTESIAN_POINT('Ctrl Pts',(-3.13984134024714,-0.749999992549419,
-2.89423781145404));
#1246=CARTESIAN_POINT('Ctrl Pts',(-3.14004394778702,-0.749999992549419,
-2.89404074783732));
#1247=CARTESIAN_POINT('Ctrl Pts',(-3.14024549246477,-0.749999992549419,
-2.8938436185202));
#1248=CARTESIAN_POINT('Ctrl Pts',(-3.15370955039196,-0.749999992549419,
-2.88060139973732));
#1249=CARTESIAN_POINT('Ctrl Pts',(-3.16628696122165,-0.749999992549419,
-2.86215723673529));
#1250=CARTESIAN_POINT('Ctrl Pts',(-3.18061689179747,-0.749999992549419,
-2.82809751428141));
#1251=CARTESIAN_POINT('Ctrl Pts',(-3.1849940138011,-0.749999992549419,-2.80651961185383));
#1252=CARTESIAN_POINT('Ctrl Pts',(-3.1849940138011,-0.749999992549419,-2.78817179427606));
#1253=CARTESIAN_POINT('Ctrl Pts',(-3.1849940138011,-0.749999992549419,-2.76982397669828));
#1254=CARTESIAN_POINT('Ctrl Pts',(-3.18061689179747,-0.749999992549419,
-2.7482460742707));
#1255=CARTESIAN_POINT('Ctrl Pts',(-3.16628696122165,-0.749999992549419,
-2.71418635181682));
#1256=CARTESIAN_POINT('Ctrl Pts',(-3.15370955039196,-0.749999992549419,
-2.6957421888148));
#1257=CARTESIAN_POINT('Ctrl Pts',(-3.14024549246477,-0.749999992549419,
-2.68249997003191));
#1258=CARTESIAN_POINT('Ctrl Pts',(-3.14004394778702,-0.749999992549419,
-2.68230284071479));
#1259=CARTESIAN_POINT('Ctrl Pts',(-3.13984134024714,-0.749999992549419,
-2.68210577709808));
#1260=CARTESIAN_POINT('Origin',(0.,0.,-2.89423781145404));
#1261=CARTESIAN_POINT('Origin',(0.,0.,-2.34061910327997));
#1262=CARTESIAN_POINT('',(-2.37981583598238,-0.749999992549419,-1.94913242946186));
#1263=CARTESIAN_POINT('Origin',(0.,0.,-1.94913242946186));
#1264=CARTESIAN_POINT('Ctrl Pts',(-2.3798158359824,-0.74999999254942,-1.94913242946188));
#1265=CARTESIAN_POINT('Ctrl Pts',(-2.71116162283124,-0.74999999254942,-2.26515596577309));
#1266=CARTESIAN_POINT('Ctrl Pts',(-3.13984134024712,-0.749999992549419,
-2.68210577709806));
#1267=CARTESIAN_POINT('Origin',(0.,0.,-2.78817179427606));
#1268=CARTESIAN_POINT('',(0.759317245794842,3.13760114593739,-2.89423781145404));
#1269=CARTESIAN_POINT('',(0.759317245794842,3.13760114593739,-2.68210577709807));
#1270=CARTESIAN_POINT('Ctrl Pts',(0.759317245794842,3.13760114593739,-2.68210577709807));
#1271=CARTESIAN_POINT('Ctrl Pts',(0.759317245794842,3.1378091289262,-2.68230792474602));
#1272=CARTESIAN_POINT('Ctrl Pts',(0.759317245794842,3.1380159938022,-2.68251014262577));
#1273=CARTESIAN_POINT('Ctrl Pts',(0.759317245794842,3.15148978700265,-2.6957562795403));
#1274=CARTESIAN_POINT('Ctrl Pts',(0.759317245794842,3.16407328679105,-2.71419972584877));
#1275=CARTESIAN_POINT('Ctrl Pts',(0.759317245794842,3.17840737051675,-2.74825568806347));
#1276=CARTESIAN_POINT('Ctrl Pts',(0.759317245794842,3.18278560022686,-2.76982819752792));
#1277=CARTESIAN_POINT('Ctrl Pts',(0.759317245794842,3.18278560022686,-2.78817179427606));
#1278=CARTESIAN_POINT('Ctrl Pts',(0.759317245794842,3.18278560022686,-2.8065153910242));
#1279=CARTESIAN_POINT('Ctrl Pts',(0.759317245794842,3.17840737051675,-2.82808790048864));
#1280=CARTESIAN_POINT('Ctrl Pts',(0.759317245794842,3.16407328679105,-2.86214386270335));
#1281=CARTESIAN_POINT('Ctrl Pts',(0.759317245794842,3.15148978700265,-2.88058730901182));
#1282=CARTESIAN_POINT('Ctrl Pts',(0.759317245794842,3.1380159938022,-2.89383344592634));
#1283=CARTESIAN_POINT('Ctrl Pts',(0.759317245794842,3.1378091289262,-2.8940356638061));
#1284=CARTESIAN_POINT('Ctrl Pts',(0.759317245794842,3.13760114593738,-2.89423781145404));
#1285=CARTESIAN_POINT('',(3.13984133668776,0.75000000745058,-2.68210577709808));
#1286=CARTESIAN_POINT('Origin',(0.,1.38777878078145E-16,-2.68210577709807));
#1287=CARTESIAN_POINT('',(3.13984133668776,0.750000007450581,-2.89423781145404));
#1288=CARTESIAN_POINT('Ctrl Pts',(3.13984133668776,0.75000000745058,-2.89423781145404));
#1289=CARTESIAN_POINT('Ctrl Pts',(3.14004394423617,0.75000000745058,-2.89404074782925));
#1290=CARTESIAN_POINT('Ctrl Pts',(3.14024548892238,0.75000000745058,-2.89384361850405));
#1291=CARTESIAN_POINT('Ctrl Pts',(3.15370954686502,0.75000000745058,-2.88060139971494));
#1292=CARTESIAN_POINT('Ctrl Pts',(3.16628695770438,0.75000000745058,-2.86215723671405));
#1293=CARTESIAN_POINT('Ctrl Pts',(3.1806168882868,0.75000000745058,-2.82809751426614));
#1294=CARTESIAN_POINT('Ctrl Pts',(3.18499401029218,0.75000000745058,-2.80651961184713));
#1295=CARTESIAN_POINT('Ctrl Pts',(3.18499401029218,0.75000000745058,-2.78817179427606));
#1296=CARTESIAN_POINT('Ctrl Pts',(3.18499401029218,0.75000000745058,-2.76982397670499));
#1297=CARTESIAN_POINT('Ctrl Pts',(3.1806168882868,0.75000000745058,-2.74824607428597));
#1298=CARTESIAN_POINT('Ctrl Pts',(3.16628695770438,0.75000000745058,-2.71418635183806));
#1299=CARTESIAN_POINT('Ctrl Pts',(3.15370954686502,0.75000000745058,-2.69574218883718));
#1300=CARTESIAN_POINT('Ctrl Pts',(3.14024548892238,0.75000000745058,-2.68249997004806));
#1301=CARTESIAN_POINT('Ctrl Pts',(3.14004394423617,0.75000000745058,-2.68230284072286));
#1302=CARTESIAN_POINT('Ctrl Pts',(3.13984133668776,0.75000000745058,-2.68210577709808));
#1303=CARTESIAN_POINT('Origin',(0.,1.38777878078145E-16,-2.89423781145404));
#1304=CARTESIAN_POINT('Origin',(0.,0.,-2.34061910327997));
#1305=CARTESIAN_POINT('',(0.759317245794842,2.37685942416778,-1.94913242946186));
#1306=CARTESIAN_POINT('Ctrl Pts',(0.759317245794842,3.13760114593739,-2.68210577709807));
#1307=CARTESIAN_POINT('Ctrl Pts',(0.759317245794842,3.08808765548603,-2.63398147763868));
#1308=CARTESIAN_POINT('Ctrl Pts',(0.759317245794841,2.67084560729607,-2.22917563627034));
#1309=CARTESIAN_POINT('Ctrl Pts',(0.759317245794842,2.37685942416778,-1.94913242946186));
#1310=CARTESIAN_POINT('',(2.37981583128628,0.75000000745058,-1.94913242946186));
#1311=CARTESIAN_POINT('Origin',(0.,0.,-1.94913242946186));
#1312=CARTESIAN_POINT('Ctrl Pts',(2.37981583128629,0.75000000745058,-1.94913242946188));
#1313=CARTESIAN_POINT('Ctrl Pts',(2.71116161863071,0.75000000745058,-2.26515596562214));
#1314=CARTESIAN_POINT('Ctrl Pts',(3.13984133668775,0.75000000745058,-2.68210577709806));
#1315=CARTESIAN_POINT('Origin',(0.,0.,-3.34046267159869));
#1316=CARTESIAN_POINT('',(2.89917562656567,0.75000000745058,-3.49046171943684));
#1317=CARTESIAN_POINT('',(2.78892957727764,0.750000007450581,-3.2343966544207));
#1318=CARTESIAN_POINT('Ctrl Pts',(2.89917562656567,0.75000000745058,-3.49046171943684));
#1319=CARTESIAN_POINT('Ctrl Pts',(2.89899130063925,0.75000000745058,-3.49046235527527));
#1320=CARTESIAN_POINT('Ctrl Pts',(2.89880727897585,0.75000000745058,-3.49046267159869));
#1321=CARTESIAN_POINT('Ctrl Pts',(2.87928805640523,0.75000000745058,-3.49046267159869));
#1322=CARTESIAN_POINT('Ctrl Pts',(2.85651134890429,0.75000000745058,-3.48603740988));
#1323=CARTESIAN_POINT('Ctrl Pts',(2.82095285008521,0.75000000745058,-3.4716011392093));
#1324=CARTESIAN_POINT('Ctrl Pts',(2.80180374253398,0.75000000745058,-3.4591336753376));
#1325=CARTESIAN_POINT('Ctrl Pts',(2.77486874199516,0.75000000745058,-3.43277188584503));
#1326=CARTESIAN_POINT('Ctrl Pts',(2.7622050621188,0.75000000745058,-3.41432377101039));
#1327=CARTESIAN_POINT('Ctrl Pts',(2.74780763821269,0.75000000745058,-3.38029094546005));
#1328=CARTESIAN_POINT('Ctrl Pts',(2.7434092688133,0.75000000745058,-3.35876863034907));
#1329=CARTESIAN_POINT('Ctrl Pts',(2.7434092688133,0.75000000745058,-3.3221567128483));
#1330=CARTESIAN_POINT('Ctrl Pts',(2.74780763821269,0.75000000745058,-3.30063439773732));
#1331=CARTESIAN_POINT('Ctrl Pts',(2.7622050621188,0.75000000745058,-3.26660157218699));
#1332=CARTESIAN_POINT('Ctrl Pts',(2.77486874199516,0.75000000745058,-3.24815345735235));
#1333=CARTESIAN_POINT('Ctrl Pts',(2.78843842125703,0.75000000745058,-3.23487255811244));
#1334=CARTESIAN_POINT('Ctrl Pts',(2.78868322675742,0.75000000745058,-3.23463455289173));
#1335=CARTESIAN_POINT('Ctrl Pts',(2.78892957727764,0.75000000745058,-3.2343966544207));
#1336=CARTESIAN_POINT('',(0.759317245794841,2.89674932382608,-3.49046171943684));
#1337=CARTESIAN_POINT('Origin',(0.,-1.38777878078145E-16,-3.49046171943684));
#1338=CARTESIAN_POINT('',(0.759317245794841,2.78640727791693,-3.23439665442071));
#1339=CARTESIAN_POINT('Ctrl Pts',(0.759317245794842,2.78640727791693,-3.23439665442071));
#1340=CARTESIAN_POINT('Ctrl Pts',(0.759317245794842,2.78615430200055,-3.23464073003587));
#1341=CARTESIAN_POINT('Ctrl Pts',(0.759317245794842,2.78590295183609,-3.23488491990785));
#1342=CARTESIAN_POINT('Ctrl Pts',(0.759317245794842,2.77232063743579,-3.24817076596903));
#1343=CARTESIAN_POINT('Ctrl Pts',(0.759317245794842,2.75964852506461,-3.26661824905774));
#1344=CARTESIAN_POINT('Ctrl Pts',(0.759317245794842,2.7452451245746,-3.30064660365234));
#1345=CARTESIAN_POINT('Ctrl Pts',(0.759317245794842,2.74084507909971,-3.32216204508625));
#1346=CARTESIAN_POINT('Ctrl Pts',(0.759317245794842,2.74084507909971,-3.35876329811113));
#1347=CARTESIAN_POINT('Ctrl Pts',(0.759317245794842,2.7452451245746,-3.38027873954504));
#1348=CARTESIAN_POINT('Ctrl Pts',(0.759317245794842,2.75964852506461,-3.41430709413963));
#1349=CARTESIAN_POINT('Ctrl Pts',(0.759317245794842,2.77232063743579,-3.43275457722835));
#1350=CARTESIAN_POINT('Ctrl Pts',(0.759317245794842,2.7992755022504,-3.45912108399385));
#1351=CARTESIAN_POINT('Ctrl Pts',(0.759317245794842,2.81844247781828,-3.47159179044161));
#1352=CARTESIAN_POINT('Ctrl Pts',(0.759317245794842,2.85403669031368,-3.48603502768039));
#1353=CARTESIAN_POINT('Ctrl Pts',(0.759317245794842,2.87683953294259,-3.49046267159869));
#1354=CARTESIAN_POINT('Ctrl Pts',(0.759317245794842,2.89638066767931,-3.49046267159869));
#1355=CARTESIAN_POINT('Ctrl Pts',(0.759317245794842,2.89656484350638,-3.49046235527528));
#1356=CARTESIAN_POINT('Ctrl Pts',(0.759317245794842,2.89674932382608,-3.49046171943684));
#1357=CARTESIAN_POINT('Origin',(1.38777878078145E-16,0.,-3.23439665442071));
#1358=CARTESIAN_POINT('Origin',(-5.49970686285424,0.750000007450581,-1.1));
#1359=CARTESIAN_POINT('Ctrl Pts',(3.13984133668776,0.750000007450581,-2.89423781145404));
#1360=CARTESIAN_POINT('Ctrl Pts',(2.95462727606059,0.750000007450581,-3.07438388417053));
#1361=CARTESIAN_POINT('Ctrl Pts',(2.78892957727764,0.750000007450581,-3.2343966544207));
#1362=CARTESIAN_POINT('',(2.37981583128628,0.75000000745058,-1.1));
#1363=CARTESIAN_POINT('',(2.37981583128628,0.75000000745058,-1.5142108756716));
#1364=CARTESIAN_POINT('',(3.86982840352281,0.75000000745058,-1.1));
#1365=CARTESIAN_POINT('',(-1.56183134771465,0.750000007450581,-1.1));
#1366=CARTESIAN_POINT('',(3.86982840352281,0.75000000745058,-3.48708668534433));
#1367=CARTESIAN_POINT('',(3.86982840352281,0.75000000745058,-0.200068813963843));
#1368=CARTESIAN_POINT('Ctrl Pts',(2.89917562656567,0.75000000745058,-3.49046171943684));
#1369=CARTESIAN_POINT('Ctrl Pts',(3.31822729311272,0.750000007450581,-3.48901618675045));
#1370=CARTESIAN_POINT('Ctrl Pts',(3.86982840352281,0.75000000745058,-3.48708668534433));
#1371=CARTESIAN_POINT('Origin',(0.,0.,-3.02883546915142));
#1372=CARTESIAN_POINT('Ctrl Pts',(0.759317245794841,2.78640727791694,-3.23439665442071));
#1373=CARTESIAN_POINT('Ctrl Pts',(0.759317245794841,2.95223818610734,-3.07440007644936));
#1374=CARTESIAN_POINT('Ctrl Pts',(0.759317245794841,3.13760114593738,-2.89423781145404));
#1375=CARTESIAN_POINT('Origin',(0.,0.,-2.78817179427606));
#1376=CARTESIAN_POINT('',(3.13984134024714,-0.74999999254942,-2.89423781145403));
#1377=CARTESIAN_POINT('',(3.13984134024714,-0.74999999254942,-2.68210577709808));
#1378=CARTESIAN_POINT('Ctrl Pts',(3.13984134024714,-0.74999999254942,-2.68210577709808));
#1379=CARTESIAN_POINT('Ctrl Pts',(3.14004394778702,-0.74999999254942,-2.68230284071479));
#1380=CARTESIAN_POINT('Ctrl Pts',(3.14024549246478,-0.74999999254942,-2.68249997003191));
#1381=CARTESIAN_POINT('Ctrl Pts',(3.15370955039196,-0.74999999254942,-2.6957421888148));
#1382=CARTESIAN_POINT('Ctrl Pts',(3.16628696122165,-0.74999999254942,-2.71418635181682));
#1383=CARTESIAN_POINT('Ctrl Pts',(3.18061689179747,-0.74999999254942,-2.7482460742707));
#1384=CARTESIAN_POINT('Ctrl Pts',(3.1849940138011,-0.74999999254942,-2.76982397669828));
#1385=CARTESIAN_POINT('Ctrl Pts',(3.1849940138011,-0.74999999254942,-2.78817179427606));
#1386=CARTESIAN_POINT('Ctrl Pts',(3.1849940138011,-0.74999999254942,-2.80651961185383));
#1387=CARTESIAN_POINT('Ctrl Pts',(3.18061689179747,-0.74999999254942,-2.82809751428141));
#1388=CARTESIAN_POINT('Ctrl Pts',(3.16628696122165,-0.74999999254942,-2.86215723673529));
#1389=CARTESIAN_POINT('Ctrl Pts',(3.15370955039196,-0.74999999254942,-2.88060139973732));
#1390=CARTESIAN_POINT('Ctrl Pts',(3.14024549246478,-0.74999999254942,-2.8938436185202));
#1391=CARTESIAN_POINT('Ctrl Pts',(3.14004394778702,-0.74999999254942,-2.89404074783732));
#1392=CARTESIAN_POINT('Ctrl Pts',(3.13984134024714,-0.74999999254942,-2.89423781145404));
#1393=CARTESIAN_POINT('',(0.759317245794841,-3.13760114593739,-2.68210577709808));
#1394=CARTESIAN_POINT('Origin',(2.77555756156289E-16,4.16333634234434E-16,
-2.68210577709807));
#1395=CARTESIAN_POINT('',(0.759317245794841,-3.13760114593739,-2.89423781145404));
#1396=CARTESIAN_POINT('Ctrl Pts',(0.759317245794842,-3.13760114593739,-2.89423781145404));
#1397=CARTESIAN_POINT('Ctrl Pts',(0.759317245794842,-3.1378091289262,-2.8940356638061));
#1398=CARTESIAN_POINT('Ctrl Pts',(0.759317245794842,-3.13801599380221,-2.89383344592634));
#1399=CARTESIAN_POINT('Ctrl Pts',(0.759317245794842,-3.15148978700265,-2.88058730901182));
#1400=CARTESIAN_POINT('Ctrl Pts',(0.759317245794842,-3.16407328679105,-2.86214386270335));
#1401=CARTESIAN_POINT('Ctrl Pts',(0.759317245794842,-3.17840737051675,-2.82808790048864));
#1402=CARTESIAN_POINT('Ctrl Pts',(0.759317245794842,-3.18278560022686,-2.8065153910242));
#1403=CARTESIAN_POINT('Ctrl Pts',(0.759317245794842,-3.18278560022686,-2.78817179427606));
#1404=CARTESIAN_POINT('Ctrl Pts',(0.759317245794842,-3.18278560022686,-2.76982819752792));
#1405=CARTESIAN_POINT('Ctrl Pts',(0.759317245794842,-3.17840737051675,-2.74825568806347));
#1406=CARTESIAN_POINT('Ctrl Pts',(0.759317245794842,-3.16407328679105,-2.71419972584876));
#1407=CARTESIAN_POINT('Ctrl Pts',(0.759317245794842,-3.15148978700265,-2.6957562795403));
#1408=CARTESIAN_POINT('Ctrl Pts',(0.759317245794842,-3.13801599380221,-2.68251014262577));
#1409=CARTESIAN_POINT('Ctrl Pts',(0.759317245794842,-3.1378091289262,-2.68230792474602));
#1410=CARTESIAN_POINT('Ctrl Pts',(0.759317245794842,-3.13760114593739,-2.68210577709808));
#1411=CARTESIAN_POINT('Origin',(4.16333634234434E-16,2.77555756156289E-16,
-2.89423781145404));
#1412=CARTESIAN_POINT('Origin',(0.,0.,-2.34061910327997));
#1413=CARTESIAN_POINT('',(2.37981583598238,-0.74999999254942,-1.94913242946186));
#1414=CARTESIAN_POINT('Ctrl Pts',(3.13984134024714,-0.749999992549421,-2.68210577709808));
#1415=CARTESIAN_POINT('Ctrl Pts',(3.05759070393477,-0.749999992549421,-2.60210575400734));
#1416=CARTESIAN_POINT('Ctrl Pts',(2.64849547720891,-0.74999999254942,-2.20538765806379));
#1417=CARTESIAN_POINT('Ctrl Pts',(2.37981583598238,-0.749999992549421,-1.94913242946186));
#1418=CARTESIAN_POINT('',(0.759317245794842,-2.37685942416778,-1.94913242946186));
#1419=CARTESIAN_POINT('Origin',(0.,0.,-1.94913242946186));
#1420=CARTESIAN_POINT('Ctrl Pts',(0.759317245794842,-2.3768594241678,-1.94913242946188));
#1421=CARTESIAN_POINT('Ctrl Pts',(0.759317245794842,-2.70851745797594,-2.26506081209236));
#1422=CARTESIAN_POINT('Ctrl Pts',(0.759317245794841,-3.13760114593736,-2.68210577709805));
#1423=CARTESIAN_POINT('Origin',(0.,0.,-3.34046267159869));
#1424=CARTESIAN_POINT('',(0.759317245794842,-2.89674932382608,-3.49046171943684));
#1425=CARTESIAN_POINT('',(0.759317245794841,-2.78640727791693,-3.23439665442071));
#1426=CARTESIAN_POINT('Ctrl Pts',(0.759317245794842,-2.89674932382608,-3.49046171943684));
#1427=CARTESIAN_POINT('Ctrl Pts',(0.759317245794842,-2.89656484350638,-3.49046235527528));
#1428=CARTESIAN_POINT('Ctrl Pts',(0.759317245794842,-2.89638066767931,-3.49046267159869));
#1429=CARTESIAN_POINT('Ctrl Pts',(0.759317245794842,-2.87683953294259,-3.49046267159869));
#1430=CARTESIAN_POINT('Ctrl Pts',(0.759317245794842,-2.85403669031368,-3.48603502768039));
#1431=CARTESIAN_POINT('Ctrl Pts',(0.759317245794842,-2.81844247781828,-3.47159179044161));
#1432=CARTESIAN_POINT('Ctrl Pts',(0.759317245794842,-2.7992755022504,-3.45912108399385));
#1433=CARTESIAN_POINT('Ctrl Pts',(0.759317245794842,-2.77232063743579,-3.43275457722835));
#1434=CARTESIAN_POINT('Ctrl Pts',(0.759317245794842,-2.75964852506461,-3.41430709413963));
#1435=CARTESIAN_POINT('Ctrl Pts',(0.759317245794842,-2.7452451245746,-3.38027873954504));
#1436=CARTESIAN_POINT('Ctrl Pts',(0.759317245794842,-2.74084507909971,-3.35876329811113));
#1437=CARTESIAN_POINT('Ctrl Pts',(0.759317245794842,-2.74084507909971,-3.32216204508625));
#1438=CARTESIAN_POINT('Ctrl Pts',(0.759317245794842,-2.7452451245746,-3.30064660365234));
#1439=CARTESIAN_POINT('Ctrl Pts',(0.759317245794842,-2.75964852506461,-3.26661824905774));
#1440=CARTESIAN_POINT('Ctrl Pts',(0.759317245794842,-2.77232063743579,-3.24817076596903));
#1441=CARTESIAN_POINT('Ctrl Pts',(0.759317245794842,-2.78590295183609,-3.23488491990785));
#1442=CARTESIAN_POINT('Ctrl Pts',(0.759317245794842,-2.78615430200055,-3.23464073003588));
#1443=CARTESIAN_POINT('Ctrl Pts',(0.759317245794842,-2.78640727791693,-3.23439665442071));
#1444=CARTESIAN_POINT('',(2.89917563042051,-0.74999999254942,-3.49046171943684));
#1445=CARTESIAN_POINT('Origin',(0.,0.,-3.49046171943684));
#1446=CARTESIAN_POINT('',(2.78892958128487,-0.74999999254942,-3.2343966544207));
#1447=CARTESIAN_POINT('Ctrl Pts',(2.78892958128487,-0.74999999254942,-3.2343966544207));
#1448=CARTESIAN_POINT('Ctrl Pts',(2.78868323077516,-0.74999999254942,-3.23463455288192));
#1449=CARTESIAN_POINT('Ctrl Pts',(2.78843842528515,-0.74999999254942,-3.23487255809281));
#1450=CARTESIAN_POINT('Ctrl Pts',(2.77486874604334,-0.74999999254942,-3.24815345732486));
#1451=CARTESIAN_POINT('Ctrl Pts',(2.76220506618037,-0.74999999254942,-3.2666015721605));
#1452=CARTESIAN_POINT('Ctrl Pts',(2.74780764228374,-0.74999999254942,-3.30063439771794));
#1453=CARTESIAN_POINT('Ctrl Pts',(2.74340927288701,-0.74999999254942,-3.32215671283984));
#1454=CARTESIAN_POINT('Ctrl Pts',(2.74340927288701,-0.74999999254942,-3.35876863035754));
#1455=CARTESIAN_POINT('Ctrl Pts',(2.74780764228374,-0.74999999254942,-3.38029094547944));
#1456=CARTESIAN_POINT('Ctrl Pts',(2.76220506618037,-0.74999999254942,-3.41432377103687));
#1457=CARTESIAN_POINT('Ctrl Pts',(2.77486874604334,-0.74999999254942,-3.43277188587251));
#1458=CARTESIAN_POINT('Ctrl Pts',(2.80180374655063,-0.74999999254942,-3.4591336753576));
#1459=CARTESIAN_POINT('Ctrl Pts',(2.82095285407349,-0.74999999254942,-3.47160113922415));
#1460=CARTESIAN_POINT('Ctrl Pts',(2.85651135283588,-0.74999999254942,-3.48603740988378));
#1461=CARTESIAN_POINT('Ctrl Pts',(2.87928806029535,-0.74999999254942,-3.49046267159869));
#1462=CARTESIAN_POINT('Ctrl Pts',(2.89880728283118,-0.74999999254942,-3.49046267159869));
#1463=CARTESIAN_POINT('Ctrl Pts',(2.89899130449434,-0.74999999254942,-3.49046235527527));
#1464=CARTESIAN_POINT('Ctrl Pts',(2.89917563042051,-0.74999999254942,-3.49046171943684));
#1465=CARTESIAN_POINT('Origin',(0.,0.,-3.23439665442071));
#1466=CARTESIAN_POINT('Origin',(0.759317245794842,-0.800000007450581,-1.1));
#1467=CARTESIAN_POINT('Ctrl Pts',(0.759317245794841,-3.13760114593738,-2.89423781145404));
#1468=CARTESIAN_POINT('Ctrl Pts',(0.759317245794842,-2.95223818610734,-3.07440007644936));
#1469=CARTESIAN_POINT('Ctrl Pts',(0.759317245794841,-2.78640727791693,-3.23439665442071));
#1470=CARTESIAN_POINT('',(0.759317245794842,-2.37685942416778,-1.1));
#1471=CARTESIAN_POINT('',(0.759317245794842,-2.37685942416778,-1.5142108756716));
#1472=CARTESIAN_POINT('',(0.759317245794842,-4.03065809803543,-1.1));
#1473=CARTESIAN_POINT('',(0.759317245794841,-0.40000000372529,-1.1));
#1474=CARTESIAN_POINT('',(0.759317245794841,-4.03065809803543,-3.48651758644324));
#1475=CARTESIAN_POINT('',(0.759317245794842,-4.03065809803543,-0.200068813963848));
#1476=CARTESIAN_POINT('Ctrl Pts',(0.759317245794842,-2.89674932382608,-3.49046171943684));
#1477=CARTESIAN_POINT('Ctrl Pts',(0.759317245794842,-3.37526371186879,-3.48881244953159));
#1478=CARTESIAN_POINT('Ctrl Pts',(0.759317245794842,-4.03065809803543,-3.48651758644324));
#1479=CARTESIAN_POINT('Origin',(0.,0.,-3.02883546915142));
#1480=CARTESIAN_POINT('Ctrl Pts',(2.78892958128487,-0.74999999254942,-3.2343966544207));
#1481=CARTESIAN_POINT('Ctrl Pts',(2.95462727985635,-0.74999999254942,-3.07438388414483));
#1482=CARTESIAN_POINT('Ctrl Pts',(3.13984134024714,-0.74999999254942,-2.89423781145403));
#1483=CARTESIAN_POINT('Origin',(0.,0.,-2.78817179427606));
#1484=CARTESIAN_POINT('',(-3.13984133668776,0.750000007450581,-2.89423781145404));
#1485=CARTESIAN_POINT('',(-3.13984133668776,0.750000007450581,-2.68210577709808));
#1486=CARTESIAN_POINT('Ctrl Pts',(-3.13984133668776,0.750000007450581,-2.68210577709808));
#1487=CARTESIAN_POINT('Ctrl Pts',(-3.14004394423617,0.750000007450581,-2.68230284072286));
#1488=CARTESIAN_POINT('Ctrl Pts',(-3.14024548892238,0.750000007450581,-2.68249997004806));
#1489=CARTESIAN_POINT('Ctrl Pts',(-3.15370954686502,0.750000007450581,-2.69574218883718));
#1490=CARTESIAN_POINT('Ctrl Pts',(-3.16628695770438,0.750000007450581,-2.71418635183806));
#1491=CARTESIAN_POINT('Ctrl Pts',(-3.1806168882868,0.750000007450581,-2.74824607428597));
#1492=CARTESIAN_POINT('Ctrl Pts',(-3.18499401029218,0.750000007450581,-2.76982397670499));
#1493=CARTESIAN_POINT('Ctrl Pts',(-3.18499401029218,0.750000007450581,-2.78817179427606));
#1494=CARTESIAN_POINT('Ctrl Pts',(-3.18499401029218,0.750000007450581,-2.80651961184713));
#1495=CARTESIAN_POINT('Ctrl Pts',(-3.1806168882868,0.750000007450581,-2.82809751426614));
#1496=CARTESIAN_POINT('Ctrl Pts',(-3.16628695770438,0.750000007450581,-2.86215723671405));
#1497=CARTESIAN_POINT('Ctrl Pts',(-3.15370954686502,0.750000007450581,-2.88060139971494));
#1498=CARTESIAN_POINT('Ctrl Pts',(-3.14024548892238,0.750000007450581,-2.89384361850405));
#1499=CARTESIAN_POINT('Ctrl Pts',(-3.14004394423617,0.750000007450581,-2.89404074782925));
#1500=CARTESIAN_POINT('Ctrl Pts',(-3.13984133668776,0.750000007450581,-2.89423781145404));
#1501=CARTESIAN_POINT('',(-0.740682754205158,3.14205230516173,-2.68210577709807));
#1502=CARTESIAN_POINT('Origin',(0.,0.,-2.68210577709807));
#1503=CARTESIAN_POINT('',(-0.740682754205159,3.14205230516173,-2.89423781145404));
#1504=CARTESIAN_POINT('Ctrl Pts',(-0.740682754205159,3.14205230516173,-2.89423781145404));
#1505=CARTESIAN_POINT('Ctrl Pts',(-0.740682754205159,3.14224961923536,-2.89404576131943));
#1506=CARTESIAN_POINT('Ctrl Pts',(-0.740682754205159,3.14244592357364,-2.89385364976302));
#1507=CARTESIAN_POINT('Ctrl Pts',(-0.740682754205159,3.15590038562047,-2.88061529513986));
#1508=CARTESIAN_POINT('Ctrl Pts',(-0.740682754205159,3.16847179239715,-2.86217042705926));
#1509=CARTESIAN_POINT('Ctrl Pts',(-0.740682754205159,3.18279762692343,-2.82810699619076));
#1510=CARTESIAN_POINT('Ctrl Pts',(-0.740682754205159,3.1871736561405,-2.80652377485138));
#1511=CARTESIAN_POINT('Ctrl Pts',(-0.740682754205159,3.1871736561405,-2.78817179427606));
#1512=CARTESIAN_POINT('Ctrl Pts',(-0.740682754205159,3.1871736561405,-2.76981981370073));
#1513=CARTESIAN_POINT('Ctrl Pts',(-0.740682754205159,3.18279762692343,-2.74823659236135));
#1514=CARTESIAN_POINT('Ctrl Pts',(-0.740682754205159,3.16847179239715,-2.71417316149285));
#1515=CARTESIAN_POINT('Ctrl Pts',(-0.740682754205159,3.15590038562047,-2.69572829341226));
#1516=CARTESIAN_POINT('Ctrl Pts',(-0.740682754205159,3.14244592357364,-2.68248993878909));
#1517=CARTESIAN_POINT('Ctrl Pts',(-0.740682754205159,3.14224961923536,-2.68229782723268));
#1518=CARTESIAN_POINT('Ctrl Pts',(-0.740682754205159,3.14205230516173,-2.68210577709807));
#1519=CARTESIAN_POINT('Origin',(0.,0.,-2.89423781145404));
#1520=CARTESIAN_POINT('Origin',(0.,0.,-2.34061910327997));
#1521=CARTESIAN_POINT('',(-2.37981583128628,0.75000000745058,-1.94913242946186));
#1522=CARTESIAN_POINT('Ctrl Pts',(-3.13984133668776,0.750000007450581,-2.68210577709808));
#1523=CARTESIAN_POINT('Ctrl Pts',(-3.05759075317244,0.750000007450581,-2.6021058054504));
#1524=CARTESIAN_POINT('Ctrl Pts',(-2.64849551337367,0.750000007450581,-2.20538769652948));
#1525=CARTESIAN_POINT('Ctrl Pts',(-2.37981583128628,0.750000007450581,-1.94913242946187));
#1526=CARTESIAN_POINT('',(-0.740682754205159,2.3827321418153,-1.94913242946186));
#1527=CARTESIAN_POINT('Origin',(0.,0.,-1.94913242946186));
#1528=CARTESIAN_POINT('Ctrl Pts',(-0.740682754205158,2.38273214181531,-1.94913242946188));
#1529=CARTESIAN_POINT('Ctrl Pts',(-0.740682754205158,2.71377042353404,-2.26524958684026));
#1530=CARTESIAN_POINT('Ctrl Pts',(-0.740682754205158,3.14205230516171,-2.68210577709806));
#1531=CARTESIAN_POINT('Origin',(0.,0.,-3.34046267159869));
#1532=CARTESIAN_POINT('',(-0.740682754205158,2.90156998579585,-3.49046171943684));
#1533=CARTESIAN_POINT('',(-0.740682754205159,2.79141850244871,-3.2343966544207));
#1534=CARTESIAN_POINT('Ctrl Pts',(-0.740682754205159,2.90156998579585,-3.49046171943684));
#1535=CARTESIAN_POINT('Ctrl Pts',(-0.740682754205159,2.90138581197689,-3.49046235527526));
#1536=CARTESIAN_POINT('Ctrl Pts',(-0.740682754205159,2.9012019421947,-3.49046267159869));
#1537=CARTESIAN_POINT('Ctrl Pts',(-0.740682754205159,2.88170430161281,-3.49046267159869));
#1538=CARTESIAN_POINT('Ctrl Pts',(-0.740682754205159,2.85895333535799,-3.48603975784592));
#1539=CARTESIAN_POINT('Ctrl Pts',(-0.740682754205159,2.82343001334303,-3.47161035413476));
#1540=CARTESIAN_POINT('Ctrl Pts',(-0.740682754205159,2.80429850737227,-3.45914608793704));
#1541=CARTESIAN_POINT('Ctrl Pts',(-0.740682754205159,2.77738307584414,-3.43278894888851));
#1542=CARTESIAN_POINT('Ctrl Pts',(-0.740682754205159,2.7647277050528,-3.41434021361409));
#1543=CARTESIAN_POINT('Ctrl Pts',(-0.740682754205159,2.75033617114917,-3.38030297961315));
#1544=CARTESIAN_POINT('Ctrl Pts',(-0.740682754205159,2.7459394539956,-3.3587738877603));
#1545=CARTESIAN_POINT('Ctrl Pts',(-0.740682754205159,2.7459394539956,-3.32215145543707));
#1546=CARTESIAN_POINT('Ctrl Pts',(-0.740682754205159,2.75033617114917,-3.30062236358423));
#1547=CARTESIAN_POINT('Ctrl Pts',(-0.740682754205159,2.7647277050528,-3.26658512958329));
#1548=CARTESIAN_POINT('Ctrl Pts',(-0.740682754205159,2.77738307584414,-3.24813639430887));
#1549=CARTESIAN_POINT('Ctrl Pts',(-0.740682754205159,2.79094030853592,-3.23486037208359));
#1550=CARTESIAN_POINT('Ctrl Pts',(-0.740682754205159,2.79117867178196,-3.23462846341706));
#1551=CARTESIAN_POINT('Ctrl Pts',(-0.740682754205159,2.79141850244871,-3.2343966544207));
#1552=CARTESIAN_POINT('',(-2.89917562656567,0.750000007450581,-3.49046171943685));
#1553=CARTESIAN_POINT('Origin',(0.,0.,-3.49046171943684));
#1554=CARTESIAN_POINT('',(-2.78892957727764,0.750000007450581,-3.23439665442071));
#1555=CARTESIAN_POINT('Ctrl Pts',(-2.78892957727764,0.750000007450581,-3.23439665442071));
#1556=CARTESIAN_POINT('Ctrl Pts',(-2.78868322675742,0.750000007450581,-3.23463455289173));
#1557=CARTESIAN_POINT('Ctrl Pts',(-2.78843842125703,0.750000007450581,-3.23487255811244));
#1558=CARTESIAN_POINT('Ctrl Pts',(-2.77486874199516,0.750000007450581,-3.24815345735235));
#1559=CARTESIAN_POINT('Ctrl Pts',(-2.7622050621188,0.750000007450581,-3.26660157218699));
#1560=CARTESIAN_POINT('Ctrl Pts',(-2.74780763821269,0.750000007450581,-3.30063439773732));
#1561=CARTESIAN_POINT('Ctrl Pts',(-2.7434092688133,0.750000007450581,-3.3221567128483));
#1562=CARTESIAN_POINT('Ctrl Pts',(-2.7434092688133,0.750000007450581,-3.35876863034907));
#1563=CARTESIAN_POINT('Ctrl Pts',(-2.74780763821269,0.750000007450581,-3.38029094546005));
#1564=CARTESIAN_POINT('Ctrl Pts',(-2.7622050621188,0.750000007450581,-3.41432377101039));
#1565=CARTESIAN_POINT('Ctrl Pts',(-2.77486874199516,0.750000007450581,-3.43277188584503));
#1566=CARTESIAN_POINT('Ctrl Pts',(-2.80180374253398,0.750000007450581,-3.4591336753376));
#1567=CARTESIAN_POINT('Ctrl Pts',(-2.82095285008521,0.750000007450581,-3.4716011392093));
#1568=CARTESIAN_POINT('Ctrl Pts',(-2.85651134890429,0.750000007450581,-3.48603740988));
#1569=CARTESIAN_POINT('Ctrl Pts',(-2.87928805640523,0.750000007450581,-3.49046267159869));
#1570=CARTESIAN_POINT('Ctrl Pts',(-2.89880727897585,0.750000007450581,-3.49046267159869));
#1571=CARTESIAN_POINT('Ctrl Pts',(-2.89899130063925,0.750000007450581,-3.49046235527527));
#1572=CARTESIAN_POINT('Ctrl Pts',(-2.89917562656567,0.750000007450581,-3.49046171943684));
#1573=CARTESIAN_POINT('Origin',(0.,0.,-3.23439665442071));
#1574=CARTESIAN_POINT('Origin',(-0.740682754205159,0.799999992549419,-1.1));
#1575=CARTESIAN_POINT('Ctrl Pts',(-0.740682754205159,3.14205230516173,-2.89423781145404));
#1576=CARTESIAN_POINT('Ctrl Pts',(-0.740682754205159,2.9569849523241,-3.07436794292678));
#1577=CARTESIAN_POINT('Ctrl Pts',(-0.740682754205159,2.79141850244871,-3.2343966544207));
#1578=CARTESIAN_POINT('',(-0.740682754205159,2.3827321418153,-1.1));
#1579=CARTESIAN_POINT('',(-0.740682754205159,2.3827321418153,-1.5142108756716));
#1580=CARTESIAN_POINT('',(-0.740682754205159,4.04142241552789,-1.1));
#1581=CARTESIAN_POINT('',(-0.740682754205159,0.39999999627471,-1.1));
#1582=CARTESIAN_POINT('',(-0.740682754205159,4.04142241552789,-3.4864920083144));
#1583=CARTESIAN_POINT('',(-0.740682754205159,4.04142241552789,-0.200068813963843));
#1584=CARTESIAN_POINT('Ctrl Pts',(-0.740682754205158,2.90156998579585,-3.49046171943684));
#1585=CARTESIAN_POINT('Ctrl Pts',(-0.740682754205159,3.38210650125434,-3.48880272372154));
#1586=CARTESIAN_POINT('Ctrl Pts',(-0.740682754205159,4.0414224155279,-3.4864920083144));
#1587=CARTESIAN_POINT('Origin',(0.,0.,-3.02883546915142));
#1588=CARTESIAN_POINT('Ctrl Pts',(-2.78892957727764,0.750000007450581,-3.23439665442071));
#1589=CARTESIAN_POINT('Ctrl Pts',(-2.95462727606059,0.750000007450582,-3.07438388417053));
#1590=CARTESIAN_POINT('Ctrl Pts',(-3.13984133668776,0.750000007450581,-2.89423781145404));
#1591=CARTESIAN_POINT('Origin',(5.50031506635217,-0.74999999254942,-1.1));
#1592=CARTESIAN_POINT('',(3.87017179929731,-0.74999999254942,-3.48708548415363));
#1593=CARTESIAN_POINT('Ctrl Pts',(3.87017179929731,-0.74999999254942,-3.48708548415363));
#1594=CARTESIAN_POINT('Ctrl Pts',(3.31835517397306,-0.74999999254942,-3.48901574563253));
#1595=CARTESIAN_POINT('Ctrl Pts',(2.89917563042051,-0.74999999254942,-3.49046171943684));
#1596=CARTESIAN_POINT('',(3.87017179929731,-0.74999999254942,-1.1));
#1597=CARTESIAN_POINT('',(3.87017179929731,-0.74999999254942,-0.200068813963843));
#1598=CARTESIAN_POINT('',(2.37981583598238,-0.74999999254942,-1.1));
#1599=CARTESIAN_POINT('',(3.93817961688856,-0.74999999254942,-1.1));
#1600=CARTESIAN_POINT('',(2.37981583598238,-0.74999999254942,-1.5142108756716));
#1601=CARTESIAN_POINT('Origin',(0.759317245794842,-0.800000007450581,-1.1));
#1602=CARTESIAN_POINT('',(0.759317245794842,4.02994036556538,-3.48652009957543));
#1603=CARTESIAN_POINT('Ctrl Pts',(0.759317245794841,4.02994036556538,-3.48652009957542));
#1604=CARTESIAN_POINT('Ctrl Pts',(0.759317245794841,3.37500836221512,-3.48881332963156));
#1605=CARTESIAN_POINT('Ctrl Pts',(0.759317245794841,2.89674932382608,-3.49046171943684));
#1606=CARTESIAN_POINT('',(0.759317245794842,4.02994036556538,-1.1));
#1607=CARTESIAN_POINT('',(0.759317245794842,4.02994036556538,-0.200068813963841));
#1608=CARTESIAN_POINT('',(0.759317245794842,2.37685942416778,-1.1));
#1609=CARTESIAN_POINT('',(0.759317245794841,-0.40000000372529,-1.1));
#1610=CARTESIAN_POINT('',(0.759317245794842,2.37685942416778,-1.5142108756716));
#1611=CARTESIAN_POINT('Origin',(0.,0.,-3.48752841923643));
#1612=CARTESIAN_POINT('',(3.8694883887231,2.23523144428873,-3.48520945350916));
#1613=CARTESIAN_POINT('Ctrl Pts',(3.86982840352281,0.750000007450579,-3.48708668534423));
#1614=CARTESIAN_POINT('Ctrl Pts',(3.86966904578176,1.44609655066284,-3.48661533296888));
#1615=CARTESIAN_POINT('Ctrl Pts',(3.8694883887231,2.23523144428871,-3.48520945350905));
#1616=CARTESIAN_POINT('Ctrl Pts',(0.759317245774397,4.02994036557715,-3.48652009957536));
#1617=CARTESIAN_POINT('Ctrl Pts',(1.32542151253462,3.70327268999362,-3.48729043486643));
#1618=CARTESIAN_POINT('Ctrl Pts',(2.79261724361209,2.85663462835159,-3.48742444748183));
#1619=CARTESIAN_POINT('Ctrl Pts',(3.86948838872308,2.23523144428871,-3.48520945350909));
#1620=CARTESIAN_POINT('Origin',(0.,0.,-3.48752841923643));
#1621=CARTESIAN_POINT('',(3.87051140845337,-2.23345952213876,-3.48520945350916));
#1622=CARTESIAN_POINT('Ctrl Pts',(3.8705114084524,-2.23345952213708,-3.48520945350911));
#1623=CARTESIAN_POINT('Ctrl Pts',(2.87368263017175,-2.8092831985379,-3.48726035206956));
#1624=CARTESIAN_POINT('Ctrl Pts',(1.40284454324929,-3.6589209829354,-3.48739473289345));
#1625=CARTESIAN_POINT('Ctrl Pts',(0.759317245793871,-4.03065809803375,-3.48651758644318));
#1626=CARTESIAN_POINT('Ctrl Pts',(3.8701717992973,-0.74999999254942,-3.48708548415354));
#1627=CARTESIAN_POINT('Ctrl Pts',(3.87033097415414,-1.44529767234737,-3.48661359944734));
#1628=CARTESIAN_POINT('Ctrl Pts',(3.87051140845337,-2.23345952213875,-3.48520945350906));
#1629=CARTESIAN_POINT('Origin',(5.50031506635217,-0.74999999254942,-1.1));
#1630=CARTESIAN_POINT('Ctrl Pts',(-3.13984134024713,-0.74999999254942,-2.89423781145404));
#1631=CARTESIAN_POINT('Ctrl Pts',(-2.95462727985634,-0.74999999254942,-3.07438388414483));
#1632=CARTESIAN_POINT('Ctrl Pts',(-2.78892958128487,-0.74999999254942,-3.2343966544207));
#1633=CARTESIAN_POINT('',(-2.37981583598238,-0.749999992549419,-1.1));
#1634=CARTESIAN_POINT('',(-2.37981583598238,-0.749999992549419,-1.5142108756716));
#1635=CARTESIAN_POINT('',(-3.86982840352622,-0.749999992549419,-1.1));
#1636=CARTESIAN_POINT('',(3.93817961688856,-0.74999999254942,-1.1));
#1637=CARTESIAN_POINT('',(-3.86982840352622,-0.749999992549419,-0.200068813963848));
#1638=CARTESIAN_POINT('Origin',(-5.49970686285424,0.750000007450581,-1.1));
#1639=CARTESIAN_POINT('',(-3.87017179930072,0.750000007450581,-3.48708548414352));
#1640=CARTESIAN_POINT('Ctrl Pts',(-3.87017179930072,0.750000007450581,-3.48708548414352));
#1641=CARTESIAN_POINT('Ctrl Pts',(-3.31835517161232,0.750000007450581,-3.4890157456293));
#1642=CARTESIAN_POINT('Ctrl Pts',(-2.89917562656567,0.750000007450581,-3.49046171943685));
#1643=CARTESIAN_POINT('',(-3.87017179930072,0.750000007450581,-1.1));
#1644=CARTESIAN_POINT('',(-3.87017179930072,0.750000007450581,-0.200068813963848));
#1645=CARTESIAN_POINT('',(-2.37981583128628,0.750000007450581,-1.1));
#1646=CARTESIAN_POINT('',(-1.56183134771465,0.750000007450581,-1.1));
#1647=CARTESIAN_POINT('',(-2.37981583128628,0.750000007450581,-1.5142108756716));
#1648=CARTESIAN_POINT('Origin',(0.,0.,-3.48752841923643));
#1649=CARTESIAN_POINT('',(-3.87051140845337,2.23345952213876,-3.48520945350916));
#1650=CARTESIAN_POINT('Ctrl Pts',(-3.8705114084524,2.23345952213708,-3.48520945350911));
#1651=CARTESIAN_POINT('Ctrl Pts',(-2.87368263019152,2.80928319852648,-3.4872603520695));
#1652=CARTESIAN_POINT('Ctrl Pts',(-1.39435131219095,3.66382714499562,-3.48739550886425));
#1653=CARTESIAN_POINT('Ctrl Pts',(-0.740682754200569,4.0414224155283,-3.48649200831434));
#1654=CARTESIAN_POINT('Ctrl Pts',(-3.87017179930072,0.75000000745058,-3.48708548414343));
#1655=CARTESIAN_POINT('Ctrl Pts',(-3.87033097415602,1.44529768053033,-3.48661359943276));
#1656=CARTESIAN_POINT('Ctrl Pts',(-3.87051140845337,2.23345952213875,-3.48520945350906));
#1657=CARTESIAN_POINT('Origin',(0.,0.,-1.5142108756716));
#1658=CARTESIAN_POINT('Origin',(0.,0.,-1.1));
#1659=CARTESIAN_POINT('Origin',(0.,0.,-1.5142108756716));
#1660=CARTESIAN_POINT('Origin',(0.,0.,-1.1));
#1661=CARTESIAN_POINT('Origin',(0.,0.,-1.5142108756716));
#1662=CARTESIAN_POINT('Origin',(0.,0.,-1.1));
#1663=CARTESIAN_POINT('Origin',(0.,0.,-1.5142108756716));
#1664=CARTESIAN_POINT('Origin',(0.,0.,-1.1));
#1665=CARTESIAN_POINT('Origin',(0.,0.,-3.02883546915142));
#1666=CARTESIAN_POINT('Origin',(3.8694883887231,2.23523144428873,0.699862372072313));
#1667=CARTESIAN_POINT('',(3.86974421035159,1.11776736571374,-1.1));
#1668=CARTESIAN_POINT('',(3.87051140845337,-2.23345952213876,-8.75));
#1669=CARTESIAN_POINT('',(3.87051140845337,-2.23345952213876,0.699862372072303));
#1670=CARTESIAN_POINT('',(3.8694883887231,2.23523144428873,-8.75));
#1671=CARTESIAN_POINT('',(3.86974414365567,1.11805870268185,-8.75));
#1672=CARTESIAN_POINT('',(3.8694883887231,2.23523144428873,0.699862372072313));
#1673=CARTESIAN_POINT('Origin',(3.87051140845337,-2.23345952213876,0.699862372072303));
#1674=CARTESIAN_POINT('',(0.00102301973026248,-4.46869096642749,-1.1));
#1675=CARTESIAN_POINT('',(3.85733699991266,-2.24106979235327,-1.1));
#1676=CARTESIAN_POINT('',(0.00102301973026248,-4.46869096642749,-8.75));
#1677=CARTESIAN_POINT('',(0.00102301973026248,-4.46869096642749,0.699862372072298));
#1678=CARTESIAN_POINT('',(2.90313931127259,-2.79226738321094,-8.75));
#1679=CARTESIAN_POINT('Origin',(0.00102301973026298,-4.46869096642749,0.699862372072298));
#1680=CARTESIAN_POINT('',(-0.0119025333121092,-4.46123233978235,-1.1));
#1681=CARTESIAN_POINT('',(-3.86948838872311,-2.23523144428873,-8.75));
#1682=CARTESIAN_POINT('',(-3.86948838872311,-2.23523144428873,0.699862372072303));
#1683=CARTESIAN_POINT('',(-0.966604832383079,-3.9103260858928,-8.75));
#1684=CARTESIAN_POINT('Origin',(4.63251722436815E-17,-2.35973776072404E-16,
-5.15));
#1685=CARTESIAN_POINT('',(2.075,1.81404347506721E-17,-8.25));
#1686=CARTESIAN_POINT('Origin',(4.63251722436815E-17,-2.35973776072404E-16,
-8.25));
#1687=CARTESIAN_POINT('',(2.075,1.81404347506721E-17,-5.15));
#1688=CARTESIAN_POINT('Origin',(4.63251722436815E-17,-2.35973776072404E-16,
-8.5));
#1689=CARTESIAN_POINT('',(2.575,7.93727747080398E-17,-8.75));
#1690=CARTESIAN_POINT('Origin',(4.63251722436815E-17,-2.35973776072404E-16,
-8.75));
#1691=CARTESIAN_POINT('',(2.325,4.87566047293559E-17,-8.5));
#1692=CARTESIAN_POINT('Origin',(-3.46944695195618E-17,6.67223775098583E-5,
19.2498623720723));
#1693=CARTESIAN_POINT('',(-1.505,6.67223775585075E-5,-1.1));
#1694=CARTESIAN_POINT('',(-1.505,6.67223775117135E-5,19.2498623720723));
#1695=CARTESIAN_POINT('Origin',(-3.46944695195508E-17,6.67223775570209E-5,
-1.1));
#1696=CARTESIAN_POINT('Origin',(2.37604416742494,0.,-1.1));
#1697=CARTESIAN_POINT('',(-0.00102301973026617,4.46869096642749,-1.1));
#1698=CARTESIAN_POINT('',(-1.94894162263253,3.34346497406861,-1.1));
#1699=CARTESIAN_POINT('',(-3.86974407695975,-1.11835003964997,-1.1));
#1700=CARTESIAN_POINT('',(1.92130713145405,3.35941983200324,-1.1));
#1701=CARTESIAN_POINT('Origin',(-0.00102301973026686,4.46869096642749,0.699862372072319));
#1702=CARTESIAN_POINT('',(-0.00102301973026617,4.46869096642749,-8.75));
#1703=CARTESIAN_POINT('',(0.966604832383077,3.9103260858928,-8.75));
#1704=CARTESIAN_POINT('',(-0.00102301973026617,4.46869096642749,0.699862372072319));
#1705=CARTESIAN_POINT('Origin',(-3.87051140845337,2.23345952213876,0.699862372072313));
#1706=CARTESIAN_POINT('',(-3.87051140845337,2.23345952213876,-8.75));
#1707=CARTESIAN_POINT('',(-2.9031393112726,2.79226738321094,-8.75));
#1708=CARTESIAN_POINT('',(-3.87051140845337,2.23345952213876,0.699862372072313));
#1709=CARTESIAN_POINT('Origin',(-3.86948838872311,-2.23523144428873,0.699862372072303));
#1710=CARTESIAN_POINT('',(-3.86974414365567,-1.11805870268185,-8.75));
#1711=CARTESIAN_POINT('Origin',(2.77555756156289E-16,5.55111512312578E-16,
-8.75));
#1712=UNCERTAINTY_MEASURE_WITH_UNIT(LENGTH_MEASURE(0.01),#1716,
'DISTANCE_ACCURACY_VALUE',
'Maximum model space distance between geometric entities at asserted c
onnectivities');
#1713=UNCERTAINTY_MEASURE_WITH_UNIT(LENGTH_MEASURE(0.01),#1716,
'DISTANCE_ACCURACY_VALUE',
'Maximum model space distance between geometric entities at asserted c
onnectivities');
#1714=(
GEOMETRIC_REPRESENTATION_CONTEXT(3)
GLOBAL_UNCERTAINTY_ASSIGNED_CONTEXT((#1712))
GLOBAL_UNIT_ASSIGNED_CONTEXT((#1716,#1718,#1719))
REPRESENTATION_CONTEXT('','3D')
);
#1715=(
GEOMETRIC_REPRESENTATION_CONTEXT(3)
GLOBAL_UNCERTAINTY_ASSIGNED_CONTEXT((#1713))
GLOBAL_UNIT_ASSIGNED_CONTEXT((#1716,#1718,#1719))
REPRESENTATION_CONTEXT('','3D')
);
#1716=(
LENGTH_UNIT()
NAMED_UNIT(*)
SI_UNIT(.MILLI.,.METRE.)
);
#1717=(
LENGTH_UNIT()
NAMED_UNIT(*)
SI_UNIT($,.METRE.)
);
#1718=(
NAMED_UNIT(*)
PLANE_ANGLE_UNIT()
SI_UNIT($,.RADIAN.)
);
#1719=(
NAMED_UNIT(*)
SI_UNIT($,.STERADIAN.)
SOLID_ANGLE_UNIT()
);
#1720=SHAPE_DEFINITION_REPRESENTATION(#1721,#1722);
#1721=PRODUCT_DEFINITION_SHAPE('',$,#1724);
#1722=SHAPE_REPRESENTATION('',(#837),#1714);
#1723=PRODUCT_DEFINITION_CONTEXT('part definition',#1728,'design');
#1724=PRODUCT_DEFINITION('Pin Coupler (2)','Pin Coupler (2)',#1725,#1723);
#1725=PRODUCT_DEFINITION_FORMATION('',$,#1730);
#1726=PRODUCT_RELATED_PRODUCT_CATEGORY('Pin Coupler (2)',
'Pin Coupler (2)',(#1730));
#1727=APPLICATION_PROTOCOL_DEFINITION('international standard',
'automotive_design',2009,#1728);
#1728=APPLICATION_CONTEXT(
'Core Data for Automotive Mechanical Design Process');
#1729=PRODUCT_CONTEXT('part definition',#1728,'mechanical');
#1730=PRODUCT('Pin Coupler (2)','Pin Coupler (2)',$,(#1729));
#1731=PRESENTATION_STYLE_ASSIGNMENT((#1733));
#1732=PRESENTATION_STYLE_ASSIGNMENT((#1734));
#1733=SURFACE_STYLE_USAGE(.BOTH.,#1735);
#1734=SURFACE_STYLE_USAGE(.BOTH.,#1736);
#1735=SURFACE_SIDE_STYLE('',(#1737));
#1736=SURFACE_SIDE_STYLE('',(#1738));
#1737=SURFACE_STYLE_FILL_AREA(#1739);
#1738=SURFACE_STYLE_FILL_AREA(#1740);
#1739=FILL_AREA_STYLE('Steel - Satin',(#1741));
#1740=FILL_AREA_STYLE('Plastic - Glossy (Grey)',(#1742));
#1741=FILL_AREA_STYLE_COLOUR('Steel - Satin',#1743);
#1742=FILL_AREA_STYLE_COLOUR('Plastic - Glossy (Grey)',#1744);
#1743=COLOUR_RGB('Steel - Satin',0.627450980392157,0.627450980392157,0.627450980392157);
#1744=COLOUR_RGB('Plastic - Glossy (Grey)',0.701960784313725,0.701960784313725,
0.701960784313725);
ENDSEC;
END-ISO-10303-21;
