ISO-10303-21;
HEADER;
/* Generated by software containing ST-Developer
 * from STEP Tools, Inc. (www.steptools.com) 
 */

FILE_DESCRIPTION(
/* description */ (''),
/* implementation_level */ '2;1');

FILE_NAME(
/* name */ 'Pin Couipler (2) cap.step',
/* time_stamp */ '2026-05-13T19:33:59+01:00',
/* author */ (''),
/* organization */ (''),
/* preprocessor_version */ 'ST-DEVELOPER v20.1',
/* originating_system */ 'Autodesk Translation Framework v15.8.0.0',
/* authorisation */ '');

FILE_SCHEMA (('AUTOMOTIVE_DESIGN { 1 0 10303 214 3 1 1 }','FEATURE_BASED_PROCESS_PLANNING',
'MODEL_BASED_INTEGRATED_MANUFACTURING_SCHEMA','AP242_MANAGED_MODEL_BASED_3D_ENGINEERING_MIM_LF { 1 0 10303 442 3 1 4 }'));
ENDSEC;

DATA;
#10=MECHANICAL_DESIGN_GEOMETRIC_PRESENTATION_REPRESENTATION('',(#13),#2204);
#11=SHAPE_REPRESENTATION_RELATIONSHIP('SRR','None',#2211,#12);
#12=ADVANCED_BREP_SHAPE_REPRESENTATION('',(#14),#2203);
#13=STYLED_ITEM('',(#2220),#14);
#14=MANIFOLD_SOLID_BREP('Cap body',#946);
#15=TOROIDAL_SURFACE('',#999,3.06504412196204,0.15);
#16=TOROIDAL_SURFACE('',#1001,3.06504412196204,0.15);
#17=TOROIDAL_SURFACE('',#1003,3.06504412196204,0.15);
#18=TOROIDAL_SURFACE('',#1011,3.1928180811195,0.15);
#19=TOROIDAL_SURFACE('',#1013,3.1928180811195,0.15);
#20=TOROIDAL_SURFACE('',#1015,3.1928180811195,0.15);
#21=TOROIDAL_SURFACE('',#1030,3.1928180811195,0.15);
#22=TOROIDAL_SURFACE('',#1034,3.06504412196204,0.15);
#23=CYLINDRICAL_SURFACE('',#979,1.475);
#24=CYLINDRICAL_SURFACE('',#983,2.25104416742494);
#25=CYLINDRICAL_SURFACE('',#1023,2.29520007254261);
#26=CYLINDRICAL_SURFACE('',#1024,2.29520007254261);
#27=CYLINDRICAL_SURFACE('',#1025,2.29520007254261);
#28=CYLINDRICAL_SURFACE('',#1026,2.29520007254261);
#29=FACE_BOUND('',#283,.T.);
#30=FACE_BOUND('',#286,.T.);
#31=FACE_BOUND('',#289,.T.);
#32=FACE_BOUND('',#295,.T.);
#33=LINE('',#1355,#78);
#34=LINE('',#1357,#79);
#35=LINE('',#1359,#80);
#36=LINE('',#1404,#81);
#37=LINE('',#1406,#82);
#38=LINE('',#1408,#83);
#39=LINE('',#1409,#84);
#40=LINE('',#1533,#85);
#41=LINE('',#1535,#86);
#42=LINE('',#1537,#87);
#43=LINE('',#1582,#88);
#44=LINE('',#1583,#89);
#45=LINE('',#1585,#90);
#46=LINE('',#1586,#91);
#47=LINE('',#1699,#92);
#48=LINE('',#1701,#93);
#49=LINE('',#1703,#94);
#50=LINE('',#1752,#95);
#51=LINE('',#1754,#96);
#52=LINE('',#1756,#97);
#53=LINE('',#1757,#98);
#54=LINE('',#1760,#99);
#55=LINE('',#1762,#100);
#56=LINE('',#1764,#101);
#57=LINE('',#1773,#102);
#58=LINE('',#1774,#103);
#59=LINE('',#1927,#104);
#60=LINE('',#1929,#105);
#61=LINE('',#1930,#106);
#62=LINE('',#1939,#107);
#63=LINE('',#1940,#108);
#64=LINE('',#1941,#109);
#65=LINE('',#1946,#110);
#66=LINE('',#1949,#111);
#67=LINE('',#1954,#112);
#68=LINE('',#1961,#113);
#69=LINE('',#1965,#114);
#70=LINE('',#1968,#115);
#71=LINE('',#1970,#116);
#72=LINE('',#2062,#117);
#73=LINE('',#2063,#118);
#74=LINE('',#2070,#119);
#75=LINE('',#2073,#120);
#76=LINE('',#2119,#121);
#77=LINE('',#2164,#122);
#78=VECTOR('',#1043,10.);
#79=VECTOR('',#1044,10.);
#80=VECTOR('',#1045,10.);
#81=VECTOR('',#1048,10.);
#82=VECTOR('',#1049,10.);
#83=VECTOR('',#1050,10.);
#84=VECTOR('',#1051,10.);
#85=VECTOR('',#1058,10.);
#86=VECTOR('',#1059,10.);
#87=VECTOR('',#1060,10.);
#88=VECTOR('',#1063,10.);
#89=VECTOR('',#1064,10.);
#90=VECTOR('',#1065,10.);
#91=VECTOR('',#1066,10.);
#92=VECTOR('',#1069,10.);
#93=VECTOR('',#1070,10.);
#94=VECTOR('',#1071,10.);
#95=VECTOR('',#1074,10.);
#96=VECTOR('',#1075,10.);
#97=VECTOR('',#1076,10.);
#98=VECTOR('',#1077,10.);
#99=VECTOR('',#1080,10.);
#100=VECTOR('',#1081,10.);
#101=VECTOR('',#1082,10.);
#102=VECTOR('',#1083,10.);
#103=VECTOR('',#1084,10.);
#104=VECTOR('',#1087,10.);
#105=VECTOR('',#1088,10.);
#106=VECTOR('',#1089,10.);
#107=VECTOR('',#1096,10.);
#108=VECTOR('',#1097,10.);
#109=VECTOR('',#1098,10.);
#110=VECTOR('',#1103,2.1);
#111=VECTOR('',#1108,10.);
#112=VECTOR('',#1113,1.475);
#113=VECTOR('',#1122,2.25104416742494);
#114=VECTOR('',#1129,10.);
#115=VECTOR('',#1132,10.);
#116=VECTOR('',#1133,10.);
#117=VECTOR('',#1136,10.);
#118=VECTOR('',#1137,10.);
#119=VECTOR('',#1148,10.);
#120=VECTOR('',#1151,10.);
#121=VECTOR('',#1156,10.);
#122=VECTOR('',#1159,10.);
#123=PLANE('',#962);
#124=PLANE('',#963);
#125=PLANE('',#966);
#126=PLANE('',#967);
#127=PLANE('',#968);
#128=PLANE('',#969);
#129=PLANE('',#970);
#130=PLANE('',#971);
#131=PLANE('',#974);
#132=PLANE('',#978);
#133=PLANE('',#982);
#134=PLANE('',#986);
#135=PLANE('',#987);
#136=PLANE('',#988);
#137=PLANE('',#989);
#138=PLANE('',#992);
#139=PLANE('',#997);
#140=PLANE('',#998);
#141=CIRCLE('',#961,3.06557858210701);
#142=CIRCLE('',#965,3.06557858210701);
#143=CIRCLE('',#973,3.06557858210701);
#144=CIRCLE('',#976,2.2);
#145=CIRCLE('',#977,2.);
#146=CIRCLE('',#980,1.475);
#147=CIRCLE('',#981,1.475);
#148=CIRCLE('',#984,2.25104416742494);
#149=CIRCLE('',#985,2.25104416742494);
#150=CIRCLE('',#991,3.06557858210701);
#151=CIRCLE('',#993,2.29520007254261);
#152=CIRCLE('',#994,2.29520007254261);
#153=CIRCLE('',#995,2.29520007254261);
#154=CIRCLE('',#996,2.29520007254261);
#155=CIRCLE('',#1000,2.95897810478406);
#156=CIRCLE('',#1002,2.95897810478406);
#157=CIRCLE('',#1004,2.95897810478406);
#158=CIRCLE('',#1006,3.29888409829748);
#159=CIRCLE('',#1008,3.29888409829748);
#160=CIRCLE('',#1010,3.29888409829748);
#161=CIRCLE('',#1012,3.29888409829748);
#162=CIRCLE('',#1014,3.29888409829748);
#163=CIRCLE('',#1016,3.29888409829748);
#164=CIRCLE('',#1018,2.29520007254261);
#165=CIRCLE('',#1020,2.29520007254261);
#166=CIRCLE('',#1022,2.29520007254261);
#167=CIRCLE('',#1027,2.29520007254261);
#168=CIRCLE('',#1029,3.29888409829748);
#169=CIRCLE('',#1031,3.29888409829748);
#170=CIRCLE('',#1033,2.95897810478406);
#171=(
BOUNDED_CURVE()
B_SPLINE_CURVE(2,(#1345,#1346,#1347),.UNSPECIFIED.,.F.,.F.)
B_SPLINE_CURVE_WITH_KNOTS((3,3),(0.0145507167264855,0.0400539718804901),
 .UNSPECIFIED.)
CURVE()
GEOMETRIC_REPRESENTATION_ITEM()
RATIONAL_B_SPLINE_CURVE((1.15245556781674,1.28389981897783,1.40776776272079))
REPRESENTATION_ITEM('')
);
#172=(
BOUNDED_CURVE()
B_SPLINE_CURVE(2,(#1350,#1351,#1352),.UNSPECIFIED.,.F.,.F.)
B_SPLINE_CURVE_WITH_KNOTS((3,3),(0.873457945580924,0.896441555066687),
 .UNSPECIFIED.)
CURVE()
GEOMETRIC_REPRESENTATION_ITEM()
RATIONAL_B_SPLINE_CURVE((1.40719816970629,1.29722705880324,1.18118658898364))
REPRESENTATION_ITEM('')
);
#173=(
BOUNDED_CURVE()
B_SPLINE_CURVE(2,(#1361,#1362,#1363),.UNSPECIFIED.,.F.,.F.)
B_SPLINE_CURVE_WITH_KNOTS((3,3),(0.,0.145112404650226),.UNSPECIFIED.)
CURVE()
GEOMETRIC_REPRESENTATION_ITEM()
RATIONAL_B_SPLINE_CURVE((1.,1.01802480579714,1.))
REPRESENTATION_ITEM('')
);
#174=(
BOUNDED_CURVE()
B_SPLINE_CURVE(2,(#1381,#1382,#1383),.UNSPECIFIED.,.F.,.F.)
B_SPLINE_CURVE_WITH_KNOTS((3,3),(0.,0.0488855938590828),.UNSPECIFIED.)
CURVE()
GEOMETRIC_REPRESENTATION_ITEM()
RATIONAL_B_SPLINE_CURVE((1.,1.00157984928719,1.))
REPRESENTATION_ITEM('')
);
#175=(
BOUNDED_CURVE()
B_SPLINE_CURVE(2,(#1523,#1524,#1525),.UNSPECIFIED.,.F.,.F.)
B_SPLINE_CURVE_WITH_KNOTS((3,3),(0.017600387708371,0.0405748998430441),
 .UNSPECIFIED.)
CURVE()
GEOMETRIC_REPRESENTATION_ITEM()
RATIONAL_B_SPLINE_CURVE((1.18127844629424,1.29727058641558,1.40719817127597))
REPRESENTATION_ITEM('')
);
#176=(
BOUNDED_CURVE()
B_SPLINE_CURVE(2,(#1528,#1529,#1530),.UNSPECIFIED.,.F.,.F.)
B_SPLINE_CURVE_WITH_KNOTS((3,3),(0.861846741548689,0.887015379851567),
 .UNSPECIFIED.)
CURVE()
GEOMETRIC_REPRESENTATION_ITEM()
RATIONAL_B_SPLINE_CURVE((1.39012439005308,1.26788165955743,1.13816647646464))
REPRESENTATION_ITEM('')
);
#177=(
BOUNDED_CURVE()
B_SPLINE_CURVE(2,(#1539,#1540,#1541),.UNSPECIFIED.,.F.,.F.)
B_SPLINE_CURVE_WITH_KNOTS((3,3),(0.,0.145193906099556),.UNSPECIFIED.)
CURVE()
GEOMETRIC_REPRESENTATION_ITEM()
RATIONAL_B_SPLINE_CURVE((1.,1.01806466095781,1.))
REPRESENTATION_ITEM('')
);
#178=(
BOUNDED_CURVE()
B_SPLINE_CURVE(2,(#1559,#1560,#1561),.UNSPECIFIED.,.F.,.F.)
B_SPLINE_CURVE_WITH_KNOTS((3,3),(0.,0.0489061146566182),.UNSPECIFIED.)
CURVE()
GEOMETRIC_REPRESENTATION_ITEM()
RATIONAL_B_SPLINE_CURVE((1.,1.00158242353146,1.))
REPRESENTATION_ITEM('')
);
#179=(
BOUNDED_CURVE()
B_SPLINE_CURVE(2,(#1705,#1706,#1707),.UNSPECIFIED.,.F.,.F.)
B_SPLINE_CURVE_WITH_KNOTS((3,3),(0.,0.145276689628687),.UNSPECIFIED.)
CURVE()
GEOMETRIC_REPRESENTATION_ITEM()
RATIONAL_B_SPLINE_CURVE((1.,1.01810516987974,1.))
REPRESENTATION_ITEM('')
);
#180=(
BOUNDED_CURVE()
B_SPLINE_CURVE(2,(#1725,#1726,#1727),.UNSPECIFIED.,.F.,.F.)
B_SPLINE_CURVE_WITH_KNOTS((3,3),(0.,0.0489269353474409),.UNSPECIFIED.)
CURVE()
GEOMETRIC_REPRESENTATION_ITEM()
RATIONAL_B_SPLINE_CURVE((1.,1.00158503651254,1.))
REPRESENTATION_ITEM('')
);
#181=(
BOUNDED_CURVE()
B_SPLINE_CURVE(2,(#1747,#1748,#1749),.UNSPECIFIED.,.F.,.F.)
B_SPLINE_CURVE_WITH_KNOTS((3,3),(0.0136708601414051,0.039297002874893),
 .UNSPECIFIED.)
CURVE()
GEOMETRIC_REPRESENTATION_ITEM()
RATIONAL_B_SPLINE_CURVE((1.1390894257686,1.26743984907746,1.38824827002637))
REPRESENTATION_ITEM('')
);
#182=(
BOUNDED_CURVE()
B_SPLINE_CURVE(2,(#1880,#1881,#1882),.UNSPECIFIED.,.F.,.F.)
B_SPLINE_CURVE_WITH_KNOTS((3,3),(0.872935053829604,0.898885309073213),
 .UNSPECIFIED.)
CURVE()
GEOMETRIC_REPRESENTATION_ITEM()
RATIONAL_B_SPLINE_CURVE((1.40663600192871,1.28429963185811,1.15433037465121))
REPRESENTATION_ITEM('')
);
#183=(
BOUNDED_CURVE()
B_SPLINE_CURVE(2,(#1903,#1904,#1905),.UNSPECIFIED.,.F.,.F.)
B_SPLINE_CURVE_WITH_KNOTS((3,3),(0.,0.0489269353474409),.UNSPECIFIED.)
CURVE()
GEOMETRIC_REPRESENTATION_ITEM()
RATIONAL_B_SPLINE_CURVE((1.,1.00158503651254,1.))
REPRESENTATION_ITEM('')
);
#184=(
BOUNDED_CURVE()
B_SPLINE_CURVE(2,(#1923,#1924,#1925),.UNSPECIFIED.,.F.,.F.)
B_SPLINE_CURVE_WITH_KNOTS((3,3),(0.,0.145276689628687),.UNSPECIFIED.)
CURVE()
GEOMETRIC_REPRESENTATION_ITEM()
RATIONAL_B_SPLINE_CURVE((1.,1.01810516987974,1.))
REPRESENTATION_ITEM('')
);
#185=(
BOUNDED_CURVE()
B_SPLINE_CURVE(2,(#1933,#1934,#1935),.UNSPECIFIED.,.F.,.F.)
B_SPLINE_CURVE_WITH_KNOTS((3,3),(0.0176003876550822,0.040574899778905),
 .UNSPECIFIED.)
CURVE()
GEOMETRIC_REPRESENTATION_ITEM()
RATIONAL_B_SPLINE_CURVE((1.18127844573627,1.29727058580282,1.40719817061128))
REPRESENTATION_ITEM('')
);
#186=(
BOUNDED_CURVE()
B_SPLINE_CURVE(2,(#1972,#1973,#1974),.UNSPECIFIED.,.F.,.F.)
B_SPLINE_CURVE_WITH_KNOTS((3,3),(0.,0.145193906099556),.UNSPECIFIED.)
CURVE()
GEOMETRIC_REPRESENTATION_ITEM()
RATIONAL_B_SPLINE_CURVE((1.,1.01806466095779,1.))
REPRESENTATION_ITEM('')
);
#187=(
BOUNDED_CURVE()
B_SPLINE_CURVE(2,(#1992,#1993,#1994),.UNSPECIFIED.,.F.,.F.)
B_SPLINE_CURVE_WITH_KNOTS((3,3),(0.,0.0489061146566183),.UNSPECIFIED.)
CURVE()
GEOMETRIC_REPRESENTATION_ITEM()
RATIONAL_B_SPLINE_CURVE((1.,1.00158242353193,1.))
REPRESENTATION_ITEM('')
);
#188=(
BOUNDED_CURVE()
B_SPLINE_CURVE(2,(#2015,#2016,#2017),.UNSPECIFIED.,.F.,.F.)
B_SPLINE_CURVE_WITH_KNOTS((3,3),(0.873457946873175,0.896441555844502),
 .UNSPECIFIED.)
CURVE()
GEOMETRIC_REPRESENTATION_ITEM()
RATIONAL_B_SPLINE_CURVE((1.40719817127597,1.29722706021239,1.18118659037427))
REPRESENTATION_ITEM('')
);
#189=(
BOUNDED_CURVE()
B_SPLINE_CURVE(2,(#2038,#2039,#2040),.UNSPECIFIED.,.F.,.F.)
B_SPLINE_CURVE_WITH_KNOTS((3,3),(0.,0.0489061146566183),.UNSPECIFIED.)
CURVE()
GEOMETRIC_REPRESENTATION_ITEM()
RATIONAL_B_SPLINE_CURVE((1.,1.00158242352742,1.))
REPRESENTATION_ITEM('')
);
#190=(
BOUNDED_CURVE()
B_SPLINE_CURVE(2,(#2058,#2059,#2060),.UNSPECIFIED.,.F.,.F.)
B_SPLINE_CURVE_WITH_KNOTS((3,3),(0.,0.145193906099556),.UNSPECIFIED.)
CURVE()
GEOMETRIC_REPRESENTATION_ITEM()
RATIONAL_B_SPLINE_CURVE((1.,1.0180646609575,1.))
REPRESENTATION_ITEM('')
);
#191=(
BOUNDED_CURVE()
B_SPLINE_CURVE(2,(#2096,#2097,#2098),.UNSPECIFIED.,.F.,.F.)
B_SPLINE_CURVE_WITH_KNOTS((3,3),(0.,0.0488855938590828),.UNSPECIFIED.)
CURVE()
GEOMETRIC_REPRESENTATION_ITEM()
RATIONAL_B_SPLINE_CURVE((1.,1.00157984928719,1.))
REPRESENTATION_ITEM('')
);
#192=(
BOUNDED_CURVE()
B_SPLINE_CURVE(2,(#2116,#2117,#2118),.UNSPECIFIED.,.F.,.F.)
B_SPLINE_CURVE_WITH_KNOTS((3,3),(0.,0.145112404650226),.UNSPECIFIED.)
CURVE()
GEOMETRIC_REPRESENTATION_ITEM()
RATIONAL_B_SPLINE_CURVE((1.,1.01802480579714,1.))
REPRESENTATION_ITEM('')
);
#193=(
BOUNDED_CURVE()
B_SPLINE_CURVE(2,(#2141,#2142,#2143),.UNSPECIFIED.,.F.,.F.)
B_SPLINE_CURVE_WITH_KNOTS((3,3),(0.,0.0489061146896765),.UNSPECIFIED.)
CURVE()
GEOMETRIC_REPRESENTATION_ITEM()
RATIONAL_B_SPLINE_CURVE((1.,1.0015824235348,1.))
REPRESENTATION_ITEM('')
);
#194=(
BOUNDED_CURVE()
B_SPLINE_CURVE(2,(#2161,#2162,#2163),.UNSPECIFIED.,.F.,.F.)
B_SPLINE_CURVE_WITH_KNOTS((3,3),(0.,0.145193906230923),.UNSPECIFIED.)
CURVE()
GEOMETRIC_REPRESENTATION_ITEM()
RATIONAL_B_SPLINE_CURVE((1.,1.01806466102248,1.))
REPRESENTATION_ITEM('')
);
#195=CONICAL_SURFACE('',#960,3.81786116788906,1.56723325162264);
#196=CONICAL_SURFACE('',#964,3.81786116788906,1.56723325162264);
#197=CONICAL_SURFACE('',#972,3.81786116788906,1.56723325162264);
#198=CONICAL_SURFACE('',#975,2.1,0.785398163397449);
#199=CONICAL_SURFACE('',#990,3.81786116788906,1.56723325162264);
#200=CONICAL_SURFACE('',#1005,3.12893110154077,0.785398163397453);
#201=CONICAL_SURFACE('',#1007,3.12893110154077,0.785398163397453);
#202=CONICAL_SURFACE('',#1009,3.12893110154077,0.785398163397453);
#203=CONICAL_SURFACE('',#1017,2.79704208542005,0.785398163397448);
#204=CONICAL_SURFACE('',#1019,2.79704208542005,0.785398163397448);
#205=CONICAL_SURFACE('',#1021,2.79704208542005,0.785398163397448);
#206=CONICAL_SURFACE('',#1028,2.79704208542005,0.785398163397448);
#207=CONICAL_SURFACE('',#1032,3.12893110154077,0.785398163397453);
#208=FACE_OUTER_BOUND('',#261,.T.);
#209=FACE_OUTER_BOUND('',#262,.T.);
#210=FACE_OUTER_BOUND('',#263,.T.);
#211=FACE_OUTER_BOUND('',#264,.T.);
#212=FACE_OUTER_BOUND('',#265,.T.);
#213=FACE_OUTER_BOUND('',#266,.T.);
#214=FACE_OUTER_BOUND('',#267,.T.);
#215=FACE_OUTER_BOUND('',#268,.T.);
#216=FACE_OUTER_BOUND('',#269,.T.);
#217=FACE_OUTER_BOUND('',#270,.T.);
#218=FACE_OUTER_BOUND('',#271,.T.);
#219=FACE_OUTER_BOUND('',#272,.T.);
#220=FACE_OUTER_BOUND('',#273,.T.);
#221=FACE_OUTER_BOUND('',#274,.T.);
#222=FACE_OUTER_BOUND('',#275,.T.);
#223=FACE_OUTER_BOUND('',#276,.T.);
#224=FACE_OUTER_BOUND('',#277,.T.);
#225=FACE_OUTER_BOUND('',#278,.T.);
#226=FACE_OUTER_BOUND('',#279,.T.);
#227=FACE_OUTER_BOUND('',#280,.T.);
#228=FACE_OUTER_BOUND('',#281,.T.);
#229=FACE_OUTER_BOUND('',#282,.T.);
#230=FACE_OUTER_BOUND('',#284,.T.);
#231=FACE_OUTER_BOUND('',#285,.T.);
#232=FACE_OUTER_BOUND('',#287,.T.);
#233=FACE_OUTER_BOUND('',#288,.T.);
#234=FACE_OUTER_BOUND('',#290,.T.);
#235=FACE_OUTER_BOUND('',#291,.T.);
#236=FACE_OUTER_BOUND('',#292,.T.);
#237=FACE_OUTER_BOUND('',#293,.T.);
#238=FACE_OUTER_BOUND('',#294,.T.);
#239=FACE_OUTER_BOUND('',#296,.T.);
#240=FACE_OUTER_BOUND('',#297,.T.);
#241=FACE_OUTER_BOUND('',#298,.T.);
#242=FACE_OUTER_BOUND('',#299,.T.);
#243=FACE_OUTER_BOUND('',#300,.T.);
#244=FACE_OUTER_BOUND('',#301,.T.);
#245=FACE_OUTER_BOUND('',#302,.T.);
#246=FACE_OUTER_BOUND('',#303,.T.);
#247=FACE_OUTER_BOUND('',#304,.T.);
#248=FACE_OUTER_BOUND('',#305,.T.);
#249=FACE_OUTER_BOUND('',#306,.T.);
#250=FACE_OUTER_BOUND('',#307,.T.);
#251=FACE_OUTER_BOUND('',#308,.T.);
#252=FACE_OUTER_BOUND('',#309,.T.);
#253=FACE_OUTER_BOUND('',#310,.T.);
#254=FACE_OUTER_BOUND('',#311,.T.);
#255=FACE_OUTER_BOUND('',#312,.T.);
#256=FACE_OUTER_BOUND('',#313,.T.);
#257=FACE_OUTER_BOUND('',#314,.T.);
#258=FACE_OUTER_BOUND('',#315,.T.);
#259=FACE_OUTER_BOUND('',#316,.T.);
#260=FACE_OUTER_BOUND('',#317,.T.);
#261=EDGE_LOOP('',(#599,#600,#601,#602));
#262=EDGE_LOOP('',(#603,#604,#605,#606));
#263=EDGE_LOOP('',(#607,#608,#609,#610,#611));
#264=EDGE_LOOP('',(#612,#613,#614,#615,#616,#617,#618,#619,#620));
#265=EDGE_LOOP('',(#621,#622,#623,#624,#625,#626));
#266=EDGE_LOOP('',(#627,#628,#629,#630));
#267=EDGE_LOOP('',(#631,#632,#633,#634));
#268=EDGE_LOOP('',(#635,#636,#637,#638,#639));
#269=EDGE_LOOP('',(#640,#641,#642,#643,#644,#645,#646,#647,#648));
#270=EDGE_LOOP('',(#649,#650,#651,#652,#653,#654,#655,#656));
#271=EDGE_LOOP('',(#657,#658,#659,#660));
#272=EDGE_LOOP('',(#661,#662,#663,#664));
#273=EDGE_LOOP('',(#665,#666,#667,#668,#669,#670,#671,#672,#673));
#274=EDGE_LOOP('',(#674,#675,#676,#677,#678,#679));
#275=EDGE_LOOP('',(#680,#681,#682,#683,#684,#685,#686,#687));
#276=EDGE_LOOP('',(#688,#689,#690,#691));
#277=EDGE_LOOP('',(#692,#693,#694,#695));
#278=EDGE_LOOP('',(#696,#697,#698,#699,#700,#701,#702,#703,#704));
#279=EDGE_LOOP('',(#705,#706,#707,#708,#709));
#280=EDGE_LOOP('',(#710,#711,#712,#713,#714,#715));
#281=EDGE_LOOP('',(#716,#717,#718,#719));
#282=EDGE_LOOP('',(#720,#721,#722,#723,#724,#725));
#283=EDGE_LOOP('',(#726));
#284=EDGE_LOOP('',(#727,#728,#729,#730));
#285=EDGE_LOOP('',(#731));
#286=EDGE_LOOP('',(#732));
#287=EDGE_LOOP('',(#733,#734,#735,#736));
#288=EDGE_LOOP('',(#737));
#289=EDGE_LOOP('',(#738));
#290=EDGE_LOOP('',(#739,#740,#741,#742,#743,#744));
#291=EDGE_LOOP('',(#745,#746,#747,#748,#749,#750,#751,#752,#753));
#292=EDGE_LOOP('',(#754,#755,#756,#757,#758,#759,#760,#761,#762));
#293=EDGE_LOOP('',(#763,#764,#765,#766,#767));
#294=EDGE_LOOP('',(#768,#769,#770,#771,#772,#773,#774,#775,#776,#777,#778,
#779,#780,#781,#782,#783,#784,#785));
#295=EDGE_LOOP('',(#786));
#296=EDGE_LOOP('',(#787,#788,#789,#790,#791,#792,#793,#794,#795));
#297=EDGE_LOOP('',(#796,#797,#798,#799,#800,#801,#802,#803,#804));
#298=EDGE_LOOP('',(#805,#806,#807,#808));
#299=EDGE_LOOP('',(#809,#810,#811,#812));
#300=EDGE_LOOP('',(#813,#814,#815,#816));
#301=EDGE_LOOP('',(#817,#818,#819,#820));
#302=EDGE_LOOP('',(#821,#822,#823,#824));
#303=EDGE_LOOP('',(#825,#826,#827,#828));
#304=EDGE_LOOP('',(#829,#830,#831,#832));
#305=EDGE_LOOP('',(#833,#834,#835,#836));
#306=EDGE_LOOP('',(#837,#838,#839,#840));
#307=EDGE_LOOP('',(#841,#842,#843,#844));
#308=EDGE_LOOP('',(#845,#846,#847,#848));
#309=EDGE_LOOP('',(#849,#850,#851,#852));
#310=EDGE_LOOP('',(#853,#854,#855,#856));
#311=EDGE_LOOP('',(#857,#858,#859,#860));
#312=EDGE_LOOP('',(#861,#862,#863,#864));
#313=EDGE_LOOP('',(#865,#866,#867,#868));
#314=EDGE_LOOP('',(#869,#870,#871,#872));
#315=EDGE_LOOP('',(#873,#874,#875,#876));
#316=EDGE_LOOP('',(#877,#878,#879,#880));
#317=EDGE_LOOP('',(#881,#882,#883,#884));
#318=B_SPLINE_CURVE_WITH_KNOTS('',3,(#1267,#1268,#1269,#1270,#1271,#1272,
#1273,#1274),.UNSPECIFIED.,.F.,.F.,(4,2,2,4),(-0.709380381127615,-0.709018404290019,
-0.284400473353281,-0.284132510954737),.UNSPECIFIED.);
#319=B_SPLINE_CURVE_WITH_KNOTS('',3,(#1276,#1277,#1278,#1279,#1280,#1281,
#1282,#1283,#1284,#1285),.UNSPECIFIED.,.F.,.F.,(4,3,3,4),(0.,0.00520065195711893,
0.100398901511135,0.20080920147401),.UNSPECIFIED.);
#320=B_SPLINE_CURVE_WITH_KNOTS('',3,(#1287,#1288,#1289,#1290),
 .UNSPECIFIED.,.F.,.F.,(4,4),(0.294512475453504,0.700138436363056),
 .UNSPECIFIED.);
#321=B_SPLINE_CURVE_WITH_KNOTS('',3,(#1291,#1292,#1293,#1294,#1295,#1296,
#1297,#1298,#1299,#1300),.UNSPECIFIED.,.F.,.F.,(4,3,3,4),(0.,0.100400698959769,
0.192877689340502,0.200810392196128),.UNSPECIFIED.);
#322=B_SPLINE_CURVE_WITH_KNOTS('',3,(#1326,#1327,#1328,#1329),
 .UNSPECIFIED.,.F.,.F.,(4,4),(0.00756075522014582,0.138059318957877),
 .UNSPECIFIED.);
#323=B_SPLINE_CURVE_WITH_KNOTS('',3,(#1331,#1332,#1333,#1334,#1335,#1336),
 .UNSPECIFIED.,.F.,.F.,(4,2,4),(0.,0.100306951714239,0.200613906437107),
 .UNSPECIFIED.);
#324=B_SPLINE_CURVE_WITH_KNOTS('',3,(#1337,#1338,#1339,#1340,#1341,#1342),
 .UNSPECIFIED.,.F.,.F.,(4,2,4),(-0.137904831241705,0.,0.000308572318254458),
 .UNSPECIFIED.);
#325=B_SPLINE_CURVE_WITH_KNOTS('',3,(#1365,#1366,#1367,#1368,#1369,#1370,
#1371,#1372,#1373,#1374,#1375,#1376,#1377,#1378,#1379),.UNSPECIFIED.,.F.,
 .F.,(4,2,2,3,2,2,4),(-0.011174037263571,-0.0110840646587314,-0.00550108874219463,
0.,0.00550108874219465,0.0110840646587314,0.011174037263571),
 .UNSPECIFIED.);
#326=B_SPLINE_CURVE_WITH_KNOTS('',3,(#1384,#1385,#1386,#1387,#1388,#1389,
#1390,#1391,#1392,#1393,#1394,#1395,#1396,#1397,#1398,#1399,#1400,#1401),
 .UNSPECIFIED.,.F.,.F.,(4,2,2,2,2,2,2,2,4),(0.022533480964968,0.0225887060456652,
0.028405084607158,0.0341274685804902,0.0397239851505428,0.0452120097969138,
0.0507000344432849,0.0562965510133374,0.0564050297442553),.UNSPECIFIED.);
#327=B_SPLINE_CURVE_WITH_KNOTS('',3,(#1436,#1437,#1438,#1439,#1440,#1441),
 .UNSPECIFIED.,.F.,.F.,(4,2,4),(-0.447378776393563,-0.447070171293479,-0.30896553119171),
 .UNSPECIFIED.);
#328=B_SPLINE_CURVE_WITH_KNOTS('',3,(#1443,#1444,#1445,#1446,#1447,#1448,
#1449),.UNSPECIFIED.,.F.,.F.,(4,3,4),(0.,0.100306949763132,0.200613906000772),
 .UNSPECIFIED.);
#329=B_SPLINE_CURVE_WITH_KNOTS('',3,(#1451,#1452,#1453,#1454),
 .UNSPECIFIED.,.F.,.F.,(4,4),(0.308818345014187,0.439512664162882),
 .UNSPECIFIED.);
#330=B_SPLINE_CURVE_WITH_KNOTS('',3,(#1455,#1456,#1457,#1458,#1459,#1460,
#1461,#1462,#1463,#1464),.UNSPECIFIED.,.F.,.F.,(4,3,3,4),(-0.200810392196128,
-0.100400674607674,-0.00793270281226567,0.),.UNSPECIFIED.);
#331=B_SPLINE_CURVE_WITH_KNOTS('',3,(#1498,#1499,#1500,#1501),
 .UNSPECIFIED.,.F.,.F.,(4,4),(0.19361825904383,0.598978022824704),
 .UNSPECIFIED.);
#332=B_SPLINE_CURVE_WITH_KNOTS('',3,(#1503,#1504,#1505,#1506,#1507,#1508,
#1509,#1510,#1511,#1512),.UNSPECIFIED.,.F.,.F.,(4,3,3,4),(0.,0.100398656116781,
0.195610073506754,0.200808789836614),.UNSPECIFIED.);
#333=B_SPLINE_CURVE_WITH_KNOTS('',3,(#1513,#1514,#1515,#1516,#1517,#1518,
#1519,#1520),.UNSPECIFIED.,.F.,.F.,(4,2,2,4),(-0.609348696528473,-0.609081069539566,
-0.184738902279362,-0.18437695022496),.UNSPECIFIED.);
#334=B_SPLINE_CURVE_WITH_KNOTS('',3,(#1543,#1544,#1545,#1546,#1547,#1548,
#1549,#1550,#1551,#1552,#1553,#1554,#1555,#1556,#1557),.UNSPECIFIED.,.F.,
 .F.,(4,2,2,3,2,2,4),(-0.0111757032714385,-0.0110835028653756,-0.00549980636218596,
0.,0.00549980636218595,0.0110835028653756,0.0111757032714386),
 .UNSPECIFIED.);
#335=B_SPLINE_CURVE_WITH_KNOTS('',3,(#1562,#1563,#1564,#1565,#1566,#1567,
#1568,#1569,#1570,#1571,#1572,#1573,#1574,#1575,#1576,#1577,#1578,#1579),
 .UNSPECIFIED.,.F.,.F.,(4,2,2,2,2,2,2,2,4),(0.0225428060968363,0.0225980779037571,
0.0284210623365919,0.0341476753198218,0.0397452635092043,0.0452316756362441,
0.0507180877632839,0.0563156759526664,0.0564268669331993),.UNSPECIFIED.);
#336=B_SPLINE_CURVE_WITH_KNOTS('',3,(#1613,#1614,#1615,#1616),
 .UNSPECIFIED.,.F.,.F.,(4,4),(0.00756075522030001,0.138059320513467),
 .UNSPECIFIED.);
#337=B_SPLINE_CURVE_WITH_KNOTS('',3,(#1618,#1619,#1620,#1621,#1622,#1623),
 .UNSPECIFIED.,.F.,.F.,(4,2,4),(0.,0.100306951714256,0.200613906437147),
 .UNSPECIFIED.);
#338=B_SPLINE_CURVE_WITH_KNOTS('',3,(#1625,#1626,#1627,#1628,#1629,#1630),
 .UNSPECIFIED.,.F.,.F.,(4,2,4),(-0.137904832799813,0.,0.000308572318255297),
 .UNSPECIFIED.);
#339=B_SPLINE_CURVE_WITH_KNOTS('',3,(#1631,#1632,#1633,#1634,#1635,#1636,
#1637,#1638,#1639,#1640),.UNSPECIFIED.,.F.,.F.,(4,3,3,4),(-0.200810392196126,
-0.192877689340429,-0.100400691330982,0.),.UNSPECIFIED.);
#340=B_SPLINE_CURVE_WITH_KNOTS('',3,(#1674,#1675,#1676,#1677,#1678,#1679,
#1680,#1681),.UNSPECIFIED.,.F.,.F.,(4,2,2,4),(-0.709380381127615,-0.709018404290019,
-0.286906270252691,-0.286641546049958),.UNSPECIFIED.);
#341=B_SPLINE_CURVE_WITH_KNOTS('',3,(#1683,#1684,#1685,#1686,#1687,#1688,
#1689,#1690,#1691,#1692),.UNSPECIFIED.,.F.,.F.,(4,3,3,4),(0.,0.00512663269662473,
0.100398835361834,0.200809134866326),.UNSPECIFIED.);
#342=B_SPLINE_CURVE_WITH_KNOTS('',3,(#1693,#1694,#1695,#1696),
 .UNSPECIFIED.,.F.,.F.,(4,4),(0.297043323082366,0.700138473513338),
 .UNSPECIFIED.);
#343=B_SPLINE_CURVE_WITH_KNOTS('',3,(#1709,#1710,#1711,#1712,#1713,#1714,
#1715,#1716,#1717,#1718,#1719,#1720,#1721,#1722,#1723),.UNSPECIFIED.,.F.,
 .F.,(4,2,2,3,2,2,4),(-0.0111773928899149,-0.0110829338662689,-0.00549850713071674,
0.,0.00549850713071674,0.0110829338662689,0.0111773928899149),
 .UNSPECIFIED.);
#344=B_SPLINE_CURVE_WITH_KNOTS('',3,(#1729,#1730,#1731,#1732,#1733,#1734,
#1735,#1736,#1737,#1738,#1739,#1740,#1741,#1742,#1743,#1744,#1745,#1746),
 .UNSPECIFIED.,.F.,.F.,(4,2,2,2,2,2,2,2,4),(0.0225522653483933,0.0226075845498984,
0.028437271173491,0.0341681741719348,0.039766849279319,0.0452516271406492,
0.0507364050019794,0.0563350801093636,0.0564490221917444),.UNSPECIFIED.);
#345=B_SPLINE_CURVE_WITH_KNOTS('',3,(#1766,#1767,#1768,#1769,#1770,#1771),
 .UNSPECIFIED.,.F.,.F.,(4,2,4),(-0.447378776393562,-0.447070171293479,-0.30896553119171),
 .UNSPECIFIED.);
#346=B_SPLINE_CURVE_WITH_KNOTS('',3,(#1800,#1801,#1802,#1803,#1804,#1805,
#1806),.UNSPECIFIED.,.F.,.F.,(4,3,4),(1.38777878078145E-17,0.100306949763132,
0.200613906000772),.UNSPECIFIED.);
#347=B_SPLINE_CURVE_WITH_KNOTS('',3,(#1808,#1809,#1810,#1811),
 .UNSPECIFIED.,.F.,.F.,(4,4),(0.308818345014186,0.439512664162882),
 .UNSPECIFIED.);
#348=B_SPLINE_CURVE_WITH_KNOTS('',3,(#1812,#1813,#1814,#1815,#1816,#1817,
#1818,#1819,#1820,#1821),.UNSPECIFIED.,.F.,.F.,(4,3,3,4),(-0.200810392196126,
-0.100400667117481,-0.00793270281223884,0.),.UNSPECIFIED.);
#349=B_SPLINE_CURVE_WITH_KNOTS('',3,(#1855,#1856,#1857,#1858),
 .UNSPECIFIED.,.F.,.F.,(4,4),(0.193618221065496,0.596447439753445),
 .UNSPECIFIED.);
#350=B_SPLINE_CURVE_WITH_KNOTS('',3,(#1860,#1861,#1862,#1863,#1864,#1865,
#1866,#1867,#1868,#1869),.UNSPECIFIED.,.F.,.F.,(4,3,3,4),(0.,0.100398588100488,
0.195684123244571,0.200808723235811),.UNSPECIFIED.);
#351=B_SPLINE_CURVE_WITH_KNOTS('',3,(#1870,#1871,#1872,#1873,#1874,#1875,
#1876,#1877),.UNSPECIFIED.,.F.,.F.,(4,2,2,4),(-0.606839861096754,-0.606575475875924,
-0.184738902279363,-0.184376950224961),.UNSPECIFIED.);
#352=B_SPLINE_CURVE_WITH_KNOTS('',3,(#1884,#1885,#1886,#1887,#1888,#1889,
#1890,#1891,#1892,#1893,#1894,#1895,#1896,#1897,#1898,#1899,#1900,#1901),
 .UNSPECIFIED.,.F.,.F.,(4,2,2,2,2,2,2,2,4),(0.034054232089554,0.0341681741719348,
0.039766849279319,0.0452516271406492,0.0507364050019794,0.0563350801093636,
0.0620659831078074,0.0678956697314,0.067950988932905),.UNSPECIFIED.);
#353=B_SPLINE_CURVE_WITH_KNOTS('',3,(#1907,#1908,#1909,#1910,#1911,#1912,
#1913,#1914,#1915,#1916,#1917,#1918,#1919,#1920,#1921),.UNSPECIFIED.,.F.,
 .F.,(4,2,2,3,2,2,4),(-0.0111773928899149,-0.0110829338662689,-0.00549850713071674,
0.,0.00549850713071674,0.0110829338662689,0.0111773928899148),
 .UNSPECIFIED.);
#354=B_SPLINE_CURVE_WITH_KNOTS('',3,(#1976,#1977,#1978,#1979,#1980,#1981,
#1982,#1983,#1984,#1985,#1986,#1987,#1988,#1989,#1990),.UNSPECIFIED.,.F.,
 .F.,(4,2,2,3,2,2,4),(-0.0111757032714385,-0.0110835028653756,-0.00549980636218596,
0.,0.00549980636218595,0.0110835028653756,0.0111757032714386),
 .UNSPECIFIED.);
#355=B_SPLINE_CURVE_WITH_KNOTS('',3,(#1995,#1996,#1997,#1998,#1999,#2000,
#2001,#2002,#2003,#2004,#2005,#2006,#2007,#2008,#2009,#2010,#2011,#2012),
 .UNSPECIFIED.,.F.,.F.,(4,2,2,2,2,2,2,2,4),(0.0225428060968363,0.0225980779037571,
0.028421062336592,0.0341476753198218,0.0397452635092043,0.0452316756362441,
0.0507180877632839,0.0563156759526664,0.0564268669331992),.UNSPECIFIED.);
#356=B_SPLINE_CURVE_WITH_KNOTS('',3,(#2019,#2020,#2021,#2022,#2023,#2024,
#2025,#2026,#2027,#2028,#2029,#2030,#2031,#2032,#2033,#2034,#2035,#2036),
 .UNSPECIFIED.,.F.,.F.,(4,2,2,2,2,2,2,2,4),(0.034036484339289,0.0341476753198218,
0.0397452635092044,0.0452316756362441,0.0507180877632839,0.0563156759526664,
0.0620422889358964,0.0678652733687311,0.0679205451756519),.UNSPECIFIED.);
#357=B_SPLINE_CURVE_WITH_KNOTS('',3,(#2042,#2043,#2044,#2045,#2046,#2047,
#2048,#2049,#2050,#2051,#2052,#2053,#2054,#2055,#2056),.UNSPECIFIED.,.F.,
 .F.,(4,2,2,3,2,2,4),(-0.0111757032714386,-0.0110835028653756,-0.00549980636218596,
0.,0.00549980636218595,0.0110835028653756,0.0111757032714385),
 .UNSPECIFIED.);
#358=B_SPLINE_CURVE_WITH_KNOTS('',3,(#2077,#2078,#2079,#2080,#2081,#2082,
#2083,#2084,#2085,#2086,#2087,#2088,#2089,#2090,#2091,#2092,#2093,#2094),
 .UNSPECIFIED.,.F.,.F.,(4,2,2,2,2,2,2,2,4),(0.0340189898495724,0.0341274685804902,
0.0397239851505428,0.0452120097969138,0.0507000344432849,0.0562965510133374,
0.0620189349866697,0.0678353135481624,0.0678905386288597),.UNSPECIFIED.);
#359=B_SPLINE_CURVE_WITH_KNOTS('',3,(#2100,#2101,#2102,#2103,#2104,#2105,
#2106,#2107,#2108,#2109,#2110,#2111,#2112,#2113,#2114),.UNSPECIFIED.,.F.,
 .F.,(4,2,2,3,2,2,4),(-0.011174037263571,-0.0110840646587314,-0.00550108874219464,
0.,0.00550108874219463,0.0110840646587314,0.011174037263571),
 .UNSPECIFIED.);
#360=B_SPLINE_CURVE_WITH_KNOTS('',3,(#2122,#2123,#2124,#2125,#2126,#2127,
#2128,#2129,#2130,#2131,#2132,#2133,#2134,#2135,#2136,#2137,#2138,#2139),
 .UNSPECIFIED.,.F.,.F.,(4,2,2,2,2,2,2,2,4),(0.0340364843674701,0.0341476753523717,
0.0397452635434802,0.0452316756679238,0.0507180877923673,0.0563156759834758,
0.0620422889735179,0.0678652734169944,0.0679205452239904),.UNSPECIFIED.);
#361=B_SPLINE_CURVE_WITH_KNOTS('',3,(#2145,#2146,#2147,#2148,#2149,#2150,
#2151,#2152,#2153,#2154,#2155,#2156,#2157,#2158,#2159),.UNSPECIFIED.,.F.,
 .F.,(4,2,2,3,2,2,4),(-0.0111757032741219,-0.0110835028644714,-0.00549980636012154,
0.,0.00549980636012154,0.0110835028644714,0.0111757032741218),
 .UNSPECIFIED.);
#362=VERTEX_POINT('',#1265);
#363=VERTEX_POINT('',#1266);
#364=VERTEX_POINT('',#1275);
#365=VERTEX_POINT('',#1286);
#366=VERTEX_POINT('',#1325);
#367=VERTEX_POINT('',#1330);
#368=VERTEX_POINT('',#1344);
#369=VERTEX_POINT('',#1348);
#370=VERTEX_POINT('',#1354);
#371=VERTEX_POINT('',#1356);
#372=VERTEX_POINT('',#1358);
#373=VERTEX_POINT('',#1360);
#374=VERTEX_POINT('',#1364);
#375=VERTEX_POINT('',#1380);
#376=VERTEX_POINT('',#1403);
#377=VERTEX_POINT('',#1405);
#378=VERTEX_POINT('',#1407);
#379=VERTEX_POINT('',#1434);
#380=VERTEX_POINT('',#1435);
#381=VERTEX_POINT('',#1442);
#382=VERTEX_POINT('',#1450);
#383=VERTEX_POINT('',#1497);
#384=VERTEX_POINT('',#1502);
#385=VERTEX_POINT('',#1522);
#386=VERTEX_POINT('',#1526);
#387=VERTEX_POINT('',#1532);
#388=VERTEX_POINT('',#1534);
#389=VERTEX_POINT('',#1536);
#390=VERTEX_POINT('',#1538);
#391=VERTEX_POINT('',#1542);
#392=VERTEX_POINT('',#1558);
#393=VERTEX_POINT('',#1581);
#394=VERTEX_POINT('',#1584);
#395=VERTEX_POINT('',#1611);
#396=VERTEX_POINT('',#1612);
#397=VERTEX_POINT('',#1617);
#398=VERTEX_POINT('',#1624);
#399=VERTEX_POINT('',#1673);
#400=VERTEX_POINT('',#1682);
#401=VERTEX_POINT('',#1698);
#402=VERTEX_POINT('',#1700);
#403=VERTEX_POINT('',#1702);
#404=VERTEX_POINT('',#1704);
#405=VERTEX_POINT('',#1708);
#406=VERTEX_POINT('',#1724);
#407=VERTEX_POINT('',#1728);
#408=VERTEX_POINT('',#1751);
#409=VERTEX_POINT('',#1753);
#410=VERTEX_POINT('',#1755);
#411=VERTEX_POINT('',#1759);
#412=VERTEX_POINT('',#1761);
#413=VERTEX_POINT('',#1763);
#414=VERTEX_POINT('',#1765);
#415=VERTEX_POINT('',#1772);
#416=VERTEX_POINT('',#1799);
#417=VERTEX_POINT('',#1807);
#418=VERTEX_POINT('',#1854);
#419=VERTEX_POINT('',#1859);
#420=VERTEX_POINT('',#1879);
#421=VERTEX_POINT('',#1883);
#422=VERTEX_POINT('',#1902);
#423=VERTEX_POINT('',#1906);
#424=VERTEX_POINT('',#1922);
#425=VERTEX_POINT('',#1926);
#426=VERTEX_POINT('',#1928);
#427=VERTEX_POINT('',#1932);
#428=VERTEX_POINT('',#1938);
#429=VERTEX_POINT('',#1943);
#430=VERTEX_POINT('',#1945);
#431=VERTEX_POINT('',#1951);
#432=VERTEX_POINT('',#1953);
#433=VERTEX_POINT('',#1958);
#434=VERTEX_POINT('',#1960);
#435=VERTEX_POINT('',#1967);
#436=VERTEX_POINT('',#1969);
#437=VERTEX_POINT('',#1971);
#438=VERTEX_POINT('',#1975);
#439=VERTEX_POINT('',#1991);
#440=VERTEX_POINT('',#2014);
#441=VERTEX_POINT('',#2018);
#442=VERTEX_POINT('',#2037);
#443=VERTEX_POINT('',#2041);
#444=VERTEX_POINT('',#2057);
#445=VERTEX_POINT('',#2061);
#446=VERTEX_POINT('',#2069);
#447=VERTEX_POINT('',#2072);
#448=VERTEX_POINT('',#2076);
#449=VERTEX_POINT('',#2095);
#450=VERTEX_POINT('',#2099);
#451=VERTEX_POINT('',#2115);
#452=VERTEX_POINT('',#2121);
#453=VERTEX_POINT('',#2140);
#454=VERTEX_POINT('',#2144);
#455=VERTEX_POINT('',#2160);
#456=EDGE_CURVE('',#362,#363,#318,.T.);
#457=EDGE_CURVE('',#363,#364,#319,.T.);
#458=EDGE_CURVE('',#364,#365,#320,.T.);
#459=EDGE_CURVE('',#365,#362,#321,.T.);
#460=EDGE_CURVE('',#365,#366,#322,.T.);
#461=EDGE_CURVE('',#366,#367,#323,.T.);
#462=EDGE_CURVE('',#367,#362,#324,.T.);
#463=EDGE_CURVE('',#364,#368,#171,.T.);
#464=EDGE_CURVE('',#368,#369,#141,.T.);
#465=EDGE_CURVE('',#369,#366,#172,.T.);
#466=EDGE_CURVE('',#370,#363,#33,.T.);
#467=EDGE_CURVE('',#371,#370,#34,.T.);
#468=EDGE_CURVE('',#372,#371,#35,.T.);
#469=EDGE_CURVE('',#373,#372,#173,.T.);
#470=EDGE_CURVE('',#374,#373,#325,.T.);
#471=EDGE_CURVE('',#375,#374,#174,.T.);
#472=EDGE_CURVE('',#368,#375,#326,.T.);
#473=EDGE_CURVE('',#376,#362,#36,.T.);
#474=EDGE_CURVE('',#377,#376,#37,.T.);
#475=EDGE_CURVE('',#377,#378,#38,.T.);
#476=EDGE_CURVE('',#378,#370,#39,.T.);
#477=EDGE_CURVE('',#379,#380,#327,.T.);
#478=EDGE_CURVE('',#380,#381,#328,.T.);
#479=EDGE_CURVE('',#381,#382,#329,.T.);
#480=EDGE_CURVE('',#382,#379,#330,.T.);
#481=EDGE_CURVE('',#382,#383,#331,.T.);
#482=EDGE_CURVE('',#383,#384,#332,.T.);
#483=EDGE_CURVE('',#384,#379,#333,.T.);
#484=EDGE_CURVE('',#381,#385,#175,.T.);
#485=EDGE_CURVE('',#385,#386,#142,.T.);
#486=EDGE_CURVE('',#386,#383,#176,.T.);
#487=EDGE_CURVE('',#387,#380,#40,.T.);
#488=EDGE_CURVE('',#388,#387,#41,.T.);
#489=EDGE_CURVE('',#389,#388,#42,.T.);
#490=EDGE_CURVE('',#390,#389,#177,.T.);
#491=EDGE_CURVE('',#391,#390,#334,.T.);
#492=EDGE_CURVE('',#392,#391,#178,.T.);
#493=EDGE_CURVE('',#385,#392,#335,.T.);
#494=EDGE_CURVE('',#367,#393,#43,.T.);
#495=EDGE_CURVE('',#393,#387,#44,.T.);
#496=EDGE_CURVE('',#394,#379,#45,.T.);
#497=EDGE_CURVE('',#376,#394,#46,.T.);
#498=EDGE_CURVE('',#395,#396,#336,.T.);
#499=EDGE_CURVE('',#396,#397,#337,.T.);
#500=EDGE_CURVE('',#397,#398,#338,.T.);
#501=EDGE_CURVE('',#398,#395,#339,.T.);
#502=EDGE_CURVE('',#398,#399,#340,.T.);
#503=EDGE_CURVE('',#399,#400,#341,.T.);
#504=EDGE_CURVE('',#400,#395,#342,.T.);
#505=EDGE_CURVE('',#401,#399,#47,.T.);
#506=EDGE_CURVE('',#402,#401,#48,.T.);
#507=EDGE_CURVE('',#403,#402,#49,.T.);
#508=EDGE_CURVE('',#404,#403,#179,.T.);
#509=EDGE_CURVE('',#405,#404,#343,.T.);
#510=EDGE_CURVE('',#406,#405,#180,.T.);
#511=EDGE_CURVE('',#407,#406,#344,.T.);
#512=EDGE_CURVE('',#400,#407,#181,.T.);
#513=EDGE_CURVE('',#408,#398,#50,.T.);
#514=EDGE_CURVE('',#409,#408,#51,.T.);
#515=EDGE_CURVE('',#409,#410,#52,.T.);
#516=EDGE_CURVE('',#410,#401,#53,.T.);
#517=EDGE_CURVE('',#397,#411,#54,.T.);
#518=EDGE_CURVE('',#411,#412,#55,.T.);
#519=EDGE_CURVE('',#412,#413,#56,.T.);
#520=EDGE_CURVE('',#414,#413,#345,.T.);
#521=EDGE_CURVE('',#415,#414,#57,.T.);
#522=EDGE_CURVE('',#408,#415,#58,.T.);
#523=EDGE_CURVE('',#413,#416,#346,.T.);
#524=EDGE_CURVE('',#416,#417,#347,.T.);
#525=EDGE_CURVE('',#417,#414,#348,.T.);
#526=EDGE_CURVE('',#417,#418,#349,.T.);
#527=EDGE_CURVE('',#418,#419,#350,.T.);
#528=EDGE_CURVE('',#419,#414,#351,.T.);
#529=EDGE_CURVE('',#420,#418,#182,.T.);
#530=EDGE_CURVE('',#421,#420,#352,.T.);
#531=EDGE_CURVE('',#422,#421,#183,.T.);
#532=EDGE_CURVE('',#423,#422,#353,.T.);
#533=EDGE_CURVE('',#424,#423,#184,.T.);
#534=EDGE_CURVE('',#425,#424,#59,.T.);
#535=EDGE_CURVE('',#426,#425,#60,.T.);
#536=EDGE_CURVE('',#419,#426,#61,.T.);
#537=EDGE_CURVE('',#416,#427,#185,.T.);
#538=EDGE_CURVE('',#427,#420,#143,.T.);
#539=EDGE_CURVE('',#384,#428,#62,.T.);
#540=EDGE_CURVE('',#428,#410,#63,.T.);
#541=EDGE_CURVE('',#394,#409,#64,.T.);
#542=EDGE_CURVE('',#429,#429,#144,.T.);
#543=EDGE_CURVE('',#429,#430,#65,.T.);
#544=EDGE_CURVE('',#430,#430,#145,.F.);
#545=EDGE_CURVE('',#415,#377,#66,.T.);
#546=EDGE_CURVE('',#431,#431,#146,.F.);
#547=EDGE_CURVE('',#431,#432,#67,.T.);
#548=EDGE_CURVE('',#432,#432,#147,.T.);
#549=EDGE_CURVE('',#433,#433,#148,.T.);
#550=EDGE_CURVE('',#433,#434,#68,.T.);
#551=EDGE_CURVE('',#434,#434,#149,.T.);
#552=EDGE_CURVE('',#426,#378,#69,.T.);
#553=EDGE_CURVE('',#435,#412,#70,.T.);
#554=EDGE_CURVE('',#436,#435,#71,.T.);
#555=EDGE_CURVE('',#437,#436,#186,.T.);
#556=EDGE_CURVE('',#438,#437,#354,.T.);
#557=EDGE_CURVE('',#439,#438,#187,.T.);
#558=EDGE_CURVE('',#427,#439,#355,.T.);
#559=EDGE_CURVE('',#440,#396,#188,.T.);
#560=EDGE_CURVE('',#441,#440,#356,.T.);
#561=EDGE_CURVE('',#442,#441,#189,.T.);
#562=EDGE_CURVE('',#443,#442,#357,.T.);
#563=EDGE_CURVE('',#444,#443,#190,.T.);
#564=EDGE_CURVE('',#445,#444,#72,.T.);
#565=EDGE_CURVE('',#411,#445,#73,.T.);
#566=EDGE_CURVE('',#407,#440,#150,.T.);
#567=EDGE_CURVE('',#435,#425,#151,.T.);
#568=EDGE_CURVE('',#402,#445,#152,.T.);
#569=EDGE_CURVE('',#428,#446,#74,.T.);
#570=EDGE_CURVE('',#388,#446,#153,.T.);
#571=EDGE_CURVE('',#393,#447,#75,.T.);
#572=EDGE_CURVE('',#371,#447,#154,.T.);
#573=EDGE_CURVE('',#448,#386,#358,.T.);
#574=EDGE_CURVE('',#449,#448,#191,.T.);
#575=EDGE_CURVE('',#450,#449,#359,.T.);
#576=EDGE_CURVE('',#451,#450,#192,.T.);
#577=EDGE_CURVE('',#446,#451,#76,.T.);
#578=EDGE_CURVE('',#452,#369,#360,.T.);
#579=EDGE_CURVE('',#453,#452,#193,.T.);
#580=EDGE_CURVE('',#454,#453,#361,.T.);
#581=EDGE_CURVE('',#455,#454,#194,.T.);
#582=EDGE_CURVE('',#447,#455,#77,.T.);
#583=EDGE_CURVE('',#375,#452,#155,.T.);
#584=EDGE_CURVE('',#439,#421,#156,.T.);
#585=EDGE_CURVE('',#406,#441,#157,.T.);
#586=EDGE_CURVE('',#374,#453,#158,.T.);
#587=EDGE_CURVE('',#438,#422,#159,.T.);
#588=EDGE_CURVE('',#405,#442,#160,.T.);
#589=EDGE_CURVE('',#373,#454,#161,.T.);
#590=EDGE_CURVE('',#437,#423,#162,.T.);
#591=EDGE_CURVE('',#404,#443,#163,.T.);
#592=EDGE_CURVE('',#372,#455,#164,.T.);
#593=EDGE_CURVE('',#436,#424,#165,.T.);
#594=EDGE_CURVE('',#403,#444,#166,.T.);
#595=EDGE_CURVE('',#389,#451,#167,.T.);
#596=EDGE_CURVE('',#390,#450,#168,.T.);
#597=EDGE_CURVE('',#391,#449,#169,.T.);
#598=EDGE_CURVE('',#392,#448,#170,.T.);
#599=ORIENTED_EDGE('',*,*,#456,.T.);
#600=ORIENTED_EDGE('',*,*,#457,.T.);
#601=ORIENTED_EDGE('',*,*,#458,.T.);
#602=ORIENTED_EDGE('',*,*,#459,.T.);
#603=ORIENTED_EDGE('',*,*,#460,.T.);
#604=ORIENTED_EDGE('',*,*,#461,.T.);
#605=ORIENTED_EDGE('',*,*,#462,.T.);
#606=ORIENTED_EDGE('',*,*,#459,.F.);
#607=ORIENTED_EDGE('',*,*,#460,.F.);
#608=ORIENTED_EDGE('',*,*,#458,.F.);
#609=ORIENTED_EDGE('',*,*,#463,.T.);
#610=ORIENTED_EDGE('',*,*,#464,.T.);
#611=ORIENTED_EDGE('',*,*,#465,.T.);
#612=ORIENTED_EDGE('',*,*,#457,.F.);
#613=ORIENTED_EDGE('',*,*,#466,.F.);
#614=ORIENTED_EDGE('',*,*,#467,.F.);
#615=ORIENTED_EDGE('',*,*,#468,.F.);
#616=ORIENTED_EDGE('',*,*,#469,.F.);
#617=ORIENTED_EDGE('',*,*,#470,.F.);
#618=ORIENTED_EDGE('',*,*,#471,.F.);
#619=ORIENTED_EDGE('',*,*,#472,.F.);
#620=ORIENTED_EDGE('',*,*,#463,.F.);
#621=ORIENTED_EDGE('',*,*,#456,.F.);
#622=ORIENTED_EDGE('',*,*,#473,.F.);
#623=ORIENTED_EDGE('',*,*,#474,.F.);
#624=ORIENTED_EDGE('',*,*,#475,.T.);
#625=ORIENTED_EDGE('',*,*,#476,.T.);
#626=ORIENTED_EDGE('',*,*,#466,.T.);
#627=ORIENTED_EDGE('',*,*,#477,.T.);
#628=ORIENTED_EDGE('',*,*,#478,.T.);
#629=ORIENTED_EDGE('',*,*,#479,.T.);
#630=ORIENTED_EDGE('',*,*,#480,.T.);
#631=ORIENTED_EDGE('',*,*,#481,.T.);
#632=ORIENTED_EDGE('',*,*,#482,.T.);
#633=ORIENTED_EDGE('',*,*,#483,.T.);
#634=ORIENTED_EDGE('',*,*,#480,.F.);
#635=ORIENTED_EDGE('',*,*,#481,.F.);
#636=ORIENTED_EDGE('',*,*,#479,.F.);
#637=ORIENTED_EDGE('',*,*,#484,.T.);
#638=ORIENTED_EDGE('',*,*,#485,.T.);
#639=ORIENTED_EDGE('',*,*,#486,.T.);
#640=ORIENTED_EDGE('',*,*,#478,.F.);
#641=ORIENTED_EDGE('',*,*,#487,.F.);
#642=ORIENTED_EDGE('',*,*,#488,.F.);
#643=ORIENTED_EDGE('',*,*,#489,.F.);
#644=ORIENTED_EDGE('',*,*,#490,.F.);
#645=ORIENTED_EDGE('',*,*,#491,.F.);
#646=ORIENTED_EDGE('',*,*,#492,.F.);
#647=ORIENTED_EDGE('',*,*,#493,.F.);
#648=ORIENTED_EDGE('',*,*,#484,.F.);
#649=ORIENTED_EDGE('',*,*,#462,.F.);
#650=ORIENTED_EDGE('',*,*,#494,.T.);
#651=ORIENTED_EDGE('',*,*,#495,.T.);
#652=ORIENTED_EDGE('',*,*,#487,.T.);
#653=ORIENTED_EDGE('',*,*,#477,.F.);
#654=ORIENTED_EDGE('',*,*,#496,.F.);
#655=ORIENTED_EDGE('',*,*,#497,.F.);
#656=ORIENTED_EDGE('',*,*,#473,.T.);
#657=ORIENTED_EDGE('',*,*,#498,.T.);
#658=ORIENTED_EDGE('',*,*,#499,.T.);
#659=ORIENTED_EDGE('',*,*,#500,.T.);
#660=ORIENTED_EDGE('',*,*,#501,.T.);
#661=ORIENTED_EDGE('',*,*,#502,.T.);
#662=ORIENTED_EDGE('',*,*,#503,.T.);
#663=ORIENTED_EDGE('',*,*,#504,.T.);
#664=ORIENTED_EDGE('',*,*,#501,.F.);
#665=ORIENTED_EDGE('',*,*,#503,.F.);
#666=ORIENTED_EDGE('',*,*,#505,.F.);
#667=ORIENTED_EDGE('',*,*,#506,.F.);
#668=ORIENTED_EDGE('',*,*,#507,.F.);
#669=ORIENTED_EDGE('',*,*,#508,.F.);
#670=ORIENTED_EDGE('',*,*,#509,.F.);
#671=ORIENTED_EDGE('',*,*,#510,.F.);
#672=ORIENTED_EDGE('',*,*,#511,.F.);
#673=ORIENTED_EDGE('',*,*,#512,.F.);
#674=ORIENTED_EDGE('',*,*,#502,.F.);
#675=ORIENTED_EDGE('',*,*,#513,.F.);
#676=ORIENTED_EDGE('',*,*,#514,.F.);
#677=ORIENTED_EDGE('',*,*,#515,.T.);
#678=ORIENTED_EDGE('',*,*,#516,.T.);
#679=ORIENTED_EDGE('',*,*,#505,.T.);
#680=ORIENTED_EDGE('',*,*,#500,.F.);
#681=ORIENTED_EDGE('',*,*,#517,.T.);
#682=ORIENTED_EDGE('',*,*,#518,.T.);
#683=ORIENTED_EDGE('',*,*,#519,.T.);
#684=ORIENTED_EDGE('',*,*,#520,.F.);
#685=ORIENTED_EDGE('',*,*,#521,.F.);
#686=ORIENTED_EDGE('',*,*,#522,.F.);
#687=ORIENTED_EDGE('',*,*,#513,.T.);
#688=ORIENTED_EDGE('',*,*,#520,.T.);
#689=ORIENTED_EDGE('',*,*,#523,.T.);
#690=ORIENTED_EDGE('',*,*,#524,.T.);
#691=ORIENTED_EDGE('',*,*,#525,.T.);
#692=ORIENTED_EDGE('',*,*,#526,.T.);
#693=ORIENTED_EDGE('',*,*,#527,.T.);
#694=ORIENTED_EDGE('',*,*,#528,.T.);
#695=ORIENTED_EDGE('',*,*,#525,.F.);
#696=ORIENTED_EDGE('',*,*,#527,.F.);
#697=ORIENTED_EDGE('',*,*,#529,.F.);
#698=ORIENTED_EDGE('',*,*,#530,.F.);
#699=ORIENTED_EDGE('',*,*,#531,.F.);
#700=ORIENTED_EDGE('',*,*,#532,.F.);
#701=ORIENTED_EDGE('',*,*,#533,.F.);
#702=ORIENTED_EDGE('',*,*,#534,.F.);
#703=ORIENTED_EDGE('',*,*,#535,.F.);
#704=ORIENTED_EDGE('',*,*,#536,.F.);
#705=ORIENTED_EDGE('',*,*,#526,.F.);
#706=ORIENTED_EDGE('',*,*,#524,.F.);
#707=ORIENTED_EDGE('',*,*,#537,.T.);
#708=ORIENTED_EDGE('',*,*,#538,.T.);
#709=ORIENTED_EDGE('',*,*,#529,.T.);
#710=ORIENTED_EDGE('',*,*,#483,.F.);
#711=ORIENTED_EDGE('',*,*,#539,.T.);
#712=ORIENTED_EDGE('',*,*,#540,.T.);
#713=ORIENTED_EDGE('',*,*,#515,.F.);
#714=ORIENTED_EDGE('',*,*,#541,.F.);
#715=ORIENTED_EDGE('',*,*,#496,.T.);
#716=ORIENTED_EDGE('',*,*,#542,.T.);
#717=ORIENTED_EDGE('',*,*,#543,.T.);
#718=ORIENTED_EDGE('',*,*,#544,.F.);
#719=ORIENTED_EDGE('',*,*,#543,.F.);
#720=ORIENTED_EDGE('',*,*,#474,.T.);
#721=ORIENTED_EDGE('',*,*,#497,.T.);
#722=ORIENTED_EDGE('',*,*,#541,.T.);
#723=ORIENTED_EDGE('',*,*,#514,.T.);
#724=ORIENTED_EDGE('',*,*,#522,.T.);
#725=ORIENTED_EDGE('',*,*,#545,.T.);
#726=ORIENTED_EDGE('',*,*,#542,.F.);
#727=ORIENTED_EDGE('',*,*,#546,.F.);
#728=ORIENTED_EDGE('',*,*,#547,.T.);
#729=ORIENTED_EDGE('',*,*,#548,.F.);
#730=ORIENTED_EDGE('',*,*,#547,.F.);
#731=ORIENTED_EDGE('',*,*,#544,.T.);
#732=ORIENTED_EDGE('',*,*,#546,.T.);
#733=ORIENTED_EDGE('',*,*,#549,.T.);
#734=ORIENTED_EDGE('',*,*,#550,.T.);
#735=ORIENTED_EDGE('',*,*,#551,.T.);
#736=ORIENTED_EDGE('',*,*,#550,.F.);
#737=ORIENTED_EDGE('',*,*,#551,.F.);
#738=ORIENTED_EDGE('',*,*,#548,.T.);
#739=ORIENTED_EDGE('',*,*,#528,.F.);
#740=ORIENTED_EDGE('',*,*,#536,.T.);
#741=ORIENTED_EDGE('',*,*,#552,.T.);
#742=ORIENTED_EDGE('',*,*,#475,.F.);
#743=ORIENTED_EDGE('',*,*,#545,.F.);
#744=ORIENTED_EDGE('',*,*,#521,.T.);
#745=ORIENTED_EDGE('',*,*,#523,.F.);
#746=ORIENTED_EDGE('',*,*,#519,.F.);
#747=ORIENTED_EDGE('',*,*,#553,.F.);
#748=ORIENTED_EDGE('',*,*,#554,.F.);
#749=ORIENTED_EDGE('',*,*,#555,.F.);
#750=ORIENTED_EDGE('',*,*,#556,.F.);
#751=ORIENTED_EDGE('',*,*,#557,.F.);
#752=ORIENTED_EDGE('',*,*,#558,.F.);
#753=ORIENTED_EDGE('',*,*,#537,.F.);
#754=ORIENTED_EDGE('',*,*,#499,.F.);
#755=ORIENTED_EDGE('',*,*,#559,.F.);
#756=ORIENTED_EDGE('',*,*,#560,.F.);
#757=ORIENTED_EDGE('',*,*,#561,.F.);
#758=ORIENTED_EDGE('',*,*,#562,.F.);
#759=ORIENTED_EDGE('',*,*,#563,.F.);
#760=ORIENTED_EDGE('',*,*,#564,.F.);
#761=ORIENTED_EDGE('',*,*,#565,.F.);
#762=ORIENTED_EDGE('',*,*,#517,.F.);
#763=ORIENTED_EDGE('',*,*,#504,.F.);
#764=ORIENTED_EDGE('',*,*,#512,.T.);
#765=ORIENTED_EDGE('',*,*,#566,.T.);
#766=ORIENTED_EDGE('',*,*,#559,.T.);
#767=ORIENTED_EDGE('',*,*,#498,.F.);
#768=ORIENTED_EDGE('',*,*,#476,.F.);
#769=ORIENTED_EDGE('',*,*,#552,.F.);
#770=ORIENTED_EDGE('',*,*,#535,.T.);
#771=ORIENTED_EDGE('',*,*,#567,.F.);
#772=ORIENTED_EDGE('',*,*,#553,.T.);
#773=ORIENTED_EDGE('',*,*,#518,.F.);
#774=ORIENTED_EDGE('',*,*,#565,.T.);
#775=ORIENTED_EDGE('',*,*,#568,.F.);
#776=ORIENTED_EDGE('',*,*,#506,.T.);
#777=ORIENTED_EDGE('',*,*,#516,.F.);
#778=ORIENTED_EDGE('',*,*,#540,.F.);
#779=ORIENTED_EDGE('',*,*,#569,.T.);
#780=ORIENTED_EDGE('',*,*,#570,.F.);
#781=ORIENTED_EDGE('',*,*,#488,.T.);
#782=ORIENTED_EDGE('',*,*,#495,.F.);
#783=ORIENTED_EDGE('',*,*,#571,.T.);
#784=ORIENTED_EDGE('',*,*,#572,.F.);
#785=ORIENTED_EDGE('',*,*,#467,.T.);
#786=ORIENTED_EDGE('',*,*,#549,.F.);
#787=ORIENTED_EDGE('',*,*,#482,.F.);
#788=ORIENTED_EDGE('',*,*,#486,.F.);
#789=ORIENTED_EDGE('',*,*,#573,.F.);
#790=ORIENTED_EDGE('',*,*,#574,.F.);
#791=ORIENTED_EDGE('',*,*,#575,.F.);
#792=ORIENTED_EDGE('',*,*,#576,.F.);
#793=ORIENTED_EDGE('',*,*,#577,.F.);
#794=ORIENTED_EDGE('',*,*,#569,.F.);
#795=ORIENTED_EDGE('',*,*,#539,.F.);
#796=ORIENTED_EDGE('',*,*,#461,.F.);
#797=ORIENTED_EDGE('',*,*,#465,.F.);
#798=ORIENTED_EDGE('',*,*,#578,.F.);
#799=ORIENTED_EDGE('',*,*,#579,.F.);
#800=ORIENTED_EDGE('',*,*,#580,.F.);
#801=ORIENTED_EDGE('',*,*,#581,.F.);
#802=ORIENTED_EDGE('',*,*,#582,.F.);
#803=ORIENTED_EDGE('',*,*,#571,.F.);
#804=ORIENTED_EDGE('',*,*,#494,.F.);
#805=ORIENTED_EDGE('',*,*,#472,.T.);
#806=ORIENTED_EDGE('',*,*,#583,.T.);
#807=ORIENTED_EDGE('',*,*,#578,.T.);
#808=ORIENTED_EDGE('',*,*,#464,.F.);
#809=ORIENTED_EDGE('',*,*,#558,.T.);
#810=ORIENTED_EDGE('',*,*,#584,.T.);
#811=ORIENTED_EDGE('',*,*,#530,.T.);
#812=ORIENTED_EDGE('',*,*,#538,.F.);
#813=ORIENTED_EDGE('',*,*,#511,.T.);
#814=ORIENTED_EDGE('',*,*,#585,.T.);
#815=ORIENTED_EDGE('',*,*,#560,.T.);
#816=ORIENTED_EDGE('',*,*,#566,.F.);
#817=ORIENTED_EDGE('',*,*,#471,.T.);
#818=ORIENTED_EDGE('',*,*,#586,.T.);
#819=ORIENTED_EDGE('',*,*,#579,.T.);
#820=ORIENTED_EDGE('',*,*,#583,.F.);
#821=ORIENTED_EDGE('',*,*,#557,.T.);
#822=ORIENTED_EDGE('',*,*,#587,.T.);
#823=ORIENTED_EDGE('',*,*,#531,.T.);
#824=ORIENTED_EDGE('',*,*,#584,.F.);
#825=ORIENTED_EDGE('',*,*,#510,.T.);
#826=ORIENTED_EDGE('',*,*,#588,.T.);
#827=ORIENTED_EDGE('',*,*,#561,.T.);
#828=ORIENTED_EDGE('',*,*,#585,.F.);
#829=ORIENTED_EDGE('',*,*,#470,.T.);
#830=ORIENTED_EDGE('',*,*,#589,.T.);
#831=ORIENTED_EDGE('',*,*,#580,.T.);
#832=ORIENTED_EDGE('',*,*,#586,.F.);
#833=ORIENTED_EDGE('',*,*,#556,.T.);
#834=ORIENTED_EDGE('',*,*,#590,.T.);
#835=ORIENTED_EDGE('',*,*,#532,.T.);
#836=ORIENTED_EDGE('',*,*,#587,.F.);
#837=ORIENTED_EDGE('',*,*,#509,.T.);
#838=ORIENTED_EDGE('',*,*,#591,.T.);
#839=ORIENTED_EDGE('',*,*,#562,.T.);
#840=ORIENTED_EDGE('',*,*,#588,.F.);
#841=ORIENTED_EDGE('',*,*,#469,.T.);
#842=ORIENTED_EDGE('',*,*,#592,.T.);
#843=ORIENTED_EDGE('',*,*,#581,.T.);
#844=ORIENTED_EDGE('',*,*,#589,.F.);
#845=ORIENTED_EDGE('',*,*,#555,.T.);
#846=ORIENTED_EDGE('',*,*,#593,.T.);
#847=ORIENTED_EDGE('',*,*,#533,.T.);
#848=ORIENTED_EDGE('',*,*,#590,.F.);
#849=ORIENTED_EDGE('',*,*,#508,.T.);
#850=ORIENTED_EDGE('',*,*,#594,.T.);
#851=ORIENTED_EDGE('',*,*,#563,.T.);
#852=ORIENTED_EDGE('',*,*,#591,.F.);
#853=ORIENTED_EDGE('',*,*,#468,.T.);
#854=ORIENTED_EDGE('',*,*,#572,.T.);
#855=ORIENTED_EDGE('',*,*,#582,.T.);
#856=ORIENTED_EDGE('',*,*,#592,.F.);
#857=ORIENTED_EDGE('',*,*,#554,.T.);
#858=ORIENTED_EDGE('',*,*,#567,.T.);
#859=ORIENTED_EDGE('',*,*,#534,.T.);
#860=ORIENTED_EDGE('',*,*,#593,.F.);
#861=ORIENTED_EDGE('',*,*,#507,.T.);
#862=ORIENTED_EDGE('',*,*,#568,.T.);
#863=ORIENTED_EDGE('',*,*,#564,.T.);
#864=ORIENTED_EDGE('',*,*,#594,.F.);
#865=ORIENTED_EDGE('',*,*,#577,.T.);
#866=ORIENTED_EDGE('',*,*,#595,.F.);
#867=ORIENTED_EDGE('',*,*,#489,.T.);
#868=ORIENTED_EDGE('',*,*,#570,.T.);
#869=ORIENTED_EDGE('',*,*,#576,.T.);
#870=ORIENTED_EDGE('',*,*,#596,.F.);
#871=ORIENTED_EDGE('',*,*,#490,.T.);
#872=ORIENTED_EDGE('',*,*,#595,.T.);
#873=ORIENTED_EDGE('',*,*,#575,.T.);
#874=ORIENTED_EDGE('',*,*,#597,.F.);
#875=ORIENTED_EDGE('',*,*,#491,.T.);
#876=ORIENTED_EDGE('',*,*,#596,.T.);
#877=ORIENTED_EDGE('',*,*,#574,.T.);
#878=ORIENTED_EDGE('',*,*,#598,.F.);
#879=ORIENTED_EDGE('',*,*,#492,.T.);
#880=ORIENTED_EDGE('',*,*,#597,.T.);
#881=ORIENTED_EDGE('',*,*,#573,.T.);
#882=ORIENTED_EDGE('',*,*,#485,.F.);
#883=ORIENTED_EDGE('',*,*,#493,.T.);
#884=ORIENTED_EDGE('',*,*,#598,.T.);
#885=B_SPLINE_SURFACE_WITH_KNOTS('',3,3,((#1233,#1234,#1235,#1236,#1237,
#1238,#1239,#1240),(#1241,#1242,#1243,#1244,#1245,#1246,#1247,#1248),(#1249,
#1250,#1251,#1252,#1253,#1254,#1255,#1256),(#1257,#1258,#1259,#1260,#1261,
#1262,#1263,#1264)),.UNSPECIFIED.,.F.,.F.,.F.,(4,4),(4,2,2,4),(0.,1.),(0.284132510954737,
0.284400473353281,0.709018404290019,0.709380381127615),.UNSPECIFIED.);
#886=B_SPLINE_SURFACE_WITH_KNOTS('',3,3,((#1301,#1302,#1303,#1304,#1305,
#1306),(#1307,#1308,#1309,#1310,#1311,#1312),(#1313,#1314,#1315,#1316,#1317,
#1318),(#1319,#1320,#1321,#1322,#1323,#1324)),.UNSPECIFIED.,.F.,.F.,.F.,
(4,4),(4,2,4),(0.,1.),(-0.000308572318254458,0.,0.138059318957877),
 .UNSPECIFIED.);
#887=B_SPLINE_SURFACE_WITH_KNOTS('',3,3,((#1410,#1411,#1412,#1413,#1414,
#1415),(#1416,#1417,#1418,#1419,#1420,#1421),(#1422,#1423,#1424,#1425,#1426,
#1427),(#1428,#1429,#1430,#1431,#1432,#1433)),.UNSPECIFIED.,.F.,.F.,.F.,
(4,4),(4,2,4),(0.,1.),(0.308818345014187,0.447070171293479,0.447378776393563),
 .UNSPECIFIED.);
#888=B_SPLINE_SURFACE_WITH_KNOTS('',3,3,((#1465,#1466,#1467,#1468,#1469,
#1470,#1471,#1472),(#1473,#1474,#1475,#1476,#1477,#1478,#1479,#1480),(#1481,
#1482,#1483,#1484,#1485,#1486,#1487,#1488),(#1489,#1490,#1491,#1492,#1493,
#1494,#1495,#1496)),.UNSPECIFIED.,.F.,.F.,.F.,(4,4),(4,2,2,4),(0.,1.),(0.18437695022496,
0.184738902279362,0.609081069539566,0.609348696528473),.UNSPECIFIED.);
#889=B_SPLINE_SURFACE_WITH_KNOTS('',3,3,((#1587,#1588,#1589,#1590,#1591,
#1592),(#1593,#1594,#1595,#1596,#1597,#1598),(#1599,#1600,#1601,#1602,#1603,
#1604),(#1605,#1606,#1607,#1608,#1609,#1610)),.UNSPECIFIED.,.F.,.F.,.F.,
(4,4),(4,2,4),(0.,1.),(-0.000308572318255297,0.,0.138059320513467),
 .UNSPECIFIED.);
#890=B_SPLINE_SURFACE_WITH_KNOTS('',3,3,((#1641,#1642,#1643,#1644,#1645,
#1646,#1647,#1648),(#1649,#1650,#1651,#1652,#1653,#1654,#1655,#1656),(#1657,
#1658,#1659,#1660,#1661,#1662,#1663,#1664),(#1665,#1666,#1667,#1668,#1669,
#1670,#1671,#1672)),.UNSPECIFIED.,.F.,.F.,.F.,(4,4),(4,2,2,4),(0.,1.),(0.286641546049958,
0.286906270252691,0.709018404290019,0.709380381127615),.UNSPECIFIED.);
#891=B_SPLINE_SURFACE_WITH_KNOTS('',3,3,((#1775,#1776,#1777,#1778,#1779,
#1780),(#1781,#1782,#1783,#1784,#1785,#1786),(#1787,#1788,#1789,#1790,#1791,
#1792),(#1793,#1794,#1795,#1796,#1797,#1798)),.UNSPECIFIED.,.F.,.F.,.F.,
(4,4),(4,2,4),(0.,1.),(0.308818345014186,0.447070171293479,0.447378776393562),
 .UNSPECIFIED.);
#892=B_SPLINE_SURFACE_WITH_KNOTS('',3,3,((#1822,#1823,#1824,#1825,#1826,
#1827,#1828,#1829),(#1830,#1831,#1832,#1833,#1834,#1835,#1836,#1837),(#1838,
#1839,#1840,#1841,#1842,#1843,#1844,#1845),(#1846,#1847,#1848,#1849,#1850,
#1851,#1852,#1853)),.UNSPECIFIED.,.F.,.F.,.F.,(4,4),(4,2,2,4),(0.,1.),(0.184376950224961,
0.184738902279363,0.606575475875924,0.606839861096754),.UNSPECIFIED.);
#893=ADVANCED_FACE('',(#208),#885,.T.);
#894=ADVANCED_FACE('',(#209),#886,.T.);
#895=ADVANCED_FACE('',(#210),#195,.T.);
#896=ADVANCED_FACE('',(#211),#123,.F.);
#897=ADVANCED_FACE('',(#212),#124,.T.);
#898=ADVANCED_FACE('',(#213),#887,.T.);
#899=ADVANCED_FACE('',(#214),#888,.T.);
#900=ADVANCED_FACE('',(#215),#196,.T.);
#901=ADVANCED_FACE('',(#216),#125,.F.);
#902=ADVANCED_FACE('',(#217),#126,.T.);
#903=ADVANCED_FACE('',(#218),#889,.T.);
#904=ADVANCED_FACE('',(#219),#890,.T.);
#905=ADVANCED_FACE('',(#220),#127,.F.);
#906=ADVANCED_FACE('',(#221),#128,.T.);
#907=ADVANCED_FACE('',(#222),#129,.T.);
#908=ADVANCED_FACE('',(#223),#891,.T.);
#909=ADVANCED_FACE('',(#224),#892,.T.);
#910=ADVANCED_FACE('',(#225),#130,.F.);
#911=ADVANCED_FACE('',(#226),#197,.T.);
#912=ADVANCED_FACE('',(#227),#131,.T.);
#913=ADVANCED_FACE('',(#228),#198,.F.);
#914=ADVANCED_FACE('',(#229,#29),#132,.F.);
#915=ADVANCED_FACE('',(#230),#23,.F.);
#916=ADVANCED_FACE('',(#231,#30),#133,.F.);
#917=ADVANCED_FACE('',(#232),#24,.F.);
#918=ADVANCED_FACE('',(#233,#31),#134,.F.);
#919=ADVANCED_FACE('',(#234),#135,.T.);
#920=ADVANCED_FACE('',(#235),#136,.F.);
#921=ADVANCED_FACE('',(#236),#137,.F.);
#922=ADVANCED_FACE('',(#237),#199,.T.);
#923=ADVANCED_FACE('',(#238,#32),#138,.T.);
#924=ADVANCED_FACE('',(#239),#139,.F.);
#925=ADVANCED_FACE('',(#240),#140,.F.);
#926=ADVANCED_FACE('',(#241),#15,.T.);
#927=ADVANCED_FACE('',(#242),#16,.T.);
#928=ADVANCED_FACE('',(#243),#17,.T.);
#929=ADVANCED_FACE('',(#244),#200,.F.);
#930=ADVANCED_FACE('',(#245),#201,.F.);
#931=ADVANCED_FACE('',(#246),#202,.F.);
#932=ADVANCED_FACE('',(#247),#18,.F.);
#933=ADVANCED_FACE('',(#248),#19,.F.);
#934=ADVANCED_FACE('',(#249),#20,.F.);
#935=ADVANCED_FACE('',(#250),#203,.F.);
#936=ADVANCED_FACE('',(#251),#204,.F.);
#937=ADVANCED_FACE('',(#252),#205,.F.);
#938=ADVANCED_FACE('',(#253),#25,.F.);
#939=ADVANCED_FACE('',(#254),#26,.F.);
#940=ADVANCED_FACE('',(#255),#27,.F.);
#941=ADVANCED_FACE('',(#256),#28,.F.);
#942=ADVANCED_FACE('',(#257),#206,.F.);
#943=ADVANCED_FACE('',(#258),#21,.F.);
#944=ADVANCED_FACE('',(#259),#207,.F.);
#945=ADVANCED_FACE('',(#260),#22,.T.);
#946=CLOSED_SHELL('',(#893,#894,#895,#896,#897,#898,#899,#900,#901,#902,
#903,#904,#905,#906,#907,#908,#909,#910,#911,#912,#913,#914,#915,#916,#917,
#918,#919,#920,#921,#922,#923,#924,#925,#926,#927,#928,#929,#930,#931,#932,
#933,#934,#935,#936,#937,#938,#939,#940,#941,#942,#943,#944,#945));
#947=DERIVED_UNIT_ELEMENT(#949,1.);
#948=DERIVED_UNIT_ELEMENT(#2206,-3.);
#949=(
MASS_UNIT()
NAMED_UNIT(*)
SI_UNIT(.KILO.,.GRAM.)
);
#950=DERIVED_UNIT((#947,#948));
#951=MEASURE_REPRESENTATION_ITEM('density measure',
POSITIVE_RATIO_MEASURE(7850.),#950);
#952=PROPERTY_DEFINITION_REPRESENTATION(#957,#954);
#953=PROPERTY_DEFINITION_REPRESENTATION(#958,#955);
#954=REPRESENTATION('material name',(#956),#2203);
#955=REPRESENTATION('density',(#951),#2203);
#956=DESCRIPTIVE_REPRESENTATION_ITEM('Steel','Steel');
#957=PROPERTY_DEFINITION('material property','material name',#2213);
#958=PROPERTY_DEFINITION('material property','density of part',#2213);
#959=AXIS2_PLACEMENT_3D('',#1232,#1035,#1036);
#960=AXIS2_PLACEMENT_3D('',#1343,#1037,#1038);
#961=AXIS2_PLACEMENT_3D('',#1349,#1039,#1040);
#962=AXIS2_PLACEMENT_3D('',#1353,#1041,#1042);
#963=AXIS2_PLACEMENT_3D('',#1402,#1046,#1047);
#964=AXIS2_PLACEMENT_3D('',#1521,#1052,#1053);
#965=AXIS2_PLACEMENT_3D('',#1527,#1054,#1055);
#966=AXIS2_PLACEMENT_3D('',#1531,#1056,#1057);
#967=AXIS2_PLACEMENT_3D('',#1580,#1061,#1062);
#968=AXIS2_PLACEMENT_3D('',#1697,#1067,#1068);
#969=AXIS2_PLACEMENT_3D('',#1750,#1072,#1073);
#970=AXIS2_PLACEMENT_3D('',#1758,#1078,#1079);
#971=AXIS2_PLACEMENT_3D('',#1878,#1085,#1086);
#972=AXIS2_PLACEMENT_3D('',#1931,#1090,#1091);
#973=AXIS2_PLACEMENT_3D('',#1936,#1092,#1093);
#974=AXIS2_PLACEMENT_3D('',#1937,#1094,#1095);
#975=AXIS2_PLACEMENT_3D('',#1942,#1099,#1100);
#976=AXIS2_PLACEMENT_3D('',#1944,#1101,#1102);
#977=AXIS2_PLACEMENT_3D('',#1947,#1104,#1105);
#978=AXIS2_PLACEMENT_3D('',#1948,#1106,#1107);
#979=AXIS2_PLACEMENT_3D('',#1950,#1109,#1110);
#980=AXIS2_PLACEMENT_3D('',#1952,#1111,#1112);
#981=AXIS2_PLACEMENT_3D('',#1955,#1114,#1115);
#982=AXIS2_PLACEMENT_3D('',#1956,#1116,#1117);
#983=AXIS2_PLACEMENT_3D('',#1957,#1118,#1119);
#984=AXIS2_PLACEMENT_3D('',#1959,#1120,#1121);
#985=AXIS2_PLACEMENT_3D('',#1962,#1123,#1124);
#986=AXIS2_PLACEMENT_3D('',#1963,#1125,#1126);
#987=AXIS2_PLACEMENT_3D('',#1964,#1127,#1128);
#988=AXIS2_PLACEMENT_3D('',#1966,#1130,#1131);
#989=AXIS2_PLACEMENT_3D('',#2013,#1134,#1135);
#990=AXIS2_PLACEMENT_3D('',#2064,#1138,#1139);
#991=AXIS2_PLACEMENT_3D('',#2065,#1140,#1141);
#992=AXIS2_PLACEMENT_3D('',#2066,#1142,#1143);
#993=AXIS2_PLACEMENT_3D('',#2067,#1144,#1145);
#994=AXIS2_PLACEMENT_3D('',#2068,#1146,#1147);
#995=AXIS2_PLACEMENT_3D('',#2071,#1149,#1150);
#996=AXIS2_PLACEMENT_3D('',#2074,#1152,#1153);
#997=AXIS2_PLACEMENT_3D('',#2075,#1154,#1155);
#998=AXIS2_PLACEMENT_3D('',#2120,#1157,#1158);
#999=AXIS2_PLACEMENT_3D('',#2165,#1160,#1161);
#1000=AXIS2_PLACEMENT_3D('',#2166,#1162,#1163);
#1001=AXIS2_PLACEMENT_3D('',#2167,#1164,#1165);
#1002=AXIS2_PLACEMENT_3D('',#2168,#1166,#1167);
#1003=AXIS2_PLACEMENT_3D('',#2169,#1168,#1169);
#1004=AXIS2_PLACEMENT_3D('',#2170,#1170,#1171);
#1005=AXIS2_PLACEMENT_3D('',#2171,#1172,#1173);
#1006=AXIS2_PLACEMENT_3D('',#2172,#1174,#1175);
#1007=AXIS2_PLACEMENT_3D('',#2173,#1176,#1177);
#1008=AXIS2_PLACEMENT_3D('',#2174,#1178,#1179);
#1009=AXIS2_PLACEMENT_3D('',#2175,#1180,#1181);
#1010=AXIS2_PLACEMENT_3D('',#2176,#1182,#1183);
#1011=AXIS2_PLACEMENT_3D('',#2177,#1184,#1185);
#1012=AXIS2_PLACEMENT_3D('',#2178,#1186,#1187);
#1013=AXIS2_PLACEMENT_3D('',#2179,#1188,#1189);
#1014=AXIS2_PLACEMENT_3D('',#2180,#1190,#1191);
#1015=AXIS2_PLACEMENT_3D('',#2181,#1192,#1193);
#1016=AXIS2_PLACEMENT_3D('',#2182,#1194,#1195);
#1017=AXIS2_PLACEMENT_3D('',#2183,#1196,#1197);
#1018=AXIS2_PLACEMENT_3D('',#2184,#1198,#1199);
#1019=AXIS2_PLACEMENT_3D('',#2185,#1200,#1201);
#1020=AXIS2_PLACEMENT_3D('',#2186,#1202,#1203);
#1021=AXIS2_PLACEMENT_3D('',#2187,#1204,#1205);
#1022=AXIS2_PLACEMENT_3D('',#2188,#1206,#1207);
#1023=AXIS2_PLACEMENT_3D('',#2189,#1208,#1209);
#1024=AXIS2_PLACEMENT_3D('',#2190,#1210,#1211);
#1025=AXIS2_PLACEMENT_3D('',#2191,#1212,#1213);
#1026=AXIS2_PLACEMENT_3D('',#2192,#1214,#1215);
#1027=AXIS2_PLACEMENT_3D('',#2193,#1216,#1217);
#1028=AXIS2_PLACEMENT_3D('',#2194,#1218,#1219);
#1029=AXIS2_PLACEMENT_3D('',#2195,#1220,#1221);
#1030=AXIS2_PLACEMENT_3D('',#2196,#1222,#1223);
#1031=AXIS2_PLACEMENT_3D('',#2197,#1224,#1225);
#1032=AXIS2_PLACEMENT_3D('',#2198,#1226,#1227);
#1033=AXIS2_PLACEMENT_3D('',#2199,#1228,#1229);
#1034=AXIS2_PLACEMENT_3D('',#2200,#1230,#1231);
#1035=DIRECTION('axis',(0.,0.,1.));
#1036=DIRECTION('refdir',(1.,0.,0.));
#1037=DIRECTION('center_axis',(0.,0.,1.));
#1038=DIRECTION('ref_axis',(1.,0.,0.));
#1039=DIRECTION('center_axis',(0.,0.,1.));
#1040=DIRECTION('ref_axis',(1.,0.,0.));
#1041=DIRECTION('center_axis',(-1.,0.,0.));
#1042=DIRECTION('ref_axis',(0.,1.,0.));
#1043=DIRECTION('',(0.,0.,-1.));
#1044=DIRECTION('',(0.,1.,0.));
#1045=DIRECTION('',(0.,0.,1.));
#1046=DIRECTION('center_axis',(-0.500198246535354,0.865910915835433,0.));
#1047=DIRECTION('ref_axis',(0.865910915835433,0.500198246535354,1.15925473625217E-15));
#1048=DIRECTION('',(0.,0.,-1.));
#1049=DIRECTION('',(-0.865910915835433,-0.500198246535354,-1.15925473625217E-15));
#1050=DIRECTION('',(0.,0.,-1.));
#1051=DIRECTION('',(-0.865910915835433,-0.500198246535354,0.));
#1052=DIRECTION('center_axis',(0.,0.,1.));
#1053=DIRECTION('ref_axis',(1.,0.,0.));
#1054=DIRECTION('center_axis',(0.,0.,1.));
#1055=DIRECTION('ref_axis',(1.,0.,0.));
#1056=DIRECTION('center_axis',(-1.26161455832804E-16,-1.,0.));
#1057=DIRECTION('ref_axis',(-1.,1.26161455832804E-16,0.));
#1058=DIRECTION('',(0.,0.,-1.));
#1059=DIRECTION('',(-1.,1.26161455832804E-16,0.));
#1060=DIRECTION('',(0.,0.,1.));
#1061=DIRECTION('center_axis',(-0.999999973795411,-0.000228930510331236,
0.));
#1062=DIRECTION('ref_axis',(-0.000228930510331236,0.99999997379541,2.31759050317351E-15));
#1063=DIRECTION('',(0.,0.,1.));
#1064=DIRECTION('',(0.000228930510331236,-0.99999997379541,0.));
#1065=DIRECTION('',(0.,0.,-1.));
#1066=DIRECTION('',(0.000228930510331236,-0.99999997379541,-2.31759050317351E-15));
#1067=DIRECTION('center_axis',(1.,0.,0.));
#1068=DIRECTION('ref_axis',(0.,-1.,0.));
#1069=DIRECTION('',(0.,0.,-1.));
#1070=DIRECTION('',(0.,-1.,0.));
#1071=DIRECTION('',(0.,0.,1.));
#1072=DIRECTION('center_axis',(0.500198246535353,-0.865910915835433,0.));
#1073=DIRECTION('ref_axis',(-0.865910915835433,-0.500198246535353,-1.15925473625217E-15));
#1074=DIRECTION('',(0.,0.,-1.));
#1075=DIRECTION('',(0.865910915835433,0.500198246535353,1.15925473625217E-15));
#1076=DIRECTION('',(0.,0.,-1.));
#1077=DIRECTION('',(0.865910915835433,0.500198246535353,0.));
#1078=DIRECTION('center_axis',(0.99999997379541,0.000228930510331733,0.));
#1079=DIRECTION('ref_axis',(0.000228930510331733,-0.99999997379541,-2.31759050317351E-15));
#1080=DIRECTION('',(0.,0.,1.));
#1081=DIRECTION('',(-0.000228930510331733,0.99999997379541,0.));
#1082=DIRECTION('',(0.,0.,-1.));
#1083=DIRECTION('',(0.,0.,-1.));
#1084=DIRECTION('',(-0.000228930510331733,0.99999997379541,2.31759050317351E-15));
#1085=DIRECTION('center_axis',(1.,0.,0.));
#1086=DIRECTION('ref_axis',(0.,-1.,0.));
#1087=DIRECTION('',(0.,0.,-1.));
#1088=DIRECTION('',(0.,-1.,0.));
#1089=DIRECTION('',(0.,0.,1.));
#1090=DIRECTION('center_axis',(0.,0.,1.));
#1091=DIRECTION('ref_axis',(1.,0.,0.));
#1092=DIRECTION('center_axis',(0.,0.,1.));
#1093=DIRECTION('ref_axis',(1.,0.,0.));
#1094=DIRECTION('center_axis',(-0.499801727260057,-0.866139846345764,0.));
#1095=DIRECTION('ref_axis',(-0.866139846345764,0.499801727260057,1.15833576692134E-15));
#1096=DIRECTION('',(0.,0.,1.));
#1097=DIRECTION('',(0.866139846345764,-0.499801727260057,0.));
#1098=DIRECTION('',(0.866139846345764,-0.499801727260057,-1.15833576692134E-15));
#1099=DIRECTION('center_axis',(-5.39260384428426E-31,-2.31760919862985E-15,
1.));
#1100=DIRECTION('ref_axis',(1.,-1.11022302462516E-15,-2.03378202127293E-30));
#1101=DIRECTION('center_axis',(-5.39260384428424E-31,-2.31759056390502E-15,
1.));
#1102=DIRECTION('ref_axis',(1.,-1.11022302462516E-15,-2.03378202127293E-30));
#1103=DIRECTION('',(0.707106781186548,9.40346556773149E-16,-0.707106781186547));
#1104=DIRECTION('center_axis',(5.39260384428424E-31,2.31759056390502E-15,
-1.));
#1105=DIRECTION('ref_axis',(1.,-1.11022302462516E-15,-2.03378202127293E-30));
#1106=DIRECTION('center_axis',(5.39260384428424E-31,2.31759056390502E-15,
-1.));
#1107=DIRECTION('ref_axis',(-1.,0.,-5.39260384428424E-31));
#1108=DIRECTION('',(-0.866139846345764,0.499801727260057,1.15833576692134E-15));
#1109=DIRECTION('center_axis',(5.39260384428424E-31,2.31759056390502E-15,
-1.));
#1110=DIRECTION('ref_axis',(1.,-1.11022302462516E-15,-2.03378202127293E-30));
#1111=DIRECTION('center_axis',(-5.39260384428424E-31,-2.31759056390502E-15,
1.));
#1112=DIRECTION('ref_axis',(1.,-1.11022302462516E-15,-2.03378202127293E-30));
#1113=DIRECTION('',(5.39260384428424E-31,2.31759056390502E-15,-1.));
#1114=DIRECTION('center_axis',(0.,0.,1.));
#1115=DIRECTION('ref_axis',(1.,-1.11022302462516E-15,-2.03378202127293E-30));
#1116=DIRECTION('center_axis',(5.39260384428424E-31,2.31759056390502E-15,
-1.));
#1117=DIRECTION('ref_axis',(1.,-1.11022302462516E-15,-2.03378202127293E-30));
#1118=DIRECTION('center_axis',(0.,0.,1.));
#1119=DIRECTION('ref_axis',(1.,0.,0.));
#1120=DIRECTION('center_axis',(0.,0.,-1.));
#1121=DIRECTION('ref_axis',(1.,0.,0.));
#1122=DIRECTION('',(0.,0.,1.));
#1123=DIRECTION('center_axis',(0.,0.,1.));
#1124=DIRECTION('ref_axis',(1.,0.,0.));
#1125=DIRECTION('center_axis',(0.,0.,1.));
#1126=DIRECTION('ref_axis',(1.,0.,0.));
#1127=DIRECTION('center_axis',(0.499801727260057,0.866139846345764,0.));
#1128=DIRECTION('ref_axis',(0.866139846345764,-0.499801727260057,-1.15833576692134E-15));
#1129=DIRECTION('',(-0.866139846345764,0.499801727260057,0.));
#1130=DIRECTION('center_axis',(0.,1.,0.));
#1131=DIRECTION('ref_axis',(1.,0.,0.));
#1132=DIRECTION('',(1.,0.,0.));
#1133=DIRECTION('',(0.,0.,1.));
#1134=DIRECTION('center_axis',(-1.26161455832804E-16,-1.,0.));
#1135=DIRECTION('ref_axis',(-1.,1.26161455832804E-16,0.));
#1136=DIRECTION('',(0.,0.,-1.));
#1137=DIRECTION('',(-1.,1.26161455832804E-16,0.));
#1138=DIRECTION('center_axis',(0.,0.,1.));
#1139=DIRECTION('ref_axis',(1.,0.,0.));
#1140=DIRECTION('center_axis',(0.,0.,1.));
#1141=DIRECTION('ref_axis',(1.,0.,0.));
#1142=DIRECTION('center_axis',(0.,0.,-1.));
#1143=DIRECTION('ref_axis',(-1.,0.,0.));
#1144=DIRECTION('center_axis',(0.,0.,1.));
#1145=DIRECTION('ref_axis',(1.,0.,0.));
#1146=DIRECTION('center_axis',(0.,0.,1.));
#1147=DIRECTION('ref_axis',(1.,0.,0.));
#1148=DIRECTION('',(0.,1.,0.));
#1149=DIRECTION('center_axis',(0.,0.,1.));
#1150=DIRECTION('ref_axis',(1.,0.,0.));
#1151=DIRECTION('',(1.,-1.26161455832804E-16,0.));
#1152=DIRECTION('center_axis',(0.,0.,1.));
#1153=DIRECTION('ref_axis',(1.,0.,0.));
#1154=DIRECTION('center_axis',(-1.,0.,0.));
#1155=DIRECTION('ref_axis',(0.,1.,0.));
#1156=DIRECTION('',(0.,0.,-1.));
#1157=DIRECTION('center_axis',(1.26161455832804E-16,1.,0.));
#1158=DIRECTION('ref_axis',(1.,-1.26161455832804E-16,0.));
#1159=DIRECTION('',(0.,0.,-1.));
#1160=DIRECTION('center_axis',(0.,0.,1.));
#1161=DIRECTION('ref_axis',(1.,0.,0.));
#1162=DIRECTION('center_axis',(0.,0.,1.));
#1163=DIRECTION('ref_axis',(1.,0.,0.));
#1164=DIRECTION('center_axis',(0.,0.,1.));
#1165=DIRECTION('ref_axis',(1.,0.,0.));
#1166=DIRECTION('center_axis',(0.,0.,1.));
#1167=DIRECTION('ref_axis',(1.,0.,0.));
#1168=DIRECTION('center_axis',(0.,0.,1.));
#1169=DIRECTION('ref_axis',(1.,0.,0.));
#1170=DIRECTION('center_axis',(0.,0.,1.));
#1171=DIRECTION('ref_axis',(1.,0.,0.));
#1172=DIRECTION('center_axis',(0.,0.,1.));
#1173=DIRECTION('ref_axis',(1.,0.,0.));
#1174=DIRECTION('center_axis',(0.,0.,1.));
#1175=DIRECTION('ref_axis',(1.,0.,0.));
#1176=DIRECTION('center_axis',(0.,0.,1.));
#1177=DIRECTION('ref_axis',(1.,0.,0.));
#1178=DIRECTION('center_axis',(0.,0.,1.));
#1179=DIRECTION('ref_axis',(1.,0.,0.));
#1180=DIRECTION('center_axis',(0.,0.,1.));
#1181=DIRECTION('ref_axis',(1.,0.,0.));
#1182=DIRECTION('center_axis',(0.,0.,1.));
#1183=DIRECTION('ref_axis',(1.,0.,0.));
#1184=DIRECTION('center_axis',(0.,0.,1.));
#1185=DIRECTION('ref_axis',(1.,0.,0.));
#1186=DIRECTION('center_axis',(0.,0.,1.));
#1187=DIRECTION('ref_axis',(1.,0.,0.));
#1188=DIRECTION('center_axis',(0.,0.,1.));
#1189=DIRECTION('ref_axis',(1.,0.,0.));
#1190=DIRECTION('center_axis',(0.,0.,1.));
#1191=DIRECTION('ref_axis',(1.,0.,0.));
#1192=DIRECTION('center_axis',(0.,0.,1.));
#1193=DIRECTION('ref_axis',(1.,0.,0.));
#1194=DIRECTION('center_axis',(0.,0.,1.));
#1195=DIRECTION('ref_axis',(1.,0.,0.));
#1196=DIRECTION('center_axis',(0.,0.,-1.));
#1197=DIRECTION('ref_axis',(1.,0.,0.));
#1198=DIRECTION('center_axis',(0.,0.,1.));
#1199=DIRECTION('ref_axis',(1.,0.,0.));
#1200=DIRECTION('center_axis',(0.,0.,-1.));
#1201=DIRECTION('ref_axis',(1.,0.,0.));
#1202=DIRECTION('center_axis',(0.,0.,1.));
#1203=DIRECTION('ref_axis',(1.,0.,0.));
#1204=DIRECTION('center_axis',(0.,0.,-1.));
#1205=DIRECTION('ref_axis',(1.,0.,0.));
#1206=DIRECTION('center_axis',(0.,0.,1.));
#1207=DIRECTION('ref_axis',(1.,0.,0.));
#1208=DIRECTION('center_axis',(0.,0.,1.));
#1209=DIRECTION('ref_axis',(1.,0.,0.));
#1210=DIRECTION('center_axis',(0.,0.,1.));
#1211=DIRECTION('ref_axis',(1.,0.,0.));
#1212=DIRECTION('center_axis',(0.,0.,1.));
#1213=DIRECTION('ref_axis',(1.,0.,0.));
#1214=DIRECTION('center_axis',(0.,0.,1.));
#1215=DIRECTION('ref_axis',(1.,0.,0.));
#1216=DIRECTION('center_axis',(0.,0.,1.));
#1217=DIRECTION('ref_axis',(1.,0.,0.));
#1218=DIRECTION('center_axis',(0.,0.,-1.));
#1219=DIRECTION('ref_axis',(1.,0.,0.));
#1220=DIRECTION('center_axis',(0.,0.,1.));
#1221=DIRECTION('ref_axis',(1.,0.,0.));
#1222=DIRECTION('center_axis',(0.,0.,1.));
#1223=DIRECTION('ref_axis',(1.,0.,0.));
#1224=DIRECTION('center_axis',(0.,0.,1.));
#1225=DIRECTION('ref_axis',(1.,0.,0.));
#1226=DIRECTION('center_axis',(0.,0.,1.));
#1227=DIRECTION('ref_axis',(1.,0.,0.));
#1228=DIRECTION('center_axis',(0.,0.,1.));
#1229=DIRECTION('ref_axis',(1.,0.,0.));
#1230=DIRECTION('center_axis',(0.,0.,1.));
#1231=DIRECTION('ref_axis',(1.,0.,0.));
#1232=CARTESIAN_POINT('',(0.,0.,0.));
#1233=CARTESIAN_POINT('Ctrl Pts',(-0.790682754205153,4.0125396380165,-1.48655850229652));
#1234=CARTESIAN_POINT('Ctrl Pts',(-0.791347845476015,4.01215544435247,-1.48655938722386));
#1235=CARTESIAN_POINT('Ctrl Pts',(-0.792012342616596,4.01177159389111,-1.4865602895522));
#1236=CARTESIAN_POINT('Ctrl Pts',(-1.84793433634183,3.4018123936084,-1.48792410931485));
#1237=CARTESIAN_POINT('Ctrl Pts',(-2.66528683566248,2.9296641858828,-1.4876514485978));
#1238=CARTESIAN_POINT('Ctrl Pts',(-3.86845197941848,2.23464916275107,-1.48521053733761));
#1239=CARTESIAN_POINT('Ctrl Pts',(-3.86948297050473,2.23405360502786,-1.48520839554064));
#1240=CARTESIAN_POINT('Ctrl Pts',(-3.87051140845338,2.23345952213876,-1.48520627960864));
#1241=CARTESIAN_POINT('Ctrl Pts',(-0.765007724315331,3.96962862778645,-2.15339292295406));
#1242=CARTESIAN_POINT('Ctrl Pts',(-0.765672815593767,3.96924443416101,-2.15339381893669));
#1243=CARTESIAN_POINT('Ctrl Pts',(-0.766337251354424,3.96886061919661,-2.15339473177045));
#1244=CARTESIAN_POINT('Ctrl Pts',(-1.82239822319091,3.35882120606901,-2.15477604098826));
#1245=CARTESIAN_POINT('Ctrl Pts',(-2.64095171389017,2.88597920630938,-2.15449661091089));
#1246=CARTESIAN_POINT('Ctrl Pts',(-3.84447107143092,2.19075947898023,-2.15202963947454));
#1247=CARTESIAN_POINT('Ctrl Pts',(-3.84550185069981,2.1901640435404,-2.15202747707741));
#1248=CARTESIAN_POINT('Ctrl Pts',(-3.84653028858119,2.18956996061269,-2.15202533928637));
#1249=CARTESIAN_POINT('Ctrl Pts',(-0.73933269442551,3.92671761755641,-2.82022734361161));
#1250=CARTESIAN_POINT('Ctrl Pts',(-0.739997785711518,3.92633342396954,-2.82022825064952));
#1251=CARTESIAN_POINT('Ctrl Pts',(-0.740662160092252,3.92594964450211,-2.82022917398869));
#1252=CARTESIAN_POINT('Ctrl Pts',(-1.79686211003999,3.31583001852902,-2.82162797266178));
#1253=CARTESIAN_POINT('Ctrl Pts',(-2.61661659211814,2.84229422673596,-2.82134177322419));
#1254=CARTESIAN_POINT('Ctrl Pts',(-3.82049016344336,2.14686979520938,-2.81884874161147));
#1255=CARTESIAN_POINT('Ctrl Pts',(-3.8215207308949,2.14627448205295,-2.81884655861418));
#1256=CARTESIAN_POINT('Ctrl Pts',(-3.82254916870899,2.14568039908662,-2.8188443989641));
#1257=CARTESIAN_POINT('Ctrl Pts',(-0.713657664535688,3.88380660732637,-3.48706176426915));
#1258=CARTESIAN_POINT('Ctrl Pts',(-0.714322755829269,3.88342241377807,-3.48706268236234));
#1259=CARTESIAN_POINT('Ctrl Pts',(-0.71498706883008,3.88303866980761,-3.48706361620694));
#1260=CARTESIAN_POINT('Ctrl Pts',(-1.77132599688914,3.27283883098961,-3.48847990433518));
#1261=CARTESIAN_POINT('Ctrl Pts',(-2.59228147034638,2.79860924716275,-3.48818693553735));
#1262=CARTESIAN_POINT('Ctrl Pts',(-3.7965092554558,2.10298011143854,-3.4856678437484));
#1263=CARTESIAN_POINT('Ctrl Pts',(-3.79753961108999,2.10238492056549,-3.48566564015095));
#1264=CARTESIAN_POINT('Ctrl Pts',(-3.7985680488368,2.10179083756055,-3.48566345864182));
#1265=CARTESIAN_POINT('',(-3.87051140845337,2.23345952213876,-1.48520627960864));
#1266=CARTESIAN_POINT('',(-0.790682754205155,4.01253963801649,-1.48655850229652));
#1267=CARTESIAN_POINT('Ctrl Pts',(-3.87051140845338,2.23345952213876,-1.48520627960864));
#1268=CARTESIAN_POINT('Ctrl Pts',(-3.86948297050473,2.23405360502786,-1.48520839554064));
#1269=CARTESIAN_POINT('Ctrl Pts',(-3.86845197941848,2.23464916275107,-1.48521053733761));
#1270=CARTESIAN_POINT('Ctrl Pts',(-2.66528683566248,2.9296641858828,-1.4876514485978));
#1271=CARTESIAN_POINT('Ctrl Pts',(-1.84793433634183,3.4018123936084,-1.48792410931485));
#1272=CARTESIAN_POINT('Ctrl Pts',(-0.792012342616596,4.01177159389111,-1.4865602895522));
#1273=CARTESIAN_POINT('Ctrl Pts',(-0.791347845476015,4.01215544435247,-1.48655938722386));
#1274=CARTESIAN_POINT('Ctrl Pts',(-0.790682754205153,4.0125396380165,-1.48655850229652));
#1275=CARTESIAN_POINT('',(-0.790682754205159,3.83931265079836,-3.48716489800815));
#1276=CARTESIAN_POINT('Ctrl Pts',(-0.790682754205159,4.01253963801649,-1.48655850229652));
#1277=CARTESIAN_POINT('Ctrl Pts',(-0.790682754205159,4.01104419918528,-1.50382938673063));
#1278=CARTESIAN_POINT('Ctrl Pts',(-0.790682303555055,4.00954902070124,-1.52110028932981));
#1279=CARTESIAN_POINT('Ctrl Pts',(-0.790683449097271,4.00805292019364,-1.53837115051073));
#1280=CARTESIAN_POINT('Ctrl Pts',(-0.790704418317028,3.98066670964655,-1.85451531210258));
#1281=CARTESIAN_POINT('Ctrl Pts',(-0.790743717282069,3.95326991943891,-2.17065951752375));
#1282=CARTESIAN_POINT('Ctrl Pts',(-0.790762969444721,3.92588471132379,-2.48680377645524));
#1283=CARTESIAN_POINT('Ctrl Pts',(-0.790783275652406,3.89700017852759,-2.8202567550506));
#1284=CARTESIAN_POINT('Ctrl Pts',(-0.790795477027059,3.86812033184099,-3.15370978678247));
#1285=CARTESIAN_POINT('Ctrl Pts',(-0.79079999535621,3.83924492635752,-3.48716286569318));
#1286=CARTESIAN_POINT('',(-3.72049230764053,2.14689173978283,-3.48582659587685));
#1287=CARTESIAN_POINT('Ctrl Pts',(-0.790682755603769,3.83931265052975,-3.48716271604348));
#1288=CARTESIAN_POINT('Ctrl Pts',(-1.78879318361837,3.26274880485599,-3.4884367971423));
#1289=CARTESIAN_POINT('Ctrl Pts',(-2.58612096217111,2.80216789657663,-3.48814071238767));
#1290=CARTESIAN_POINT('Ctrl Pts',(-3.72049230708984,2.14689174062133,-3.48582498564815));
#1291=CARTESIAN_POINT('Ctrl Pts',(-3.72063137727844,2.14681140592408,-3.48582470174065));
#1292=CARTESIAN_POINT('Ctrl Pts',(-3.74561606528597,2.16124872517528,-3.15240313916477));
#1293=CARTESIAN_POINT('Ctrl Pts',(-3.77059739526536,2.17568800141485,-2.81898162770309));
#1294=CARTESIAN_POINT('Ctrl Pts',(-3.79557527116266,2.19012929073044,-2.48556017241511));
#1295=CARTESIAN_POINT('Ctrl Pts',(-3.8185818718439,2.20343086120713,-2.17845262204087));
#1296=CARTESIAN_POINT('Ctrl Pts',(-3.84159014537573,2.21673147835711,-1.87134513424337));
#1297=CARTESIAN_POINT('Ctrl Pts',(-3.86458515818344,2.23003977514627,-1.5642376731937));
#1298=CARTESIAN_POINT('Ctrl Pts',(-3.86655767700152,2.23118136467582,-1.53789390677978));
#1299=CARTESIAN_POINT('Ctrl Pts',(-3.86853598190026,2.23231961198742,-1.51155007945391));
#1300=CARTESIAN_POINT('Ctrl Pts',(-3.87051140845338,2.23345952213876,-1.48520627960864));
#1301=CARTESIAN_POINT('Ctrl Pts',(-3.87051140845337,2.23345952213877,-1.48520627960864));
#1302=CARTESIAN_POINT('Ctrl Pts',(-3.87051113962853,2.23228525823497,-1.48520833312711));
#1303=CARTESIAN_POINT('Ctrl Pts',(-3.8705108616434,2.23107098093031,-1.48521057135083));
#1304=CARTESIAN_POINT('Ctrl Pts',(-3.87038921712854,1.69971099968581,-1.48615553695148));
#1305=CARTESIAN_POINT('Ctrl Pts',(-3.87028375335459,1.23903072151808,-1.48673100707406));
#1306=CARTESIAN_POINT('Ctrl Pts',(-3.87018290727032,0.798521147300388,-1.48705101045));
#1307=CARTESIAN_POINT('Ctrl Pts',(-3.82051191719909,2.23465893682451,-2.15202533928637));
#1308=CARTESIAN_POINT('Ctrl Pts',(-3.82051164838567,2.23348442461123,-2.15202741540034));
#1309=CARTESIAN_POINT('Ctrl Pts',(-3.82051137060617,2.23227076805696,-2.1520296733809));
#1310=CARTESIAN_POINT('Ctrl Pts',(-3.82038970653462,1.70069884535401,-2.15298444817999));
#1311=CARTESIAN_POINT('Ctrl Pts',(-3.82028421274165,1.23977790599385,-2.1535675502661));
#1312=CARTESIAN_POINT('Ctrl Pts',(-3.82018332266301,0.799014100683786,-2.15389181618822));
#1313=CARTESIAN_POINT('Ctrl Pts',(-3.77051242594483,2.23585835151025,-2.8188443989641));
#1314=CARTESIAN_POINT('Ctrl Pts',(-3.77051215714276,2.23468359098751,-2.81884649767356));
#1315=CARTESIAN_POINT('Ctrl Pts',(-3.77051187956896,2.23347055518362,-2.81884877541097));
#1316=CARTESIAN_POINT('Ctrl Pts',(-3.7703901959407,1.70168669102221,-2.81981335940852));
#1317=CARTESIAN_POINT('Ctrl Pts',(-3.77028467212872,1.24052509046962,-2.82040409345811));
#1318=CARTESIAN_POINT('Ctrl Pts',(-3.7701837380557,0.799507054067183,-2.82073262192645));
#1319=CARTESIAN_POINT('Ctrl Pts',(-3.72051293469054,2.23705776619599,-3.48566345864183));
#1320=CARTESIAN_POINT('Ctrl Pts',(-3.7205126658999,2.23588275736376,-3.48566557994679));
#1321=CARTESIAN_POINT('Ctrl Pts',(-3.72051238853173,2.23467034231027,-3.48566787744104));
#1322=CARTESIAN_POINT('Ctrl Pts',(-3.72039068534678,1.70267453669041,-3.48664227063704));
#1323=CARTESIAN_POINT('Ctrl Pts',(-3.72028513151578,1.24127227494539,-3.48724063665013));
#1324=CARTESIAN_POINT('Ctrl Pts',(-3.72018415344839,0.800000007450581,-3.48757342766468));
#1325=CARTESIAN_POINT('',(-3.72018415344839,0.800000007450581,-3.48757342766468));
#1326=CARTESIAN_POINT('Ctrl Pts',(-3.72049230766159,2.14689173976044,-3.48582643404759));
#1327=CARTESIAN_POINT('Ctrl Pts',(-3.72037913785602,1.65219794358972,-3.48670701261647));
#1328=CARTESIAN_POINT('Ctrl Pts',(-3.72027960149828,1.21710620180269,-3.48725886179726));
#1329=CARTESIAN_POINT('Ctrl Pts',(-3.72018415344839,0.800000007450581,-3.48757342766468));
#1330=CARTESIAN_POINT('',(-3.87018324582654,0.800000007450694,-1.48704994170372));
#1331=CARTESIAN_POINT('Ctrl Pts',(-3.72018415344839,0.800000007450582,-3.48757342766468));
#1332=CARTESIAN_POINT('Ctrl Pts',(-3.74518400127937,0.800000007450582,-3.15415285163226));
#1333=CARTESIAN_POINT('Ctrl Pts',(-3.77018384937156,0.800000007450581,-2.82073227561942));
#1334=CARTESIAN_POINT('Ctrl Pts',(-3.82018354683027,0.800000007450581,-2.15389111363239));
#1335=CARTESIAN_POINT('Ctrl Pts',(-3.84518339619678,0.800000007450581,-1.82047052765818));
#1336=CARTESIAN_POINT('Ctrl Pts',(-3.87018324582654,0.800000007450581,-1.48704994170372));
#1337=CARTESIAN_POINT('Ctrl Pts',(-3.87018324582653,0.800000007446092,-1.48704993524346));
#1338=CARTESIAN_POINT('Ctrl Pts',(-3.87028398940142,1.24006180658222,-1.48672971871742));
#1339=CARTESIAN_POINT('Ctrl Pts',(-3.87038935294461,1.70030426297262,-1.48615448189763));
#1340=CARTESIAN_POINT('Ctrl Pts',(-3.8705108616434,2.23107098093031,-1.48521057135083));
#1341=CARTESIAN_POINT('Ctrl Pts',(-3.87051113962853,2.23228525823497,-1.48520833312711));
#1342=CARTESIAN_POINT('Ctrl Pts',(-3.87051140845337,2.23345952213877,-1.48520627960864));
#1343=CARTESIAN_POINT('Origin',(0.,0.,-3.48752841923643));
#1344=CARTESIAN_POINT('',(-0.790682754205159,2.96185631408341,-3.4902088699836));
#1345=CARTESIAN_POINT('Ctrl Pts',(-0.790682754205158,3.83931265079836,-3.48716489800815));
#1346=CARTESIAN_POINT('Ctrl Pts',(-0.790682754205159,3.34692900129272,-3.4888832438064));
#1347=CARTESIAN_POINT('Ctrl Pts',(-0.790682754205159,2.96185631408341,-3.4902088699836));
#1348=CARTESIAN_POINT('',(-2.95935331299801,0.800000007450581,-3.4902088699836));
#1349=CARTESIAN_POINT('Origin',(0.,0.,-3.4902088699836));
#1350=CARTESIAN_POINT('Ctrl Pts',(-2.95935331299801,0.800000007450581,-3.4902088699836));
#1351=CARTESIAN_POINT('Ctrl Pts',(-3.29881655570211,0.800000007450581,-3.48904124348298));
#1352=CARTESIAN_POINT('Ctrl Pts',(-3.72018415344839,0.800000007450581,-3.48757342766468));
#1353=CARTESIAN_POINT('Origin',(-0.790682754205159,0.799999992549419,-1.));
#1354=CARTESIAN_POINT('',(-0.790682754205159,4.01253963801649,-1.));
#1355=CARTESIAN_POINT('',(-0.790682754205159,4.01253963801649,-0.150068813963843));
#1356=CARTESIAN_POINT('',(-0.790682754205159,2.15470744074507,-1.));
#1357=CARTESIAN_POINT('',(-0.790682754205159,0.506075224055423,-1.));
#1358=CARTESIAN_POINT('',(-0.790682754205159,2.15470744074507,-1.67842175134321));
#1359=CARTESIAN_POINT('',(-0.790682754205159,2.15470744074507,-1.3392108756716));
#1360=CARTESIAN_POINT('',(-0.790682754205159,3.2027265066194,-2.68210577709807));
#1361=CARTESIAN_POINT('Ctrl Pts',(-0.790682754205159,3.2027265066194,-2.68210577709807));
#1362=CARTESIAN_POINT('Ctrl Pts',(-0.790682754205159,2.58469979741359,-2.0820936322659));
#1363=CARTESIAN_POINT('Ctrl Pts',(-0.790682754205159,2.15470744074507,-1.67842175134321));
#1364=CARTESIAN_POINT('',(-0.790682754205159,3.20272650661941,-2.89423781145404));
#1365=CARTESIAN_POINT('Ctrl Pts',(-0.790682754205159,3.20272650661941,-2.89423781145404));
#1366=CARTESIAN_POINT('Ctrl Pts',(-0.790682754205159,3.20294287189613,-2.89402775290507));
#1367=CARTESIAN_POINT('Ctrl Pts',(-0.790682754205159,3.20315803033873,-2.8938176166849));
#1368=CARTESIAN_POINT('Ctrl Pts',(-0.790682754205159,3.21664722523081,-2.88056532513005));
#1369=CARTESIAN_POINT('Ctrl Pts',(-0.790682754205159,3.22924053265006,-2.86212291396452));
#1370=CARTESIAN_POINT('Ctrl Pts',(-0.790682754205159,3.24358137926172,-2.82807277119759));
#1371=CARTESIAN_POINT('Ctrl Pts',(-0.790682754205159,3.24796143845059,-2.80650875675004));
#1372=CARTESIAN_POINT('Ctrl Pts',(-0.790682754205159,3.24796143845059,-2.78817179427606));
#1373=CARTESIAN_POINT('Ctrl Pts',(-0.790682754205159,3.24796143845059,-2.76983483180207));
#1374=CARTESIAN_POINT('Ctrl Pts',(-0.790682754205159,3.24358137926172,-2.74827081735453));
#1375=CARTESIAN_POINT('Ctrl Pts',(-0.790682754205159,3.22924053265006,-2.71422067458759));
#1376=CARTESIAN_POINT('Ctrl Pts',(-0.790682754205159,3.21664722523081,-2.69577826342206));
#1377=CARTESIAN_POINT('Ctrl Pts',(-0.790682754205159,3.20315803033873,-2.68252597186722));
#1378=CARTESIAN_POINT('Ctrl Pts',(-0.790682754205159,3.20294287189613,-2.68231583564704));
#1379=CARTESIAN_POINT('Ctrl Pts',(-0.790682754205159,3.2027265066194,-2.68210577709807));
#1380=CARTESIAN_POINT('',(-0.790682754205159,2.85138075444056,-3.23414380496746));
#1381=CARTESIAN_POINT('Ctrl Pts',(-0.790682754205159,2.85138075444056,-3.23414380496746));
#1382=CARTESIAN_POINT('Ctrl Pts',(-0.790682754205159,3.01751167170313,-3.07405390790666));
#1383=CARTESIAN_POINT('Ctrl Pts',(-0.790682754205159,3.20272650661941,-2.89423781145404));
#1384=CARTESIAN_POINT('Ctrl Pts',(-0.790682754205159,2.96185631408341,-3.4902088699836));
#1385=CARTESIAN_POINT('Ctrl Pts',(-0.790682754205159,2.96167161346452,-3.49020950582193));
#1386=CARTESIAN_POINT('Ctrl Pts',(-0.790682754205159,2.96148721765946,-3.49020982214544));
#1387=CARTESIAN_POINT('Ctrl Pts',(-0.790682754205159,2.94191520551882,-3.49020982214544));
#1388=CARTESIAN_POINT('Ctrl Pts',(-0.790682754205159,2.9190755181773,-3.48577892660721));
#1389=CARTESIAN_POINT('Ctrl Pts',(-0.790682754205159,2.88343175681397,-3.47132592012884));
#1390=CARTESIAN_POINT('Ctrl Pts',(-0.790682754205159,2.8642404968757,-3.45885088925136));
#1391=CARTESIAN_POINT('Ctrl Pts',(-0.790682754205159,2.83725899091442,-3.43247805816486));
#1392=CARTESIAN_POINT('Ctrl Pts',(-0.790682754205159,2.82457579181937,-3.41403158359064));
#1393=CARTESIAN_POINT('Ctrl Pts',(-0.790682754205159,2.81016464210906,-3.3800094106342));
#1394=CARTESIAN_POINT('Ctrl Pts',(-0.790682754205159,2.80576246592401,-3.35850323763335));
#1395=CARTESIAN_POINT('Ctrl Pts',(-0.790682754205159,2.80576246592401,-3.32191640665754));
#1396=CARTESIAN_POINT('Ctrl Pts',(-0.790682754205159,2.81016464210906,-3.30041023365669));
#1397=CARTESIAN_POINT('Ctrl Pts',(-0.790682754205159,2.82457579181937,-3.26638806070024));
#1398=CARTESIAN_POINT('Ctrl Pts',(-0.790682754205159,2.83725899091442,-3.24794158612603));
#1399=CARTESIAN_POINT('Ctrl Pts',(-0.790682754205159,2.8508583121676,-3.23464905149821));
#1400=CARTESIAN_POINT('Ctrl Pts',(-0.790682754205159,2.85111866332154,-3.23439636566451));
#1401=CARTESIAN_POINT('Ctrl Pts',(-0.790682754205159,2.85138075444056,-3.23414380496746));
#1402=CARTESIAN_POINT('Origin',(-3.87051140845337,2.23345952213876,0.699862372072313));
#1403=CARTESIAN_POINT('',(-3.87051140845337,2.23345952213876,0.699862372072313));
#1404=CARTESIAN_POINT('',(-3.87051140845337,2.23345952213876,0.699862372072313));
#1405=CARTESIAN_POINT('',(-0.00102301973026617,4.46869096642749,0.699862372072319));
#1406=CARTESIAN_POINT('',(-0.968395116911043,3.90988310535531,0.699862372072317));
#1407=CARTESIAN_POINT('',(-0.00102301973026617,4.46869096642749,-1.));
#1408=CARTESIAN_POINT('',(-0.00102301973026617,4.46869096642749,0.699862372072319));
#1409=CARTESIAN_POINT('',(-2.0426668369029,3.28932408384902,-1.));
#1410=CARTESIAN_POINT('Ctrl Pts',(-3.86981727914573,-0.798592817467598,
-1.48705223685045));
#1411=CARTESIAN_POINT('Ctrl Pts',(-3.8697164181712,-1.23916743433571,-1.48673477242793));
#1412=CARTESIAN_POINT('Ctrl Pts',(-3.86961083896808,-1.70035192306353,-1.48615853540737));
#1413=CARTESIAN_POINT('Ctrl Pts',(-3.8694889327941,-2.23285486731674,-1.48521051461595));
#1414=CARTESIAN_POINT('Ctrl Pts',(-3.8694886606227,-2.23404374945443,-1.48520839554064));
#1415=CARTESIAN_POINT('Ctrl Pts',(-3.86948838872311,-2.23523144428873,-1.48520627960864));
#1416=CARTESIAN_POINT('Ctrl Pts',(-3.81981747435964,-0.799061875828205,
-2.15389305910823));
#1417=CARTESIAN_POINT('Ctrl Pts',(-3.81971654086272,-1.23989100075441,-2.15357132199192));
#1418=CARTESIAN_POINT('Ctrl Pts',(-3.81961087399584,-1.70134894139647,-2.15298739555737));
#1419=CARTESIAN_POINT('Ctrl Pts',(-3.81948889768397,-2.23403167017386,-2.15202961707851));
#1420=CARTESIAN_POINT('Ctrl Pts',(-3.81948862551115,-2.23522027123591,-2.15202747707741));
#1421=CARTESIAN_POINT('Ctrl Pts',(-3.81948835354448,-2.23640796603124,-2.15202533928637));
#1422=CARTESIAN_POINT('Ctrl Pts',(-3.76981766957356,-0.799530934188812,
-2.82073388136601));
#1423=CARTESIAN_POINT('Ctrl Pts',(-3.76971666355423,-1.24061456717311,-2.82040787155591));
#1424=CARTESIAN_POINT('Ctrl Pts',(-3.76961090902333,-1.70234595972923,-2.81981625570732));
#1425=CARTESIAN_POINT('Ctrl Pts',(-3.76948886257383,-2.23520847303098,-2.81884871954106));
#1426=CARTESIAN_POINT('Ctrl Pts',(-3.76948859039959,-2.23639679301738,-2.81884655861418));
#1427=CARTESIAN_POINT('Ctrl Pts',(-3.76948831836585,-2.23758448777376,-2.8188443989641));
#1428=CARTESIAN_POINT('Ctrl Pts',(-3.71981786478748,-0.799999992549419,
-3.48757470362379));
#1429=CARTESIAN_POINT('Ctrl Pts',(-3.71971678624575,-1.2413381335918,-3.4872444211199));
#1430=CARTESIAN_POINT('Ctrl Pts',(-3.71961094405088,-1.70334297806217,-3.48664511585728));
#1431=CARTESIAN_POINT('Ctrl Pts',(-3.7194888274637,-2.2363852758881,-3.48566782200362));
#1432=CARTESIAN_POINT('Ctrl Pts',(-3.71948855528804,-2.23757331479886,-3.48566564015095));
#1433=CARTESIAN_POINT('Ctrl Pts',(-3.71948828318722,-2.23876100951628,-3.48566345864182));
#1434=CARTESIAN_POINT('',(-3.86948838872311,-2.23523144428872,-1.48520627960864));
#1435=CARTESIAN_POINT('',(-3.8698169569912,-0.800000032773995,-1.48705122196797));
#1436=CARTESIAN_POINT('Ctrl Pts',(-3.86948838872311,-2.23523144428873,-1.48520627960864));
#1437=CARTESIAN_POINT('Ctrl Pts',(-3.8694886606227,-2.23404374945443,-1.48520839554064));
#1438=CARTESIAN_POINT('Ctrl Pts',(-3.8694889327941,-2.23285486731674,-1.48521051461595));
#1439=CARTESIAN_POINT('Ctrl Pts',(-3.86961070947293,-1.70091757569686,-1.48615752836983));
#1440=CARTESIAN_POINT('Ctrl Pts',(-3.86971619334875,-1.24014948974373,-1.4867335450577));
#1441=CARTESIAN_POINT('Ctrl Pts',(-3.8698169569927,-0.800000026206753,-1.48705122202993));
#1442=CARTESIAN_POINT('',(-3.71981786478748,-0.79999999254942,-3.48757470362379));
#1443=CARTESIAN_POINT('Ctrl Pts',(-3.86981695700191,-0.799999985982531,
-1.48705122205896));
#1444=CARTESIAN_POINT('Ctrl Pts',(-3.8448171086068,-0.79999998822715,-1.82047179151599));
#1445=CARTESIAN_POINT('Ctrl Pts',(-3.81981726046196,-0.799999990326378,
-2.15389236099473));
#1446=CARTESIAN_POINT('Ctrl Pts',(-3.7948174125667,-0.799999991406947,-2.48731293049497));
#1447=CARTESIAN_POINT('Ctrl Pts',(-3.76981756305778,-0.799999992487514,
-2.82073352151649));
#1448=CARTESIAN_POINT('Ctrl Pts',(-3.74481771379844,-0.799999992549419,
-3.15415411255951));
#1449=CARTESIAN_POINT('Ctrl Pts',(-3.71981786478748,-0.799999992549419,
-3.48757470362379));
#1450=CARTESIAN_POINT('',(-3.71950893964716,-2.14859498310987,-3.48582659587685));
#1451=CARTESIAN_POINT('Ctrl Pts',(-3.71981786478748,-0.799999992549419,
-3.48757470362379));
#1452=CARTESIAN_POINT('Ctrl Pts',(-3.71972231168307,-1.21721247653759,-3.48726247594381));
#1453=CARTESIAN_POINT('Ctrl Pts',(-3.71962250149878,-1.65289393898007,-3.48670983374624));
#1454=CARTESIAN_POINT('Ctrl Pts',(-3.71950893965309,-2.14859498305746,-3.48582656078476));
#1455=CARTESIAN_POINT('Ctrl Pts',(-3.7195089370998,-2.14860612833177,-3.48582654092504));
#1456=CARTESIAN_POINT('Ctrl Pts',(-3.74450660721678,-2.16304578032604,-3.15237479864279));
#1457=CARTESIAN_POINT('Ctrl Pts',(-3.76950429236436,-2.17748477183787,-2.81892306409503));
#1458=CARTESIAN_POINT('Ctrl Pts',(-3.79450199308397,-2.19192296357612,-2.48547133870819));
#1459=CARTESIAN_POINT('Ctrl Pts',(-3.81752254070232,-2.20521918966352,-2.17839344347321));
#1460=CARTESIAN_POINT('Ctrl Pts',(-3.84054309848725,-2.21852006525843,-1.87131557077752));
#1461=CARTESIAN_POINT('Ctrl Pts',(-3.86356367602316,-2.23180828006969,-1.56423768243079));
#1462=CARTESIAN_POINT('Ctrl Pts',(-3.86553858037775,-2.23294825812864,-1.53789388380328));
#1463=CARTESIAN_POINT('Ctrl Pts',(-3.86751348430826,-2.2340906297923,-1.51155007930991));
#1464=CARTESIAN_POINT('Ctrl Pts',(-3.86948838872311,-2.23523144428871,-1.48520627960864));
#1465=CARTESIAN_POINT('Ctrl Pts',(-3.86948838872312,-2.23523144428872,-1.48520627960864));
#1466=CARTESIAN_POINT('Ctrl Pts',(-3.86845967887487,-2.23582505623392,-1.48520839554064));
#1467=CARTESIAN_POINT('Ctrl Pts',(-3.86742884134005,-2.23641989595016,-1.48521053613178));
#1468=CARTESIAN_POINT('Ctrl Pts',(-2.66393262873928,-2.93089145079986,-1.48765204435937));
#1469=CARTESIAN_POINT('Ctrl Pts',(-1.84648637085802,-3.40259478295187,-1.48792192273994));
#1470=CARTESIAN_POINT('Ctrl Pts',(-0.792011157119421,-4.01107450525442,
-1.48656273105848));
#1471=CARTESIAN_POINT('Ctrl Pts',(-0.791347065520738,-4.0114577160367,-1.48656183064293));
#1472=CARTESIAN_POINT('Ctrl Pts',(-0.790682754205156,-4.01184105360553,
-1.48656094825653));
#1473=CARTESIAN_POINT('Ctrl Pts',(-3.8455273666835,-2.19133090734335,-2.15202533928637));
#1474=CARTESIAN_POINT('Ctrl Pts',(-3.84449865690252,-2.19192451932719,-2.15202747707741));
#1475=CARTESIAN_POINT('Ctrl Pts',(-3.84346788930771,-2.19251931875896,-2.15202963865621));
#1476=CARTESIAN_POINT('Ctrl Pts',(-2.63985459804441,-2.88705852382903,-2.15449654479537));
#1477=CARTESIAN_POINT('Ctrl Pts',(-1.82125314390011,-3.35942848902803,-2.15477436491613));
#1478=CARTESIAN_POINT('Ctrl Pts',(-0.76635654688499,-3.96815129998082,-2.15339720355803));
#1479=CARTESIAN_POINT('Ctrl Pts',(-0.765692641662184,-3.9685344031754,-2.15339629289093));
#1480=CARTESIAN_POINT('Ctrl Pts',(-0.765028330339047,-3.96891774070576,
-2.153395399477));
#1481=CARTESIAN_POINT('Ctrl Pts',(-3.82156634464388,-2.14743037039798,-2.8188443989641));
#1482=CARTESIAN_POINT('Ctrl Pts',(-3.82053763493015,-2.14802398242046,-2.81884655861418));
#1483=CARTESIAN_POINT('Ctrl Pts',(-3.81950693727538,-2.14861874156776,-2.81884874118063));
#1484=CARTESIAN_POINT('Ctrl Pts',(-2.61577656734893,-2.84322559685801,-2.82134104523138));
#1485=CARTESIAN_POINT('Ctrl Pts',(-1.7960199169422,-3.31626219510337,-2.82162680709225));
#1486=CARTESIAN_POINT('Ctrl Pts',(-0.740701936650559,-3.92522809470722,
-2.82023167605757));
#1487=CARTESIAN_POINT('Ctrl Pts',(-0.74003821780363,-3.92561109031411,-2.82023075513893));
#1488=CARTESIAN_POINT('Ctrl Pts',(-0.739373906472938,-3.92599442780598,
-2.82022985069748));
#1489=CARTESIAN_POINT('Ctrl Pts',(-3.79760532260426,-2.10352983345261,-3.48566345864182));
#1490=CARTESIAN_POINT('Ctrl Pts',(-3.7965766129578,-2.10412344551374,-3.48566564015095));
#1491=CARTESIAN_POINT('Ctrl Pts',(-3.79554598524304,-2.10471816437655,-3.48566784370505));
#1492=CARTESIAN_POINT('Ctrl Pts',(-2.59169853665391,-2.79939266988737,-3.48818554566728));
#1493=CARTESIAN_POINT('Ctrl Pts',(-1.77078668998429,-3.27309590117925,-3.48847924926864));
#1494=CARTESIAN_POINT('Ctrl Pts',(-0.715047326416128,-3.88230488943361,
-3.48706614855712));
#1495=CARTESIAN_POINT('Ctrl Pts',(-0.714383793945076,-3.88268777745281,
-3.48706521738693));
#1496=CARTESIAN_POINT('Ctrl Pts',(-0.713719482606828,-3.88307111490621,
-3.48706430191795));
#1497=CARTESIAN_POINT('',(-0.790682754205159,-3.83865985254282,-3.48716717616921));
#1498=CARTESIAN_POINT('Ctrl Pts',(-3.71950893910092,-2.14859498394417,-3.4858249895711));
#1499=CARTESIAN_POINT('Ctrl Pts',(-2.58550439615861,-2.80296696580485,-3.48813940648767));
#1500=CARTESIAN_POINT('Ctrl Pts',(-1.78824150509201,-3.26302367742282,-3.4884361597801));
#1501=CARTESIAN_POINT('Ctrl Pts',(-0.790682755595359,-3.83865985227807,
-3.48716500000628));
#1502=CARTESIAN_POINT('',(-0.790682754205158,-4.01184105360553,-1.48656094825653));
#1503=CARTESIAN_POINT('Ctrl Pts',(-0.790800035266461,-3.83859217664364,
-3.48716514944627));
#1504=CARTESIAN_POINT('Ctrl Pts',(-0.790785679744517,-3.86746233634087,
-3.15375006546873));
#1505=CARTESIAN_POINT('Ctrl Pts',(-0.790768550720872,-3.8963340995009,-2.82033503654347));
#1506=CARTESIAN_POINT('Ctrl Pts',(-0.790748418866594,-3.92520759971323,
-2.48692006965784));
#1507=CARTESIAN_POINT('Ctrl Pts',(-0.790729327153074,-3.95258930965393,
-2.17073145913214));
#1508=CARTESIAN_POINT('Ctrl Pts',(-0.790694774410391,-3.97997994323537,
-1.854542910143));
#1509=CARTESIAN_POINT('Ctrl Pts',(-0.790683293516057,-4.00735727191081,
-1.53835441391591));
#1510=CARTESIAN_POINT('Ctrl Pts',(-0.790682666638373,-4.00885212378419,
-1.52108994770261));
#1511=CARTESIAN_POINT('Ctrl Pts',(-0.790682754205159,-4.01034656341661,
-1.50382543859399));
#1512=CARTESIAN_POINT('Ctrl Pts',(-0.790682754205159,-4.01184105360553,
-1.48656094825653));
#1513=CARTESIAN_POINT('Ctrl Pts',(-0.790682754205156,-4.01184105360553,
-1.48656094825653));
#1514=CARTESIAN_POINT('Ctrl Pts',(-0.791347065520738,-4.0114577160367,-1.48656183064293));
#1515=CARTESIAN_POINT('Ctrl Pts',(-0.792011157119421,-4.01107450525442,
-1.48656273105848));
#1516=CARTESIAN_POINT('Ctrl Pts',(-1.84648637085802,-3.40259478295187,-1.48792192273994));
#1517=CARTESIAN_POINT('Ctrl Pts',(-2.66393262873928,-2.93089145079986,-1.48765204435937));
#1518=CARTESIAN_POINT('Ctrl Pts',(-3.86742884134005,-2.23641989595016,-1.48521053613178));
#1519=CARTESIAN_POINT('Ctrl Pts',(-3.86845967887487,-2.23582505623392,-1.48520839554064));
#1520=CARTESIAN_POINT('Ctrl Pts',(-3.86948838872312,-2.23523144428872,-1.48520627960864));
#1521=CARTESIAN_POINT('Origin',(0.,0.,-3.48752841923643));
#1522=CARTESIAN_POINT('',(-2.95935331702623,-0.799999992549419,-3.4902088699836));
#1523=CARTESIAN_POINT('Ctrl Pts',(-3.71981786478748,-0.79999999254942,-3.48757470362379));
#1524=CARTESIAN_POINT('Ctrl Pts',(-3.29867081444551,-0.799999992549419,
-3.48904174479062));
#1525=CARTESIAN_POINT('Ctrl Pts',(-2.95935331702623,-0.799999992549419,
-3.4902088699836));
#1526=CARTESIAN_POINT('',(-0.790682754205159,-2.96185631408341,-3.4902088699836));
#1527=CARTESIAN_POINT('Origin',(0.,0.,-3.4902088699836));
#1528=CARTESIAN_POINT('Ctrl Pts',(-0.790682754205159,-2.96185631408341,
-3.4902088699836));
#1529=CARTESIAN_POINT('Ctrl Pts',(-0.790682754205159,-3.34667774266853,
-3.48888410877299));
#1530=CARTESIAN_POINT('Ctrl Pts',(-0.790682754205159,-3.83865985254282,
-3.48716717616921));
#1531=CARTESIAN_POINT('Origin',(-0.790682754205159,-0.79999999254942,-1.));
#1532=CARTESIAN_POINT('',(-3.86981695700041,-0.799999992549419,-1.));
#1533=CARTESIAN_POINT('',(-3.86981695700041,-0.799999992549419,-0.150068813963848));
#1534=CARTESIAN_POINT('',(-2.15126553101205,-0.799999992549419,-1.));
#1535=CARTESIAN_POINT('',(-0.395189326228098,-0.79999999254942,-1.));
#1536=CARTESIAN_POINT('',(-2.15126553101205,-0.799999992549419,-1.67842175134321));
#1537=CARTESIAN_POINT('',(-2.15126553101205,-0.799999992549419,-1.3392108756716));
#1538=CARTESIAN_POINT('',(-3.20041189629099,-0.799999992549419,-2.68210577709807));
#1539=CARTESIAN_POINT('Ctrl Pts',(-3.20041189629099,-0.799999992549419,
-2.68210577709807));
#1540=CARTESIAN_POINT('Ctrl Pts',(-2.58172040801385,-0.799999992549419,
-2.08188232570793));
#1541=CARTESIAN_POINT('Ctrl Pts',(-2.15126553101205,-0.799999992549419,
-1.67842175134321));
#1542=CARTESIAN_POINT('',(-3.200411896291,-0.799999992549419,-2.89423781145404));
#1543=CARTESIAN_POINT('Ctrl Pts',(-3.200411896291,-0.799999992549419,-2.89423781145404));
#1544=CARTESIAN_POINT('Ctrl Pts',(-3.20063372558079,-0.799999992549419,
-2.89402260380295));
#1545=CARTESIAN_POINT('Ctrl Pts',(-3.20085428848707,-0.799999992549419,
-2.89380731337012));
#1546=CARTESIAN_POINT('Ctrl Pts',(-3.21435336109178,-0.799999992549419,
-2.88055105312256));
#1547=CARTESIAN_POINT('Ctrl Pts',(-3.22695284508424,-0.799999992549419,
-2.86210937019069));
#1548=CARTESIAN_POINT('Ctrl Pts',(-3.2412979043463,-0.799999992549419,-2.8280630340367));
#1549=CARTESIAN_POINT('Ctrl Pts',(-3.24567908693703,-0.799999992549419,
-2.80650448215001));
#1550=CARTESIAN_POINT('Ctrl Pts',(-3.24567908693703,-0.799999992549419,
-2.78817179427606));
#1551=CARTESIAN_POINT('Ctrl Pts',(-3.24567908693703,-0.799999992549419,
-2.7698391064021));
#1552=CARTESIAN_POINT('Ctrl Pts',(-3.2412979043463,-0.799999992549419,-2.74828055451541));
#1553=CARTESIAN_POINT('Ctrl Pts',(-3.22695284508424,-0.799999992549419,
-2.71423421836142));
#1554=CARTESIAN_POINT('Ctrl Pts',(-3.21435336109178,-0.799999992549419,
-2.69579253542955));
#1555=CARTESIAN_POINT('Ctrl Pts',(-3.20085428848707,-0.799999992549419,
-2.68253627518199));
#1556=CARTESIAN_POINT('Ctrl Pts',(-3.20063372558079,-0.799999992549419,
-2.68232098474916));
#1557=CARTESIAN_POINT('Ctrl Pts',(-3.20041189629099,-0.799999992549419,
-2.68210577709807));
#1558=CARTESIAN_POINT('',(-2.84878069294784,-0.799999992549419,-3.23414380496746));
#1559=CARTESIAN_POINT('Ctrl Pts',(-2.84878069294784,-0.799999992549419,
-3.23414380496746));
#1560=CARTESIAN_POINT('Ctrl Pts',(-3.01504658342208,-0.799999992549419,
-3.07406994098279));
#1561=CARTESIAN_POINT('Ctrl Pts',(-3.200411896291,-0.799999992549419,-2.89423781145404));
#1562=CARTESIAN_POINT('Ctrl Pts',(-2.95935331702623,-0.799999992549419,
-3.4902088699836));
#1563=CARTESIAN_POINT('Ctrl Pts',(-2.95916846018701,-0.799999992549419,
-3.49020950582194));
#1564=CARTESIAN_POINT('Ctrl Pts',(-2.95898390839366,-0.799999992549419,
-3.49020982214544));
#1565=CARTESIAN_POINT('Ctrl Pts',(-2.93938972092781,-0.799999992549419,
-3.49020982214544));
#1566=CARTESIAN_POINT('Ctrl Pts',(-2.91652358398373,-0.799999992549419,
-3.48577652263656));
#1567=CARTESIAN_POINT('Ctrl Pts',(-2.88084370388952,-0.799999992549419,
-3.47131648016129));
#1568=CARTESIAN_POINT('Ctrl Pts',(-2.86163439210113,-0.799999992549419,
-3.4588381837723));
#1569=CARTESIAN_POINT('Ctrl Pts',(-2.83463282903201,-0.799999992549419,
-3.43246059744055));
#1570=CARTESIAN_POINT('Ctrl Pts',(-2.82194112601221,-0.799999992549419,
-3.41401476942813));
#1571=CARTESIAN_POINT('Ctrl Pts',(-2.80752395399719,-0.799999992549419,
-3.37999710626904));
#1572=CARTESIAN_POINT('Ctrl Pts',(-2.80312009106038,-0.799999992549419,
-3.35849786256891));
#1573=CARTESIAN_POINT('Ctrl Pts',(-2.80312009106038,-0.799999992549419,
-3.32192178172198));
#1574=CARTESIAN_POINT('Ctrl Pts',(-2.80752395399719,-0.799999992549419,
-3.30042253802185));
#1575=CARTESIAN_POINT('Ctrl Pts',(-2.82194112601221,-0.799999992549419,
-3.26640487486276));
#1576=CARTESIAN_POINT('Ctrl Pts',(-2.83463282903201,-0.799999992549419,
-3.24795904685034));
#1577=CARTESIAN_POINT('Ctrl Pts',(-2.84824491154931,-0.799999992549419,
-3.2346615247463));
#1578=CARTESIAN_POINT('Ctrl Pts',(-2.84851188910668,-0.799999992549419,
-3.23440259809325));
#1579=CARTESIAN_POINT('Ctrl Pts',(-2.84878069294784,-0.799999992549419,
-3.23414380496746));
#1580=CARTESIAN_POINT('Origin',(-3.86948838872311,-2.23523144428873,0.699862372072303));
#1581=CARTESIAN_POINT('',(-3.87018324582654,0.800000007450581,-1.));
#1582=CARTESIAN_POINT('',(-3.87018324582654,0.800000007450581,-0.150068813963848));
#1583=CARTESIAN_POINT('',(-3.8697440835109,-1.11832142333693,-1.));
#1584=CARTESIAN_POINT('',(-3.86948838872311,-2.23523144428873,0.699862372072303));
#1585=CARTESIAN_POINT('',(-3.86948838872311,-2.23523144428873,0.699862372072303));
#1586=CARTESIAN_POINT('',(-3.87025565352081,1.11628678053189,0.699862372072311));
#1587=CARTESIAN_POINT('Ctrl Pts',(3.87051140845337,-2.23345952213878,-1.48520627960864));
#1588=CARTESIAN_POINT('Ctrl Pts',(3.87051113962853,-2.23228525823545,-1.48520833312711));
#1589=CARTESIAN_POINT('Ctrl Pts',(3.8705108616434,-2.23107098092986,-1.48521057135083));
#1590=CARTESIAN_POINT('Ctrl Pts',(3.87038921712717,-1.69971099372792,-1.48615553696203));
#1591=CARTESIAN_POINT('Ctrl Pts',(3.87028375335221,-1.23903071110946,-1.48673100708717));
#1592=CARTESIAN_POINT('Ctrl Pts',(3.87018290726691,-0.798521132425,-1.48705101046074));
#1593=CARTESIAN_POINT('Ctrl Pts',(3.82051191719909,-2.23465893682452,-2.15202533928637));
#1594=CARTESIAN_POINT('Ctrl Pts',(3.82051164838565,-2.23348442461172,-2.15202741540033));
#1595=CARTESIAN_POINT('Ctrl Pts',(3.82051137060617,-2.23227076805651,-2.1520296733809));
#1596=CARTESIAN_POINT('Ctrl Pts',(3.82038970653326,-1.70069883939374,-2.15298444819065));
#1597=CARTESIAN_POINT('Ctrl Pts',(3.82028421273926,-1.23977789557979,-2.15356755027937));
#1598=CARTESIAN_POINT('Ctrl Pts',(3.8201833226596,-0.799014085799806,-2.15389181619911));
#1599=CARTESIAN_POINT('Ctrl Pts',(3.77051242594482,-2.23585835151026,-2.8188443989641));
#1600=CARTESIAN_POINT('Ctrl Pts',(3.77051215714278,-2.23468359098798,-2.81884649767356));
#1601=CARTESIAN_POINT('Ctrl Pts',(3.77051187956896,-2.23347055518317,-2.81884877541098));
#1602=CARTESIAN_POINT('Ctrl Pts',(3.77039019593932,-1.70168668505956,-2.81981335941928));
#1603=CARTESIAN_POINT('Ctrl Pts',(3.77028467212635,-1.24052508005014,-2.82040409347156));
#1604=CARTESIAN_POINT('Ctrl Pts',(3.77018373805229,-0.799507039174614,-2.82073262193748));
#1605=CARTESIAN_POINT('Ctrl Pts',(3.72051293469054,-2.237057766196,-3.48566345864182));
#1606=CARTESIAN_POINT('Ctrl Pts',(3.7205126658999,-2.23588275736425,-3.48566557994679));
#1607=CARTESIAN_POINT('Ctrl Pts',(3.72051238853173,-2.23467034230983,-3.48566787744105));
#1608=CARTESIAN_POINT('Ctrl Pts',(3.72039068534541,-1.70267453072538,-3.48664227064792));
#1609=CARTESIAN_POINT('Ctrl Pts',(3.7202851315134,-1.24127226452048,-3.48724063666375));
#1610=CARTESIAN_POINT('Ctrl Pts',(3.72018415344498,-0.79999999254942,-3.48757342767585));
#1611=CARTESIAN_POINT('',(3.72049230764053,-2.14689173978283,-3.48582659587685));
#1612=CARTESIAN_POINT('',(3.72018415344498,-0.79999999254942,-3.48757342767585));
#1613=CARTESIAN_POINT('Ctrl Pts',(3.72049230766159,-2.14689173976045,-3.48582643404758));
#1614=CARTESIAN_POINT('Ctrl Pts',(3.72037913785466,-1.6521979377032,-3.48670701262691));
#1615=CARTESIAN_POINT('Ctrl Pts',(3.7202796014959,-1.21710619140444,-3.48725886181054));
#1616=CARTESIAN_POINT('Ctrl Pts',(3.72018415344498,-0.79999999254942,-3.48757342767585));
#1617=CARTESIAN_POINT('',(3.87018324582312,-0.799999992549533,-1.4870499417145));
#1618=CARTESIAN_POINT('Ctrl Pts',(3.72018415344498,-0.79999999254942,-3.48757342767585));
#1619=CARTESIAN_POINT('Ctrl Pts',(3.74518400127595,-0.79999999254942,-3.15415285164337));
#1620=CARTESIAN_POINT('Ctrl Pts',(3.77018384936814,-0.799999992549421,-2.82073227563048));
#1621=CARTESIAN_POINT('Ctrl Pts',(3.82018354682685,-0.799999992549421,-2.15389111364331));
#1622=CARTESIAN_POINT('Ctrl Pts',(3.84518339619337,-0.79999999254942,-1.82047052766904));
#1623=CARTESIAN_POINT('Ctrl Pts',(3.87018324582312,-0.79999999254942,-1.4870499417145));
#1624=CARTESIAN_POINT('',(3.87051140845337,-2.23345952213876,-1.48520627960864));
#1625=CARTESIAN_POINT('Ctrl Pts',(3.87018324582312,-0.799999992544929,-1.48704993525424));
#1626=CARTESIAN_POINT('Ctrl Pts',(3.87028398939904,-1.24006179615514,-1.48672971873056));
#1627=CARTESIAN_POINT('Ctrl Pts',(3.87038935294324,-1.70030425700504,-1.48615448190819));
#1628=CARTESIAN_POINT('Ctrl Pts',(3.8705108616434,-2.23107098092986,-1.48521057135083));
#1629=CARTESIAN_POINT('Ctrl Pts',(3.87051113962853,-2.23228525823545,-1.48520833312711));
#1630=CARTESIAN_POINT('Ctrl Pts',(3.87051140845337,-2.23345952213878,-1.48520627960864));
#1631=CARTESIAN_POINT('Ctrl Pts',(3.87051140845337,-2.23345952213875,-1.48520627960864));
#1632=CARTESIAN_POINT('Ctrl Pts',(3.86853598497394,-2.23233303835422,-1.51155001706182));
#1633=CARTESIAN_POINT('Ctrl Pts',(3.86656055238164,-2.23116619016542,-1.53789394078821));
#1634=CARTESIAN_POINT('Ctrl Pts',(3.86458512650458,-2.23002813373257,-1.56423773546426));
#1635=CARTESIAN_POINT('Ctrl Pts',(3.84155622220505,-2.21676102359501,-1.87134555131653));
#1636=CARTESIAN_POINT('Ctrl Pts',(3.81852733153713,-2.20347982746093,-2.17845335453035));
#1637=CARTESIAN_POINT('Ctrl Pts',(3.79549845287592,-2.19020200621391,-2.48556118310659));
#1638=CARTESIAN_POINT('Ctrl Pts',(3.77049639411612,-2.17578650331843,-2.81898288759424));
#1639=CARTESIAN_POINT('Ctrl Pts',(3.74549435021747,-2.16136870317354,-3.15240460454341));
#1640=CARTESIAN_POINT('Ctrl Pts',(3.72049232074865,-2.1469489464958,-3.48582633221557));
#1641=CARTESIAN_POINT('Ctrl Pts',(0.80931724579484,-4.00177532052403,-1.48658315368941));
#1642=CARTESIAN_POINT('Ctrl Pts',(0.809972620704457,-4.00139673957001,-1.48658401294968));
#1643=CARTESIAN_POINT('Ctrl Pts',(0.810627396622184,-4.00101850462698,-1.48658488907102));
#1644=CARTESIAN_POINT('Ctrl Pts',(1.85766237786258,-3.39619293643061,-1.48791751526792));
#1645=CARTESIAN_POINT('Ctrl Pts',(2.67237492423225,-2.92556971217957,-1.48763780269525));
#1646=CARTESIAN_POINT('Ctrl Pts',(3.86845198307232,-2.23464916064041,-1.48521053688895));
#1647=CARTESIAN_POINT('Ctrl Pts',(3.86948297050473,-2.23405360502786,-1.48520839554064));
#1648=CARTESIAN_POINT('Ctrl Pts',(3.87051140845338,-2.23345952213876,-1.48520627960864));
#1649=CARTESIAN_POINT('Ctrl Pts',(0.78365193492495,-3.95885869719793,-2.15341788287905));
#1650=CARTESIAN_POINT('Ctrl Pts',(0.784307309842136,-3.95848011628147,-2.15341875291316));
#1651=CARTESIAN_POINT('Ctrl Pts',(0.784962025123787,-3.95810191640477,-2.15341963927352));
#1652=CARTESIAN_POINT('Ctrl Pts',(1.83213515676594,-3.3531966122495,-2.15476941163267));
#1653=CARTESIAN_POINT('Ctrl Pts',(2.64804184420298,-2.88188355257874,-2.15448280008563));
#1654=CARTESIAN_POINT('Ctrl Pts',(3.84447107511198,-2.19075947685389,-2.15202963903265));
#1655=CARTESIAN_POINT('Ctrl Pts',(3.84550185069981,-2.1901640435404,-2.15202747707741));
#1656=CARTESIAN_POINT('Ctrl Pts',(3.84653028858119,-2.18956996061269,-2.15202533928637));
#1657=CARTESIAN_POINT('Ctrl Pts',(0.75798662405506,-3.91594207387183,-2.8202526120687));
#1658=CARTESIAN_POINT('Ctrl Pts',(0.758641998979815,-3.91556349299292,-2.82025349287665));
#1659=CARTESIAN_POINT('Ctrl Pts',(0.75929665362539,-3.91518532818256,-2.82025438947602));
#1660=CARTESIAN_POINT('Ctrl Pts',(1.80660793566941,-3.31020028806843,-2.82162130799763));
#1661=CARTESIAN_POINT('Ctrl Pts',(2.62370876417424,-2.83819739297757,-2.82132779747607));
#1662=CARTESIAN_POINT('Ctrl Pts',(3.82049016715163,-2.14686979306736,-2.81884874117635));
#1663=CARTESIAN_POINT('Ctrl Pts',(3.8215207308949,-2.14627448205295,-2.81884655861418));
#1664=CARTESIAN_POINT('Ctrl Pts',(3.82254916870899,-2.14568039908662,-2.8188443989641));
#1665=CARTESIAN_POINT('Ctrl Pts',(0.73232131318517,-3.87302545054573,-3.48708734125835));
#1666=CARTESIAN_POINT('Ctrl Pts',(0.732976688117495,-3.87264686970438,-3.48708823284014));
#1667=CARTESIAN_POINT('Ctrl Pts',(0.733631282126993,-3.87226873996035,-3.48708913967853));
#1668=CARTESIAN_POINT('Ctrl Pts',(1.78108071457279,-3.26720396388702,-3.48847320436257));
#1669=CARTESIAN_POINT('Ctrl Pts',(2.5993756841451,-2.79451123337674,-3.48817279486671));
#1670=CARTESIAN_POINT('Ctrl Pts',(3.79650925919129,-2.10298010928084,-3.48566784332005));
#1671=CARTESIAN_POINT('Ctrl Pts',(3.79753961108999,-2.10238492056549,-3.48566564015095));
#1672=CARTESIAN_POINT('Ctrl Pts',(3.7985680488368,-2.10179083756056,-3.48566345864182));
#1673=CARTESIAN_POINT('',(0.809317245794835,-4.00177532052404,-1.48658315368941));
#1674=CARTESIAN_POINT('Ctrl Pts',(3.87051140845338,-2.23345952213876,-1.48520627960864));
#1675=CARTESIAN_POINT('Ctrl Pts',(3.86948297050473,-2.23405360502786,-1.48520839554064));
#1676=CARTESIAN_POINT('Ctrl Pts',(3.86845198307232,-2.23464916064041,-1.48521053688895));
#1677=CARTESIAN_POINT('Ctrl Pts',(2.67237492423225,-2.92556971217957,-1.48763780269525));
#1678=CARTESIAN_POINT('Ctrl Pts',(1.85766237786258,-3.39619293643061,-1.48791751526792));
#1679=CARTESIAN_POINT('Ctrl Pts',(0.810627396622184,-4.00101850462698,-1.48658488907102));
#1680=CARTESIAN_POINT('Ctrl Pts',(0.809972620704457,-4.00139673957001,-1.48658401294968));
#1681=CARTESIAN_POINT('Ctrl Pts',(0.80931724579484,-4.00177532052403,-1.48658315368941));
#1682=CARTESIAN_POINT('',(0.809317245794841,-3.82854833660836,-3.48718888111791));
#1683=CARTESIAN_POINT('Ctrl Pts',(0.809317245794841,-4.00177532052403,-1.48658315368941));
#1684=CARTESIAN_POINT('Ctrl Pts',(0.809317245794841,-4.00030116539133,-1.50360822696519));
#1685=CARTESIAN_POINT('Ctrl Pts',(0.809316785874592,-3.99882727595883,-1.52063331784538));
#1686=CARTESIAN_POINT('Ctrl Pts',(0.809317929256478,-3.99735246039385,-1.53765836859496));
#1687=CARTESIAN_POINT('Ctrl Pts',(0.809339177611321,-3.96994481570484,-1.85404812799149));
#1688=CARTESIAN_POINT('Ctrl Pts',(0.809379004340927,-3.94252644734544,-2.17043793108623));
#1689=CARTESIAN_POINT('Ctrl Pts',(0.809398439995805,-3.91511985958692,-2.4868277870536));
#1690=CARTESIAN_POINT('Ctrl Pts',(0.809418923829208,-3.88623521529147,-2.82028077028632));
#1691=CARTESIAN_POINT('Ctrl Pts',(0.809431163292541,-3.85735533728475,-3.15373380607437));
#1692=CARTESIAN_POINT('Ctrl Pts',(0.809435597126648,-3.8284799708533,-3.48718688847582));
#1693=CARTESIAN_POINT('Ctrl Pts',(0.809317247110455,-3.82854833637559,-3.48718673976503));
#1694=CARTESIAN_POINT('Ctrl Pts',(1.79880367258542,-3.25696618999493,-3.48843011471577));
#1695=CARTESIAN_POINT('Ctrl Pts',(2.59319509803845,-2.79808148099488,-3.48812680390572));
#1696=CARTESIAN_POINT('Ctrl Pts',(3.72049230713602,-2.14689174058312,-3.48582502417474));
#1697=CARTESIAN_POINT('Origin',(0.809317245794842,-0.800000007450581,-1.));
#1698=CARTESIAN_POINT('',(0.809317245794842,-4.00177532052403,-1.));
#1699=CARTESIAN_POINT('',(0.809317245794842,-4.00177532052403,-0.150068813963848));
#1700=CARTESIAN_POINT('',(0.809317245794842,-2.14777768138573,-1.));
#1701=CARTESIAN_POINT('',(0.809317245794842,-0.293924775944577,-1.));
#1702=CARTESIAN_POINT('',(0.809317245794842,-2.14777768138573,-1.67842175134321));
#1703=CARTESIAN_POINT('',(0.809317245794842,-2.14777768138573,-1.3392108756716));
#1704=CARTESIAN_POINT('',(0.809317245794842,-3.19806846231582,-2.68210577709807));
#1705=CARTESIAN_POINT('Ctrl Pts',(0.809317245794842,-3.19806846231581,-2.68210577709807));
#1706=CARTESIAN_POINT('Ctrl Pts',(0.809317245794842,-2.57870210135551,-2.08166757842698));
#1707=CARTESIAN_POINT('Ctrl Pts',(0.809317245794842,-2.14777768138573,-1.67842175134321));
#1708=CARTESIAN_POINT('',(0.809317245794842,-3.19806846231582,-2.89423781145404));
#1709=CARTESIAN_POINT('Ctrl Pts',(0.809317245794842,-3.19806846231582,-2.89423781145404));
#1710=CARTESIAN_POINT('Ctrl Pts',(0.809317245794842,-3.19829583633855,-2.89401738610122));
#1711=CARTESIAN_POINT('Ctrl Pts',(0.809317245794842,-3.1985218821889,-2.89379687257035));
#1712=CARTESIAN_POINT('Ctrl Pts',(0.809317245794842,-3.21203096875918,-2.88053659116337));
#1713=CARTESIAN_POINT('Ctrl Pts',(0.809317245794842,-3.2246367120887,-2.86209564795141));
#1714=CARTESIAN_POINT('Ctrl Pts',(0.809317245794842,-3.23898603958742,-2.82805316875031));
#1715=CARTESIAN_POINT('Ctrl Pts',(0.809317245794842,-3.24336836007237,-2.80650015137844));
#1716=CARTESIAN_POINT('Ctrl Pts',(0.809317245794842,-3.24336836007237,-2.78817179427606));
#1717=CARTESIAN_POINT('Ctrl Pts',(0.809317245794842,-3.24336836007237,-2.76984343717367));
#1718=CARTESIAN_POINT('Ctrl Pts',(0.809317245794842,-3.23898603958742,-2.7482904198018));
#1719=CARTESIAN_POINT('Ctrl Pts',(0.809317245794842,-3.2246367120887,-2.7142479406007));
#1720=CARTESIAN_POINT('Ctrl Pts',(0.809317245794842,-3.21203096875918,-2.69580699738875));
#1721=CARTESIAN_POINT('Ctrl Pts',(0.809317245794842,-3.1985218821889,-2.68254671598176));
#1722=CARTESIAN_POINT('Ctrl Pts',(0.809317245794842,-3.19829583633855,-2.68232620245089));
#1723=CARTESIAN_POINT('Ctrl Pts',(0.809317245794842,-3.19806846231582,-2.68210577709807));
#1724=CARTESIAN_POINT('',(0.809317245794842,-2.84614775095224,-3.23414380496746));
#1725=CARTESIAN_POINT('Ctrl Pts',(0.809317245794842,-2.84614775095224,-3.23414380496746));
#1726=CARTESIAN_POINT('Ctrl Pts',(0.809317245794842,-3.01255053288469,-3.0740862152261));
#1727=CARTESIAN_POINT('Ctrl Pts',(0.809317245794842,-3.19806846231582,-2.89423781145404));
#1728=CARTESIAN_POINT('',(0.809317245794842,-2.95681883765852,-3.4902088699836));
#1729=CARTESIAN_POINT('Ctrl Pts',(0.809317245794842,-2.95681883765852,-3.4902088699836));
#1730=CARTESIAN_POINT('Ctrl Pts',(0.809317245794842,-2.95663382236454,-3.49020950582195));
#1731=CARTESIAN_POINT('Ctrl Pts',(0.809317245794842,-2.95644911235172,-3.49020982214544));
#1732=CARTESIAN_POINT('Ctrl Pts',(0.809317245794842,-2.93683242626807,-3.49020982214544));
#1733=CARTESIAN_POINT('Ctrl Pts',(0.809317245794842,-2.91393945403781,-3.48577408539341));
#1734=CARTESIAN_POINT('Ctrl Pts',(0.809317245794842,-2.87822293003588,-3.47130691005716));
#1735=CARTESIAN_POINT('Ctrl Pts',(0.809317245794842,-2.85899530625781,-3.45882530476415));
#1736=CARTESIAN_POINT('Ctrl Pts',(0.809317245794842,-2.83197339804661,-3.43244289838912));
#1737=CARTESIAN_POINT('Ctrl Pts',(0.809317245794842,-2.81927307104376,-3.41399772825303));
#1738=CARTESIAN_POINT('Ctrl Pts',(0.809317245794842,-2.8048497926371,-3.37998463546183));
#1739=CARTESIAN_POINT('Ctrl Pts',(0.809317245794842,-2.80044421987736,-3.35849241501654));
#1740=CARTESIAN_POINT('Ctrl Pts',(0.809317245794842,-2.80044421987736,-3.32192722927434));
#1741=CARTESIAN_POINT('Ctrl Pts',(0.809317245794842,-2.8048497926371,-3.30043500882906));
#1742=CARTESIAN_POINT('Ctrl Pts',(0.809317245794842,-2.81927307104376,-3.26642191603785));
#1743=CARTESIAN_POINT('Ctrl Pts',(0.809317245794842,-2.83197339804661,-3.24797674590176));
#1744=CARTESIAN_POINT('Ctrl Pts',(0.809317245794842,-2.84559842590781,-3.23467416863387));
#1745=CARTESIAN_POINT('Ctrl Pts',(0.809317245794842,-2.84587213048847,-3.23440891560204));
#1746=CARTESIAN_POINT('Ctrl Pts',(0.809317245794842,-2.84614775095224,-3.23414380496746));
#1747=CARTESIAN_POINT('Ctrl Pts',(0.809317245794842,-3.82854833660836,-3.48718888111791));
#1748=CARTESIAN_POINT('Ctrl Pts',(0.809317245794842,-3.3397472742394,-3.48889286751265));
#1749=CARTESIAN_POINT('Ctrl Pts',(0.809317245794842,-2.95681883765852,-3.4902088699836));
#1750=CARTESIAN_POINT('Origin',(3.87051140845337,-2.23345952213876,0.699862372072303));
#1751=CARTESIAN_POINT('',(3.87051140845337,-2.23345952213876,0.699862372072303));
#1752=CARTESIAN_POINT('',(3.87051140845337,-2.23345952213876,0.699862372072303));
#1753=CARTESIAN_POINT('',(0.00102301973026248,-4.46869096642749,0.699862372072298));
#1754=CARTESIAN_POINT('',(0.968395116911038,-3.90988310535531,0.699862372072299));
#1755=CARTESIAN_POINT('',(0.00102301973026248,-4.46869096642749,-1.));
#1756=CARTESIAN_POINT('',(0.00102301973026248,-4.46869096642749,0.699862372072298));
#1757=CARTESIAN_POINT('',(3.76361178564229,-2.29521068257286,-1.));
#1758=CARTESIAN_POINT('Origin',(3.8694883887231,2.23523144428873,0.699862372072313));
#1759=CARTESIAN_POINT('',(3.87018324582312,-0.79999999254942,-1.));
#1760=CARTESIAN_POINT('',(3.87018324582312,-0.79999999254942,-0.150068813963843));
#1761=CARTESIAN_POINT('',(3.8698169570004,0.79999999254942,-1.));
#1762=CARTESIAN_POINT('',(3.86974420380045,1.11779598202678,-1.));
#1763=CARTESIAN_POINT('',(3.8698169569912,0.800000032773995,-1.48705122196797));
#1764=CARTESIAN_POINT('',(3.86981695700041,0.79999999254942,-0.150068813963843));
#1765=CARTESIAN_POINT('',(3.8694883887231,2.23523144428872,-1.48520627960864));
#1766=CARTESIAN_POINT('Ctrl Pts',(3.8694883887231,2.23523144428872,-1.48520627960864));
#1767=CARTESIAN_POINT('Ctrl Pts',(3.8694886606227,2.23404374945443,-1.48520839554064));
#1768=CARTESIAN_POINT('Ctrl Pts',(3.8694889327941,2.23285486731674,-1.48521051461595));
#1769=CARTESIAN_POINT('Ctrl Pts',(3.86961070947293,1.70091757569675,-1.48615752836979));
#1770=CARTESIAN_POINT('Ctrl Pts',(3.86971619334875,1.24014948974373,-1.4867335450577));
#1771=CARTESIAN_POINT('Ctrl Pts',(3.8698169569927,0.800000026206752,-1.48705122202992));
#1772=CARTESIAN_POINT('',(3.8694883887231,2.23523144428873,0.699862372072313));
#1773=CARTESIAN_POINT('',(3.8694883887231,2.23523144428873,0.699862372072313));
#1774=CARTESIAN_POINT('',(3.8702556535208,-1.11628678053189,0.699862372072306));
#1775=CARTESIAN_POINT('Ctrl Pts',(3.86981727914572,0.798592817467598,-1.48705223685045));
#1776=CARTESIAN_POINT('Ctrl Pts',(3.8697164181712,1.23916743433571,-1.48673477242793));
#1777=CARTESIAN_POINT('Ctrl Pts',(3.86961083896808,1.70035192306343,-1.48615853540734));
#1778=CARTESIAN_POINT('Ctrl Pts',(3.8694889327941,2.23285486731674,-1.48521051461595));
#1779=CARTESIAN_POINT('Ctrl Pts',(3.8694886606227,2.23404374945443,-1.48520839554064));
#1780=CARTESIAN_POINT('Ctrl Pts',(3.8694883887231,2.23523144428872,-1.48520627960864));
#1781=CARTESIAN_POINT('Ctrl Pts',(3.81981747435964,0.799061875828205,-2.15389305910823));
#1782=CARTESIAN_POINT('Ctrl Pts',(3.81971654086272,1.23989100075441,-2.15357132199192));
#1783=CARTESIAN_POINT('Ctrl Pts',(3.8196108739957,1.70134894139636,-2.15298739555729));
#1784=CARTESIAN_POINT('Ctrl Pts',(3.81948889768397,2.23403167017386,-2.15202961707851));
#1785=CARTESIAN_POINT('Ctrl Pts',(3.81948862551114,2.2352202712359,-2.15202747707741));
#1786=CARTESIAN_POINT('Ctrl Pts',(3.81948835354447,2.23640796603124,-2.15202533928637));
#1787=CARTESIAN_POINT('Ctrl Pts',(3.76981766957356,0.799530934188812,-2.82073388136601));
#1788=CARTESIAN_POINT('Ctrl Pts',(3.76971666355423,1.24061456717311,-2.82040787155591));
#1789=CARTESIAN_POINT('Ctrl Pts',(3.76961090902326,1.7023459597292,-2.81981625570722));
#1790=CARTESIAN_POINT('Ctrl Pts',(3.76948886257383,2.23520847303098,-2.81884871954106));
#1791=CARTESIAN_POINT('Ctrl Pts',(3.76948859039959,2.23639679301738,-2.81884655861418));
#1792=CARTESIAN_POINT('Ctrl Pts',(3.76948831836584,2.23758448777376,-2.8188443989641));
#1793=CARTESIAN_POINT('Ctrl Pts',(3.71981786478748,0.799999992549419,-3.48757470362379));
#1794=CARTESIAN_POINT('Ctrl Pts',(3.71971678624575,1.2413381335918,-3.4872444211199));
#1795=CARTESIAN_POINT('Ctrl Pts',(3.71961094405081,1.70334297806213,-3.48664511585714));
#1796=CARTESIAN_POINT('Ctrl Pts',(3.7194888274637,2.2363852758881,-3.48566782200362));
#1797=CARTESIAN_POINT('Ctrl Pts',(3.71948855528804,2.23757331479886,-3.48566564015095));
#1798=CARTESIAN_POINT('Ctrl Pts',(3.71948828318721,2.23876100951628,-3.48566345864182));
#1799=CARTESIAN_POINT('',(3.71981786478748,0.79999999254942,-3.48757470362379));
#1800=CARTESIAN_POINT('Ctrl Pts',(3.86981695700191,0.799999985982532,-1.48705122205896));
#1801=CARTESIAN_POINT('Ctrl Pts',(3.84481710860679,0.799999988227151,-1.82047179151599));
#1802=CARTESIAN_POINT('Ctrl Pts',(3.81981726046196,0.799999990326379,-2.15389236099473));
#1803=CARTESIAN_POINT('Ctrl Pts',(3.7948174125667,0.799999991406947,-2.48731293049497));
#1804=CARTESIAN_POINT('Ctrl Pts',(3.76981756305778,0.799999992487515,-2.82073352151649));
#1805=CARTESIAN_POINT('Ctrl Pts',(3.74481771379844,0.79999999254942,-3.15415411255951));
#1806=CARTESIAN_POINT('Ctrl Pts',(3.71981786478748,0.79999999254942,-3.48757470362379));
#1807=CARTESIAN_POINT('',(3.71950893964716,2.14859498310987,-3.48582659587685));
#1808=CARTESIAN_POINT('Ctrl Pts',(3.71981786478748,0.799999992549419,-3.48757470362379));
#1809=CARTESIAN_POINT('Ctrl Pts',(3.71972231168306,1.21721247653759,-3.48726247594381));
#1810=CARTESIAN_POINT('Ctrl Pts',(3.71962250149871,1.65289393898004,-3.48670983374611));
#1811=CARTESIAN_POINT('Ctrl Pts',(3.71950893965307,2.14859498305746,-3.48582656078474));
#1812=CARTESIAN_POINT('Ctrl Pts',(3.71950893709979,2.14860612833176,-3.48582654092502));
#1813=CARTESIAN_POINT('Ctrl Pts',(3.7445066090815,2.16304578140318,-3.15237477376851));
#1814=CARTESIAN_POINT('Ctrl Pts',(3.76950429609382,2.17748477399206,-2.81892301434648));
#1815=CARTESIAN_POINT('Ctrl Pts',(3.79450199867817,2.19192296680722,-2.48547126408539));
#1816=CARTESIAN_POINT('Ctrl Pts',(3.8175225444318,2.20521919181748,-2.17839339372459));
#1817=CARTESIAN_POINT('Ctrl Pts',(3.840543100352,2.21852006633469,-1.87131554590308));
#1818=CARTESIAN_POINT('Ctrl Pts',(3.86356367602318,2.23180828006969,-1.56423768243052));
#1819=CARTESIAN_POINT('Ctrl Pts',(3.86553858037776,2.23294825812865,-1.5378938838031));
#1820=CARTESIAN_POINT('Ctrl Pts',(3.86751348430826,2.23409062979231,-1.51155007930982));
#1821=CARTESIAN_POINT('Ctrl Pts',(3.8694883887231,2.23523144428872,-1.48520627960864));
#1822=CARTESIAN_POINT('Ctrl Pts',(3.86948838872311,2.23523144428873,-1.48520627960864));
#1823=CARTESIAN_POINT('Ctrl Pts',(3.86845967887487,2.23582505623392,-1.48520839554064));
#1824=CARTESIAN_POINT('Ctrl Pts',(3.86742884579733,2.23641989337811,-1.48521053568454));
#1825=CARTESIAN_POINT('Ctrl Pts',(2.67102536703698,2.92679862113994,-1.48763838394889));
#1826=CARTESIAN_POINT('Ctrl Pts',(1.85622089506875,3.39697752375934,-1.48791534876668));
#1827=CARTESIAN_POINT('Ctrl Pts',(0.810626198778783,4.00033278725863,-1.48658728841878));
#1828=CARTESIAN_POINT('Ctrl Pts',(0.809971835900459,4.0007103841308,-1.48658641419293));
#1829=CARTESIAN_POINT('Ctrl Pts',(0.809317245794839,4.00108811212336,-1.48658555744242));
#1830=CARTESIAN_POINT('Ctrl Pts',(3.84552736668349,2.19133090734336,-2.15202533928637));
#1831=CARTESIAN_POINT('Ctrl Pts',(3.84449865690251,2.19192451932719,-2.15202747707741));
#1832=CARTESIAN_POINT('Ctrl Pts',(3.84346789355025,2.19251931631087,-2.15202963821549));
#1833=CARTESIAN_POINT('Ctrl Pts',(2.6469483833181,2.88296508941313,-2.15448272369767));
#1834=CARTESIAN_POINT('Ctrl Pts',(1.83099624260693,3.3538062818661,-2.15476774723517));
#1835=CARTESIAN_POINT('Ctrl Pts',(0.784981314083566,3.95740397105669,-2.15342206849005));
#1836=CARTESIAN_POINT('Ctrl Pts',(0.784327135911958,3.95778146130529,-2.15342118427395));
#1837=CARTESIAN_POINT('Ctrl Pts',(0.783672545798786,3.9581591892604,-2.15342031677724));
#1838=CARTESIAN_POINT('Ctrl Pts',(3.82156634464387,2.14743037039799,-2.8188443989641));
#1839=CARTESIAN_POINT('Ctrl Pts',(3.82053763493015,2.14802398242047,-2.81884655861418));
#1840=CARTESIAN_POINT('Ctrl Pts',(3.81950694130316,2.14861873924362,-2.81884874074644));
#1841=CARTESIAN_POINT('Ctrl Pts',(2.6228713995997,2.8391315576864,-2.82132706344646));
#1842=CARTESIAN_POINT('Ctrl Pts',(1.80577159014485,3.31063503997339,-2.82162014570365));
#1843=CARTESIAN_POINT('Ctrl Pts',(0.75933642938835,3.91447515485475,-2.82025684856131));
#1844=CARTESIAN_POINT('Ctrl Pts',(0.758682435923456,3.91485253847979,-2.82025595435496));
#1845=CARTESIAN_POINT('Ctrl Pts',(0.758027845802734,3.91523026639743,-2.82025507611206));
#1846=CARTESIAN_POINT('Ctrl Pts',(3.79760532260425,2.10352983345262,-3.48566345864182));
#1847=CARTESIAN_POINT('Ctrl Pts',(3.79657661295779,2.10412344551374,-3.48566564015095));
#1848=CARTESIAN_POINT('Ctrl Pts',(3.79554598905608,2.10471816217638,-3.48566784327739));
#1849=CARTESIAN_POINT('Ctrl Pts',(2.598794415881,2.79529802595993,-3.48817140319543));
#1850=CARTESIAN_POINT('Ctrl Pts',(1.78054693768286,3.26746379808041,-3.48847254417187));
#1851=CARTESIAN_POINT('Ctrl Pts',(0.733691544693133,3.87154633865281,-3.48709162863258));
#1852=CARTESIAN_POINT('Ctrl Pts',(0.733037735934955,3.87192361565429,-3.48709072443598));
#1853=CARTESIAN_POINT('Ctrl Pts',(0.732383145806682,3.87230134353447,-3.48708983544688));
#1854=CARTESIAN_POINT('',(0.809317245794841,3.82790691435796,-3.48719111714183));
#1855=CARTESIAN_POINT('Ctrl Pts',(3.71950893914682,2.14859498390613,-3.48582502801524));
#1856=CARTESIAN_POINT('Ctrl Pts',(2.5925800584486,2.79888398803707,-3.48812549687902));
#1857=CARTESIAN_POINT('Ctrl Pts',(1.79825717074817,3.25724418659414,-3.48842947202927));
#1858=CARTESIAN_POINT('Ctrl Pts',(0.80931724710251,3.82790691412888,-3.48718898151363));
#1859=CARTESIAN_POINT('',(0.80931724579484,4.00108811212336,-1.48658555744242));
#1860=CARTESIAN_POINT('Ctrl Pts',(0.809435625886745,3.82783860425658,-3.48718912999749));
#1861=CARTESIAN_POINT('Ctrl Pts',(0.809421287474596,3.85670874441214,-3.15377426704256));
#1862=CARTESIAN_POINT('Ctrl Pts',(0.809404083963778,3.88558054044755,-2.82035945849481));
#1863=CARTESIAN_POINT('Ctrl Pts',(0.809383773309445,3.91445413330373,-2.4869447113309));
#1864=CARTESIAN_POINT('Ctrl Pts',(0.809364497026741,3.94185726514936,-2.17050995652493));
#1865=CARTESIAN_POINT('Ctrl Pts',(0.80932945463083,3.96926949632071,-1.85407526256379));
#1866=CARTESIAN_POINT('Ctrl Pts',(0.809317774712445,3.99666825449237,-1.53764062118474));
#1867=CARTESIAN_POINT('Ctrl Pts',(0.809317146548794,3.99814180108761,-1.52062228825532));
#1868=CARTESIAN_POINT('Ctrl Pts',(0.809317245794843,3.99961492795846,-1.50360391375021));
#1869=CARTESIAN_POINT('Ctrl Pts',(0.809317245794843,4.00108811212336,-1.48658555744242));
#1870=CARTESIAN_POINT('Ctrl Pts',(0.809317245794839,4.00108811212336,-1.48658555744242));
#1871=CARTESIAN_POINT('Ctrl Pts',(0.809971835900459,4.0007103841308,-1.48658641419293));
#1872=CARTESIAN_POINT('Ctrl Pts',(0.810626198778783,4.00033278725863,-1.48658728841878));
#1873=CARTESIAN_POINT('Ctrl Pts',(1.85622089506875,3.39697752375934,-1.48791534876668));
#1874=CARTESIAN_POINT('Ctrl Pts',(2.67102536703698,2.92679862113994,-1.48763838394889));
#1875=CARTESIAN_POINT('Ctrl Pts',(3.86742884579733,2.23641989337811,-1.48521053568454));
#1876=CARTESIAN_POINT('Ctrl Pts',(3.86845967887487,2.23582505623392,-1.48520839554064));
#1877=CARTESIAN_POINT('Ctrl Pts',(3.86948838872311,2.23523144428873,-1.48520627960864));
#1878=CARTESIAN_POINT('Origin',(0.809317245794842,4.99430109493799,-1.));
#1879=CARTESIAN_POINT('',(0.809317245794842,2.95681883765852,-3.4902088699836));
#1880=CARTESIAN_POINT('Ctrl Pts',(0.809317245794842,2.95681883765852,-3.4902088699836));
#1881=CARTESIAN_POINT('Ctrl Pts',(0.809317245794841,3.3394999258875,-3.48889371756977));
#1882=CARTESIAN_POINT('Ctrl Pts',(0.809317245794842,3.82790691435796,-3.48719111714183));
#1883=CARTESIAN_POINT('',(0.809317245794842,2.84614775095224,-3.23414380496746));
#1884=CARTESIAN_POINT('Ctrl Pts',(0.809317245794842,2.84614775095224,-3.23414380496746));
#1885=CARTESIAN_POINT('Ctrl Pts',(0.809317245794842,2.84587213048847,-3.23440891560204));
#1886=CARTESIAN_POINT('Ctrl Pts',(0.809317245794842,2.84559842590781,-3.23467416863387));
#1887=CARTESIAN_POINT('Ctrl Pts',(0.809317245794842,2.83197339804661,-3.24797674590176));
#1888=CARTESIAN_POINT('Ctrl Pts',(0.809317245794842,2.81927307104376,-3.26642191603785));
#1889=CARTESIAN_POINT('Ctrl Pts',(0.809317245794842,2.8048497926371,-3.30043500882906));
#1890=CARTESIAN_POINT('Ctrl Pts',(0.809317245794842,2.80044421987736,-3.32192722927434));
#1891=CARTESIAN_POINT('Ctrl Pts',(0.809317245794842,2.80044421987736,-3.35849241501654));
#1892=CARTESIAN_POINT('Ctrl Pts',(0.809317245794842,2.8048497926371,-3.37998463546183));
#1893=CARTESIAN_POINT('Ctrl Pts',(0.809317245794842,2.81927307104376,-3.41399772825303));
#1894=CARTESIAN_POINT('Ctrl Pts',(0.809317245794842,2.83197339804661,-3.43244289838912));
#1895=CARTESIAN_POINT('Ctrl Pts',(0.809317245794842,2.85899530625781,-3.45882530476415));
#1896=CARTESIAN_POINT('Ctrl Pts',(0.809317245794842,2.87822293003588,-3.47130691005716));
#1897=CARTESIAN_POINT('Ctrl Pts',(0.809317245794842,2.91393945403781,-3.48577408539341));
#1898=CARTESIAN_POINT('Ctrl Pts',(0.809317245794842,2.93683242626807,-3.49020982214544));
#1899=CARTESIAN_POINT('Ctrl Pts',(0.809317245794842,2.95644911235172,-3.49020982214544));
#1900=CARTESIAN_POINT('Ctrl Pts',(0.809317245794842,2.95663382236454,-3.49020950582195));
#1901=CARTESIAN_POINT('Ctrl Pts',(0.809317245794842,2.95681883765852,-3.4902088699836));
#1902=CARTESIAN_POINT('',(0.809317245794842,3.19806846231582,-2.89423781145404));
#1903=CARTESIAN_POINT('Ctrl Pts',(0.809317245794842,3.19806846231582,-2.89423781145404));
#1904=CARTESIAN_POINT('Ctrl Pts',(0.809317245794842,3.01255053288469,-3.0740862152261));
#1905=CARTESIAN_POINT('Ctrl Pts',(0.809317245794842,2.84614775095224,-3.23414380496746));
#1906=CARTESIAN_POINT('',(0.809317245794842,3.19806846231582,-2.68210577709807));
#1907=CARTESIAN_POINT('Ctrl Pts',(0.809317245794842,3.19806846231582,-2.68210577709807));
#1908=CARTESIAN_POINT('Ctrl Pts',(0.809317245794842,3.19829583633855,-2.68232620245089));
#1909=CARTESIAN_POINT('Ctrl Pts',(0.809317245794842,3.1985218821889,-2.68254671598176));
#1910=CARTESIAN_POINT('Ctrl Pts',(0.809317245794842,3.21203096875918,-2.69580699738875));
#1911=CARTESIAN_POINT('Ctrl Pts',(0.809317245794842,3.2246367120887,-2.7142479406007));
#1912=CARTESIAN_POINT('Ctrl Pts',(0.809317245794842,3.23898603958742,-2.7482904198018));
#1913=CARTESIAN_POINT('Ctrl Pts',(0.809317245794842,3.24336836007237,-2.76984343717367));
#1914=CARTESIAN_POINT('Ctrl Pts',(0.809317245794842,3.24336836007237,-2.78817179427606));
#1915=CARTESIAN_POINT('Ctrl Pts',(0.809317245794842,3.24336836007237,-2.80650015137844));
#1916=CARTESIAN_POINT('Ctrl Pts',(0.809317245794842,3.23898603958742,-2.82805316875031));
#1917=CARTESIAN_POINT('Ctrl Pts',(0.809317245794842,3.2246367120887,-2.86209564795141));
#1918=CARTESIAN_POINT('Ctrl Pts',(0.809317245794842,3.21203096875918,-2.88053659116337));
#1919=CARTESIAN_POINT('Ctrl Pts',(0.809317245794842,3.1985218821889,-2.89379687257035));
#1920=CARTESIAN_POINT('Ctrl Pts',(0.809317245794842,3.19829583633855,-2.89401738610122));
#1921=CARTESIAN_POINT('Ctrl Pts',(0.809317245794842,3.19806846231582,-2.89423781145404));
#1922=CARTESIAN_POINT('',(0.809317245794842,2.14777768138573,-1.67842175134321));
#1923=CARTESIAN_POINT('Ctrl Pts',(0.809317245794842,2.14777768138573,-1.67842175134321));
#1924=CARTESIAN_POINT('Ctrl Pts',(0.809317245794842,2.57870210135551,-2.08166757842698));
#1925=CARTESIAN_POINT('Ctrl Pts',(0.809317245794842,3.19806846231581,-2.68210577709807));
#1926=CARTESIAN_POINT('',(0.809317245794842,2.14777768138573,-1.));
#1927=CARTESIAN_POINT('',(0.809317245794842,2.14777768138573,-1.3392108756716));
#1928=CARTESIAN_POINT('',(0.809317245794842,4.00108811212336,-1.));
#1929=CARTESIAN_POINT('',(0.809317245794842,2.60322577524971,-1.));
#1930=CARTESIAN_POINT('',(0.809317245794842,4.00108811212336,-0.150068813963841));
#1931=CARTESIAN_POINT('Origin',(0.,0.,-3.48752841923643));
#1932=CARTESIAN_POINT('',(2.95935331702623,0.79999999254942,-3.4902088699836));
#1933=CARTESIAN_POINT('Ctrl Pts',(3.71981786478748,0.79999999254942,-3.48757470362379));
#1934=CARTESIAN_POINT('Ctrl Pts',(3.29867081444551,0.79999999254942,-3.48904174479062));
#1935=CARTESIAN_POINT('Ctrl Pts',(2.95935331702623,0.79999999254942,-3.4902088699836));
#1936=CARTESIAN_POINT('Origin',(0.,0.,-3.4902088699836));
#1937=CARTESIAN_POINT('Origin',(0.00102301973026298,-4.46869096642749,0.699862372072298));
#1938=CARTESIAN_POINT('',(-0.790682754205159,-4.01184105360553,-1.));
#1939=CARTESIAN_POINT('',(-0.790682754205159,-4.01184105360553,-0.150068813963851));
#1940=CARTESIAN_POINT('',(-0.105677312490592,-4.4071200658758,-1.));
#1941=CARTESIAN_POINT('',(-2.90186053660976,-2.79359632482342,0.699862372072302));
#1942=CARTESIAN_POINT('Origin',(-3.46944695195517E-17,6.67223775530814E-5,
0.599862372072308));
#1943=CARTESIAN_POINT('',(-2.2,6.67223775550226E-5,0.699862372072308));
#1944=CARTESIAN_POINT('Origin',(-3.46944695195518E-17,6.67223775528496E-5,
0.699862372072308));
#1945=CARTESIAN_POINT('',(-2.,6.67223775557785E-5,0.499862372072308));
#1946=CARTESIAN_POINT('',(-2.1,6.67223775551556E-5,0.599862372072308));
#1947=CARTESIAN_POINT('Origin',(-3.46944695195517E-17,6.67223775533131E-5,
0.499862372072308));
#1948=CARTESIAN_POINT('Origin',(2.77555756156289E-16,9.15933995315751E-17,
0.699862372072308));
#1949=CARTESIAN_POINT('',(2.90186053660976,2.79359632482342,0.699862372072315));
#1950=CARTESIAN_POINT('Origin',(-3.46944695195618E-17,6.67223775098583E-5,
19.2498623720723));
#1951=CARTESIAN_POINT('',(-1.475,6.67223775547701E-5,0.499862372072308));
#1952=CARTESIAN_POINT('Origin',(-3.46944695195517E-17,6.67223775533131E-5,
0.499862372072308));
#1953=CARTESIAN_POINT('',(-1.475,6.67223775559285E-5,2.99982848137757E-30));
#1954=CARTESIAN_POINT('',(-1.475,6.67223775116765E-5,19.2498623720723));
#1955=CARTESIAN_POINT('Origin',(-3.46944695195514E-17,6.67223775544716E-5,
0.));
#1956=CARTESIAN_POINT('Origin',(-3.46944695195517E-17,6.67223775533131E-5,
0.499862372072308));
#1957=CARTESIAN_POINT('Origin',(0.,0.,-0.5));
#1958=CARTESIAN_POINT('',(-2.25104416742494,-2.75673403437628E-16,-1.));
#1959=CARTESIAN_POINT('Origin',(0.,0.,-1.));
#1960=CARTESIAN_POINT('',(-2.25104416742494,-2.75673403437628E-16,0.));
#1961=CARTESIAN_POINT('',(-2.25104416742494,-2.75673403437628E-16,-0.5));
#1962=CARTESIAN_POINT('Origin',(0.,0.,6.16297582203915E-32));
#1963=CARTESIAN_POINT('Origin',(0.00104416742494479,0.,0.));
#1964=CARTESIAN_POINT('Origin',(-0.00102301973026686,4.46869096642749,0.699862372072319));
#1965=CARTESIAN_POINT('',(1.82753235227556,3.41353210590979,-1.));
#1966=CARTESIAN_POINT('Origin',(0.809317245794842,0.79999999254942,-1.));
#1967=CARTESIAN_POINT('',(2.15126553101205,0.79999999254942,-1.));
#1968=CARTESIAN_POINT('',(0.404810673771902,0.79999999254942,-1.));
#1969=CARTESIAN_POINT('',(2.15126553101205,0.79999999254942,-1.67842175134321));
#1970=CARTESIAN_POINT('',(2.15126553101205,0.79999999254942,-1.3392108756716));
#1971=CARTESIAN_POINT('',(3.20041189629099,0.79999999254942,-2.68210577709807));
#1972=CARTESIAN_POINT('Ctrl Pts',(3.20041189629099,0.79999999254942,-2.68210577709807));
#1973=CARTESIAN_POINT('Ctrl Pts',(2.58172040801376,0.79999999254942,-2.08188232570785));
#1974=CARTESIAN_POINT('Ctrl Pts',(2.15126553101205,0.79999999254942,-1.67842175134321));
#1975=CARTESIAN_POINT('',(3.200411896291,0.79999999254942,-2.89423781145404));
#1976=CARTESIAN_POINT('Ctrl Pts',(3.200411896291,0.79999999254942,-2.89423781145404));
#1977=CARTESIAN_POINT('Ctrl Pts',(3.20063372558079,0.79999999254942,-2.89402260380295));
#1978=CARTESIAN_POINT('Ctrl Pts',(3.20085428848707,0.79999999254942,-2.89380731337012));
#1979=CARTESIAN_POINT('Ctrl Pts',(3.21435336109178,0.79999999254942,-2.88055105312256));
#1980=CARTESIAN_POINT('Ctrl Pts',(3.22695284508424,0.79999999254942,-2.86210937019069));
#1981=CARTESIAN_POINT('Ctrl Pts',(3.2412979043463,0.79999999254942,-2.8280630340367));
#1982=CARTESIAN_POINT('Ctrl Pts',(3.24567908693703,0.79999999254942,-2.80650448215001));
#1983=CARTESIAN_POINT('Ctrl Pts',(3.24567908693703,0.79999999254942,-2.78817179427606));
#1984=CARTESIAN_POINT('Ctrl Pts',(3.24567908693703,0.79999999254942,-2.7698391064021));
#1985=CARTESIAN_POINT('Ctrl Pts',(3.2412979043463,0.79999999254942,-2.74828055451541));
#1986=CARTESIAN_POINT('Ctrl Pts',(3.22695284508424,0.79999999254942,-2.71423421836142));
#1987=CARTESIAN_POINT('Ctrl Pts',(3.21435336109178,0.79999999254942,-2.69579253542955));
#1988=CARTESIAN_POINT('Ctrl Pts',(3.20085428848707,0.79999999254942,-2.68253627518199));
#1989=CARTESIAN_POINT('Ctrl Pts',(3.20063372558079,0.79999999254942,-2.68232098474916));
#1990=CARTESIAN_POINT('Ctrl Pts',(3.20041189629099,0.79999999254942,-2.68210577709807));
#1991=CARTESIAN_POINT('',(2.84878069294784,0.79999999254942,-3.23414380496746));
#1992=CARTESIAN_POINT('Ctrl Pts',(2.84878069294784,0.79999999254942,-3.23414380496746));
#1993=CARTESIAN_POINT('Ctrl Pts',(3.01504658342216,0.79999999254942,-3.07406994098272));
#1994=CARTESIAN_POINT('Ctrl Pts',(3.200411896291,0.79999999254942,-2.89423781145404));
#1995=CARTESIAN_POINT('Ctrl Pts',(2.95935331702623,0.79999999254942,-3.4902088699836));
#1996=CARTESIAN_POINT('Ctrl Pts',(2.95916846018701,0.79999999254942,-3.49020950582194));
#1997=CARTESIAN_POINT('Ctrl Pts',(2.95898390839366,0.79999999254942,-3.49020982214544));
#1998=CARTESIAN_POINT('Ctrl Pts',(2.93938972092781,0.79999999254942,-3.49020982214544));
#1999=CARTESIAN_POINT('Ctrl Pts',(2.91652358398373,0.79999999254942,-3.48577652263656));
#2000=CARTESIAN_POINT('Ctrl Pts',(2.88084370388952,0.79999999254942,-3.47131648016129));
#2001=CARTESIAN_POINT('Ctrl Pts',(2.86163439210113,0.79999999254942,-3.4588381837723));
#2002=CARTESIAN_POINT('Ctrl Pts',(2.83463282903201,0.79999999254942,-3.43246059744055));
#2003=CARTESIAN_POINT('Ctrl Pts',(2.82194112601221,0.79999999254942,-3.41401476942813));
#2004=CARTESIAN_POINT('Ctrl Pts',(2.80752395399719,0.79999999254942,-3.37999710626904));
#2005=CARTESIAN_POINT('Ctrl Pts',(2.80312009106038,0.79999999254942,-3.35849786256891));
#2006=CARTESIAN_POINT('Ctrl Pts',(2.80312009106038,0.79999999254942,-3.32192178172198));
#2007=CARTESIAN_POINT('Ctrl Pts',(2.80752395399719,0.79999999254942,-3.30042253802185));
#2008=CARTESIAN_POINT('Ctrl Pts',(2.82194112601221,0.79999999254942,-3.26640487486276));
#2009=CARTESIAN_POINT('Ctrl Pts',(2.83463282903201,0.79999999254942,-3.24795904685034));
#2010=CARTESIAN_POINT('Ctrl Pts',(2.84824491154931,0.79999999254942,-3.2346615247463));
#2011=CARTESIAN_POINT('Ctrl Pts',(2.84851188910668,0.79999999254942,-3.23440259809325));
#2012=CARTESIAN_POINT('Ctrl Pts',(2.84878069294784,0.79999999254942,-3.23414380496746));
#2013=CARTESIAN_POINT('Origin',(5.50031506635217,-0.79999999254942,-1.));
#2014=CARTESIAN_POINT('',(2.95935331702623,-0.79999999254942,-3.4902088699836));
#2015=CARTESIAN_POINT('Ctrl Pts',(2.95935331702623,-0.79999999254942,-3.4902088699836));
#2016=CARTESIAN_POINT('Ctrl Pts',(3.29881655808645,-0.79999999254942,-3.48904124348704));
#2017=CARTESIAN_POINT('Ctrl Pts',(3.72018415344497,-0.79999999254942,-3.48757342767585));
#2018=CARTESIAN_POINT('',(2.84878069294784,-0.79999999254942,-3.23414380496746));
#2019=CARTESIAN_POINT('Ctrl Pts',(2.84878069294784,-0.79999999254942,-3.23414380496746));
#2020=CARTESIAN_POINT('Ctrl Pts',(2.84851188910668,-0.79999999254942,-3.23440259809325));
#2021=CARTESIAN_POINT('Ctrl Pts',(2.84824491154931,-0.79999999254942,-3.2346615247463));
#2022=CARTESIAN_POINT('Ctrl Pts',(2.83463282903201,-0.79999999254942,-3.24795904685034));
#2023=CARTESIAN_POINT('Ctrl Pts',(2.82194112601221,-0.79999999254942,-3.26640487486276));
#2024=CARTESIAN_POINT('Ctrl Pts',(2.80752395399719,-0.79999999254942,-3.30042253802185));
#2025=CARTESIAN_POINT('Ctrl Pts',(2.80312009106038,-0.79999999254942,-3.32192178172198));
#2026=CARTESIAN_POINT('Ctrl Pts',(2.80312009106038,-0.79999999254942,-3.35849786256891));
#2027=CARTESIAN_POINT('Ctrl Pts',(2.80752395399719,-0.79999999254942,-3.37999710626904));
#2028=CARTESIAN_POINT('Ctrl Pts',(2.82194112601221,-0.79999999254942,-3.41401476942813));
#2029=CARTESIAN_POINT('Ctrl Pts',(2.83463282903201,-0.79999999254942,-3.43246059744055));
#2030=CARTESIAN_POINT('Ctrl Pts',(2.86163439210113,-0.79999999254942,-3.4588381837723));
#2031=CARTESIAN_POINT('Ctrl Pts',(2.88084370388952,-0.79999999254942,-3.47131648016129));
#2032=CARTESIAN_POINT('Ctrl Pts',(2.91652358398374,-0.79999999254942,-3.48577652263656));
#2033=CARTESIAN_POINT('Ctrl Pts',(2.93938972092781,-0.79999999254942,-3.49020982214544));
#2034=CARTESIAN_POINT('Ctrl Pts',(2.95898390839366,-0.79999999254942,-3.49020982214544));
#2035=CARTESIAN_POINT('Ctrl Pts',(2.95916846018701,-0.79999999254942,-3.49020950582194));
#2036=CARTESIAN_POINT('Ctrl Pts',(2.95935331702623,-0.79999999254942,-3.4902088699836));
#2037=CARTESIAN_POINT('',(3.200411896291,-0.79999999254942,-2.89423781145404));
#2038=CARTESIAN_POINT('Ctrl Pts',(3.200411896291,-0.79999999254942,-2.89423781145404));
#2039=CARTESIAN_POINT('Ctrl Pts',(3.01504658342402,-0.79999999254942,-3.07406994098092));
#2040=CARTESIAN_POINT('Ctrl Pts',(2.84878069294784,-0.79999999254942,-3.23414380496746));
#2041=CARTESIAN_POINT('',(3.200411896291,-0.79999999254942,-2.68210577709807));
#2042=CARTESIAN_POINT('Ctrl Pts',(3.20041189629099,-0.79999999254942,-2.68210577709807));
#2043=CARTESIAN_POINT('Ctrl Pts',(3.20063372558079,-0.79999999254942,-2.68232098474916));
#2044=CARTESIAN_POINT('Ctrl Pts',(3.20085428848707,-0.79999999254942,-2.68253627518199));
#2045=CARTESIAN_POINT('Ctrl Pts',(3.21435336109178,-0.79999999254942,-2.69579253542955));
#2046=CARTESIAN_POINT('Ctrl Pts',(3.22695284508424,-0.79999999254942,-2.71423421836142));
#2047=CARTESIAN_POINT('Ctrl Pts',(3.2412979043463,-0.79999999254942,-2.74828055451541));
#2048=CARTESIAN_POINT('Ctrl Pts',(3.24567908693703,-0.79999999254942,-2.7698391064021));
#2049=CARTESIAN_POINT('Ctrl Pts',(3.24567908693703,-0.79999999254942,-2.78817179427606));
#2050=CARTESIAN_POINT('Ctrl Pts',(3.24567908693703,-0.79999999254942,-2.80650448215001));
#2051=CARTESIAN_POINT('Ctrl Pts',(3.2412979043463,-0.79999999254942,-2.8280630340367));
#2052=CARTESIAN_POINT('Ctrl Pts',(3.22695284508424,-0.79999999254942,-2.86210937019069));
#2053=CARTESIAN_POINT('Ctrl Pts',(3.21435336109178,-0.79999999254942,-2.88055105312256));
#2054=CARTESIAN_POINT('Ctrl Pts',(3.20085428848707,-0.79999999254942,-2.89380731337012));
#2055=CARTESIAN_POINT('Ctrl Pts',(3.20063372558079,-0.79999999254942,-2.89402260380295));
#2056=CARTESIAN_POINT('Ctrl Pts',(3.200411896291,-0.79999999254942,-2.89423781145404));
#2057=CARTESIAN_POINT('',(2.15126553101205,-0.79999999254942,-1.67842175134321));
#2058=CARTESIAN_POINT('Ctrl Pts',(2.15126553101205,-0.79999999254942,-1.67842175134321));
#2059=CARTESIAN_POINT('Ctrl Pts',(2.58172040801357,-0.79999999254942,-2.08188232570767));
#2060=CARTESIAN_POINT('Ctrl Pts',(3.20041189629099,-0.79999999254942,-2.68210577709807));
#2061=CARTESIAN_POINT('',(2.15126553101205,-0.79999999254942,-1.));
#2062=CARTESIAN_POINT('',(2.15126553101205,-0.79999999254942,-1.3392108756716));
#2063=CARTESIAN_POINT('',(2.75030958405056,-0.79999999254942,-1.));
#2064=CARTESIAN_POINT('Origin',(0.,0.,-3.48752841923643));
#2065=CARTESIAN_POINT('Origin',(0.,0.,-3.4902088699836));
#2066=CARTESIAN_POINT('Origin',(2.29520007254261,0.,-1.));
#2067=CARTESIAN_POINT('Origin',(0.,0.,-1.));
#2068=CARTESIAN_POINT('Origin',(0.,0.,-1.));
#2069=CARTESIAN_POINT('',(-0.790682754205159,-2.15470744074507,-1.));
#2070=CARTESIAN_POINT('',(-0.790682754205159,-2.14446484419495,-1.));
#2071=CARTESIAN_POINT('Origin',(0.,0.,-1.));
#2072=CARTESIAN_POINT('',(-2.15126552547069,0.800000007450581,-1.));
#2073=CARTESIAN_POINT('',(-2.74970138055264,0.800000007450581,-1.));
#2074=CARTESIAN_POINT('Origin',(0.,0.,-1.));
#2075=CARTESIAN_POINT('Origin',(-0.790682754205159,-4.50108014395133,-1.));
#2076=CARTESIAN_POINT('',(-0.790682754205159,-2.85138075444056,-3.23414380496746));
#2077=CARTESIAN_POINT('Ctrl Pts',(-0.790682754205159,-2.85138075444056,
-3.23414380496746));
#2078=CARTESIAN_POINT('Ctrl Pts',(-0.790682754205159,-2.85111866332154,
-3.23439636566451));
#2079=CARTESIAN_POINT('Ctrl Pts',(-0.790682754205159,-2.8508583121676,-3.23464905149821));
#2080=CARTESIAN_POINT('Ctrl Pts',(-0.790682754205159,-2.83725899091442,
-3.24794158612603));
#2081=CARTESIAN_POINT('Ctrl Pts',(-0.790682754205159,-2.82457579181937,
-3.26638806070024));
#2082=CARTESIAN_POINT('Ctrl Pts',(-0.790682754205159,-2.81016464210906,
-3.30041023365669));
#2083=CARTESIAN_POINT('Ctrl Pts',(-0.790682754205159,-2.80576246592401,
-3.32191640665754));
#2084=CARTESIAN_POINT('Ctrl Pts',(-0.790682754205159,-2.80576246592401,
-3.35850323763335));
#2085=CARTESIAN_POINT('Ctrl Pts',(-0.790682754205159,-2.81016464210906,
-3.3800094106342));
#2086=CARTESIAN_POINT('Ctrl Pts',(-0.790682754205159,-2.82457579181937,
-3.41403158359064));
#2087=CARTESIAN_POINT('Ctrl Pts',(-0.790682754205159,-2.83725899091442,
-3.43247805816486));
#2088=CARTESIAN_POINT('Ctrl Pts',(-0.790682754205159,-2.8642404968757,-3.45885088925136));
#2089=CARTESIAN_POINT('Ctrl Pts',(-0.790682754205159,-2.88343175681397,
-3.47132592012884));
#2090=CARTESIAN_POINT('Ctrl Pts',(-0.790682754205159,-2.9190755181773,-3.48577892660721));
#2091=CARTESIAN_POINT('Ctrl Pts',(-0.790682754205159,-2.94191520551882,
-3.49020982214544));
#2092=CARTESIAN_POINT('Ctrl Pts',(-0.790682754205159,-2.96148721765946,
-3.49020982214544));
#2093=CARTESIAN_POINT('Ctrl Pts',(-0.790682754205159,-2.96167161346452,
-3.49020950582193));
#2094=CARTESIAN_POINT('Ctrl Pts',(-0.790682754205159,-2.96185631408341,
-3.4902088699836));
#2095=CARTESIAN_POINT('',(-0.790682754205159,-3.20272650661941,-2.89423781145404));
#2096=CARTESIAN_POINT('Ctrl Pts',(-0.790682754205159,-3.20272650661941,
-2.89423781145404));
#2097=CARTESIAN_POINT('Ctrl Pts',(-0.790682754205159,-3.01751167170313,
-3.07405390790666));
#2098=CARTESIAN_POINT('Ctrl Pts',(-0.790682754205159,-2.85138075444056,
-3.23414380496746));
#2099=CARTESIAN_POINT('',(-0.790682754205159,-3.2027265066194,-2.68210577709807));
#2100=CARTESIAN_POINT('Ctrl Pts',(-0.790682754205159,-3.2027265066194,-2.68210577709807));
#2101=CARTESIAN_POINT('Ctrl Pts',(-0.790682754205159,-3.20294287189613,
-2.68231583564704));
#2102=CARTESIAN_POINT('Ctrl Pts',(-0.790682754205159,-3.20315803033873,
-2.68252597186722));
#2103=CARTESIAN_POINT('Ctrl Pts',(-0.790682754205159,-3.21664722523081,
-2.69577826342206));
#2104=CARTESIAN_POINT('Ctrl Pts',(-0.790682754205159,-3.22924053265006,
-2.71422067458759));
#2105=CARTESIAN_POINT('Ctrl Pts',(-0.790682754205159,-3.24358137926172,
-2.74827081735453));
#2106=CARTESIAN_POINT('Ctrl Pts',(-0.790682754205159,-3.24796143845059,
-2.76983483180207));
#2107=CARTESIAN_POINT('Ctrl Pts',(-0.790682754205159,-3.24796143845059,
-2.78817179427606));
#2108=CARTESIAN_POINT('Ctrl Pts',(-0.790682754205159,-3.24796143845059,
-2.80650875675004));
#2109=CARTESIAN_POINT('Ctrl Pts',(-0.790682754205159,-3.24358137926172,
-2.82807277119759));
#2110=CARTESIAN_POINT('Ctrl Pts',(-0.790682754205159,-3.22924053265006,
-2.86212291396452));
#2111=CARTESIAN_POINT('Ctrl Pts',(-0.790682754205159,-3.21664722523081,
-2.88056532513005));
#2112=CARTESIAN_POINT('Ctrl Pts',(-0.790682754205159,-3.20315803033873,
-2.8938176166849));
#2113=CARTESIAN_POINT('Ctrl Pts',(-0.790682754205159,-3.20294287189613,
-2.89402775290507));
#2114=CARTESIAN_POINT('Ctrl Pts',(-0.790682754205159,-3.20272650661941,
-2.89423781145404));
#2115=CARTESIAN_POINT('',(-0.790682754205159,-2.15470744074507,-1.67842175134321));
#2116=CARTESIAN_POINT('Ctrl Pts',(-0.790682754205159,-2.15470744074507,
-1.67842175134321));
#2117=CARTESIAN_POINT('Ctrl Pts',(-0.790682754205159,-2.58469979741359,
-2.0820936322659));
#2118=CARTESIAN_POINT('Ctrl Pts',(-0.790682754205159,-3.2027265066194,-2.68210577709807));
#2119=CARTESIAN_POINT('',(-0.790682754205159,-2.15470744074507,-1.3392108756716));
#2120=CARTESIAN_POINT('Origin',(-5.49970686285424,0.800000007450581,-1.));
#2121=CARTESIAN_POINT('',(-2.84878068876327,0.800000007450581,-3.23414380496746));
#2122=CARTESIAN_POINT('Ctrl Pts',(-2.84878068876327,0.800000007450581,-3.23414380496746));
#2123=CARTESIAN_POINT('Ctrl Pts',(-2.84851188491129,0.800000007450581,-3.23440259810329));
#2124=CARTESIAN_POINT('Ctrl Pts',(-2.84824490734325,0.800000007450581,-3.23466152476639));
#2125=CARTESIAN_POINT('Ctrl Pts',(-2.83463282480539,0.800000007450581,-3.24795904687845));
#2126=CARTESIAN_POINT('Ctrl Pts',(-2.82194112177189,0.800000007450581,-3.26640487488983));
#2127=CARTESIAN_POINT('Ctrl Pts',(-2.80752394974717,0.800000007450581,-3.30042253804166));
#2128=CARTESIAN_POINT('Ctrl Pts',(-2.80312008680765,0.800000007450581,-3.32192178173063));
#2129=CARTESIAN_POINT('Ctrl Pts',(-2.80312008680765,0.800000007450581,-3.35849786256025));
#2130=CARTESIAN_POINT('Ctrl Pts',(-2.80752394974717,0.800000007450581,-3.37999710624922));
#2131=CARTESIAN_POINT('Ctrl Pts',(-2.82194112177189,0.800000007450581,-3.41401476940106));
#2132=CARTESIAN_POINT('Ctrl Pts',(-2.83463282480539,0.800000007450581,-3.43246059741243));
#2133=CARTESIAN_POINT('Ctrl Pts',(-2.86163438790681,0.800000007450581,-3.45883818375184));
#2134=CARTESIAN_POINT('Ctrl Pts',(-2.88084369972428,0.800000007450581,-3.47131648014608));
#2135=CARTESIAN_POINT('Ctrl Pts',(-2.91652357987668,0.800000007450581,-3.48577652263269));
#2136=CARTESIAN_POINT('Ctrl Pts',(-2.93938971686336,0.800000007450581,-3.49020982214544));
#2137=CARTESIAN_POINT('Ctrl Pts',(-2.95898390436494,0.800000007450581,-3.49020982214544));
#2138=CARTESIAN_POINT('Ctrl Pts',(-2.95916845615854,0.800000007450581,-3.49020950582194));
#2139=CARTESIAN_POINT('Ctrl Pts',(-2.95935331299801,0.800000007450581,-3.4902088699836));
#2140=CARTESIAN_POINT('',(-3.20041189256618,0.800000007450581,-2.89423781145404));
#2141=CARTESIAN_POINT('Ctrl Pts',(-3.20041189256619,0.800000007450581,-2.89423781145404));
#2142=CARTESIAN_POINT('Ctrl Pts',(-3.01504657945312,0.800000007450581,-3.07406994101036));
#2143=CARTESIAN_POINT('Ctrl Pts',(-2.84878068876327,0.800000007450581,-3.23414380496746));
#2144=CARTESIAN_POINT('',(-3.20041189256618,0.800000007450581,-2.68210577709807));
#2145=CARTESIAN_POINT('Ctrl Pts',(-3.20041189256618,0.800000007450581,-2.68210577709807));
#2146=CARTESIAN_POINT('Ctrl Pts',(-3.20063372186478,0.800000007450581,-2.68232098475745));
#2147=CARTESIAN_POINT('Ctrl Pts',(-3.20085428477977,0.800000007450581,-2.68253627519858));
#2148=CARTESIAN_POINT('Ctrl Pts',(-3.21435335740039,0.800000007450581,-2.69579253545253));
#2149=CARTESIAN_POINT('Ctrl Pts',(-3.22695284140279,0.800000007450581,-2.71423421838323));
#2150=CARTESIAN_POINT('Ctrl Pts',(-3.24129790067163,0.800000007450581,-2.74828055453108));
#2151=CARTESIAN_POINT('Ctrl Pts',(-3.24567908326417,0.800000007450581,-2.76983910640898));
#2152=CARTESIAN_POINT('Ctrl Pts',(-3.24567908326417,0.800000007450581,-2.78817179427606));
#2153=CARTESIAN_POINT('Ctrl Pts',(-3.24567908326417,0.800000007450581,-2.80650448214313));
#2154=CARTESIAN_POINT('Ctrl Pts',(-3.24129790067163,0.800000007450581,-2.82806303402103));
#2155=CARTESIAN_POINT('Ctrl Pts',(-3.22695284140279,0.800000007450581,-2.86210937016889));
#2156=CARTESIAN_POINT('Ctrl Pts',(-3.21435335740039,0.800000007450581,-2.88055105309958));
#2157=CARTESIAN_POINT('Ctrl Pts',(-3.20085428477977,0.800000007450581,-2.89380731335354));
#2158=CARTESIAN_POINT('Ctrl Pts',(-3.20063372186478,0.800000007450581,-2.89402260379466));
#2159=CARTESIAN_POINT('Ctrl Pts',(-3.20041189256618,0.800000007450581,-2.89423781145404));
#2160=CARTESIAN_POINT('',(-2.15126552547069,0.800000007450581,-1.67842175134321));
#2161=CARTESIAN_POINT('Ctrl Pts',(-2.15126552547069,0.800000007450581,-1.67842175134321));
#2162=CARTESIAN_POINT('Ctrl Pts',(-2.5817204032175,0.800000007450581,-2.08188232536696));
#2163=CARTESIAN_POINT('Ctrl Pts',(-3.20041189256618,0.800000007450581,-2.68210577709807));
#2164=CARTESIAN_POINT('',(-2.15126552547069,0.800000007450581,-1.3392108756716));
#2165=CARTESIAN_POINT('Origin',(0.,0.,-3.34020982214544));
#2166=CARTESIAN_POINT('Origin',(0.,0.,-3.23414380496746));
#2167=CARTESIAN_POINT('Origin',(0.,0.,-3.34020982214544));
#2168=CARTESIAN_POINT('Origin',(0.,0.,-3.23414380496746));
#2169=CARTESIAN_POINT('Origin',(0.,0.,-3.34020982214544));
#2170=CARTESIAN_POINT('Origin',(0.,0.,-3.23414380496746));
#2171=CARTESIAN_POINT('Origin',(0.,0.,-3.06419080821075));
#2172=CARTESIAN_POINT('Origin',(0.,0.,-2.89423781145404));
#2173=CARTESIAN_POINT('Origin',(0.,0.,-3.06419080821075));
#2174=CARTESIAN_POINT('Origin',(0.,0.,-2.89423781145404));
#2175=CARTESIAN_POINT('Origin',(0.,0.,-3.06419080821075));
#2176=CARTESIAN_POINT('Origin',(0.,0.,-2.89423781145404));
#2177=CARTESIAN_POINT('Origin',(0.,0.,-2.78817179427606));
#2178=CARTESIAN_POINT('Origin',(0.,0.,-2.68210577709807));
#2179=CARTESIAN_POINT('Origin',(0.,0.,-2.78817179427606));
#2180=CARTESIAN_POINT('Origin',(0.,0.,-2.68210577709807));
#2181=CARTESIAN_POINT('Origin',(0.,0.,-2.78817179427606));
#2182=CARTESIAN_POINT('Origin',(0.,0.,-2.68210577709807));
#2183=CARTESIAN_POINT('Origin',(0.,0.,-2.18026376422064));
#2184=CARTESIAN_POINT('Origin',(0.,0.,-1.67842175134321));
#2185=CARTESIAN_POINT('Origin',(0.,0.,-2.18026376422064));
#2186=CARTESIAN_POINT('Origin',(0.,0.,-1.67842175134321));
#2187=CARTESIAN_POINT('Origin',(0.,0.,-2.18026376422064));
#2188=CARTESIAN_POINT('Origin',(0.,0.,-1.67842175134321));
#2189=CARTESIAN_POINT('Origin',(0.,0.,-1.3392108756716));
#2190=CARTESIAN_POINT('Origin',(0.,0.,-1.3392108756716));
#2191=CARTESIAN_POINT('Origin',(0.,0.,-1.3392108756716));
#2192=CARTESIAN_POINT('Origin',(0.,0.,-1.3392108756716));
#2193=CARTESIAN_POINT('Origin',(0.,0.,-1.67842175134321));
#2194=CARTESIAN_POINT('Origin',(0.,0.,-2.18026376422064));
#2195=CARTESIAN_POINT('Origin',(0.,0.,-2.68210577709807));
#2196=CARTESIAN_POINT('Origin',(0.,0.,-2.78817179427606));
#2197=CARTESIAN_POINT('Origin',(0.,0.,-2.89423781145404));
#2198=CARTESIAN_POINT('Origin',(0.,0.,-3.06419080821075));
#2199=CARTESIAN_POINT('Origin',(0.,0.,-3.23414380496746));
#2200=CARTESIAN_POINT('Origin',(0.,0.,-3.34020982214544));
#2201=UNCERTAINTY_MEASURE_WITH_UNIT(LENGTH_MEASURE(0.01),#2205,
'DISTANCE_ACCURACY_VALUE',
'Maximum model space distance between geometric entities at asserted c
onnectivities');
#2202=UNCERTAINTY_MEASURE_WITH_UNIT(LENGTH_MEASURE(0.01),#2205,
'DISTANCE_ACCURACY_VALUE',
'Maximum model space distance between geometric entities at asserted c
onnectivities');
#2203=(
GEOMETRIC_REPRESENTATION_CONTEXT(3)
GLOBAL_UNCERTAINTY_ASSIGNED_CONTEXT((#2201))
GLOBAL_UNIT_ASSIGNED_CONTEXT((#2205,#2207,#2208))
REPRESENTATION_CONTEXT('','3D')
);
#2204=(
GEOMETRIC_REPRESENTATION_CONTEXT(3)
GLOBAL_UNCERTAINTY_ASSIGNED_CONTEXT((#2202))
GLOBAL_UNIT_ASSIGNED_CONTEXT((#2205,#2207,#2208))
REPRESENTATION_CONTEXT('','3D')
);
#2205=(
LENGTH_UNIT()
NAMED_UNIT(*)
SI_UNIT(.MILLI.,.METRE.)
);
#2206=(
LENGTH_UNIT()
NAMED_UNIT(*)
SI_UNIT($,.METRE.)
);
#2207=(
NAMED_UNIT(*)
PLANE_ANGLE_UNIT()
SI_UNIT($,.RADIAN.)
);
#2208=(
NAMED_UNIT(*)
SI_UNIT($,.STERADIAN.)
SOLID_ANGLE_UNIT()
);
#2209=SHAPE_DEFINITION_REPRESENTATION(#2210,#2211);
#2210=PRODUCT_DEFINITION_SHAPE('',$,#2213);
#2211=SHAPE_REPRESENTATION('',(#959),#2203);
#2212=PRODUCT_DEFINITION_CONTEXT('part definition',#2217,'design');
#2213=PRODUCT_DEFINITION('Pin Couipler (2) cap','Pin Couipler (2) cap',
#2214,#2212);
#2214=PRODUCT_DEFINITION_FORMATION('',$,#2219);
#2215=PRODUCT_RELATED_PRODUCT_CATEGORY('Pin Couipler (2) cap',
'Pin Couipler (2) cap',(#2219));
#2216=APPLICATION_PROTOCOL_DEFINITION('international standard',
'automotive_design',2009,#2217);
#2217=APPLICATION_CONTEXT(
'Core Data for Automotive Mechanical Design Process');
#2218=PRODUCT_CONTEXT('part definition',#2217,'mechanical');
#2219=PRODUCT('Pin Couipler (2) cap','Pin Couipler (2) cap',$,(#2218));
#2220=PRESENTATION_STYLE_ASSIGNMENT((#2221));
#2221=SURFACE_STYLE_USAGE(.BOTH.,#2222);
#2222=SURFACE_SIDE_STYLE('',(#2223));
#2223=SURFACE_STYLE_FILL_AREA(#2224);
#2224=FILL_AREA_STYLE('Steel - Satin',(#2225));
#2225=FILL_AREA_STYLE_COLOUR('Steel - Satin',#2226);
#2226=COLOUR_RGB('Steel - Satin',0.627450980392157,0.627450980392157,0.627450980392157);
ENDSEC;
END-ISO-10303-21;
