ISO-10303-21;
HEADER;
/* Generated by software containing ST-Developer
 * from STEP Tools, Inc. (www.steptools.com) 
 */

FILE_DESCRIPTION(
/* description */ (''),
/* implementation_level */ '2;1');

FILE_NAME(
/* name */ 'Base.step',
/* time_stamp */ '2026-03-31T08:37:58+01:00',
/* author */ (''),
/* organization */ (''),
/* preprocessor_version */ 'ST-DEVELOPER v20.1',
/* originating_system */ 'Autodesk Translation Framework v14.24.0.0',
/* authorisation */ '');

FILE_SCHEMA (('AUTOMOTIVE_DESIGN { 1 0 10303 214 3 1 1 }'));
ENDSEC;

DATA;
#10=MECHANICAL_DESIGN_GEOMETRIC_PRESENTATION_REPRESENTATION('',(#13,#14,
#15),#4529);
#11=SHAPE_REPRESENTATION_RELATIONSHIP('SRR','None',#4536,#12);
#12=ADVANCED_BREP_SHAPE_REPRESENTATION('',(#16,#17,#18),#4528);
#13=STYLED_ITEM('',(#4545),#16);
#14=STYLED_ITEM('',(#4545),#17);
#15=STYLED_ITEM('',(#4545),#18);
#16=MANIFOLD_SOLID_BREP('Base',#2531);
#17=MANIFOLD_SOLID_BREP('Batt-lug1',#2532);
#18=MANIFOLD_SOLID_BREP('Batt-lug2',#2533);
#19=SPHERICAL_SURFACE('',#2650,1.);
#20=SPHERICAL_SURFACE('',#2655,1.);
#21=SPHERICAL_SURFACE('',#2657,1.);
#22=SPHERICAL_SURFACE('',#2659,1.);
#23=TOROIDAL_SURFACE('',#2646,21.25,1.);
#24=ELLIPSE('',#2608,1.41421356237309,1.);
#25=ELLIPSE('',#2634,1.4142135623731,1.);
#26=ELLIPSE('',#2694,5.,2.50000000000001);
#27=ELLIPSE('',#2695,5.,2.5);
#28=ELLIPSE('',#2696,5.,2.50000000000001);
#29=ELLIPSE('',#2700,5.,2.5);
#30=CIRCLE('',#2574,22.25);
#31=CIRCLE('',#2575,22.25);
#32=CIRCLE('',#2577,22.8);
#33=CIRCLE('',#2578,1.);
#34=CIRCLE('',#2579,1.);
#35=CIRCLE('',#2580,22.8);
#36=CIRCLE('',#2582,22.8);
#37=CIRCLE('',#2583,22.8);
#38=CIRCLE('',#2585,22.8);
#39=CIRCLE('',#2587,22.8);
#40=CIRCLE('',#2589,22.8);
#41=CIRCLE('',#2590,1.75);
#42=CIRCLE('',#2591,1.75);
#43=CIRCLE('',#2592,1.15);
#44=CIRCLE('',#2593,1.15);
#45=CIRCLE('',#2594,1.15);
#46=CIRCLE('',#2595,1.15);
#47=CIRCLE('',#2610,1.);
#48=CIRCLE('',#2612,21.25);
#49=CIRCLE('',#2614,21.25);
#50=CIRCLE('',#2617,1.);
#51=CIRCLE('',#2621,21.25);
#52=CIRCLE('',#2622,21.25);
#53=CIRCLE('',#2625,21.25);
#54=CIRCLE('',#2626,21.25);
#55=CIRCLE('',#2632,21.25);
#56=CIRCLE('',#2638,1.);
#57=CIRCLE('',#2640,0.999999999999996);
#58=CIRCLE('',#2644,0.999999999999996);
#59=CIRCLE('',#2645,1.);
#60=CIRCLE('',#2647,22.25);
#61=CIRCLE('',#2648,1.);
#62=CIRCLE('',#2649,0.999999999999996);
#63=CIRCLE('',#2651,1.);
#64=CIRCLE('',#2653,0.999999999999996);
#65=CIRCLE('',#2654,0.999999999999999);
#66=CIRCLE('',#2656,1.);
#67=CIRCLE('',#2658,1.);
#68=CIRCLE('',#2660,1.);
#69=CIRCLE('',#2665,1.);
#70=CIRCLE('',#2668,1.);
#71=CIRCLE('',#2670,22.25);
#72=CIRCLE('',#2672,1.75);
#73=CIRCLE('',#2674,1.75);
#74=CIRCLE('',#2690,1.15);
#75=CIRCLE('',#2691,1.15);
#76=CIRCLE('',#2692,1.15);
#77=CIRCLE('',#2693,1.15);
#78=CIRCLE('',#2709,1.15);
#79=CIRCLE('',#2710,1.15);
#80=CIRCLE('',#2712,22.8);
#81=CYLINDRICAL_SURFACE('',#2573,22.25);
#82=CYLINDRICAL_SURFACE('',#2581,22.8);
#83=CYLINDRICAL_SURFACE('',#2584,22.8);
#84=CYLINDRICAL_SURFACE('',#2586,22.8);
#85=CYLINDRICAL_SURFACE('',#2620,21.25);
#86=CYLINDRICAL_SURFACE('',#2624,21.25);
#87=CYLINDRICAL_SURFACE('',#2637,1.);
#88=CYLINDRICAL_SURFACE('',#2639,1.);
#89=CYLINDRICAL_SURFACE('',#2643,1.);
#90=CYLINDRICAL_SURFACE('',#2652,1.);
#91=CYLINDRICAL_SURFACE('',#2661,1.);
#92=CYLINDRICAL_SURFACE('',#2663,1.);
#93=CYLINDRICAL_SURFACE('',#2664,1.);
#94=CYLINDRICAL_SURFACE('',#2667,1.);
#95=CYLINDRICAL_SURFACE('',#2669,22.25);
#96=CYLINDRICAL_SURFACE('',#2671,1.75);
#97=CYLINDRICAL_SURFACE('',#2673,1.75);
#98=CYLINDRICAL_SURFACE('',#2714,1.15);
#99=CYLINDRICAL_SURFACE('',#2716,1.15);
#100=CYLINDRICAL_SURFACE('',#2718,1.15);
#101=CYLINDRICAL_SURFACE('',#2720,1.15);
#102=CYLINDRICAL_SURFACE('',#2722,22.8);
#103=B_SPLINE_SURFACE_WITH_KNOTS('',3,1,((#3615,#3616),(#3617,#3618),(#3619,
#3620),(#3621,#3622),(#3623,#3624),(#3625,#3626),(#3627,#3628),(#3629,#3630),
(#3631,#3632),(#3633,#3634),(#3635,#3636),(#3637,#3638),(#3639,#3640),(#3641,
#3642),(#3643,#3644),(#3645,#3646),(#3647,#3648),(#3649,#3650),(#3651,#3652),
(#3653,#3654),(#3655,#3656),(#3657,#3658),(#3659,#3660),(#3661,#3662),(#3663,
#3664),(#3665,#3666),(#3667,#3668),(#3669,#3670),(#3671,#3672),(#3673,#3674),
(#3675,#3676)),.UNSPECIFIED.,.F.,.F.,.F.,(4,3,3,3,3,3,3,3,3,3,4),(2,2),
(-0.450995523853844,-0.450778651727378,-0.441936725486785,-0.391817530955984,
-0.295067266465803,-0.151949725989653,-0.0803909557515777,-0.0278791862595559,
-0.00883218551350276,0.,0.000377196603393257),(0.569748322858641,5.7),
 .UNSPECIFIED.);
#104=FACE_BOUND('',#902,.T.);
#105=FACE_BOUND('',#903,.T.);
#106=FACE_BOUND('',#916,.T.);
#107=FACE_BOUND('',#917,.T.);
#108=FACE_BOUND('',#933,.T.);
#109=FACE_BOUND('',#938,.T.);
#110=FACE_BOUND('',#939,.T.);
#111=FACE_BOUND('',#940,.T.);
#112=FACE_BOUND('',#941,.T.);
#113=FACE_BOUND('',#1000,.T.);
#114=FACE_BOUND('',#1008,.T.);
#115=FACE_BOUND('',#1018,.T.);
#116=FACE_BOUND('',#1025,.T.);
#117=LINE('',#3430,#389);
#118=LINE('',#3432,#390);
#119=LINE('',#3434,#391);
#120=LINE('',#3435,#392);
#121=LINE('',#3497,#393);
#122=LINE('',#3499,#394);
#123=LINE('',#3501,#395);
#124=LINE('',#3503,#396);
#125=LINE('',#3505,#397);
#126=LINE('',#3507,#398);
#127=LINE('',#3509,#399);
#128=LINE('',#3511,#400);
#129=LINE('',#3513,#401);
#130=LINE('',#3515,#402);
#131=LINE('',#3517,#403);
#132=LINE('',#3518,#404);
#133=LINE('',#3519,#405);
#134=LINE('',#3520,#406);
#135=LINE('',#3521,#407);
#136=LINE('',#3522,#408);
#137=LINE('',#3525,#409);
#138=LINE('',#3527,#410);
#139=LINE('',#3528,#411);
#140=LINE('',#3531,#412);
#141=LINE('',#3533,#413);
#142=LINE('',#3534,#414);
#143=LINE('',#3537,#415);
#144=LINE('',#3539,#416);
#145=LINE('',#3540,#417);
#146=LINE('',#3544,#418);
#147=LINE('',#3546,#419);
#148=LINE('',#3548,#420);
#149=LINE('',#3549,#421);
#150=LINE('',#3552,#422);
#151=LINE('',#3554,#423);
#152=LINE('',#3555,#424);
#153=LINE('',#3558,#425);
#154=LINE('',#3560,#426);
#155=LINE('',#3561,#427);
#156=LINE('',#3565,#428);
#157=LINE('',#3566,#429);
#158=LINE('',#3567,#430);
#159=LINE('',#3569,#431);
#160=LINE('',#3571,#432);
#161=LINE('',#3574,#433);
#162=LINE('',#3575,#434);
#163=LINE('',#3578,#435);
#164=LINE('',#3579,#436);
#165=LINE('',#3583,#437);
#166=LINE('',#3584,#438);
#167=LINE('',#3586,#439);
#168=LINE('',#3587,#440);
#169=LINE('',#3589,#441);
#170=LINE('',#3591,#442);
#171=LINE('',#3593,#443);
#172=LINE('',#3594,#444);
#173=LINE('',#3595,#445);
#174=LINE('',#3596,#446);
#175=LINE('',#3597,#447);
#176=LINE('',#3598,#448);
#177=LINE('',#3602,#449);
#178=LINE('',#3604,#450);
#179=LINE('',#3612,#451);
#180=LINE('',#3614,#452);
#181=LINE('',#3778,#453);
#182=LINE('',#3785,#454);
#183=LINE('',#3789,#455);
#184=LINE('',#3791,#456);
#185=LINE('',#3793,#457);
#186=LINE('',#3795,#458);
#187=LINE('',#3797,#459);
#188=LINE('',#3799,#460);
#189=LINE('',#3965,#461);
#190=LINE('',#3969,#462);
#191=LINE('',#3971,#463);
#192=LINE('',#3973,#464);
#193=LINE('',#3975,#465);
#194=LINE('',#3977,#466);
#195=LINE('',#3978,#467);
#196=LINE('',#3983,#468);
#197=LINE('',#3989,#469);
#198=LINE('',#3993,#470);
#199=LINE('',#3999,#471);
#200=LINE('',#4001,#472);
#201=LINE('',#4002,#473);
#202=LINE('',#4006,#474);
#203=LINE('',#4008,#475);
#204=LINE('',#4010,#476);
#205=LINE('',#4012,#477);
#206=LINE('',#4014,#478);
#207=LINE('',#4016,#479);
#208=LINE('',#4018,#480);
#209=LINE('',#4020,#481);
#210=LINE('',#4022,#482);
#211=LINE('',#4023,#483);
#212=LINE('',#4032,#484);
#213=LINE('',#4036,#485);
#214=LINE('',#4040,#486);
#215=LINE('',#4043,#487);
#216=LINE('',#4050,#488);
#217=LINE('',#4051,#489);
#218=LINE('',#4053,#490);
#219=LINE('',#4058,#491);
#220=LINE('',#4060,#492);
#221=LINE('',#4062,#493);
#222=LINE('',#4064,#494);
#223=LINE('',#4066,#495);
#224=LINE('',#4068,#496);
#225=LINE('',#4070,#497);
#226=LINE('',#4072,#498);
#227=LINE('',#4074,#499);
#228=LINE('',#4076,#500);
#229=LINE('',#4078,#501);
#230=LINE('',#4079,#502);
#231=LINE('',#4083,#503);
#232=LINE('',#4084,#504);
#233=LINE('',#4085,#505);
#234=LINE('',#4088,#506);
#235=LINE('',#4089,#507);
#236=LINE('',#4092,#508);
#237=LINE('',#4093,#509);
#238=LINE('',#4097,#510);
#239=LINE('',#4098,#511);
#240=LINE('',#4099,#512);
#241=LINE('',#4103,#513);
#242=LINE('',#4104,#514);
#243=LINE('',#4105,#515);
#244=LINE('',#4108,#516);
#245=LINE('',#4109,#517);
#246=LINE('',#4112,#518);
#247=LINE('',#4113,#519);
#248=LINE('',#4116,#520);
#249=LINE('',#4118,#521);
#250=LINE('',#4119,#522);
#251=LINE('',#4122,#523);
#252=LINE('',#4124,#524);
#253=LINE('',#4127,#525);
#254=LINE('',#4130,#526);
#255=LINE('',#4133,#527);
#256=LINE('',#4135,#528);
#257=LINE('',#4137,#529);
#258=LINE('',#4141,#530);
#259=LINE('',#4143,#531);
#260=LINE('',#4144,#532);
#261=LINE('',#4147,#533);
#262=LINE('',#4149,#534);
#263=LINE('',#4153,#535);
#264=LINE('',#4154,#536);
#265=LINE('',#4156,#537);
#266=LINE('',#4160,#538);
#267=LINE('',#4163,#539);
#268=LINE('',#4164,#540);
#269=LINE('',#4167,#541);
#270=LINE('',#4168,#542);
#271=LINE('',#4173,#543);
#272=LINE('',#4177,#544);
#273=LINE('',#4179,#545);
#274=LINE('',#4180,#546);
#275=LINE('',#4184,#547);
#276=LINE('',#4188,#548);
#277=LINE('',#4189,#549);
#278=LINE('',#4192,#550);
#279=LINE('',#4193,#551);
#280=LINE('',#4195,#552);
#281=LINE('',#4201,#553);
#282=LINE('',#4206,#554);
#283=LINE('',#4207,#555);
#284=LINE('',#4208,#556);
#285=LINE('',#4210,#557);
#286=LINE('',#4211,#558);
#287=LINE('',#4214,#559);
#288=LINE('',#4219,#560);
#289=LINE('',#4221,#561);
#290=LINE('',#4224,#562);
#291=LINE('',#4225,#563);
#292=LINE('',#4230,#564);
#293=LINE('',#4243,#565);
#294=LINE('',#4252,#566);
#295=LINE('',#4254,#567);
#296=LINE('',#4258,#568);
#297=LINE('',#4262,#569);
#298=LINE('',#4263,#570);
#299=LINE('',#4266,#571);
#300=LINE('',#4273,#572);
#301=LINE('',#4277,#573);
#302=LINE('',#4281,#574);
#303=LINE('',#4283,#575);
#304=LINE('',#4285,#576);
#305=LINE('',#4286,#577);
#306=LINE('',#4289,#578);
#307=LINE('',#4291,#579);
#308=LINE('',#4292,#580);
#309=LINE('',#4295,#581);
#310=LINE('',#4297,#582);
#311=LINE('',#4298,#583);
#312=LINE('',#4301,#584);
#313=LINE('',#4303,#585);
#314=LINE('',#4304,#586);
#315=LINE('',#4307,#587);
#316=LINE('',#4309,#588);
#317=LINE('',#4310,#589);
#318=LINE('',#4312,#590);
#319=LINE('',#4313,#591);
#320=LINE('',#4317,#592);
#321=LINE('',#4319,#593);
#322=LINE('',#4320,#594);
#323=LINE('',#4323,#595);
#324=LINE('',#4324,#596);
#325=LINE('',#4327,#597);
#326=LINE('',#4328,#598);
#327=LINE('',#4331,#599);
#328=LINE('',#4332,#600);
#329=LINE('',#4335,#601);
#330=LINE('',#4336,#602);
#331=LINE('',#4338,#603);
#332=LINE('',#4343,#604);
#333=LINE('',#4347,#605);
#334=LINE('',#4351,#606);
#335=LINE('',#4355,#607);
#336=LINE('',#4359,#608);
#337=LINE('',#4361,#609);
#338=LINE('',#4365,#610);
#339=LINE('',#4367,#611);
#340=LINE('',#4369,#612);
#341=LINE('',#4372,#613);
#342=LINE('',#4384,#614);
#343=LINE('',#4387,#615);
#344=LINE('',#4390,#616);
#345=LINE('',#4391,#617);
#346=LINE('',#4394,#618);
#347=LINE('',#4395,#619);
#348=LINE('',#4398,#620);
#349=LINE('',#4399,#621);
#350=LINE('',#4412,#622);
#351=LINE('',#4415,#623);
#352=LINE('',#4416,#624);
#353=LINE('',#4419,#625);
#354=LINE('',#4420,#626);
#355=LINE('',#4424,#627);
#356=LINE('',#4426,#628);
#357=LINE('',#4428,#629);
#358=LINE('',#4429,#630);
#359=LINE('',#4430,#631);
#360=LINE('',#4433,#632);
#361=LINE('',#4435,#633);
#362=LINE('',#4436,#634);
#363=LINE('',#4439,#635);
#364=LINE('',#4441,#636);
#365=LINE('',#4442,#637);
#366=LINE('',#4444,#638);
#367=LINE('',#4445,#639);
#368=LINE('',#4447,#640);
#369=LINE('',#4453,#641);
#370=LINE('',#4456,#642);
#371=LINE('',#4457,#643);
#372=LINE('',#4460,#644);
#373=LINE('',#4461,#645);
#374=LINE('',#4463,#646);
#375=LINE('',#4465,#647);
#376=LINE('',#4467,#648);
#377=LINE('',#4469,#649);
#378=LINE('',#4471,#650);
#379=LINE('',#4473,#651);
#380=LINE('',#4476,#652);
#381=LINE('',#4482,#653);
#382=LINE('',#4484,#654);
#383=LINE('',#4486,#655);
#384=LINE('',#4487,#656);
#385=LINE('',#4509,#657);
#386=LINE('',#4512,#658);
#387=LINE('',#4514,#659);
#388=LINE('',#4515,#660);
#389=VECTOR('',#2734,10.);
#390=VECTOR('',#2735,10.);
#391=VECTOR('',#2736,10.);
#392=VECTOR('',#2737,10.);
#393=VECTOR('',#2740,10.);
#394=VECTOR('',#2741,10.);
#395=VECTOR('',#2742,10.);
#396=VECTOR('',#2743,10.);
#397=VECTOR('',#2744,10.);
#398=VECTOR('',#2745,10.);
#399=VECTOR('',#2746,10.);
#400=VECTOR('',#2747,10.);
#401=VECTOR('',#2748,10.);
#402=VECTOR('',#2749,10.);
#403=VECTOR('',#2750,10.);
#404=VECTOR('',#2751,10.);
#405=VECTOR('',#2752,10.);
#406=VECTOR('',#2753,10.);
#407=VECTOR('',#2754,10.);
#408=VECTOR('',#2755,10.);
#409=VECTOR('',#2758,10.);
#410=VECTOR('',#2759,10.);
#411=VECTOR('',#2760,10.);
#412=VECTOR('',#2763,10.);
#413=VECTOR('',#2764,10.);
#414=VECTOR('',#2765,10.);
#415=VECTOR('',#2768,10.);
#416=VECTOR('',#2769,10.);
#417=VECTOR('',#2770,10.);
#418=VECTOR('',#2773,10.);
#419=VECTOR('',#2774,10.);
#420=VECTOR('',#2775,10.);
#421=VECTOR('',#2776,10.);
#422=VECTOR('',#2779,10.);
#423=VECTOR('',#2780,10.);
#424=VECTOR('',#2781,10.);
#425=VECTOR('',#2784,10.);
#426=VECTOR('',#2785,10.);
#427=VECTOR('',#2786,10.);
#428=VECTOR('',#2789,10.);
#429=VECTOR('',#2790,10.);
#430=VECTOR('',#2791,10.);
#431=VECTOR('',#2794,10.);
#432=VECTOR('',#2797,10.);
#433=VECTOR('',#2800,10.);
#434=VECTOR('',#2801,10.);
#435=VECTOR('',#2804,10.);
#436=VECTOR('',#2805,10.);
#437=VECTOR('',#2808,10.);
#438=VECTOR('',#2809,10.);
#439=VECTOR('',#2810,10.);
#440=VECTOR('',#2811,10.);
#441=VECTOR('',#2812,10.);
#442=VECTOR('',#2813,10.);
#443=VECTOR('',#2814,10.);
#444=VECTOR('',#2815,10.);
#445=VECTOR('',#2816,10.);
#446=VECTOR('',#2817,10.);
#447=VECTOR('',#2818,10.);
#448=VECTOR('',#2819,10.);
#449=VECTOR('',#2826,10.);
#450=VECTOR('',#2829,10.);
#451=VECTOR('',#2844,10.);
#452=VECTOR('',#2847,10.);
#453=VECTOR('',#2852,10.);
#454=VECTOR('',#2861,10.);
#455=VECTOR('',#2864,10.);
#456=VECTOR('',#2865,10.);
#457=VECTOR('',#2866,10.);
#458=VECTOR('',#2867,10.);
#459=VECTOR('',#2868,10.);
#460=VECTOR('',#2869,10.);
#461=VECTOR('',#2870,10.);
#462=VECTOR('',#2873,10.);
#463=VECTOR('',#2874,10.);
#464=VECTOR('',#2875,10.);
#465=VECTOR('',#2876,10.);
#466=VECTOR('',#2877,10.);
#467=VECTOR('',#2878,10.);
#468=VECTOR('',#2883,10.);
#469=VECTOR('',#2892,10.);
#470=VECTOR('',#2897,10.);
#471=VECTOR('',#2898,10.);
#472=VECTOR('',#2899,10.);
#473=VECTOR('',#2900,10.);
#474=VECTOR('',#2903,10.);
#475=VECTOR('',#2904,10.);
#476=VECTOR('',#2905,10.);
#477=VECTOR('',#2906,10.);
#478=VECTOR('',#2907,10.);
#479=VECTOR('',#2908,10.);
#480=VECTOR('',#2909,10.);
#481=VECTOR('',#2910,10.);
#482=VECTOR('',#2911,10.);
#483=VECTOR('',#2912,10.);
#484=VECTOR('',#2919,10.);
#485=VECTOR('',#2922,10.);
#486=VECTOR('',#2925,10.);
#487=VECTOR('',#2928,10.);
#488=VECTOR('',#2929,10.);
#489=VECTOR('',#2930,10.);
#490=VECTOR('',#2933,10.);
#491=VECTOR('',#2938,10.);
#492=VECTOR('',#2939,10.);
#493=VECTOR('',#2940,10.);
#494=VECTOR('',#2941,10.);
#495=VECTOR('',#2942,10.);
#496=VECTOR('',#2943,10.);
#497=VECTOR('',#2944,10.);
#498=VECTOR('',#2945,10.);
#499=VECTOR('',#2946,10.);
#500=VECTOR('',#2947,10.);
#501=VECTOR('',#2948,10.);
#502=VECTOR('',#2949,10.);
#503=VECTOR('',#2952,10.);
#504=VECTOR('',#2953,10.);
#505=VECTOR('',#2954,10.);
#506=VECTOR('',#2957,10.);
#507=VECTOR('',#2958,10.);
#508=VECTOR('',#2961,10.);
#509=VECTOR('',#2962,10.);
#510=VECTOR('',#2965,10.);
#511=VECTOR('',#2966,10.);
#512=VECTOR('',#2967,10.);
#513=VECTOR('',#2970,10.);
#514=VECTOR('',#2971,10.);
#515=VECTOR('',#2972,10.);
#516=VECTOR('',#2975,10.);
#517=VECTOR('',#2976,10.);
#518=VECTOR('',#2979,10.);
#519=VECTOR('',#2980,10.);
#520=VECTOR('',#2983,10.);
#521=VECTOR('',#2984,10.);
#522=VECTOR('',#2985,10.);
#523=VECTOR('',#2988,10.);
#524=VECTOR('',#2989,10.);
#525=VECTOR('',#2994,10.);
#526=VECTOR('',#2997,10.);
#527=VECTOR('',#3000,10.);
#528=VECTOR('',#3001,10.);
#529=VECTOR('',#3002,10.);
#530=VECTOR('',#3005,10.);
#531=VECTOR('',#3006,10.);
#532=VECTOR('',#3007,10.);
#533=VECTOR('',#3010,10.);
#534=VECTOR('',#3011,10.);
#535=VECTOR('',#3014,10.);
#536=VECTOR('',#3015,10.);
#537=VECTOR('',#3018,10.);
#538=VECTOR('',#3023,10.);
#539=VECTOR('',#3026,10.);
#540=VECTOR('',#3027,10.);
#541=VECTOR('',#3030,10.);
#542=VECTOR('',#3031,10.);
#543=VECTOR('',#3036,10.);
#544=VECTOR('',#3041,10.);
#545=VECTOR('',#3042,10.);
#546=VECTOR('',#3043,10.);
#547=VECTOR('',#3048,10.);
#548=VECTOR('',#3053,10.);
#549=VECTOR('',#3054,10.);
#550=VECTOR('',#3057,10.);
#551=VECTOR('',#3058,10.);
#552=VECTOR('',#3061,10.);
#553=VECTOR('',#3070,10.);
#554=VECTOR('',#3075,10.);
#555=VECTOR('',#3076,10.);
#556=VECTOR('',#3077,10.);
#557=VECTOR('',#3080,10.);
#558=VECTOR('',#3081,10.);
#559=VECTOR('',#3084,10.);
#560=VECTOR('',#3091,10.);
#561=VECTOR('',#3094,10.);
#562=VECTOR('',#3097,10.);
#563=VECTOR('',#3098,10.);
#564=VECTOR('',#3103,10.);
#565=VECTOR('',#3122,10.);
#566=VECTOR('',#3139,10.);
#567=VECTOR('',#3142,10.);
#568=VECTOR('',#3147,10.);
#569=VECTOR('',#3152,10.);
#570=VECTOR('',#3153,10.);
#571=VECTOR('',#3156,10.);
#572=VECTOR('',#3167,1.75);
#573=VECTOR('',#3172,1.75);
#574=VECTOR('',#3175,10.);
#575=VECTOR('',#3176,10.);
#576=VECTOR('',#3177,10.);
#577=VECTOR('',#3178,10.);
#578=VECTOR('',#3181,10.);
#579=VECTOR('',#3182,10.);
#580=VECTOR('',#3183,10.);
#581=VECTOR('',#3186,10.);
#582=VECTOR('',#3187,10.);
#583=VECTOR('',#3188,10.);
#584=VECTOR('',#3191,10.);
#585=VECTOR('',#3192,10.);
#586=VECTOR('',#3193,10.);
#587=VECTOR('',#3196,10.);
#588=VECTOR('',#3197,10.);
#589=VECTOR('',#3198,10.);
#590=VECTOR('',#3201,10.);
#591=VECTOR('',#3202,10.);
#592=VECTOR('',#3207,10.);
#593=VECTOR('',#3208,10.);
#594=VECTOR('',#3209,10.);
#595=VECTOR('',#3212,10.);
#596=VECTOR('',#3213,10.);
#597=VECTOR('',#3216,10.);
#598=VECTOR('',#3217,10.);
#599=VECTOR('',#3220,10.);
#600=VECTOR('',#3221,10.);
#601=VECTOR('',#3224,10.);
#602=VECTOR('',#3225,10.);
#603=VECTOR('',#3228,10.);
#604=VECTOR('',#3233,10.);
#605=VECTOR('',#3236,10.);
#606=VECTOR('',#3239,10.);
#607=VECTOR('',#3242,10.);
#608=VECTOR('',#3245,10.);
#609=VECTOR('',#3246,10.);
#610=VECTOR('',#3249,10.);
#611=VECTOR('',#3250,10.);
#612=VECTOR('',#3251,10.);
#613=VECTOR('',#3254,10.);
#614=VECTOR('',#3255,10.);
#615=VECTOR('',#3258,10.);
#616=VECTOR('',#3261,10.);
#617=VECTOR('',#3262,10.);
#618=VECTOR('',#3265,10.);
#619=VECTOR('',#3266,10.);
#620=VECTOR('',#3269,10.);
#621=VECTOR('',#3270,10.);
#622=VECTOR('',#3273,10.);
#623=VECTOR('',#3276,10.);
#624=VECTOR('',#3277,10.);
#625=VECTOR('',#3280,10.);
#626=VECTOR('',#3281,10.);
#627=VECTOR('',#3284,10.);
#628=VECTOR('',#3285,10.);
#629=VECTOR('',#3286,10.);
#630=VECTOR('',#3287,10.);
#631=VECTOR('',#3288,10.);
#632=VECTOR('',#3291,10.);
#633=VECTOR('',#3292,10.);
#634=VECTOR('',#3293,10.);
#635=VECTOR('',#3296,10.);
#636=VECTOR('',#3297,10.);
#637=VECTOR('',#3298,10.);
#638=VECTOR('',#3301,10.);
#639=VECTOR('',#3302,10.);
#640=VECTOR('',#3305,10.);
#641=VECTOR('',#3312,10.);
#642=VECTOR('',#3315,10.);
#643=VECTOR('',#3316,10.);
#644=VECTOR('',#3321,10.);
#645=VECTOR('',#3322,10.);
#646=VECTOR('',#3325,10.);
#647=VECTOR('',#3328,10.);
#648=VECTOR('',#3331,10.);
#649=VECTOR('',#3334,10.);
#650=VECTOR('',#3337,10.);
#651=VECTOR('',#3340,10.);
#652=VECTOR('',#3345,10.);
#653=VECTOR('',#3352,10.);
#654=VECTOR('',#3353,10.);
#655=VECTOR('',#3354,10.);
#656=VECTOR('',#3355,10.);
#657=VECTOR('',#3362,10.);
#658=VECTOR('',#3365,10.);
#659=VECTOR('',#3366,10.);
#660=VECTOR('',#3367,10.);
#661=PLANE('',#2547);
#662=PLANE('',#2548);
#663=PLANE('',#2549);
#664=PLANE('',#2550);
#665=PLANE('',#2551);
#666=PLANE('',#2552);
#667=PLANE('',#2553);
#668=PLANE('',#2554);
#669=PLANE('',#2555);
#670=PLANE('',#2556);
#671=PLANE('',#2557);
#672=PLANE('',#2558);
#673=PLANE('',#2559);
#674=PLANE('',#2560);
#675=PLANE('',#2561);
#676=PLANE('',#2562);
#677=PLANE('',#2563);
#678=PLANE('',#2564);
#679=PLANE('',#2565);
#680=PLANE('',#2566);
#681=PLANE('',#2567);
#682=PLANE('',#2568);
#683=PLANE('',#2569);
#684=PLANE('',#2570);
#685=PLANE('',#2571);
#686=PLANE('',#2572);
#687=PLANE('',#2576);
#688=PLANE('',#2588);
#689=PLANE('',#2596);
#690=PLANE('',#2597);
#691=PLANE('',#2598);
#692=PLANE('',#2599);
#693=PLANE('',#2600);
#694=PLANE('',#2601);
#695=PLANE('',#2602);
#696=PLANE('',#2603);
#697=PLANE('',#2604);
#698=PLANE('',#2605);
#699=PLANE('',#2606);
#700=PLANE('',#2607);
#701=PLANE('',#2609);
#702=PLANE('',#2611);
#703=PLANE('',#2613);
#704=PLANE('',#2615);
#705=PLANE('',#2616);
#706=PLANE('',#2618);
#707=PLANE('',#2619);
#708=PLANE('',#2623);
#709=PLANE('',#2627);
#710=PLANE('',#2628);
#711=PLANE('',#2629);
#712=PLANE('',#2630);
#713=PLANE('',#2631);
#714=PLANE('',#2633);
#715=PLANE('',#2635);
#716=PLANE('',#2636);
#717=PLANE('',#2641);
#718=PLANE('',#2642);
#719=PLANE('',#2662);
#720=PLANE('',#2666);
#721=PLANE('',#2675);
#722=PLANE('',#2676);
#723=PLANE('',#2677);
#724=PLANE('',#2678);
#725=PLANE('',#2679);
#726=PLANE('',#2680);
#727=PLANE('',#2681);
#728=PLANE('',#2682);
#729=PLANE('',#2683);
#730=PLANE('',#2684);
#731=PLANE('',#2685);
#732=PLANE('',#2686);
#733=PLANE('',#2687);
#734=PLANE('',#2688);
#735=PLANE('',#2689);
#736=PLANE('',#2697);
#737=PLANE('',#2698);
#738=PLANE('',#2699);
#739=PLANE('',#2701);
#740=PLANE('',#2702);
#741=PLANE('',#2703);
#742=PLANE('',#2704);
#743=PLANE('',#2705);
#744=PLANE('',#2706);
#745=PLANE('',#2707);
#746=PLANE('',#2708);
#747=PLANE('',#2711);
#748=PLANE('',#2713);
#749=PLANE('',#2715);
#750=PLANE('',#2717);
#751=PLANE('',#2719);
#752=PLANE('',#2721);
#753=PLANE('',#2723);
#754=PLANE('',#2724);
#755=PLANE('',#2725);
#756=PLANE('',#2726);
#757=PLANE('',#2727);
#758=PLANE('',#2728);
#759=PLANE('',#2729);
#760=FACE_OUTER_BOUND('',#896,.T.);
#761=FACE_OUTER_BOUND('',#897,.T.);
#762=FACE_OUTER_BOUND('',#898,.T.);
#763=FACE_OUTER_BOUND('',#899,.T.);
#764=FACE_OUTER_BOUND('',#900,.T.);
#765=FACE_OUTER_BOUND('',#901,.T.);
#766=FACE_OUTER_BOUND('',#904,.T.);
#767=FACE_OUTER_BOUND('',#905,.T.);
#768=FACE_OUTER_BOUND('',#906,.T.);
#769=FACE_OUTER_BOUND('',#907,.T.);
#770=FACE_OUTER_BOUND('',#908,.T.);
#771=FACE_OUTER_BOUND('',#909,.T.);
#772=FACE_OUTER_BOUND('',#910,.T.);
#773=FACE_OUTER_BOUND('',#911,.T.);
#774=FACE_OUTER_BOUND('',#912,.T.);
#775=FACE_OUTER_BOUND('',#913,.T.);
#776=FACE_OUTER_BOUND('',#914,.T.);
#777=FACE_OUTER_BOUND('',#915,.T.);
#778=FACE_OUTER_BOUND('',#918,.T.);
#779=FACE_OUTER_BOUND('',#919,.T.);
#780=FACE_OUTER_BOUND('',#920,.T.);
#781=FACE_OUTER_BOUND('',#921,.T.);
#782=FACE_OUTER_BOUND('',#922,.T.);
#783=FACE_OUTER_BOUND('',#923,.T.);
#784=FACE_OUTER_BOUND('',#924,.T.);
#785=FACE_OUTER_BOUND('',#925,.T.);
#786=FACE_OUTER_BOUND('',#926,.T.);
#787=FACE_OUTER_BOUND('',#927,.T.);
#788=FACE_OUTER_BOUND('',#928,.T.);
#789=FACE_OUTER_BOUND('',#929,.T.);
#790=FACE_OUTER_BOUND('',#930,.T.);
#791=FACE_OUTER_BOUND('',#931,.T.);
#792=FACE_OUTER_BOUND('',#932,.T.);
#793=FACE_OUTER_BOUND('',#934,.T.);
#794=FACE_OUTER_BOUND('',#935,.T.);
#795=FACE_OUTER_BOUND('',#936,.T.);
#796=FACE_OUTER_BOUND('',#937,.T.);
#797=FACE_OUTER_BOUND('',#942,.T.);
#798=FACE_OUTER_BOUND('',#943,.T.);
#799=FACE_OUTER_BOUND('',#944,.T.);
#800=FACE_OUTER_BOUND('',#945,.T.);
#801=FACE_OUTER_BOUND('',#946,.T.);
#802=FACE_OUTER_BOUND('',#947,.T.);
#803=FACE_OUTER_BOUND('',#948,.T.);
#804=FACE_OUTER_BOUND('',#949,.T.);
#805=FACE_OUTER_BOUND('',#950,.T.);
#806=FACE_OUTER_BOUND('',#951,.T.);
#807=FACE_OUTER_BOUND('',#952,.T.);
#808=FACE_OUTER_BOUND('',#953,.T.);
#809=FACE_OUTER_BOUND('',#954,.T.);
#810=FACE_OUTER_BOUND('',#955,.T.);
#811=FACE_OUTER_BOUND('',#956,.T.);
#812=FACE_OUTER_BOUND('',#957,.T.);
#813=FACE_OUTER_BOUND('',#958,.T.);
#814=FACE_OUTER_BOUND('',#959,.T.);
#815=FACE_OUTER_BOUND('',#960,.T.);
#816=FACE_OUTER_BOUND('',#961,.T.);
#817=FACE_OUTER_BOUND('',#962,.T.);
#818=FACE_OUTER_BOUND('',#963,.T.);
#819=FACE_OUTER_BOUND('',#964,.T.);
#820=FACE_OUTER_BOUND('',#965,.T.);
#821=FACE_OUTER_BOUND('',#966,.T.);
#822=FACE_OUTER_BOUND('',#967,.T.);
#823=FACE_OUTER_BOUND('',#968,.T.);
#824=FACE_OUTER_BOUND('',#969,.T.);
#825=FACE_OUTER_BOUND('',#970,.T.);
#826=FACE_OUTER_BOUND('',#971,.T.);
#827=FACE_OUTER_BOUND('',#972,.T.);
#828=FACE_OUTER_BOUND('',#973,.T.);
#829=FACE_OUTER_BOUND('',#974,.T.);
#830=FACE_OUTER_BOUND('',#975,.T.);
#831=FACE_OUTER_BOUND('',#976,.T.);
#832=FACE_OUTER_BOUND('',#977,.T.);
#833=FACE_OUTER_BOUND('',#978,.T.);
#834=FACE_OUTER_BOUND('',#979,.T.);
#835=FACE_OUTER_BOUND('',#980,.T.);
#836=FACE_OUTER_BOUND('',#981,.T.);
#837=FACE_OUTER_BOUND('',#982,.T.);
#838=FACE_OUTER_BOUND('',#983,.T.);
#839=FACE_OUTER_BOUND('',#984,.T.);
#840=FACE_OUTER_BOUND('',#985,.T.);
#841=FACE_OUTER_BOUND('',#986,.T.);
#842=FACE_OUTER_BOUND('',#987,.T.);
#843=FACE_OUTER_BOUND('',#988,.T.);
#844=FACE_OUTER_BOUND('',#989,.T.);
#845=FACE_OUTER_BOUND('',#990,.T.);
#846=FACE_OUTER_BOUND('',#991,.T.);
#847=FACE_OUTER_BOUND('',#992,.T.);
#848=FACE_OUTER_BOUND('',#993,.T.);
#849=FACE_OUTER_BOUND('',#994,.T.);
#850=FACE_OUTER_BOUND('',#995,.T.);
#851=FACE_OUTER_BOUND('',#996,.T.);
#852=FACE_OUTER_BOUND('',#997,.T.);
#853=FACE_OUTER_BOUND('',#998,.T.);
#854=FACE_OUTER_BOUND('',#999,.T.);
#855=FACE_OUTER_BOUND('',#1001,.T.);
#856=FACE_OUTER_BOUND('',#1002,.T.);
#857=FACE_OUTER_BOUND('',#1003,.T.);
#858=FACE_OUTER_BOUND('',#1004,.T.);
#859=FACE_OUTER_BOUND('',#1005,.T.);
#860=FACE_OUTER_BOUND('',#1006,.T.);
#861=FACE_OUTER_BOUND('',#1007,.T.);
#862=FACE_OUTER_BOUND('',#1009,.T.);
#863=FACE_OUTER_BOUND('',#1010,.T.);
#864=FACE_OUTER_BOUND('',#1011,.T.);
#865=FACE_OUTER_BOUND('',#1012,.T.);
#866=FACE_OUTER_BOUND('',#1013,.T.);
#867=FACE_OUTER_BOUND('',#1014,.T.);
#868=FACE_OUTER_BOUND('',#1015,.T.);
#869=FACE_OUTER_BOUND('',#1016,.T.);
#870=FACE_OUTER_BOUND('',#1017,.T.);
#871=FACE_OUTER_BOUND('',#1019,.T.);
#872=FACE_OUTER_BOUND('',#1020,.T.);
#873=FACE_OUTER_BOUND('',#1021,.T.);
#874=FACE_OUTER_BOUND('',#1022,.T.);
#875=FACE_OUTER_BOUND('',#1023,.T.);
#876=FACE_OUTER_BOUND('',#1024,.T.);
#877=FACE_OUTER_BOUND('',#1026,.T.);
#878=FACE_OUTER_BOUND('',#1027,.T.);
#879=FACE_OUTER_BOUND('',#1028,.T.);
#880=FACE_OUTER_BOUND('',#1029,.T.);
#881=FACE_OUTER_BOUND('',#1030,.T.);
#882=FACE_OUTER_BOUND('',#1031,.T.);
#883=FACE_OUTER_BOUND('',#1032,.T.);
#884=FACE_OUTER_BOUND('',#1033,.T.);
#885=FACE_OUTER_BOUND('',#1034,.T.);
#886=FACE_OUTER_BOUND('',#1035,.T.);
#887=FACE_OUTER_BOUND('',#1036,.T.);
#888=FACE_OUTER_BOUND('',#1037,.T.);
#889=FACE_OUTER_BOUND('',#1038,.T.);
#890=FACE_OUTER_BOUND('',#1039,.T.);
#891=FACE_OUTER_BOUND('',#1040,.T.);
#892=FACE_OUTER_BOUND('',#1041,.T.);
#893=FACE_OUTER_BOUND('',#1042,.T.);
#894=FACE_OUTER_BOUND('',#1043,.T.);
#895=FACE_OUTER_BOUND('',#1044,.T.);
#896=EDGE_LOOP('',(#1668,#1669,#1670,#1671));
#897=EDGE_LOOP('',(#1672,#1673,#1674,#1675));
#898=EDGE_LOOP('',(#1676,#1677,#1678,#1679));
#899=EDGE_LOOP('',(#1680,#1681,#1682,#1683));
#900=EDGE_LOOP('',(#1684,#1685,#1686,#1687));
#901=EDGE_LOOP('',(#1688,#1689,#1690,#1691,#1692,#1693,#1694,#1695,#1696,
#1697,#1698,#1699));
#902=EDGE_LOOP('',(#1700,#1701,#1702,#1703));
#903=EDGE_LOOP('',(#1704,#1705,#1706,#1707));
#904=EDGE_LOOP('',(#1708,#1709,#1710,#1711));
#905=EDGE_LOOP('',(#1712,#1713,#1714,#1715));
#906=EDGE_LOOP('',(#1716,#1717,#1718,#1719));
#907=EDGE_LOOP('',(#1720,#1721,#1722,#1723));
#908=EDGE_LOOP('',(#1724,#1725,#1726,#1727));
#909=EDGE_LOOP('',(#1728,#1729,#1730,#1731));
#910=EDGE_LOOP('',(#1732,#1733,#1734,#1735));
#911=EDGE_LOOP('',(#1736,#1737,#1738,#1739));
#912=EDGE_LOOP('',(#1740,#1741,#1742,#1743));
#913=EDGE_LOOP('',(#1744,#1745,#1746,#1747));
#914=EDGE_LOOP('',(#1748,#1749,#1750,#1751));
#915=EDGE_LOOP('',(#1752,#1753,#1754,#1755,#1756,#1757,#1758,#1759,#1760,
#1761,#1762,#1763));
#916=EDGE_LOOP('',(#1764,#1765,#1766,#1767));
#917=EDGE_LOOP('',(#1768,#1769,#1770,#1771));
#918=EDGE_LOOP('',(#1772,#1773));
#919=EDGE_LOOP('',(#1774,#1775));
#920=EDGE_LOOP('',(#1776,#1777,#1778,#1779));
#921=EDGE_LOOP('',(#1780,#1781,#1782,#1783));
#922=EDGE_LOOP('',(#1784,#1785));
#923=EDGE_LOOP('',(#1786,#1787));
#924=EDGE_LOOP('',(#1788,#1789));
#925=EDGE_LOOP('',(#1790,#1791));
#926=EDGE_LOOP('',(#1792,#1793));
#927=EDGE_LOOP('',(#1794,#1795));
#928=EDGE_LOOP('',(#1796,#1797,#1798,#1799));
#929=EDGE_LOOP('',(#1800,#1801,#1802,#1803));
#930=EDGE_LOOP('',(#1804,#1805,#1806,#1807,#1808,#1809,#1810,#1811));
#931=EDGE_LOOP('',(#1812,#1813,#1814,#1815));
#932=EDGE_LOOP('',(#1816,#1817,#1818,#1819,#1820,#1821,#1822,#1823,#1824,
#1825,#1826,#1827,#1828,#1829,#1830,#1831,#1832,#1833,#1834,#1835,#1836,
#1837,#1838,#1839));
#933=EDGE_LOOP('',(#1840,#1841,#1842,#1843,#1844,#1845));
#934=EDGE_LOOP('',(#1846,#1847,#1848,#1849));
#935=EDGE_LOOP('',(#1850,#1851,#1852,#1853));
#936=EDGE_LOOP('',(#1854,#1855,#1856,#1857));
#937=EDGE_LOOP('',(#1858,#1859,#1860,#1861,#1862,#1863,#1864,#1865,#1866,
#1867,#1868,#1869));
#938=EDGE_LOOP('',(#1870,#1871,#1872,#1873,#1874,#1875,#1876,#1877,#1878,
#1879));
#939=EDGE_LOOP('',(#1880));
#940=EDGE_LOOP('',(#1881));
#941=EDGE_LOOP('',(#1882,#1883,#1884,#1885,#1886,#1887,#1888,#1889));
#942=EDGE_LOOP('',(#1890,#1891,#1892,#1893));
#943=EDGE_LOOP('',(#1894,#1895,#1896,#1897));
#944=EDGE_LOOP('',(#1898,#1899,#1900,#1901));
#945=EDGE_LOOP('',(#1902,#1903,#1904,#1905,#1906,#1907,#1908,#1909,#1910,
#1911,#1912,#1913));
#946=EDGE_LOOP('',(#1914,#1915,#1916,#1917));
#947=EDGE_LOOP('',(#1918,#1919,#1920,#1921));
#948=EDGE_LOOP('',(#1922,#1923,#1924,#1925));
#949=EDGE_LOOP('',(#1926,#1927,#1928,#1929));
#950=EDGE_LOOP('',(#1930,#1931,#1932,#1933));
#951=EDGE_LOOP('',(#1934,#1935,#1936,#1937));
#952=EDGE_LOOP('',(#1938,#1939,#1940,#1941));
#953=EDGE_LOOP('',(#1942,#1943,#1944,#1945,#1946,#1947));
#954=EDGE_LOOP('',(#1948,#1949,#1950,#1951));
#955=EDGE_LOOP('',(#1952,#1953,#1954,#1955,#1956,#1957,#1958));
#956=EDGE_LOOP('',(#1959,#1960,#1961,#1962,#1963,#1964,#1965,#1966,#1967,
#1968));
#957=EDGE_LOOP('',(#1969,#1970,#1971,#1972,#1973,#1974,#1975,#1976,#1977,
#1978));
#958=EDGE_LOOP('',(#1979,#1980,#1981,#1982));
#959=EDGE_LOOP('',(#1983,#1984,#1985,#1986,#1987,#1988,#1989));
#960=EDGE_LOOP('',(#1990,#1991,#1992,#1993));
#961=EDGE_LOOP('',(#1994,#1995,#1996,#1997));
#962=EDGE_LOOP('',(#1998,#1999,#2000,#2001));
#963=EDGE_LOOP('',(#2002,#2003,#2004,#2005));
#964=EDGE_LOOP('',(#2006,#2007,#2008,#2009));
#965=EDGE_LOOP('',(#2010,#2011,#2012,#2013));
#966=EDGE_LOOP('',(#2014,#2015,#2016,#2017));
#967=EDGE_LOOP('',(#2018,#2019,#2020,#2021,#2022,#2023));
#968=EDGE_LOOP('',(#2024,#2025,#2026,#2027,#2028,#2029,#2030,#2031,#2032,
#2033));
#969=EDGE_LOOP('',(#2034,#2035));
#970=EDGE_LOOP('',(#2036,#2037,#2038,#2039));
#971=EDGE_LOOP('',(#2040,#2041,#2042,#2043));
#972=EDGE_LOOP('',(#2044,#2045,#2046,#2047));
#973=EDGE_LOOP('',(#2048,#2049,#2050,#2051,#2052));
#974=EDGE_LOOP('',(#2053,#2054,#2055,#2056,#2057));
#975=EDGE_LOOP('',(#2058,#2059,#2060,#2061,#2062,#2063));
#976=EDGE_LOOP('',(#2064,#2065,#2066,#2067,#2068,#2069));
#977=EDGE_LOOP('',(#2070,#2071,#2072,#2073));
#978=EDGE_LOOP('',(#2074,#2075,#2076,#2077,#2078,#2079,#2080,#2081,#2082,
#2083));
#979=EDGE_LOOP('',(#2084,#2085,#2086));
#980=EDGE_LOOP('',(#2087,#2088,#2089,#2090));
#981=EDGE_LOOP('',(#2091,#2092,#2093));
#982=EDGE_LOOP('',(#2094,#2095,#2096));
#983=EDGE_LOOP('',(#2097,#2098,#2099));
#984=EDGE_LOOP('',(#2100,#2101,#2102,#2103));
#985=EDGE_LOOP('',(#2104,#2105,#2106,#2107));
#986=EDGE_LOOP('',(#2108,#2109,#2110,#2111));
#987=EDGE_LOOP('',(#2112,#2113,#2114,#2115));
#988=EDGE_LOOP('',(#2116,#2117,#2118,#2119));
#989=EDGE_LOOP('',(#2120,#2121,#2122,#2123));
#990=EDGE_LOOP('',(#2124,#2125,#2126,#2127));
#991=EDGE_LOOP('',(#2128,#2129,#2130,#2131));
#992=EDGE_LOOP('',(#2132,#2133,#2134,#2135));
#993=EDGE_LOOP('',(#2136,#2137,#2138,#2139));
#994=EDGE_LOOP('',(#2140,#2141,#2142,#2143));
#995=EDGE_LOOP('',(#2144,#2145,#2146,#2147));
#996=EDGE_LOOP('',(#2148,#2149,#2150,#2151));
#997=EDGE_LOOP('',(#2152,#2153,#2154,#2155));
#998=EDGE_LOOP('',(#2156,#2157,#2158,#2159));
#999=EDGE_LOOP('',(#2160,#2161,#2162,#2163,#2164,#2165));
#1000=EDGE_LOOP('',(#2166));
#1001=EDGE_LOOP('',(#2167,#2168,#2169,#2170));
#1002=EDGE_LOOP('',(#2171,#2172,#2173,#2174));
#1003=EDGE_LOOP('',(#2175,#2176,#2177,#2178));
#1004=EDGE_LOOP('',(#2179,#2180,#2181,#2182));
#1005=EDGE_LOOP('',(#2183,#2184,#2185,#2186));
#1006=EDGE_LOOP('',(#2187,#2188,#2189,#2190));
#1007=EDGE_LOOP('',(#2191,#2192,#2193,#2194,#2195,#2196));
#1008=EDGE_LOOP('',(#2197));
#1009=EDGE_LOOP('',(#2198,#2199,#2200,#2201,#2202,#2203,#2204,#2205,#2206,
#2207,#2208,#2209,#2210,#2211,#2212,#2213));
#1010=EDGE_LOOP('',(#2214,#2215,#2216,#2217));
#1011=EDGE_LOOP('',(#2218,#2219,#2220,#2221));
#1012=EDGE_LOOP('',(#2222,#2223,#2224,#2225));
#1013=EDGE_LOOP('',(#2226,#2227,#2228,#2229));
#1014=EDGE_LOOP('',(#2230,#2231,#2232,#2233));
#1015=EDGE_LOOP('',(#2234,#2235,#2236,#2237));
#1016=EDGE_LOOP('',(#2238,#2239,#2240,#2241));
#1017=EDGE_LOOP('',(#2242,#2243,#2244,#2245));
#1018=EDGE_LOOP('',(#2246,#2247,#2248,#2249,#2250,#2251,#2252,#2253));
#1019=EDGE_LOOP('',(#2254,#2255,#2256,#2257,#2258,#2259,#2260,#2261));
#1020=EDGE_LOOP('',(#2262,#2263,#2264,#2265));
#1021=EDGE_LOOP('',(#2266,#2267,#2268,#2269,#2270,#2271,#2272,#2273));
#1022=EDGE_LOOP('',(#2274,#2275,#2276,#2277));
#1023=EDGE_LOOP('',(#2278,#2279,#2280,#2281));
#1024=EDGE_LOOP('',(#2282,#2283,#2284,#2285,#2286,#2287,#2288,#2289,#2290,
#2291,#2292,#2293,#2294,#2295,#2296,#2297,#2298,#2299,#2300,#2301,#2302,
#2303));
#1025=EDGE_LOOP('',(#2304,#2305,#2306,#2307,#2308,#2309));
#1026=EDGE_LOOP('',(#2310,#2311,#2312,#2313));
#1027=EDGE_LOOP('',(#2314,#2315,#2316,#2317));
#1028=EDGE_LOOP('',(#2318,#2319,#2320,#2321));
#1029=EDGE_LOOP('',(#2322,#2323,#2324,#2325));
#1030=EDGE_LOOP('',(#2326,#2327,#2328,#2329));
#1031=EDGE_LOOP('',(#2330,#2331,#2332,#2333,#2334,#2335));
#1032=EDGE_LOOP('',(#2336,#2337,#2338,#2339));
#1033=EDGE_LOOP('',(#2340,#2341,#2342,#2343,#2344,#2345));
#1034=EDGE_LOOP('',(#2346,#2347,#2348,#2349));
#1035=EDGE_LOOP('',(#2350,#2351,#2352,#2353));
#1036=EDGE_LOOP('',(#2354,#2355,#2356,#2357,#2358,#2359,#2360,#2361));
#1037=EDGE_LOOP('',(#2362,#2363,#2364,#2365));
#1038=EDGE_LOOP('',(#2366,#2367,#2368,#2369));
#1039=EDGE_LOOP('',(#2370,#2371));
#1040=EDGE_LOOP('',(#2372,#2373));
#1041=EDGE_LOOP('',(#2374,#2375));
#1042=EDGE_LOOP('',(#2376,#2377,#2378,#2379));
#1043=EDGE_LOOP('',(#2380,#2381,#2382,#2383));
#1044=EDGE_LOOP('',(#2384,#2385));
#1045=(
BOUNDED_CURVE()
B_SPLINE_CURVE(2,(#3386,#3387,#3388),.UNSPECIFIED.,.F.,.F.)
B_SPLINE_CURVE_WITH_KNOTS((3,3),(0.018057962011029,0.215180118076073),
 .UNSPECIFIED.)
CURVE()
GEOMETRIC_REPRESENTATION_ITEM()
RATIONAL_B_SPLINE_CURVE((1.07142857085837,1.42857142914164,1.07142857085836))
REPRESENTATION_ITEM('')
);
#1046=(
BOUNDED_CURVE()
B_SPLINE_CURVE(2,(#3396,#3397,#3398),.UNSPECIFIED.,.F.,.F.)
B_SPLINE_CURVE_WITH_KNOTS((3,3),(-0.215180118076073,-0.018057962011029),
 .UNSPECIFIED.)
CURVE()
GEOMETRIC_REPRESENTATION_ITEM()
RATIONAL_B_SPLINE_CURVE((1.07142857085836,1.42857142914164,1.07142857085837))
REPRESENTATION_ITEM('')
);
#1047=(
BOUNDED_CURVE()
B_SPLINE_CURVE(2,(#3414,#3415,#3416),.UNSPECIFIED.,.F.,.F.)
B_SPLINE_CURVE_WITH_KNOTS((3,3),(0.0180579620110292,0.215180118076073),
 .UNSPECIFIED.)
CURVE()
GEOMETRIC_REPRESENTATION_ITEM()
RATIONAL_B_SPLINE_CURVE((1.07142857085837,1.42857142914163,1.07142857085836))
REPRESENTATION_ITEM('')
);
#1048=(
BOUNDED_CURVE()
B_SPLINE_CURVE(2,(#3424,#3425,#3426),.UNSPECIFIED.,.F.,.F.)
B_SPLINE_CURVE_WITH_KNOTS((3,3),(0.0180579620110294,0.215180118076073),
 .UNSPECIFIED.)
CURVE()
GEOMETRIC_REPRESENTATION_ITEM()
RATIONAL_B_SPLINE_CURVE((1.07142857085837,1.42857142914164,1.07142857085836))
REPRESENTATION_ITEM('')
);
#1049=(
BOUNDED_CURVE()
B_SPLINE_CURVE(2,(#3451,#3452,#3453),.UNSPECIFIED.,.F.,.F.)
B_SPLINE_CURVE_WITH_KNOTS((3,3),(0.0180578972345877,0.215180133768155),
 .UNSPECIFIED.)
CURVE()
GEOMETRIC_REPRESENTATION_ITEM()
RATIONAL_B_SPLINE_CURVE((1.07142833423649,1.42857156456348,1.0714285366365))
REPRESENTATION_ITEM('')
);
#1050=(
BOUNDED_CURVE()
B_SPLINE_CURVE(2,(#3463,#3464,#3465),.UNSPECIFIED.,.F.,.F.)
B_SPLINE_CURVE_WITH_KNOTS((3,3),(0.0180578972345882,0.215180133768156),
 .UNSPECIFIED.)
CURVE()
GEOMETRIC_REPRESENTATION_ITEM()
RATIONAL_B_SPLINE_CURVE((1.07142833423649,1.42857156456348,1.07142853663649))
REPRESENTATION_ITEM('')
);
#1051=(
BOUNDED_CURVE()
B_SPLINE_CURVE(2,(#3481,#3482,#3483),.UNSPECIFIED.,.F.,.F.)
B_SPLINE_CURVE_WITH_KNOTS((3,3),(0.018057897234588,0.215180133768156),
 .UNSPECIFIED.)
CURVE()
GEOMETRIC_REPRESENTATION_ITEM()
RATIONAL_B_SPLINE_CURVE((1.07142833423649,1.42857156456348,1.07142853663649))
REPRESENTATION_ITEM('')
);
#1052=(
BOUNDED_CURVE()
B_SPLINE_CURVE(2,(#3491,#3492,#3493),.UNSPECIFIED.,.F.,.F.)
B_SPLINE_CURVE_WITH_KNOTS((3,3),(-0.215180133768156,-0.0180578972345878),
 .UNSPECIFIED.)
CURVE()
GEOMETRIC_REPRESENTATION_ITEM()
RATIONAL_B_SPLINE_CURVE((1.07142853663649,1.42857156456348,1.07142833423649))
REPRESENTATION_ITEM('')
);
#1053=(
BOUNDED_CURVE()
B_SPLINE_CURVE(2,(#3995,#3996,#3997),.UNSPECIFIED.,.F.,.F.)
B_SPLINE_CURVE_WITH_KNOTS((3,3),(0.,0.454497092147522),.UNSPECIFIED.)
CURVE()
GEOMETRIC_REPRESENTATION_ITEM()
RATIONAL_B_SPLINE_CURVE((1.,4.,1.))
REPRESENTATION_ITEM('')
);
#1054=(
BOUNDED_CURVE()
B_SPLINE_CURVE(2,(#4494,#4495,#4496),.UNSPECIFIED.,.F.,.F.)
B_SPLINE_CURVE_WITH_KNOTS((3,3),(0.,0.346507425792048),.UNSPECIFIED.)
CURVE()
GEOMETRIC_REPRESENTATION_ITEM()
RATIONAL_B_SPLINE_CURVE((1.,1.22222222222222,1.))
REPRESENTATION_ITEM('')
);
#1055=(
BOUNDED_CURVE()
B_SPLINE_CURVE(2,(#4497,#4498,#4499),.UNSPECIFIED.,.F.,.F.)
B_SPLINE_CURVE_WITH_KNOTS((3,3),(0.,0.346507425792048),.UNSPECIFIED.)
CURVE()
GEOMETRIC_REPRESENTATION_ITEM()
RATIONAL_B_SPLINE_CURVE((1.,1.22222222222222,1.))
REPRESENTATION_ITEM('')
);
#1056=(
BOUNDED_CURVE()
B_SPLINE_CURVE(2,(#4522,#4523,#4524),.UNSPECIFIED.,.F.,.F.)
B_SPLINE_CURVE_WITH_KNOTS((3,3),(0.,0.330067648609951),.UNSPECIFIED.)
CURVE()
GEOMETRIC_REPRESENTATION_ITEM()
RATIONAL_B_SPLINE_CURVE((1.,1.,1.))
REPRESENTATION_ITEM('')
);
#1057=B_SPLINE_CURVE_WITH_KNOTS('',3,(#3379,#3380,#3381,#3382,#3383,#3384),
 .UNSPECIFIED.,.F.,.F.,(4,2,4),(-0.3,-0.15,0.),.UNSPECIFIED.);
#1058=B_SPLINE_CURVE_WITH_KNOTS('',3,(#3390,#3391,#3392,#3393,#3394,#3395),
 .UNSPECIFIED.,.F.,.F.,(4,2,4),(-0.3,-0.15,0.),.UNSPECIFIED.);
#1059=B_SPLINE_CURVE_WITH_KNOTS('',3,(#3407,#3408,#3409,#3410,#3411,#3412),
 .UNSPECIFIED.,.F.,.F.,(4,2,4),(-0.3,-0.15,0.),.UNSPECIFIED.);
#1060=B_SPLINE_CURVE_WITH_KNOTS('',3,(#3418,#3419,#3420,#3421,#3422,#3423),
 .UNSPECIFIED.,.F.,.F.,(4,2,4),(-0.3,-0.15,0.),.UNSPECIFIED.);
#1061=B_SPLINE_CURVE_WITH_KNOTS('',3,(#3444,#3445,#3446,#3447,#3448,#3449),
 .UNSPECIFIED.,.F.,.F.,(4,2,4),(-0.3,-0.15,0.),.UNSPECIFIED.);
#1062=B_SPLINE_CURVE_WITH_KNOTS('',3,(#3455,#3456,#3457,#3458,#3459,#3460,
#3461,#3462),.UNSPECIFIED.,.F.,.F.,(4,2,2,4),(-0.3,-0.255656577421216,-0.126773192468735,
0.),.UNSPECIFIED.);
#1063=B_SPLINE_CURVE_WITH_KNOTS('',3,(#3474,#3475,#3476,#3477,#3478,#3479),
 .UNSPECIFIED.,.F.,.F.,(4,2,4),(-0.3,-0.15,0.),.UNSPECIFIED.);
#1064=B_SPLINE_CURVE_WITH_KNOTS('',3,(#3485,#3486,#3487,#3488,#3489,#3490),
 .UNSPECIFIED.,.F.,.F.,(4,2,4),(-0.3,-0.15,0.),.UNSPECIFIED.);
#1065=B_SPLINE_CURVE_WITH_KNOTS('',3,(#3679,#3680,#3681,#3682),
 .UNSPECIFIED.,.F.,.F.,(4,4),(-5.13025167714136,-4.30525167714136),
 .UNSPECIFIED.);
#1066=B_SPLINE_CURVE_WITH_KNOTS('',3,(#3684,#3685,#3686,#3687,#3688,#3689,
#3690),.UNSPECIFIED.,.F.,.F.,(4,3,4),(0.0487215660669552,0.0900763068623903,
0.119919684085237),.UNSPECIFIED.);
#1067=B_SPLINE_CURVE_WITH_KNOTS('',3,(#3692,#3693,#3694,#3695,#3696,#3697),
 .UNSPECIFIED.,.F.,.F.,(4,2,4),(0.145205303491389,2.56512583857068,4.30525167714136),
 .UNSPECIFIED.);
#1068=B_SPLINE_CURVE_WITH_KNOTS('',3,(#3699,#3700,#3701,#3702,#3703,#3704,
#3705,#3706,#3707,#3708,#3709,#3710,#3711,#3712,#3713,#3714,#3715,#3716,
#3717,#3718,#3719,#3720,#3721,#3722,#3723,#3724,#3725,#3726,#3727,#3728,
#3729,#3730,#3731,#3732,#3733,#3734,#3735,#3736,#3737),.UNSPECIFIED.,.F.,
 .F.,(4,2,2,2,2,2,2,2,3,2,2,2,2,2,2,2,2,2,4),(0.494378616563379,0.497252449839964,
0.502485288971907,0.512393548155347,0.53196930051328,0.55362453967448,0.578472880669202,
0.608528438296802,0.637416180174852,0.65701426288053,0.675621061831492,
0.700125623049684,0.734398934048214,0.756094183387904,0.780354138818062,
0.800272129104535,0.80761980255419,0.81219120578846,0.813548724021917),
 .UNSPECIFIED.);
#1069=B_SPLINE_CURVE_WITH_KNOTS('',3,(#3739,#3740,#3741,#3742,#3743,#3744),
 .UNSPECIFIED.,.F.,.F.,(4,2,4),(0.825000000000004,2.56512583857068,4.98504637364997),
 .UNSPECIFIED.);
#1070=B_SPLINE_CURVE_WITH_KNOTS('',3,(#3746,#3747,#3748,#3749),
 .UNSPECIFIED.,.F.,.F.,(4,4),(0.55522972119825,0.623622741794428),
 .UNSPECIFIED.);
#1071=B_SPLINE_CURVE_WITH_KNOTS('',3,(#3751,#3752,#3753,#3754),
 .UNSPECIFIED.,.F.,.F.,(4,4),(-0.825000000000002,0.),.UNSPECIFIED.);
#1072=B_SPLINE_CURVE_WITH_KNOTS('',3,(#3755,#3756,#3757,#3758,#3759,#3760,
#3761,#3762,#3763,#3764,#3765,#3766,#3767,#3768,#3769,#3770,#3771,#3772,
#3773),.UNSPECIFIED.,.F.,.F.,(4,3,3,3,3,3,4),(0.0119861933310877,0.0278791862595559,
0.0803909557515777,0.151949725989653,0.295067266465803,0.391817530955984,
0.438709761384478),.UNSPECIFIED.);
#1073=B_SPLINE_CURVE_WITH_KNOTS('',3,(#3801,#3802,#3803,#3804,#3805,#3806,
#3807,#3808,#3809,#3810,#3811,#3812,#3813,#3814,#3815,#3816,#3817,#3818,
#3819,#3820,#3821,#3822,#3823,#3824,#3825,#3826,#3827,#3828,#3829,#3830,
#3831,#3832,#3833,#3834,#3835,#3836,#3837,#3838,#3839,#3840,#3841,#3842,
#3843,#3844,#3845,#3846,#3847,#3848,#3849,#3850,#3851,#3852,#3853,#3854,
#3855,#3856,#3857,#3858,#3859,#3860,#3861,#3862,#3863,#3864,#3865,#3866,
#3867,#3868,#3869,#3870,#3871,#3872,#3873,#3874,#3875,#3876,#3877,#3878,
#3879,#3880,#3881,#3882,#3883,#3884,#3885,#3886,#3887,#3888,#3889,#3890,
#3891,#3892,#3893,#3894,#3895,#3896,#3897,#3898,#3899,#3900,#3901,#3902,
#3903,#3904,#3905,#3906,#3907,#3908,#3909,#3910,#3911,#3912,#3913,#3914,
#3915,#3916,#3917,#3918,#3919,#3920,#3921,#3922,#3923,#3924,#3925,#3926,
#3927,#3928,#3929,#3930,#3931,#3932,#3933,#3934,#3935,#3936,#3937,#3938,
#3939,#3940,#3941,#3942,#3943,#3944,#3945,#3946,#3947,#3948,#3949,#3950,
#3951,#3952,#3953,#3954,#3955,#3956,#3957,#3958,#3959,#3960,#3961,#3962,
#3963),.UNSPECIFIED.,.F.,.F.,(4,3,3,3,3,3,3,3,3,3,3,3,3,3,3,3,3,3,3,3,3,
3,3,3,3,3,3,3,3,3,3,3,3,3,3,3,3,3,3,3,3,3,3,3,3,3,3,3,3,3,3,3,3,3,4),(0.,
0.00703734419166595,0.0148302055081504,0.0229678138772584,0.0315965119952144,
0.040752035766826,0.0504731826103688,0.0608021143157762,0.0717846942484189,
0.0834708634513815,0.0959150609775657,0.109176694769977,0.123771972781267,
0.139351269365182,0.155994698429167,0.173790149891322,0.192834213283173,
0.213233258651287,0.235104722620775,0.259435180688232,0.285567844286798,
0.313668308828887,0.343921203152206,0.376527684898832,0.411682720732743,
0.450645667302328,0.491221196311518,0.531476761300877,0.569648435465865,
0.605140435180939,0.637995886887181,0.668418230242032,0.696623851032533,
0.722810924578231,0.747156090397004,0.769816633898652,0.790933212961741,
0.810632196175338,0.829027553136263,0.846222388694836,0.862310211612604,
0.877376003859061,0.891497136168793,0.904744161394586,0.917216590307972,
0.928536960939202,0.939234314729221,0.949349233814926,0.958919225214009,
0.967978985746397,0.976560641230944,0.984478312614735,0.992050352018999,
0.999105626515187,1.00452359270168),.UNSPECIFIED.);
#1074=B_SPLINE_CURVE_WITH_KNOTS('',3,(#4505,#4506,#4507,#4508),
 .UNSPECIFIED.,.F.,.F.,(4,4),(-0.371982760589435,0.),.UNSPECIFIED.);
#1075=VERTEX_POINT('',#3377);
#1076=VERTEX_POINT('',#3378);
#1077=VERTEX_POINT('',#3385);
#1078=VERTEX_POINT('',#3389);
#1079=VERTEX_POINT('',#3405);
#1080=VERTEX_POINT('',#3406);
#1081=VERTEX_POINT('',#3413);
#1082=VERTEX_POINT('',#3417);
#1083=VERTEX_POINT('',#3428);
#1084=VERTEX_POINT('',#3429);
#1085=VERTEX_POINT('',#3431);
#1086=VERTEX_POINT('',#3433);
#1087=VERTEX_POINT('',#3442);
#1088=VERTEX_POINT('',#3443);
#1089=VERTEX_POINT('',#3450);
#1090=VERTEX_POINT('',#3454);
#1091=VERTEX_POINT('',#3472);
#1092=VERTEX_POINT('',#3473);
#1093=VERTEX_POINT('',#3480);
#1094=VERTEX_POINT('',#3484);
#1095=VERTEX_POINT('',#3495);
#1096=VERTEX_POINT('',#3496);
#1097=VERTEX_POINT('',#3498);
#1098=VERTEX_POINT('',#3500);
#1099=VERTEX_POINT('',#3502);
#1100=VERTEX_POINT('',#3504);
#1101=VERTEX_POINT('',#3506);
#1102=VERTEX_POINT('',#3508);
#1103=VERTEX_POINT('',#3510);
#1104=VERTEX_POINT('',#3512);
#1105=VERTEX_POINT('',#3514);
#1106=VERTEX_POINT('',#3516);
#1107=VERTEX_POINT('',#3524);
#1108=VERTEX_POINT('',#3526);
#1109=VERTEX_POINT('',#3530);
#1110=VERTEX_POINT('',#3532);
#1111=VERTEX_POINT('',#3536);
#1112=VERTEX_POINT('',#3538);
#1113=VERTEX_POINT('',#3542);
#1114=VERTEX_POINT('',#3543);
#1115=VERTEX_POINT('',#3545);
#1116=VERTEX_POINT('',#3547);
#1117=VERTEX_POINT('',#3551);
#1118=VERTEX_POINT('',#3553);
#1119=VERTEX_POINT('',#3557);
#1120=VERTEX_POINT('',#3559);
#1121=VERTEX_POINT('',#3563);
#1122=VERTEX_POINT('',#3564);
#1123=VERTEX_POINT('',#3573);
#1124=VERTEX_POINT('',#3577);
#1125=VERTEX_POINT('',#3581);
#1126=VERTEX_POINT('',#3582);
#1127=VERTEX_POINT('',#3585);
#1128=VERTEX_POINT('',#3588);
#1129=VERTEX_POINT('',#3590);
#1130=VERTEX_POINT('',#3592);
#1131=VERTEX_POINT('',#3677);
#1132=VERTEX_POINT('',#3678);
#1133=VERTEX_POINT('',#3683);
#1134=VERTEX_POINT('',#3691);
#1135=VERTEX_POINT('',#3698);
#1136=VERTEX_POINT('',#3738);
#1137=VERTEX_POINT('',#3745);
#1138=VERTEX_POINT('',#3750);
#1139=VERTEX_POINT('',#3775);
#1140=VERTEX_POINT('',#3777);
#1141=VERTEX_POINT('',#3782);
#1142=VERTEX_POINT('',#3784);
#1143=VERTEX_POINT('',#3786);
#1144=VERTEX_POINT('',#3788);
#1145=VERTEX_POINT('',#3790);
#1146=VERTEX_POINT('',#3792);
#1147=VERTEX_POINT('',#3794);
#1148=VERTEX_POINT('',#3796);
#1149=VERTEX_POINT('',#3798);
#1150=VERTEX_POINT('',#3800);
#1151=VERTEX_POINT('',#3964);
#1152=VERTEX_POINT('',#3967);
#1153=VERTEX_POINT('',#3968);
#1154=VERTEX_POINT('',#3970);
#1155=VERTEX_POINT('',#3972);
#1156=VERTEX_POINT('',#3974);
#1157=VERTEX_POINT('',#3976);
#1158=VERTEX_POINT('',#3980);
#1159=VERTEX_POINT('',#3982);
#1160=VERTEX_POINT('',#3988);
#1161=VERTEX_POINT('',#3992);
#1162=VERTEX_POINT('',#3994);
#1163=VERTEX_POINT('',#3998);
#1164=VERTEX_POINT('',#4000);
#1165=VERTEX_POINT('',#4004);
#1166=VERTEX_POINT('',#4005);
#1167=VERTEX_POINT('',#4007);
#1168=VERTEX_POINT('',#4009);
#1169=VERTEX_POINT('',#4011);
#1170=VERTEX_POINT('',#4013);
#1171=VERTEX_POINT('',#4015);
#1172=VERTEX_POINT('',#4017);
#1173=VERTEX_POINT('',#4019);
#1174=VERTEX_POINT('',#4021);
#1175=VERTEX_POINT('',#4024);
#1176=VERTEX_POINT('',#4026);
#1177=VERTEX_POINT('',#4028);
#1178=VERTEX_POINT('',#4029);
#1179=VERTEX_POINT('',#4031);
#1180=VERTEX_POINT('',#4033);
#1181=VERTEX_POINT('',#4035);
#1182=VERTEX_POINT('',#4037);
#1183=VERTEX_POINT('',#4039);
#1184=VERTEX_POINT('',#4041);
#1185=VERTEX_POINT('',#4056);
#1186=VERTEX_POINT('',#4057);
#1187=VERTEX_POINT('',#4059);
#1188=VERTEX_POINT('',#4061);
#1189=VERTEX_POINT('',#4063);
#1190=VERTEX_POINT('',#4065);
#1191=VERTEX_POINT('',#4067);
#1192=VERTEX_POINT('',#4069);
#1193=VERTEX_POINT('',#4071);
#1194=VERTEX_POINT('',#4073);
#1195=VERTEX_POINT('',#4075);
#1196=VERTEX_POINT('',#4077);
#1197=VERTEX_POINT('',#4081);
#1198=VERTEX_POINT('',#4082);
#1199=VERTEX_POINT('',#4087);
#1200=VERTEX_POINT('',#4091);
#1201=VERTEX_POINT('',#4095);
#1202=VERTEX_POINT('',#4096);
#1203=VERTEX_POINT('',#4101);
#1204=VERTEX_POINT('',#4102);
#1205=VERTEX_POINT('',#4107);
#1206=VERTEX_POINT('',#4111);
#1207=VERTEX_POINT('',#4115);
#1208=VERTEX_POINT('',#4117);
#1209=VERTEX_POINT('',#4121);
#1210=VERTEX_POINT('',#4123);
#1211=VERTEX_POINT('',#4128);
#1212=VERTEX_POINT('',#4132);
#1213=VERTEX_POINT('',#4134);
#1214=VERTEX_POINT('',#4136);
#1215=VERTEX_POINT('',#4138);
#1216=VERTEX_POINT('',#4140);
#1217=VERTEX_POINT('',#4142);
#1218=VERTEX_POINT('',#4146);
#1219=VERTEX_POINT('',#4148);
#1220=VERTEX_POINT('',#4150);
#1221=VERTEX_POINT('',#4152);
#1222=VERTEX_POINT('',#4158);
#1223=VERTEX_POINT('',#4162);
#1224=VERTEX_POINT('',#4166);
#1225=VERTEX_POINT('',#4170);
#1226=VERTEX_POINT('',#4172);
#1227=VERTEX_POINT('',#4176);
#1228=VERTEX_POINT('',#4178);
#1229=VERTEX_POINT('',#4183);
#1230=VERTEX_POINT('',#4187);
#1231=VERTEX_POINT('',#4191);
#1232=VERTEX_POINT('',#4200);
#1233=VERTEX_POINT('',#4204);
#1234=VERTEX_POINT('',#4205);
#1235=VERTEX_POINT('',#4213);
#1236=VERTEX_POINT('',#4217);
#1237=VERTEX_POINT('',#4223);
#1238=VERTEX_POINT('',#4227);
#1239=VERTEX_POINT('',#4229);
#1240=VERTEX_POINT('',#4233);
#1241=VERTEX_POINT('',#4240);
#1242=VERTEX_POINT('',#4242);
#1243=VERTEX_POINT('',#4257);
#1244=VERTEX_POINT('',#4261);
#1245=VERTEX_POINT('',#4265);
#1246=VERTEX_POINT('',#4271);
#1247=VERTEX_POINT('',#4275);
#1248=VERTEX_POINT('',#4279);
#1249=VERTEX_POINT('',#4280);
#1250=VERTEX_POINT('',#4282);
#1251=VERTEX_POINT('',#4284);
#1252=VERTEX_POINT('',#4288);
#1253=VERTEX_POINT('',#4290);
#1254=VERTEX_POINT('',#4294);
#1255=VERTEX_POINT('',#4296);
#1256=VERTEX_POINT('',#4300);
#1257=VERTEX_POINT('',#4302);
#1258=VERTEX_POINT('',#4306);
#1259=VERTEX_POINT('',#4308);
#1260=VERTEX_POINT('',#4316);
#1261=VERTEX_POINT('',#4318);
#1262=VERTEX_POINT('',#4322);
#1263=VERTEX_POINT('',#4326);
#1264=VERTEX_POINT('',#4330);
#1265=VERTEX_POINT('',#4334);
#1266=VERTEX_POINT('',#4341);
#1267=VERTEX_POINT('',#4342);
#1268=VERTEX_POINT('',#4344);
#1269=VERTEX_POINT('',#4346);
#1270=VERTEX_POINT('',#4348);
#1271=VERTEX_POINT('',#4350);
#1272=VERTEX_POINT('',#4352);
#1273=VERTEX_POINT('',#4354);
#1274=VERTEX_POINT('',#4356);
#1275=VERTEX_POINT('',#4358);
#1276=VERTEX_POINT('',#4360);
#1277=VERTEX_POINT('',#4362);
#1278=VERTEX_POINT('',#4364);
#1279=VERTEX_POINT('',#4366);
#1280=VERTEX_POINT('',#4368);
#1281=VERTEX_POINT('',#4370);
#1282=VERTEX_POINT('',#4383);
#1283=VERTEX_POINT('',#4385);
#1284=VERTEX_POINT('',#4389);
#1285=VERTEX_POINT('',#4393);
#1286=VERTEX_POINT('',#4397);
#1287=VERTEX_POINT('',#4410);
#1288=VERTEX_POINT('',#4414);
#1289=VERTEX_POINT('',#4418);
#1290=VERTEX_POINT('',#4422);
#1291=VERTEX_POINT('',#4423);
#1292=VERTEX_POINT('',#4425);
#1293=VERTEX_POINT('',#4427);
#1294=VERTEX_POINT('',#4432);
#1295=VERTEX_POINT('',#4434);
#1296=VERTEX_POINT('',#4438);
#1297=VERTEX_POINT('',#4440);
#1298=VERTEX_POINT('',#4449);
#1299=VERTEX_POINT('',#4451);
#1300=VERTEX_POINT('',#4455);
#1301=VERTEX_POINT('',#4480);
#1302=VERTEX_POINT('',#4481);
#1303=VERTEX_POINT('',#4483);
#1304=VERTEX_POINT('',#4485);
#1305=VERTEX_POINT('',#4503);
#1306=VERTEX_POINT('',#4504);
#1307=VERTEX_POINT('',#4511);
#1308=VERTEX_POINT('',#4513);
#1309=EDGE_CURVE('',#1075,#1076,#1057,.T.);
#1310=EDGE_CURVE('',#1075,#1077,#1045,.T.);
#1311=EDGE_CURVE('',#1077,#1078,#1058,.F.);
#1312=EDGE_CURVE('',#1078,#1076,#1046,.T.);
#1313=EDGE_CURVE('',#1079,#1080,#1059,.T.);
#1314=EDGE_CURVE('',#1079,#1081,#1047,.T.);
#1315=EDGE_CURVE('',#1081,#1082,#1060,.F.);
#1316=EDGE_CURVE('',#1080,#1082,#1048,.T.);
#1317=EDGE_CURVE('',#1083,#1084,#117,.T.);
#1318=EDGE_CURVE('',#1084,#1085,#118,.T.);
#1319=EDGE_CURVE('',#1086,#1085,#119,.T.);
#1320=EDGE_CURVE('',#1086,#1083,#120,.F.);
#1321=EDGE_CURVE('',#1087,#1088,#1061,.T.);
#1322=EDGE_CURVE('',#1087,#1089,#1049,.T.);
#1323=EDGE_CURVE('',#1089,#1090,#1062,.F.);
#1324=EDGE_CURVE('',#1088,#1090,#1050,.T.);
#1325=EDGE_CURVE('',#1091,#1092,#1063,.T.);
#1326=EDGE_CURVE('',#1091,#1093,#1051,.T.);
#1327=EDGE_CURVE('',#1093,#1094,#1064,.F.);
#1328=EDGE_CURVE('',#1094,#1092,#1052,.T.);
#1329=EDGE_CURVE('',#1095,#1096,#121,.T.);
#1330=EDGE_CURVE('',#1097,#1095,#122,.T.);
#1331=EDGE_CURVE('',#1098,#1097,#123,.F.);
#1332=EDGE_CURVE('',#1099,#1098,#124,.F.);
#1333=EDGE_CURVE('',#1100,#1099,#125,.T.);
#1334=EDGE_CURVE('',#1101,#1100,#126,.F.);
#1335=EDGE_CURVE('',#1102,#1101,#127,.F.);
#1336=EDGE_CURVE('',#1103,#1102,#128,.F.);
#1337=EDGE_CURVE('',#1104,#1103,#129,.T.);
#1338=EDGE_CURVE('',#1105,#1104,#130,.T.);
#1339=EDGE_CURVE('',#1106,#1105,#131,.F.);
#1340=EDGE_CURVE('',#1096,#1106,#132,.F.);
#1341=EDGE_CURVE('',#1090,#1088,#133,.F.);
#1342=EDGE_CURVE('',#1087,#1089,#134,.T.);
#1343=EDGE_CURVE('',#1094,#1092,#135,.F.);
#1344=EDGE_CURVE('',#1091,#1093,#136,.T.);
#1345=EDGE_CURVE('',#1107,#1099,#137,.T.);
#1346=EDGE_CURVE('',#1108,#1107,#138,.T.);
#1347=EDGE_CURVE('',#1108,#1100,#139,.F.);
#1348=EDGE_CURVE('',#1096,#1109,#140,.F.);
#1349=EDGE_CURVE('',#1110,#1109,#141,.T.);
#1350=EDGE_CURVE('',#1110,#1095,#142,.T.);
#1351=EDGE_CURVE('',#1111,#1108,#143,.F.);
#1352=EDGE_CURVE('',#1107,#1112,#144,.F.);
#1353=EDGE_CURVE('',#1112,#1111,#145,.T.);
#1354=EDGE_CURVE('',#1113,#1114,#146,.F.);
#1355=EDGE_CURVE('',#1114,#1115,#147,.T.);
#1356=EDGE_CURVE('',#1115,#1116,#148,.F.);
#1357=EDGE_CURVE('',#1116,#1113,#149,.T.);
#1358=EDGE_CURVE('',#1117,#1110,#150,.F.);
#1359=EDGE_CURVE('',#1109,#1118,#151,.F.);
#1360=EDGE_CURVE('',#1118,#1117,#152,.T.);
#1361=EDGE_CURVE('',#1119,#1086,#153,.F.);
#1362=EDGE_CURVE('',#1085,#1120,#154,.F.);
#1363=EDGE_CURVE('',#1120,#1119,#155,.T.);
#1364=EDGE_CURVE('',#1121,#1122,#156,.T.);
#1365=EDGE_CURVE('',#1122,#1115,#157,.F.);
#1366=EDGE_CURVE('',#1121,#1114,#158,.T.);
#1367=EDGE_CURVE('',#1097,#1117,#159,.T.);
#1368=EDGE_CURVE('',#1118,#1106,#160,.T.);
#1369=EDGE_CURVE('',#1123,#1113,#161,.T.);
#1370=EDGE_CURVE('',#1123,#1121,#162,.F.);
#1371=EDGE_CURVE('',#1122,#1124,#163,.F.);
#1372=EDGE_CURVE('',#1116,#1124,#164,.T.);
#1373=EDGE_CURVE('',#1125,#1126,#165,.T.);
#1374=EDGE_CURVE('',#1124,#1125,#166,.F.);
#1375=EDGE_CURVE('',#1127,#1123,#167,.F.);
#1376=EDGE_CURVE('',#1084,#1127,#168,.T.);
#1377=EDGE_CURVE('',#1128,#1083,#169,.F.);
#1378=EDGE_CURVE('',#1129,#1128,#170,.F.);
#1379=EDGE_CURVE('',#1130,#1129,#171,.T.);
#1380=EDGE_CURVE('',#1126,#1130,#172,.T.);
#1381=EDGE_CURVE('',#1082,#1080,#173,.T.);
#1382=EDGE_CURVE('',#1079,#1081,#174,.F.);
#1383=EDGE_CURVE('',#1078,#1076,#175,.T.);
#1384=EDGE_CURVE('',#1075,#1077,#176,.F.);
#1385=EDGE_CURVE('',#1112,#1098,#177,.T.);
#1386=EDGE_CURVE('',#1101,#1111,#178,.T.);
#1387=EDGE_CURVE('',#1128,#1119,#179,.T.);
#1388=EDGE_CURVE('',#1120,#1127,#180,.T.);
#1389=EDGE_CURVE('',#1131,#1132,#1065,.F.);
#1390=EDGE_CURVE('',#1133,#1131,#1066,.F.);
#1391=EDGE_CURVE('',#1134,#1133,#1067,.T.);
#1392=EDGE_CURVE('',#1135,#1134,#1068,.T.);
#1393=EDGE_CURVE('',#1136,#1135,#1069,.T.);
#1394=EDGE_CURVE('',#1137,#1136,#1070,.F.);
#1395=EDGE_CURVE('',#1138,#1137,#1071,.F.);
#1396=EDGE_CURVE('',#1132,#1138,#1072,.T.);
#1397=EDGE_CURVE('',#1139,#1135,#30,.T.);
#1398=EDGE_CURVE('',#1140,#1139,#181,.T.);
#1399=EDGE_CURVE('',#1136,#1140,#31,.T.);
#1400=EDGE_CURVE('',#1105,#1137,#32,.T.);
#1401=EDGE_CURVE('',#1141,#1140,#33,.F.);
#1402=EDGE_CURVE('',#1141,#1142,#182,.T.);
#1403=EDGE_CURVE('',#1143,#1142,#34,.F.);
#1404=EDGE_CURVE('',#1143,#1144,#183,.T.);
#1405=EDGE_CURVE('',#1144,#1145,#184,.T.);
#1406=EDGE_CURVE('',#1145,#1146,#185,.T.);
#1407=EDGE_CURVE('',#1146,#1147,#186,.T.);
#1408=EDGE_CURVE('',#1147,#1148,#187,.T.);
#1409=EDGE_CURVE('',#1148,#1149,#188,.T.);
#1410=EDGE_CURVE('',#1149,#1150,#1073,.T.);
#1411=EDGE_CURVE('',#1150,#1151,#189,.T.);
#1412=EDGE_CURVE('',#1151,#1102,#35,.T.);
#1413=EDGE_CURVE('',#1152,#1153,#190,.T.);
#1414=EDGE_CURVE('',#1153,#1154,#191,.T.);
#1415=EDGE_CURVE('',#1154,#1155,#192,.T.);
#1416=EDGE_CURVE('',#1155,#1156,#193,.T.);
#1417=EDGE_CURVE('',#1156,#1157,#194,.T.);
#1418=EDGE_CURVE('',#1157,#1152,#195,.T.);
#1419=EDGE_CURVE('',#1158,#1126,#36,.F.);
#1420=EDGE_CURVE('',#1158,#1159,#196,.T.);
#1421=EDGE_CURVE('',#1125,#1159,#37,.T.);
#1422=EDGE_CURVE('',#1138,#1104,#38,.F.);
#1423=EDGE_CURVE('',#1160,#1151,#197,.F.);
#1424=EDGE_CURVE('',#1103,#1160,#39,.F.);
#1425=EDGE_CURVE('',#1160,#1161,#198,.T.);
#1426=EDGE_CURVE('',#1161,#1162,#1053,.T.);
#1427=EDGE_CURVE('',#1162,#1163,#199,.T.);
#1428=EDGE_CURVE('',#1163,#1164,#200,.T.);
#1429=EDGE_CURVE('',#1164,#1158,#201,.T.);
#1430=EDGE_CURVE('',#1130,#1132,#40,.F.);
#1431=EDGE_CURVE('',#1165,#1166,#202,.T.);
#1432=EDGE_CURVE('',#1166,#1167,#203,.T.);
#1433=EDGE_CURVE('',#1167,#1168,#204,.T.);
#1434=EDGE_CURVE('',#1168,#1169,#205,.T.);
#1435=EDGE_CURVE('',#1169,#1170,#206,.T.);
#1436=EDGE_CURVE('',#1170,#1171,#207,.T.);
#1437=EDGE_CURVE('',#1171,#1172,#208,.T.);
#1438=EDGE_CURVE('',#1172,#1173,#209,.T.);
#1439=EDGE_CURVE('',#1173,#1174,#210,.T.);
#1440=EDGE_CURVE('',#1174,#1165,#211,.T.);
#1441=EDGE_CURVE('',#1175,#1175,#41,.T.);
#1442=EDGE_CURVE('',#1176,#1176,#42,.T.);
#1443=EDGE_CURVE('',#1177,#1178,#43,.T.);
#1444=EDGE_CURVE('',#1178,#1179,#212,.T.);
#1445=EDGE_CURVE('',#1179,#1180,#44,.T.);
#1446=EDGE_CURVE('',#1180,#1181,#213,.T.);
#1447=EDGE_CURVE('',#1181,#1182,#45,.T.);
#1448=EDGE_CURVE('',#1182,#1183,#214,.T.);
#1449=EDGE_CURVE('',#1183,#1184,#46,.T.);
#1450=EDGE_CURVE('',#1184,#1177,#215,.T.);
#1451=EDGE_CURVE('',#1162,#1149,#216,.T.);
#1452=EDGE_CURVE('',#1150,#1161,#217,.T.);
#1453=EDGE_CURVE('',#1163,#1148,#218,.T.);
#1454=EDGE_CURVE('',#1185,#1186,#219,.T.);
#1455=EDGE_CURVE('',#1187,#1185,#220,.T.);
#1456=EDGE_CURVE('',#1188,#1187,#221,.T.);
#1457=EDGE_CURVE('',#1189,#1188,#222,.T.);
#1458=EDGE_CURVE('',#1190,#1189,#223,.T.);
#1459=EDGE_CURVE('',#1191,#1190,#224,.T.);
#1460=EDGE_CURVE('',#1192,#1191,#225,.T.);
#1461=EDGE_CURVE('',#1193,#1192,#226,.T.);
#1462=EDGE_CURVE('',#1194,#1193,#227,.T.);
#1463=EDGE_CURVE('',#1195,#1194,#228,.T.);
#1464=EDGE_CURVE('',#1196,#1195,#229,.T.);
#1465=EDGE_CURVE('',#1186,#1196,#230,.T.);
#1466=EDGE_CURVE('',#1197,#1198,#231,.T.);
#1467=EDGE_CURVE('',#1197,#1187,#232,.T.);
#1468=EDGE_CURVE('',#1198,#1185,#233,.T.);
#1469=EDGE_CURVE('',#1199,#1197,#234,.T.);
#1470=EDGE_CURVE('',#1199,#1188,#235,.T.);
#1471=EDGE_CURVE('',#1200,#1199,#236,.T.);
#1472=EDGE_CURVE('',#1200,#1189,#237,.T.);
#1473=EDGE_CURVE('',#1201,#1202,#238,.T.);
#1474=EDGE_CURVE('',#1201,#1191,#239,.T.);
#1475=EDGE_CURVE('',#1202,#1190,#240,.T.);
#1476=EDGE_CURVE('',#1203,#1204,#241,.T.);
#1477=EDGE_CURVE('',#1203,#1193,#242,.T.);
#1478=EDGE_CURVE('',#1204,#1192,#243,.T.);
#1479=EDGE_CURVE('',#1205,#1203,#244,.T.);
#1480=EDGE_CURVE('',#1205,#1194,#245,.T.);
#1481=EDGE_CURVE('',#1206,#1205,#246,.T.);
#1482=EDGE_CURVE('',#1195,#1206,#247,.T.);
#1483=EDGE_CURVE('',#1207,#1200,#248,.T.);
#1484=EDGE_CURVE('',#1207,#1208,#249,.T.);
#1485=EDGE_CURVE('',#1208,#1202,#250,.T.);
#1486=EDGE_CURVE('',#1209,#1173,#251,.T.);
#1487=EDGE_CURVE('',#1210,#1172,#252,.T.);
#1488=EDGE_CURVE('',#1209,#1210,#24,.T.);
#1489=EDGE_CURVE('',#1186,#1174,#253,.T.);
#1490=EDGE_CURVE('',#1211,#1209,#47,.T.);
#1491=EDGE_CURVE('',#1198,#1211,#254,.T.);
#1492=EDGE_CURVE('',#1204,#1212,#255,.T.);
#1493=EDGE_CURVE('',#1212,#1213,#256,.T.);
#1494=EDGE_CURVE('',#1213,#1214,#257,.T.);
#1495=EDGE_CURVE('',#1215,#1214,#48,.T.);
#1496=EDGE_CURVE('',#1216,#1215,#258,.T.);
#1497=EDGE_CURVE('',#1217,#1216,#259,.T.);
#1498=EDGE_CURVE('',#1217,#1206,#260,.T.);
#1499=EDGE_CURVE('',#1218,#1211,#261,.T.);
#1500=EDGE_CURVE('',#1219,#1218,#262,.T.);
#1501=EDGE_CURVE('',#1220,#1219,#49,.T.);
#1502=EDGE_CURVE('',#1220,#1221,#263,.T.);
#1503=EDGE_CURVE('',#1221,#1207,#264,.T.);
#1504=EDGE_CURVE('',#1196,#1165,#265,.T.);
#1505=EDGE_CURVE('',#1222,#1217,#50,.T.);
#1506=EDGE_CURVE('',#1222,#1166,#266,.T.);
#1507=EDGE_CURVE('',#1221,#1223,#267,.T.);
#1508=EDGE_CURVE('',#1223,#1208,#268,.T.);
#1509=EDGE_CURVE('',#1220,#1224,#269,.T.);
#1510=EDGE_CURVE('',#1224,#1223,#270,.T.);
#1511=EDGE_CURVE('',#1225,#1220,#51,.T.);
#1512=EDGE_CURVE('',#1225,#1226,#271,.T.);
#1513=EDGE_CURVE('',#1226,#1224,#52,.T.);
#1514=EDGE_CURVE('',#1227,#1225,#272,.T.);
#1515=EDGE_CURVE('',#1227,#1228,#273,.T.);
#1516=EDGE_CURVE('',#1228,#1226,#274,.T.);
#1517=EDGE_CURVE('',#1214,#1227,#53,.T.);
#1518=EDGE_CURVE('',#1214,#1229,#275,.T.);
#1519=EDGE_CURVE('',#1229,#1228,#54,.T.);
#1520=EDGE_CURVE('',#1213,#1230,#276,.T.);
#1521=EDGE_CURVE('',#1230,#1229,#277,.T.);
#1522=EDGE_CURVE('',#1212,#1231,#278,.T.);
#1523=EDGE_CURVE('',#1231,#1230,#279,.T.);
#1524=EDGE_CURVE('',#1201,#1231,#280,.T.);
#1525=EDGE_CURVE('',#1227,#1225,#55,.T.);
#1526=EDGE_CURVE('',#1167,#1232,#281,.T.);
#1527=EDGE_CURVE('',#1232,#1222,#25,.T.);
#1528=EDGE_CURVE('',#1233,#1234,#282,.T.);
#1529=EDGE_CURVE('',#1233,#1169,#283,.T.);
#1530=EDGE_CURVE('',#1234,#1168,#284,.T.);
#1531=EDGE_CURVE('',#1144,#1171,#285,.T.);
#1532=EDGE_CURVE('',#1145,#1170,#286,.T.);
#1533=EDGE_CURVE('',#1210,#1235,#287,.T.);
#1534=EDGE_CURVE('',#1235,#1218,#56,.T.);
#1535=EDGE_CURVE('',#1216,#1236,#57,.T.);
#1536=EDGE_CURVE('',#1236,#1232,#288,.T.);
#1537=EDGE_CURVE('',#1235,#1143,#289,.T.);
#1538=EDGE_CURVE('',#1237,#1236,#290,.T.);
#1539=EDGE_CURVE('',#1234,#1237,#291,.T.);
#1540=EDGE_CURVE('',#1215,#1238,#58,.T.);
#1541=EDGE_CURVE('',#1238,#1239,#292,.T.);
#1542=EDGE_CURVE('',#1239,#1216,#59,.T.);
#1543=EDGE_CURVE('',#1134,#1240,#60,.T.);
#1544=EDGE_CURVE('',#1240,#1215,#61,.T.);
#1545=EDGE_CURVE('',#1219,#1139,#62,.T.);
#1546=EDGE_CURVE('',#1240,#1238,#63,.T.);
#1547=EDGE_CURVE('',#1218,#1241,#64,.T.);
#1548=EDGE_CURVE('',#1241,#1242,#293,.T.);
#1549=EDGE_CURVE('',#1242,#1219,#65,.T.);
#1550=EDGE_CURVE('',#1242,#1139,#66,.T.);
#1551=EDGE_CURVE('',#1235,#1241,#67,.T.);
#1552=EDGE_CURVE('',#1239,#1236,#68,.T.);
#1553=EDGE_CURVE('',#1242,#1141,#294,.T.);
#1554=EDGE_CURVE('',#1142,#1241,#295,.T.);
#1555=EDGE_CURVE('',#1239,#1243,#296,.T.);
#1556=EDGE_CURVE('',#1243,#1237,#69,.F.);
#1557=EDGE_CURVE('',#1244,#1238,#297,.T.);
#1558=EDGE_CURVE('',#1243,#1244,#298,.T.);
#1559=EDGE_CURVE('',#1240,#1245,#299,.T.);
#1560=EDGE_CURVE('',#1245,#1244,#70,.F.);
#1561=EDGE_CURVE('',#1245,#1133,#71,.T.);
#1562=EDGE_CURVE('',#1246,#1246,#72,.T.);
#1563=EDGE_CURVE('',#1246,#1175,#300,.T.);
#1564=EDGE_CURVE('',#1247,#1247,#73,.T.);
#1565=EDGE_CURVE('',#1247,#1176,#301,.T.);
#1566=EDGE_CURVE('',#1248,#1249,#302,.T.);
#1567=EDGE_CURVE('',#1248,#1250,#303,.T.);
#1568=EDGE_CURVE('',#1250,#1251,#304,.T.);
#1569=EDGE_CURVE('',#1249,#1251,#305,.T.);
#1570=EDGE_CURVE('',#1249,#1252,#306,.T.);
#1571=EDGE_CURVE('',#1251,#1253,#307,.T.);
#1572=EDGE_CURVE('',#1252,#1253,#308,.T.);
#1573=EDGE_CURVE('',#1252,#1254,#309,.T.);
#1574=EDGE_CURVE('',#1253,#1255,#310,.T.);
#1575=EDGE_CURVE('',#1254,#1255,#311,.T.);
#1576=EDGE_CURVE('',#1254,#1256,#312,.T.);
#1577=EDGE_CURVE('',#1255,#1257,#313,.T.);
#1578=EDGE_CURVE('',#1257,#1256,#314,.T.);
#1579=EDGE_CURVE('',#1258,#1248,#315,.T.);
#1580=EDGE_CURVE('',#1258,#1259,#316,.T.);
#1581=EDGE_CURVE('',#1259,#1250,#317,.T.);
#1582=EDGE_CURVE('',#1256,#1258,#318,.T.);
#1583=EDGE_CURVE('',#1257,#1259,#319,.T.);
#1584=EDGE_CURVE('',#1155,#1260,#320,.T.);
#1585=EDGE_CURVE('',#1260,#1261,#321,.T.);
#1586=EDGE_CURVE('',#1156,#1261,#322,.T.);
#1587=EDGE_CURVE('',#1261,#1262,#323,.T.);
#1588=EDGE_CURVE('',#1157,#1262,#324,.T.);
#1589=EDGE_CURVE('',#1262,#1263,#325,.T.);
#1590=EDGE_CURVE('',#1152,#1263,#326,.T.);
#1591=EDGE_CURVE('',#1263,#1264,#327,.T.);
#1592=EDGE_CURVE('',#1264,#1153,#328,.T.);
#1593=EDGE_CURVE('',#1154,#1265,#329,.T.);
#1594=EDGE_CURVE('',#1265,#1260,#330,.T.);
#1595=EDGE_CURVE('',#1264,#1265,#331,.T.);
#1596=EDGE_CURVE('',#1266,#1267,#332,.T.);
#1597=EDGE_CURVE('',#1268,#1266,#74,.T.);
#1598=EDGE_CURVE('',#1269,#1268,#333,.T.);
#1599=EDGE_CURVE('',#1270,#1269,#75,.T.);
#1600=EDGE_CURVE('',#1271,#1270,#334,.T.);
#1601=EDGE_CURVE('',#1272,#1271,#76,.T.);
#1602=EDGE_CURVE('',#1273,#1272,#335,.T.);
#1603=EDGE_CURVE('',#1274,#1273,#77,.T.);
#1604=EDGE_CURVE('',#1275,#1274,#336,.T.);
#1605=EDGE_CURVE('',#1275,#1276,#337,.T.);
#1606=EDGE_CURVE('',#1276,#1277,#26,.T.);
#1607=EDGE_CURVE('',#1277,#1278,#338,.T.);
#1608=EDGE_CURVE('',#1278,#1279,#339,.T.);
#1609=EDGE_CURVE('',#1279,#1280,#340,.T.);
#1610=EDGE_CURVE('',#1280,#1281,#27,.T.);
#1611=EDGE_CURVE('',#1281,#1267,#341,.T.);
#1612=EDGE_CURVE('',#1276,#1282,#342,.T.);
#1613=EDGE_CURVE('',#1283,#1282,#28,.T.);
#1614=EDGE_CURVE('',#1277,#1283,#343,.T.);
#1615=EDGE_CURVE('',#1284,#1283,#344,.T.);
#1616=EDGE_CURVE('',#1278,#1284,#345,.T.);
#1617=EDGE_CURVE('',#1285,#1284,#346,.T.);
#1618=EDGE_CURVE('',#1279,#1285,#347,.T.);
#1619=EDGE_CURVE('',#1286,#1285,#348,.T.);
#1620=EDGE_CURVE('',#1280,#1286,#349,.T.);
#1621=EDGE_CURVE('',#1287,#1286,#29,.T.);
#1622=EDGE_CURVE('',#1281,#1287,#350,.T.);
#1623=EDGE_CURVE('',#1288,#1287,#351,.T.);
#1624=EDGE_CURVE('',#1267,#1288,#352,.T.);
#1625=EDGE_CURVE('',#1275,#1289,#353,.T.);
#1626=EDGE_CURVE('',#1282,#1289,#354,.T.);
#1627=EDGE_CURVE('',#1290,#1291,#355,.T.);
#1628=EDGE_CURVE('',#1291,#1292,#356,.T.);
#1629=EDGE_CURVE('',#1292,#1293,#357,.T.);
#1630=EDGE_CURVE('',#1293,#1290,#358,.T.);
#1631=EDGE_CURVE('',#1289,#1288,#359,.T.);
#1632=EDGE_CURVE('',#1294,#1274,#360,.T.);
#1633=EDGE_CURVE('',#1295,#1294,#361,.T.);
#1634=EDGE_CURVE('',#1295,#1266,#362,.T.);
#1635=EDGE_CURVE('',#1296,#1291,#363,.T.);
#1636=EDGE_CURVE('',#1297,#1296,#364,.T.);
#1637=EDGE_CURVE('',#1297,#1292,#365,.T.);
#1638=EDGE_CURVE('',#1146,#1290,#366,.T.);
#1639=EDGE_CURVE('',#1296,#1233,#367,.T.);
#1640=EDGE_CURVE('',#1147,#1293,#368,.T.);
#1641=EDGE_CURVE('',#1298,#1295,#78,.T.);
#1642=EDGE_CURVE('',#1294,#1299,#79,.T.);
#1643=EDGE_CURVE('',#1299,#1298,#369,.T.);
#1644=EDGE_CURVE('',#1159,#1300,#370,.T.);
#1645=EDGE_CURVE('',#1300,#1297,#371,.T.);
#1646=EDGE_CURVE('',#1131,#1129,#80,.T.);
#1647=EDGE_CURVE('',#1178,#1273,#372,.T.);
#1648=EDGE_CURVE('',#1179,#1272,#373,.T.);
#1649=EDGE_CURVE('',#1180,#1271,#374,.T.);
#1650=EDGE_CURVE('',#1181,#1270,#375,.T.);
#1651=EDGE_CURVE('',#1182,#1269,#376,.T.);
#1652=EDGE_CURVE('',#1183,#1268,#377,.T.);
#1653=EDGE_CURVE('',#1184,#1298,#378,.T.);
#1654=EDGE_CURVE('',#1177,#1299,#379,.T.);
#1655=EDGE_CURVE('',#1164,#1300,#380,.T.);
#1656=EDGE_CURVE('',#1301,#1302,#381,.T.);
#1657=EDGE_CURVE('',#1302,#1303,#382,.T.);
#1658=EDGE_CURVE('',#1304,#1303,#383,.T.);
#1659=EDGE_CURVE('',#1301,#1304,#384,.T.);
#1660=EDGE_CURVE('',#1302,#1301,#1054,.T.);
#1661=EDGE_CURVE('',#1303,#1304,#1055,.T.);
#1662=EDGE_CURVE('',#1305,#1306,#1074,.T.);
#1663=EDGE_CURVE('',#1306,#1305,#385,.T.);
#1664=EDGE_CURVE('',#1307,#1305,#386,.T.);
#1665=EDGE_CURVE('',#1307,#1308,#387,.T.);
#1666=EDGE_CURVE('',#1308,#1306,#388,.T.);
#1667=EDGE_CURVE('',#1307,#1308,#1056,.T.);
#1668=ORIENTED_EDGE('',*,*,#1309,.F.);
#1669=ORIENTED_EDGE('',*,*,#1310,.T.);
#1670=ORIENTED_EDGE('',*,*,#1311,.T.);
#1671=ORIENTED_EDGE('',*,*,#1312,.T.);
#1672=ORIENTED_EDGE('',*,*,#1313,.F.);
#1673=ORIENTED_EDGE('',*,*,#1314,.T.);
#1674=ORIENTED_EDGE('',*,*,#1315,.T.);
#1675=ORIENTED_EDGE('',*,*,#1316,.F.);
#1676=ORIENTED_EDGE('',*,*,#1317,.T.);
#1677=ORIENTED_EDGE('',*,*,#1318,.T.);
#1678=ORIENTED_EDGE('',*,*,#1319,.F.);
#1679=ORIENTED_EDGE('',*,*,#1320,.T.);
#1680=ORIENTED_EDGE('',*,*,#1321,.F.);
#1681=ORIENTED_EDGE('',*,*,#1322,.T.);
#1682=ORIENTED_EDGE('',*,*,#1323,.T.);
#1683=ORIENTED_EDGE('',*,*,#1324,.F.);
#1684=ORIENTED_EDGE('',*,*,#1325,.F.);
#1685=ORIENTED_EDGE('',*,*,#1326,.T.);
#1686=ORIENTED_EDGE('',*,*,#1327,.T.);
#1687=ORIENTED_EDGE('',*,*,#1328,.T.);
#1688=ORIENTED_EDGE('',*,*,#1329,.F.);
#1689=ORIENTED_EDGE('',*,*,#1330,.F.);
#1690=ORIENTED_EDGE('',*,*,#1331,.F.);
#1691=ORIENTED_EDGE('',*,*,#1332,.F.);
#1692=ORIENTED_EDGE('',*,*,#1333,.F.);
#1693=ORIENTED_EDGE('',*,*,#1334,.F.);
#1694=ORIENTED_EDGE('',*,*,#1335,.F.);
#1695=ORIENTED_EDGE('',*,*,#1336,.F.);
#1696=ORIENTED_EDGE('',*,*,#1337,.F.);
#1697=ORIENTED_EDGE('',*,*,#1338,.F.);
#1698=ORIENTED_EDGE('',*,*,#1339,.F.);
#1699=ORIENTED_EDGE('',*,*,#1340,.F.);
#1700=ORIENTED_EDGE('',*,*,#1321,.T.);
#1701=ORIENTED_EDGE('',*,*,#1341,.F.);
#1702=ORIENTED_EDGE('',*,*,#1323,.F.);
#1703=ORIENTED_EDGE('',*,*,#1342,.F.);
#1704=ORIENTED_EDGE('',*,*,#1325,.T.);
#1705=ORIENTED_EDGE('',*,*,#1343,.F.);
#1706=ORIENTED_EDGE('',*,*,#1327,.F.);
#1707=ORIENTED_EDGE('',*,*,#1344,.F.);
#1708=ORIENTED_EDGE('',*,*,#1333,.T.);
#1709=ORIENTED_EDGE('',*,*,#1345,.F.);
#1710=ORIENTED_EDGE('',*,*,#1346,.F.);
#1711=ORIENTED_EDGE('',*,*,#1347,.T.);
#1712=ORIENTED_EDGE('',*,*,#1329,.T.);
#1713=ORIENTED_EDGE('',*,*,#1348,.T.);
#1714=ORIENTED_EDGE('',*,*,#1349,.F.);
#1715=ORIENTED_EDGE('',*,*,#1350,.T.);
#1716=ORIENTED_EDGE('',*,*,#1351,.T.);
#1717=ORIENTED_EDGE('',*,*,#1346,.T.);
#1718=ORIENTED_EDGE('',*,*,#1352,.T.);
#1719=ORIENTED_EDGE('',*,*,#1353,.T.);
#1720=ORIENTED_EDGE('',*,*,#1354,.T.);
#1721=ORIENTED_EDGE('',*,*,#1355,.T.);
#1722=ORIENTED_EDGE('',*,*,#1356,.T.);
#1723=ORIENTED_EDGE('',*,*,#1357,.T.);
#1724=ORIENTED_EDGE('',*,*,#1358,.T.);
#1725=ORIENTED_EDGE('',*,*,#1349,.T.);
#1726=ORIENTED_EDGE('',*,*,#1359,.T.);
#1727=ORIENTED_EDGE('',*,*,#1360,.T.);
#1728=ORIENTED_EDGE('',*,*,#1361,.T.);
#1729=ORIENTED_EDGE('',*,*,#1319,.T.);
#1730=ORIENTED_EDGE('',*,*,#1362,.T.);
#1731=ORIENTED_EDGE('',*,*,#1363,.T.);
#1732=ORIENTED_EDGE('',*,*,#1364,.T.);
#1733=ORIENTED_EDGE('',*,*,#1365,.T.);
#1734=ORIENTED_EDGE('',*,*,#1355,.F.);
#1735=ORIENTED_EDGE('',*,*,#1366,.F.);
#1736=ORIENTED_EDGE('',*,*,#1350,.F.);
#1737=ORIENTED_EDGE('',*,*,#1358,.F.);
#1738=ORIENTED_EDGE('',*,*,#1367,.F.);
#1739=ORIENTED_EDGE('',*,*,#1330,.T.);
#1740=ORIENTED_EDGE('',*,*,#1340,.T.);
#1741=ORIENTED_EDGE('',*,*,#1368,.F.);
#1742=ORIENTED_EDGE('',*,*,#1359,.F.);
#1743=ORIENTED_EDGE('',*,*,#1348,.F.);
#1744=ORIENTED_EDGE('',*,*,#1366,.T.);
#1745=ORIENTED_EDGE('',*,*,#1354,.F.);
#1746=ORIENTED_EDGE('',*,*,#1369,.F.);
#1747=ORIENTED_EDGE('',*,*,#1370,.T.);
#1748=ORIENTED_EDGE('',*,*,#1371,.T.);
#1749=ORIENTED_EDGE('',*,*,#1372,.F.);
#1750=ORIENTED_EDGE('',*,*,#1356,.F.);
#1751=ORIENTED_EDGE('',*,*,#1365,.F.);
#1752=ORIENTED_EDGE('',*,*,#1373,.F.);
#1753=ORIENTED_EDGE('',*,*,#1374,.F.);
#1754=ORIENTED_EDGE('',*,*,#1371,.F.);
#1755=ORIENTED_EDGE('',*,*,#1364,.F.);
#1756=ORIENTED_EDGE('',*,*,#1370,.F.);
#1757=ORIENTED_EDGE('',*,*,#1375,.F.);
#1758=ORIENTED_EDGE('',*,*,#1376,.F.);
#1759=ORIENTED_EDGE('',*,*,#1317,.F.);
#1760=ORIENTED_EDGE('',*,*,#1377,.F.);
#1761=ORIENTED_EDGE('',*,*,#1378,.F.);
#1762=ORIENTED_EDGE('',*,*,#1379,.F.);
#1763=ORIENTED_EDGE('',*,*,#1380,.F.);
#1764=ORIENTED_EDGE('',*,*,#1313,.T.);
#1765=ORIENTED_EDGE('',*,*,#1381,.F.);
#1766=ORIENTED_EDGE('',*,*,#1315,.F.);
#1767=ORIENTED_EDGE('',*,*,#1382,.F.);
#1768=ORIENTED_EDGE('',*,*,#1309,.T.);
#1769=ORIENTED_EDGE('',*,*,#1383,.F.);
#1770=ORIENTED_EDGE('',*,*,#1311,.F.);
#1771=ORIENTED_EDGE('',*,*,#1384,.F.);
#1772=ORIENTED_EDGE('',*,*,#1384,.T.);
#1773=ORIENTED_EDGE('',*,*,#1310,.F.);
#1774=ORIENTED_EDGE('',*,*,#1312,.F.);
#1775=ORIENTED_EDGE('',*,*,#1383,.T.);
#1776=ORIENTED_EDGE('',*,*,#1332,.T.);
#1777=ORIENTED_EDGE('',*,*,#1385,.F.);
#1778=ORIENTED_EDGE('',*,*,#1352,.F.);
#1779=ORIENTED_EDGE('',*,*,#1345,.T.);
#1780=ORIENTED_EDGE('',*,*,#1347,.F.);
#1781=ORIENTED_EDGE('',*,*,#1351,.F.);
#1782=ORIENTED_EDGE('',*,*,#1386,.F.);
#1783=ORIENTED_EDGE('',*,*,#1334,.T.);
#1784=ORIENTED_EDGE('',*,*,#1324,.T.);
#1785=ORIENTED_EDGE('',*,*,#1341,.T.);
#1786=ORIENTED_EDGE('',*,*,#1342,.T.);
#1787=ORIENTED_EDGE('',*,*,#1322,.F.);
#1788=ORIENTED_EDGE('',*,*,#1328,.F.);
#1789=ORIENTED_EDGE('',*,*,#1343,.T.);
#1790=ORIENTED_EDGE('',*,*,#1344,.T.);
#1791=ORIENTED_EDGE('',*,*,#1326,.F.);
#1792=ORIENTED_EDGE('',*,*,#1382,.T.);
#1793=ORIENTED_EDGE('',*,*,#1314,.F.);
#1794=ORIENTED_EDGE('',*,*,#1316,.T.);
#1795=ORIENTED_EDGE('',*,*,#1381,.T.);
#1796=ORIENTED_EDGE('',*,*,#1320,.F.);
#1797=ORIENTED_EDGE('',*,*,#1361,.F.);
#1798=ORIENTED_EDGE('',*,*,#1387,.F.);
#1799=ORIENTED_EDGE('',*,*,#1377,.T.);
#1800=ORIENTED_EDGE('',*,*,#1376,.T.);
#1801=ORIENTED_EDGE('',*,*,#1388,.F.);
#1802=ORIENTED_EDGE('',*,*,#1362,.F.);
#1803=ORIENTED_EDGE('',*,*,#1318,.F.);
#1804=ORIENTED_EDGE('',*,*,#1389,.F.);
#1805=ORIENTED_EDGE('',*,*,#1390,.F.);
#1806=ORIENTED_EDGE('',*,*,#1391,.F.);
#1807=ORIENTED_EDGE('',*,*,#1392,.F.);
#1808=ORIENTED_EDGE('',*,*,#1393,.F.);
#1809=ORIENTED_EDGE('',*,*,#1394,.F.);
#1810=ORIENTED_EDGE('',*,*,#1395,.F.);
#1811=ORIENTED_EDGE('',*,*,#1396,.F.);
#1812=ORIENTED_EDGE('',*,*,#1393,.T.);
#1813=ORIENTED_EDGE('',*,*,#1397,.F.);
#1814=ORIENTED_EDGE('',*,*,#1398,.F.);
#1815=ORIENTED_EDGE('',*,*,#1399,.F.);
#1816=ORIENTED_EDGE('',*,*,#1385,.T.);
#1817=ORIENTED_EDGE('',*,*,#1331,.T.);
#1818=ORIENTED_EDGE('',*,*,#1367,.T.);
#1819=ORIENTED_EDGE('',*,*,#1360,.F.);
#1820=ORIENTED_EDGE('',*,*,#1368,.T.);
#1821=ORIENTED_EDGE('',*,*,#1339,.T.);
#1822=ORIENTED_EDGE('',*,*,#1400,.T.);
#1823=ORIENTED_EDGE('',*,*,#1394,.T.);
#1824=ORIENTED_EDGE('',*,*,#1399,.T.);
#1825=ORIENTED_EDGE('',*,*,#1401,.F.);
#1826=ORIENTED_EDGE('',*,*,#1402,.T.);
#1827=ORIENTED_EDGE('',*,*,#1403,.F.);
#1828=ORIENTED_EDGE('',*,*,#1404,.T.);
#1829=ORIENTED_EDGE('',*,*,#1405,.T.);
#1830=ORIENTED_EDGE('',*,*,#1406,.T.);
#1831=ORIENTED_EDGE('',*,*,#1407,.T.);
#1832=ORIENTED_EDGE('',*,*,#1408,.T.);
#1833=ORIENTED_EDGE('',*,*,#1409,.T.);
#1834=ORIENTED_EDGE('',*,*,#1410,.T.);
#1835=ORIENTED_EDGE('',*,*,#1411,.T.);
#1836=ORIENTED_EDGE('',*,*,#1412,.T.);
#1837=ORIENTED_EDGE('',*,*,#1335,.T.);
#1838=ORIENTED_EDGE('',*,*,#1386,.T.);
#1839=ORIENTED_EDGE('',*,*,#1353,.F.);
#1840=ORIENTED_EDGE('',*,*,#1413,.T.);
#1841=ORIENTED_EDGE('',*,*,#1414,.T.);
#1842=ORIENTED_EDGE('',*,*,#1415,.T.);
#1843=ORIENTED_EDGE('',*,*,#1416,.T.);
#1844=ORIENTED_EDGE('',*,*,#1417,.T.);
#1845=ORIENTED_EDGE('',*,*,#1418,.T.);
#1846=ORIENTED_EDGE('',*,*,#1373,.T.);
#1847=ORIENTED_EDGE('',*,*,#1419,.F.);
#1848=ORIENTED_EDGE('',*,*,#1420,.T.);
#1849=ORIENTED_EDGE('',*,*,#1421,.F.);
#1850=ORIENTED_EDGE('',*,*,#1395,.T.);
#1851=ORIENTED_EDGE('',*,*,#1400,.F.);
#1852=ORIENTED_EDGE('',*,*,#1338,.T.);
#1853=ORIENTED_EDGE('',*,*,#1422,.F.);
#1854=ORIENTED_EDGE('',*,*,#1336,.T.);
#1855=ORIENTED_EDGE('',*,*,#1412,.F.);
#1856=ORIENTED_EDGE('',*,*,#1423,.F.);
#1857=ORIENTED_EDGE('',*,*,#1424,.F.);
#1858=ORIENTED_EDGE('',*,*,#1396,.T.);
#1859=ORIENTED_EDGE('',*,*,#1422,.T.);
#1860=ORIENTED_EDGE('',*,*,#1337,.T.);
#1861=ORIENTED_EDGE('',*,*,#1424,.T.);
#1862=ORIENTED_EDGE('',*,*,#1425,.T.);
#1863=ORIENTED_EDGE('',*,*,#1426,.T.);
#1864=ORIENTED_EDGE('',*,*,#1427,.T.);
#1865=ORIENTED_EDGE('',*,*,#1428,.T.);
#1866=ORIENTED_EDGE('',*,*,#1429,.T.);
#1867=ORIENTED_EDGE('',*,*,#1419,.T.);
#1868=ORIENTED_EDGE('',*,*,#1380,.T.);
#1869=ORIENTED_EDGE('',*,*,#1430,.T.);
#1870=ORIENTED_EDGE('',*,*,#1431,.T.);
#1871=ORIENTED_EDGE('',*,*,#1432,.T.);
#1872=ORIENTED_EDGE('',*,*,#1433,.T.);
#1873=ORIENTED_EDGE('',*,*,#1434,.T.);
#1874=ORIENTED_EDGE('',*,*,#1435,.T.);
#1875=ORIENTED_EDGE('',*,*,#1436,.T.);
#1876=ORIENTED_EDGE('',*,*,#1437,.T.);
#1877=ORIENTED_EDGE('',*,*,#1438,.T.);
#1878=ORIENTED_EDGE('',*,*,#1439,.T.);
#1879=ORIENTED_EDGE('',*,*,#1440,.T.);
#1880=ORIENTED_EDGE('',*,*,#1441,.T.);
#1881=ORIENTED_EDGE('',*,*,#1442,.T.);
#1882=ORIENTED_EDGE('',*,*,#1443,.T.);
#1883=ORIENTED_EDGE('',*,*,#1444,.T.);
#1884=ORIENTED_EDGE('',*,*,#1445,.T.);
#1885=ORIENTED_EDGE('',*,*,#1446,.T.);
#1886=ORIENTED_EDGE('',*,*,#1447,.T.);
#1887=ORIENTED_EDGE('',*,*,#1448,.T.);
#1888=ORIENTED_EDGE('',*,*,#1449,.T.);
#1889=ORIENTED_EDGE('',*,*,#1450,.T.);
#1890=ORIENTED_EDGE('',*,*,#1410,.F.);
#1891=ORIENTED_EDGE('',*,*,#1451,.F.);
#1892=ORIENTED_EDGE('',*,*,#1426,.F.);
#1893=ORIENTED_EDGE('',*,*,#1452,.F.);
#1894=ORIENTED_EDGE('',*,*,#1451,.T.);
#1895=ORIENTED_EDGE('',*,*,#1409,.F.);
#1896=ORIENTED_EDGE('',*,*,#1453,.F.);
#1897=ORIENTED_EDGE('',*,*,#1427,.F.);
#1898=ORIENTED_EDGE('',*,*,#1452,.T.);
#1899=ORIENTED_EDGE('',*,*,#1425,.F.);
#1900=ORIENTED_EDGE('',*,*,#1423,.T.);
#1901=ORIENTED_EDGE('',*,*,#1411,.F.);
#1902=ORIENTED_EDGE('',*,*,#1454,.F.);
#1903=ORIENTED_EDGE('',*,*,#1455,.F.);
#1904=ORIENTED_EDGE('',*,*,#1456,.F.);
#1905=ORIENTED_EDGE('',*,*,#1457,.F.);
#1906=ORIENTED_EDGE('',*,*,#1458,.F.);
#1907=ORIENTED_EDGE('',*,*,#1459,.F.);
#1908=ORIENTED_EDGE('',*,*,#1460,.F.);
#1909=ORIENTED_EDGE('',*,*,#1461,.F.);
#1910=ORIENTED_EDGE('',*,*,#1462,.F.);
#1911=ORIENTED_EDGE('',*,*,#1463,.F.);
#1912=ORIENTED_EDGE('',*,*,#1464,.F.);
#1913=ORIENTED_EDGE('',*,*,#1465,.F.);
#1914=ORIENTED_EDGE('',*,*,#1466,.F.);
#1915=ORIENTED_EDGE('',*,*,#1467,.T.);
#1916=ORIENTED_EDGE('',*,*,#1455,.T.);
#1917=ORIENTED_EDGE('',*,*,#1468,.F.);
#1918=ORIENTED_EDGE('',*,*,#1469,.F.);
#1919=ORIENTED_EDGE('',*,*,#1470,.T.);
#1920=ORIENTED_EDGE('',*,*,#1456,.T.);
#1921=ORIENTED_EDGE('',*,*,#1467,.F.);
#1922=ORIENTED_EDGE('',*,*,#1471,.F.);
#1923=ORIENTED_EDGE('',*,*,#1472,.T.);
#1924=ORIENTED_EDGE('',*,*,#1457,.T.);
#1925=ORIENTED_EDGE('',*,*,#1470,.F.);
#1926=ORIENTED_EDGE('',*,*,#1473,.F.);
#1927=ORIENTED_EDGE('',*,*,#1474,.T.);
#1928=ORIENTED_EDGE('',*,*,#1459,.T.);
#1929=ORIENTED_EDGE('',*,*,#1475,.F.);
#1930=ORIENTED_EDGE('',*,*,#1476,.F.);
#1931=ORIENTED_EDGE('',*,*,#1477,.T.);
#1932=ORIENTED_EDGE('',*,*,#1461,.T.);
#1933=ORIENTED_EDGE('',*,*,#1478,.F.);
#1934=ORIENTED_EDGE('',*,*,#1479,.F.);
#1935=ORIENTED_EDGE('',*,*,#1480,.T.);
#1936=ORIENTED_EDGE('',*,*,#1462,.T.);
#1937=ORIENTED_EDGE('',*,*,#1477,.F.);
#1938=ORIENTED_EDGE('',*,*,#1481,.F.);
#1939=ORIENTED_EDGE('',*,*,#1482,.F.);
#1940=ORIENTED_EDGE('',*,*,#1463,.T.);
#1941=ORIENTED_EDGE('',*,*,#1480,.F.);
#1942=ORIENTED_EDGE('',*,*,#1483,.F.);
#1943=ORIENTED_EDGE('',*,*,#1484,.T.);
#1944=ORIENTED_EDGE('',*,*,#1485,.T.);
#1945=ORIENTED_EDGE('',*,*,#1475,.T.);
#1946=ORIENTED_EDGE('',*,*,#1458,.T.);
#1947=ORIENTED_EDGE('',*,*,#1472,.F.);
#1948=ORIENTED_EDGE('',*,*,#1486,.T.);
#1949=ORIENTED_EDGE('',*,*,#1438,.F.);
#1950=ORIENTED_EDGE('',*,*,#1487,.F.);
#1951=ORIENTED_EDGE('',*,*,#1488,.F.);
#1952=ORIENTED_EDGE('',*,*,#1454,.T.);
#1953=ORIENTED_EDGE('',*,*,#1489,.T.);
#1954=ORIENTED_EDGE('',*,*,#1439,.F.);
#1955=ORIENTED_EDGE('',*,*,#1486,.F.);
#1956=ORIENTED_EDGE('',*,*,#1490,.F.);
#1957=ORIENTED_EDGE('',*,*,#1491,.F.);
#1958=ORIENTED_EDGE('',*,*,#1468,.T.);
#1959=ORIENTED_EDGE('',*,*,#1476,.T.);
#1960=ORIENTED_EDGE('',*,*,#1492,.T.);
#1961=ORIENTED_EDGE('',*,*,#1493,.T.);
#1962=ORIENTED_EDGE('',*,*,#1494,.T.);
#1963=ORIENTED_EDGE('',*,*,#1495,.F.);
#1964=ORIENTED_EDGE('',*,*,#1496,.F.);
#1965=ORIENTED_EDGE('',*,*,#1497,.F.);
#1966=ORIENTED_EDGE('',*,*,#1498,.T.);
#1967=ORIENTED_EDGE('',*,*,#1481,.T.);
#1968=ORIENTED_EDGE('',*,*,#1479,.T.);
#1969=ORIENTED_EDGE('',*,*,#1471,.T.);
#1970=ORIENTED_EDGE('',*,*,#1469,.T.);
#1971=ORIENTED_EDGE('',*,*,#1466,.T.);
#1972=ORIENTED_EDGE('',*,*,#1491,.T.);
#1973=ORIENTED_EDGE('',*,*,#1499,.F.);
#1974=ORIENTED_EDGE('',*,*,#1500,.F.);
#1975=ORIENTED_EDGE('',*,*,#1501,.F.);
#1976=ORIENTED_EDGE('',*,*,#1502,.T.);
#1977=ORIENTED_EDGE('',*,*,#1503,.T.);
#1978=ORIENTED_EDGE('',*,*,#1483,.T.);
#1979=ORIENTED_EDGE('',*,*,#1465,.T.);
#1980=ORIENTED_EDGE('',*,*,#1504,.T.);
#1981=ORIENTED_EDGE('',*,*,#1440,.F.);
#1982=ORIENTED_EDGE('',*,*,#1489,.F.);
#1983=ORIENTED_EDGE('',*,*,#1464,.T.);
#1984=ORIENTED_EDGE('',*,*,#1482,.T.);
#1985=ORIENTED_EDGE('',*,*,#1498,.F.);
#1986=ORIENTED_EDGE('',*,*,#1505,.F.);
#1987=ORIENTED_EDGE('',*,*,#1506,.T.);
#1988=ORIENTED_EDGE('',*,*,#1431,.F.);
#1989=ORIENTED_EDGE('',*,*,#1504,.F.);
#1990=ORIENTED_EDGE('',*,*,#1503,.F.);
#1991=ORIENTED_EDGE('',*,*,#1507,.T.);
#1992=ORIENTED_EDGE('',*,*,#1508,.T.);
#1993=ORIENTED_EDGE('',*,*,#1484,.F.);
#1994=ORIENTED_EDGE('',*,*,#1502,.F.);
#1995=ORIENTED_EDGE('',*,*,#1509,.T.);
#1996=ORIENTED_EDGE('',*,*,#1510,.T.);
#1997=ORIENTED_EDGE('',*,*,#1507,.F.);
#1998=ORIENTED_EDGE('',*,*,#1511,.F.);
#1999=ORIENTED_EDGE('',*,*,#1512,.T.);
#2000=ORIENTED_EDGE('',*,*,#1513,.T.);
#2001=ORIENTED_EDGE('',*,*,#1509,.F.);
#2002=ORIENTED_EDGE('',*,*,#1514,.F.);
#2003=ORIENTED_EDGE('',*,*,#1515,.T.);
#2004=ORIENTED_EDGE('',*,*,#1516,.T.);
#2005=ORIENTED_EDGE('',*,*,#1512,.F.);
#2006=ORIENTED_EDGE('',*,*,#1517,.F.);
#2007=ORIENTED_EDGE('',*,*,#1518,.T.);
#2008=ORIENTED_EDGE('',*,*,#1519,.T.);
#2009=ORIENTED_EDGE('',*,*,#1515,.F.);
#2010=ORIENTED_EDGE('',*,*,#1494,.F.);
#2011=ORIENTED_EDGE('',*,*,#1520,.T.);
#2012=ORIENTED_EDGE('',*,*,#1521,.T.);
#2013=ORIENTED_EDGE('',*,*,#1518,.F.);
#2014=ORIENTED_EDGE('',*,*,#1493,.F.);
#2015=ORIENTED_EDGE('',*,*,#1522,.T.);
#2016=ORIENTED_EDGE('',*,*,#1523,.T.);
#2017=ORIENTED_EDGE('',*,*,#1520,.F.);
#2018=ORIENTED_EDGE('',*,*,#1524,.T.);
#2019=ORIENTED_EDGE('',*,*,#1522,.F.);
#2020=ORIENTED_EDGE('',*,*,#1492,.F.);
#2021=ORIENTED_EDGE('',*,*,#1478,.T.);
#2022=ORIENTED_EDGE('',*,*,#1460,.T.);
#2023=ORIENTED_EDGE('',*,*,#1474,.F.);
#2024=ORIENTED_EDGE('',*,*,#1473,.T.);
#2025=ORIENTED_EDGE('',*,*,#1485,.F.);
#2026=ORIENTED_EDGE('',*,*,#1508,.F.);
#2027=ORIENTED_EDGE('',*,*,#1510,.F.);
#2028=ORIENTED_EDGE('',*,*,#1513,.F.);
#2029=ORIENTED_EDGE('',*,*,#1516,.F.);
#2030=ORIENTED_EDGE('',*,*,#1519,.F.);
#2031=ORIENTED_EDGE('',*,*,#1521,.F.);
#2032=ORIENTED_EDGE('',*,*,#1523,.F.);
#2033=ORIENTED_EDGE('',*,*,#1524,.F.);
#2034=ORIENTED_EDGE('',*,*,#1514,.T.);
#2035=ORIENTED_EDGE('',*,*,#1525,.F.);
#2036=ORIENTED_EDGE('',*,*,#1526,.F.);
#2037=ORIENTED_EDGE('',*,*,#1432,.F.);
#2038=ORIENTED_EDGE('',*,*,#1506,.F.);
#2039=ORIENTED_EDGE('',*,*,#1527,.F.);
#2040=ORIENTED_EDGE('',*,*,#1528,.F.);
#2041=ORIENTED_EDGE('',*,*,#1529,.T.);
#2042=ORIENTED_EDGE('',*,*,#1434,.F.);
#2043=ORIENTED_EDGE('',*,*,#1530,.F.);
#2044=ORIENTED_EDGE('',*,*,#1405,.F.);
#2045=ORIENTED_EDGE('',*,*,#1531,.T.);
#2046=ORIENTED_EDGE('',*,*,#1436,.F.);
#2047=ORIENTED_EDGE('',*,*,#1532,.F.);
#2048=ORIENTED_EDGE('',*,*,#1490,.T.);
#2049=ORIENTED_EDGE('',*,*,#1488,.T.);
#2050=ORIENTED_EDGE('',*,*,#1533,.T.);
#2051=ORIENTED_EDGE('',*,*,#1534,.T.);
#2052=ORIENTED_EDGE('',*,*,#1499,.T.);
#2053=ORIENTED_EDGE('',*,*,#1527,.T.);
#2054=ORIENTED_EDGE('',*,*,#1505,.T.);
#2055=ORIENTED_EDGE('',*,*,#1497,.T.);
#2056=ORIENTED_EDGE('',*,*,#1535,.T.);
#2057=ORIENTED_EDGE('',*,*,#1536,.T.);
#2058=ORIENTED_EDGE('',*,*,#1404,.F.);
#2059=ORIENTED_EDGE('',*,*,#1537,.F.);
#2060=ORIENTED_EDGE('',*,*,#1533,.F.);
#2061=ORIENTED_EDGE('',*,*,#1487,.T.);
#2062=ORIENTED_EDGE('',*,*,#1437,.F.);
#2063=ORIENTED_EDGE('',*,*,#1531,.F.);
#2064=ORIENTED_EDGE('',*,*,#1536,.F.);
#2065=ORIENTED_EDGE('',*,*,#1538,.F.);
#2066=ORIENTED_EDGE('',*,*,#1539,.F.);
#2067=ORIENTED_EDGE('',*,*,#1530,.T.);
#2068=ORIENTED_EDGE('',*,*,#1433,.F.);
#2069=ORIENTED_EDGE('',*,*,#1526,.T.);
#2070=ORIENTED_EDGE('',*,*,#1540,.T.);
#2071=ORIENTED_EDGE('',*,*,#1541,.T.);
#2072=ORIENTED_EDGE('',*,*,#1542,.T.);
#2073=ORIENTED_EDGE('',*,*,#1496,.T.);
#2074=ORIENTED_EDGE('',*,*,#1392,.T.);
#2075=ORIENTED_EDGE('',*,*,#1543,.T.);
#2076=ORIENTED_EDGE('',*,*,#1544,.T.);
#2077=ORIENTED_EDGE('',*,*,#1495,.T.);
#2078=ORIENTED_EDGE('',*,*,#1517,.T.);
#2079=ORIENTED_EDGE('',*,*,#1525,.T.);
#2080=ORIENTED_EDGE('',*,*,#1511,.T.);
#2081=ORIENTED_EDGE('',*,*,#1501,.T.);
#2082=ORIENTED_EDGE('',*,*,#1545,.T.);
#2083=ORIENTED_EDGE('',*,*,#1397,.T.);
#2084=ORIENTED_EDGE('',*,*,#1544,.F.);
#2085=ORIENTED_EDGE('',*,*,#1546,.T.);
#2086=ORIENTED_EDGE('',*,*,#1540,.F.);
#2087=ORIENTED_EDGE('',*,*,#1547,.T.);
#2088=ORIENTED_EDGE('',*,*,#1548,.T.);
#2089=ORIENTED_EDGE('',*,*,#1549,.T.);
#2090=ORIENTED_EDGE('',*,*,#1500,.T.);
#2091=ORIENTED_EDGE('',*,*,#1549,.F.);
#2092=ORIENTED_EDGE('',*,*,#1550,.T.);
#2093=ORIENTED_EDGE('',*,*,#1545,.F.);
#2094=ORIENTED_EDGE('',*,*,#1534,.F.);
#2095=ORIENTED_EDGE('',*,*,#1551,.T.);
#2096=ORIENTED_EDGE('',*,*,#1547,.F.);
#2097=ORIENTED_EDGE('',*,*,#1542,.F.);
#2098=ORIENTED_EDGE('',*,*,#1552,.T.);
#2099=ORIENTED_EDGE('',*,*,#1535,.F.);
#2100=ORIENTED_EDGE('',*,*,#1550,.F.);
#2101=ORIENTED_EDGE('',*,*,#1553,.T.);
#2102=ORIENTED_EDGE('',*,*,#1401,.T.);
#2103=ORIENTED_EDGE('',*,*,#1398,.T.);
#2104=ORIENTED_EDGE('',*,*,#1548,.F.);
#2105=ORIENTED_EDGE('',*,*,#1554,.F.);
#2106=ORIENTED_EDGE('',*,*,#1402,.F.);
#2107=ORIENTED_EDGE('',*,*,#1553,.F.);
#2108=ORIENTED_EDGE('',*,*,#1551,.F.);
#2109=ORIENTED_EDGE('',*,*,#1537,.T.);
#2110=ORIENTED_EDGE('',*,*,#1403,.T.);
#2111=ORIENTED_EDGE('',*,*,#1554,.T.);
#2112=ORIENTED_EDGE('',*,*,#1552,.F.);
#2113=ORIENTED_EDGE('',*,*,#1555,.T.);
#2114=ORIENTED_EDGE('',*,*,#1556,.T.);
#2115=ORIENTED_EDGE('',*,*,#1538,.T.);
#2116=ORIENTED_EDGE('',*,*,#1541,.F.);
#2117=ORIENTED_EDGE('',*,*,#1557,.F.);
#2118=ORIENTED_EDGE('',*,*,#1558,.F.);
#2119=ORIENTED_EDGE('',*,*,#1555,.F.);
#2120=ORIENTED_EDGE('',*,*,#1546,.F.);
#2121=ORIENTED_EDGE('',*,*,#1559,.T.);
#2122=ORIENTED_EDGE('',*,*,#1560,.T.);
#2123=ORIENTED_EDGE('',*,*,#1557,.T.);
#2124=ORIENTED_EDGE('',*,*,#1391,.T.);
#2125=ORIENTED_EDGE('',*,*,#1561,.F.);
#2126=ORIENTED_EDGE('',*,*,#1559,.F.);
#2127=ORIENTED_EDGE('',*,*,#1543,.F.);
#2128=ORIENTED_EDGE('',*,*,#1562,.F.);
#2129=ORIENTED_EDGE('',*,*,#1563,.T.);
#2130=ORIENTED_EDGE('',*,*,#1441,.F.);
#2131=ORIENTED_EDGE('',*,*,#1563,.F.);
#2132=ORIENTED_EDGE('',*,*,#1564,.F.);
#2133=ORIENTED_EDGE('',*,*,#1565,.T.);
#2134=ORIENTED_EDGE('',*,*,#1442,.F.);
#2135=ORIENTED_EDGE('',*,*,#1565,.F.);
#2136=ORIENTED_EDGE('',*,*,#1566,.F.);
#2137=ORIENTED_EDGE('',*,*,#1567,.T.);
#2138=ORIENTED_EDGE('',*,*,#1568,.T.);
#2139=ORIENTED_EDGE('',*,*,#1569,.F.);
#2140=ORIENTED_EDGE('',*,*,#1570,.F.);
#2141=ORIENTED_EDGE('',*,*,#1569,.T.);
#2142=ORIENTED_EDGE('',*,*,#1571,.T.);
#2143=ORIENTED_EDGE('',*,*,#1572,.F.);
#2144=ORIENTED_EDGE('',*,*,#1573,.F.);
#2145=ORIENTED_EDGE('',*,*,#1572,.T.);
#2146=ORIENTED_EDGE('',*,*,#1574,.T.);
#2147=ORIENTED_EDGE('',*,*,#1575,.F.);
#2148=ORIENTED_EDGE('',*,*,#1576,.F.);
#2149=ORIENTED_EDGE('',*,*,#1575,.T.);
#2150=ORIENTED_EDGE('',*,*,#1577,.T.);
#2151=ORIENTED_EDGE('',*,*,#1578,.T.);
#2152=ORIENTED_EDGE('',*,*,#1579,.F.);
#2153=ORIENTED_EDGE('',*,*,#1580,.T.);
#2154=ORIENTED_EDGE('',*,*,#1581,.T.);
#2155=ORIENTED_EDGE('',*,*,#1567,.F.);
#2156=ORIENTED_EDGE('',*,*,#1582,.F.);
#2157=ORIENTED_EDGE('',*,*,#1578,.F.);
#2158=ORIENTED_EDGE('',*,*,#1583,.T.);
#2159=ORIENTED_EDGE('',*,*,#1580,.F.);
#2160=ORIENTED_EDGE('',*,*,#1583,.F.);
#2161=ORIENTED_EDGE('',*,*,#1577,.F.);
#2162=ORIENTED_EDGE('',*,*,#1574,.F.);
#2163=ORIENTED_EDGE('',*,*,#1571,.F.);
#2164=ORIENTED_EDGE('',*,*,#1568,.F.);
#2165=ORIENTED_EDGE('',*,*,#1581,.F.);
#2166=ORIENTED_EDGE('',*,*,#1562,.T.);
#2167=ORIENTED_EDGE('',*,*,#1416,.F.);
#2168=ORIENTED_EDGE('',*,*,#1584,.T.);
#2169=ORIENTED_EDGE('',*,*,#1585,.T.);
#2170=ORIENTED_EDGE('',*,*,#1586,.F.);
#2171=ORIENTED_EDGE('',*,*,#1417,.F.);
#2172=ORIENTED_EDGE('',*,*,#1586,.T.);
#2173=ORIENTED_EDGE('',*,*,#1587,.T.);
#2174=ORIENTED_EDGE('',*,*,#1588,.F.);
#2175=ORIENTED_EDGE('',*,*,#1418,.F.);
#2176=ORIENTED_EDGE('',*,*,#1588,.T.);
#2177=ORIENTED_EDGE('',*,*,#1589,.T.);
#2178=ORIENTED_EDGE('',*,*,#1590,.F.);
#2179=ORIENTED_EDGE('',*,*,#1413,.F.);
#2180=ORIENTED_EDGE('',*,*,#1590,.T.);
#2181=ORIENTED_EDGE('',*,*,#1591,.T.);
#2182=ORIENTED_EDGE('',*,*,#1592,.T.);
#2183=ORIENTED_EDGE('',*,*,#1415,.F.);
#2184=ORIENTED_EDGE('',*,*,#1593,.T.);
#2185=ORIENTED_EDGE('',*,*,#1594,.T.);
#2186=ORIENTED_EDGE('',*,*,#1584,.F.);
#2187=ORIENTED_EDGE('',*,*,#1414,.F.);
#2188=ORIENTED_EDGE('',*,*,#1592,.F.);
#2189=ORIENTED_EDGE('',*,*,#1595,.T.);
#2190=ORIENTED_EDGE('',*,*,#1593,.F.);
#2191=ORIENTED_EDGE('',*,*,#1595,.F.);
#2192=ORIENTED_EDGE('',*,*,#1591,.F.);
#2193=ORIENTED_EDGE('',*,*,#1589,.F.);
#2194=ORIENTED_EDGE('',*,*,#1587,.F.);
#2195=ORIENTED_EDGE('',*,*,#1585,.F.);
#2196=ORIENTED_EDGE('',*,*,#1594,.F.);
#2197=ORIENTED_EDGE('',*,*,#1564,.T.);
#2198=ORIENTED_EDGE('',*,*,#1596,.F.);
#2199=ORIENTED_EDGE('',*,*,#1597,.F.);
#2200=ORIENTED_EDGE('',*,*,#1598,.F.);
#2201=ORIENTED_EDGE('',*,*,#1599,.F.);
#2202=ORIENTED_EDGE('',*,*,#1600,.F.);
#2203=ORIENTED_EDGE('',*,*,#1601,.F.);
#2204=ORIENTED_EDGE('',*,*,#1602,.F.);
#2205=ORIENTED_EDGE('',*,*,#1603,.F.);
#2206=ORIENTED_EDGE('',*,*,#1604,.F.);
#2207=ORIENTED_EDGE('',*,*,#1605,.T.);
#2208=ORIENTED_EDGE('',*,*,#1606,.T.);
#2209=ORIENTED_EDGE('',*,*,#1607,.T.);
#2210=ORIENTED_EDGE('',*,*,#1608,.T.);
#2211=ORIENTED_EDGE('',*,*,#1609,.T.);
#2212=ORIENTED_EDGE('',*,*,#1610,.T.);
#2213=ORIENTED_EDGE('',*,*,#1611,.T.);
#2214=ORIENTED_EDGE('',*,*,#1606,.F.);
#2215=ORIENTED_EDGE('',*,*,#1612,.T.);
#2216=ORIENTED_EDGE('',*,*,#1613,.F.);
#2217=ORIENTED_EDGE('',*,*,#1614,.F.);
#2218=ORIENTED_EDGE('',*,*,#1607,.F.);
#2219=ORIENTED_EDGE('',*,*,#1614,.T.);
#2220=ORIENTED_EDGE('',*,*,#1615,.F.);
#2221=ORIENTED_EDGE('',*,*,#1616,.F.);
#2222=ORIENTED_EDGE('',*,*,#1608,.F.);
#2223=ORIENTED_EDGE('',*,*,#1616,.T.);
#2224=ORIENTED_EDGE('',*,*,#1617,.F.);
#2225=ORIENTED_EDGE('',*,*,#1618,.F.);
#2226=ORIENTED_EDGE('',*,*,#1609,.F.);
#2227=ORIENTED_EDGE('',*,*,#1618,.T.);
#2228=ORIENTED_EDGE('',*,*,#1619,.F.);
#2229=ORIENTED_EDGE('',*,*,#1620,.F.);
#2230=ORIENTED_EDGE('',*,*,#1610,.F.);
#2231=ORIENTED_EDGE('',*,*,#1620,.T.);
#2232=ORIENTED_EDGE('',*,*,#1621,.F.);
#2233=ORIENTED_EDGE('',*,*,#1622,.F.);
#2234=ORIENTED_EDGE('',*,*,#1611,.F.);
#2235=ORIENTED_EDGE('',*,*,#1622,.T.);
#2236=ORIENTED_EDGE('',*,*,#1623,.F.);
#2237=ORIENTED_EDGE('',*,*,#1624,.F.);
#2238=ORIENTED_EDGE('',*,*,#1605,.F.);
#2239=ORIENTED_EDGE('',*,*,#1625,.T.);
#2240=ORIENTED_EDGE('',*,*,#1626,.F.);
#2241=ORIENTED_EDGE('',*,*,#1612,.F.);
#2242=ORIENTED_EDGE('',*,*,#1627,.T.);
#2243=ORIENTED_EDGE('',*,*,#1628,.T.);
#2244=ORIENTED_EDGE('',*,*,#1629,.T.);
#2245=ORIENTED_EDGE('',*,*,#1630,.T.);
#2246=ORIENTED_EDGE('',*,*,#1626,.T.);
#2247=ORIENTED_EDGE('',*,*,#1631,.T.);
#2248=ORIENTED_EDGE('',*,*,#1623,.T.);
#2249=ORIENTED_EDGE('',*,*,#1621,.T.);
#2250=ORIENTED_EDGE('',*,*,#1619,.T.);
#2251=ORIENTED_EDGE('',*,*,#1617,.T.);
#2252=ORIENTED_EDGE('',*,*,#1615,.T.);
#2253=ORIENTED_EDGE('',*,*,#1613,.T.);
#2254=ORIENTED_EDGE('',*,*,#1596,.T.);
#2255=ORIENTED_EDGE('',*,*,#1624,.T.);
#2256=ORIENTED_EDGE('',*,*,#1631,.F.);
#2257=ORIENTED_EDGE('',*,*,#1625,.F.);
#2258=ORIENTED_EDGE('',*,*,#1604,.T.);
#2259=ORIENTED_EDGE('',*,*,#1632,.F.);
#2260=ORIENTED_EDGE('',*,*,#1633,.F.);
#2261=ORIENTED_EDGE('',*,*,#1634,.T.);
#2262=ORIENTED_EDGE('',*,*,#1635,.F.);
#2263=ORIENTED_EDGE('',*,*,#1636,.F.);
#2264=ORIENTED_EDGE('',*,*,#1637,.T.);
#2265=ORIENTED_EDGE('',*,*,#1628,.F.);
#2266=ORIENTED_EDGE('',*,*,#1638,.F.);
#2267=ORIENTED_EDGE('',*,*,#1406,.F.);
#2268=ORIENTED_EDGE('',*,*,#1532,.T.);
#2269=ORIENTED_EDGE('',*,*,#1435,.F.);
#2270=ORIENTED_EDGE('',*,*,#1529,.F.);
#2271=ORIENTED_EDGE('',*,*,#1639,.F.);
#2272=ORIENTED_EDGE('',*,*,#1635,.T.);
#2273=ORIENTED_EDGE('',*,*,#1627,.F.);
#2274=ORIENTED_EDGE('',*,*,#1640,.F.);
#2275=ORIENTED_EDGE('',*,*,#1407,.F.);
#2276=ORIENTED_EDGE('',*,*,#1638,.T.);
#2277=ORIENTED_EDGE('',*,*,#1630,.F.);
#2278=ORIENTED_EDGE('',*,*,#1641,.T.);
#2279=ORIENTED_EDGE('',*,*,#1633,.T.);
#2280=ORIENTED_EDGE('',*,*,#1642,.T.);
#2281=ORIENTED_EDGE('',*,*,#1643,.T.);
#2282=ORIENTED_EDGE('',*,*,#1372,.T.);
#2283=ORIENTED_EDGE('',*,*,#1374,.T.);
#2284=ORIENTED_EDGE('',*,*,#1421,.T.);
#2285=ORIENTED_EDGE('',*,*,#1644,.T.);
#2286=ORIENTED_EDGE('',*,*,#1645,.T.);
#2287=ORIENTED_EDGE('',*,*,#1636,.T.);
#2288=ORIENTED_EDGE('',*,*,#1639,.T.);
#2289=ORIENTED_EDGE('',*,*,#1528,.T.);
#2290=ORIENTED_EDGE('',*,*,#1539,.T.);
#2291=ORIENTED_EDGE('',*,*,#1556,.F.);
#2292=ORIENTED_EDGE('',*,*,#1558,.T.);
#2293=ORIENTED_EDGE('',*,*,#1560,.F.);
#2294=ORIENTED_EDGE('',*,*,#1561,.T.);
#2295=ORIENTED_EDGE('',*,*,#1390,.T.);
#2296=ORIENTED_EDGE('',*,*,#1646,.T.);
#2297=ORIENTED_EDGE('',*,*,#1378,.T.);
#2298=ORIENTED_EDGE('',*,*,#1387,.T.);
#2299=ORIENTED_EDGE('',*,*,#1363,.F.);
#2300=ORIENTED_EDGE('',*,*,#1388,.T.);
#2301=ORIENTED_EDGE('',*,*,#1375,.T.);
#2302=ORIENTED_EDGE('',*,*,#1369,.T.);
#2303=ORIENTED_EDGE('',*,*,#1357,.F.);
#2304=ORIENTED_EDGE('',*,*,#1576,.T.);
#2305=ORIENTED_EDGE('',*,*,#1582,.T.);
#2306=ORIENTED_EDGE('',*,*,#1579,.T.);
#2307=ORIENTED_EDGE('',*,*,#1566,.T.);
#2308=ORIENTED_EDGE('',*,*,#1570,.T.);
#2309=ORIENTED_EDGE('',*,*,#1573,.T.);
#2310=ORIENTED_EDGE('',*,*,#1444,.F.);
#2311=ORIENTED_EDGE('',*,*,#1647,.T.);
#2312=ORIENTED_EDGE('',*,*,#1602,.T.);
#2313=ORIENTED_EDGE('',*,*,#1648,.F.);
#2314=ORIENTED_EDGE('',*,*,#1445,.F.);
#2315=ORIENTED_EDGE('',*,*,#1648,.T.);
#2316=ORIENTED_EDGE('',*,*,#1601,.T.);
#2317=ORIENTED_EDGE('',*,*,#1649,.F.);
#2318=ORIENTED_EDGE('',*,*,#1446,.F.);
#2319=ORIENTED_EDGE('',*,*,#1649,.T.);
#2320=ORIENTED_EDGE('',*,*,#1600,.T.);
#2321=ORIENTED_EDGE('',*,*,#1650,.F.);
#2322=ORIENTED_EDGE('',*,*,#1447,.F.);
#2323=ORIENTED_EDGE('',*,*,#1650,.T.);
#2324=ORIENTED_EDGE('',*,*,#1599,.T.);
#2325=ORIENTED_EDGE('',*,*,#1651,.F.);
#2326=ORIENTED_EDGE('',*,*,#1448,.F.);
#2327=ORIENTED_EDGE('',*,*,#1651,.T.);
#2328=ORIENTED_EDGE('',*,*,#1598,.T.);
#2329=ORIENTED_EDGE('',*,*,#1652,.F.);
#2330=ORIENTED_EDGE('',*,*,#1449,.F.);
#2331=ORIENTED_EDGE('',*,*,#1652,.T.);
#2332=ORIENTED_EDGE('',*,*,#1597,.T.);
#2333=ORIENTED_EDGE('',*,*,#1634,.F.);
#2334=ORIENTED_EDGE('',*,*,#1641,.F.);
#2335=ORIENTED_EDGE('',*,*,#1653,.F.);
#2336=ORIENTED_EDGE('',*,*,#1450,.F.);
#2337=ORIENTED_EDGE('',*,*,#1653,.T.);
#2338=ORIENTED_EDGE('',*,*,#1643,.F.);
#2339=ORIENTED_EDGE('',*,*,#1654,.F.);
#2340=ORIENTED_EDGE('',*,*,#1443,.F.);
#2341=ORIENTED_EDGE('',*,*,#1654,.T.);
#2342=ORIENTED_EDGE('',*,*,#1642,.F.);
#2343=ORIENTED_EDGE('',*,*,#1632,.T.);
#2344=ORIENTED_EDGE('',*,*,#1603,.T.);
#2345=ORIENTED_EDGE('',*,*,#1647,.F.);
#2346=ORIENTED_EDGE('',*,*,#1429,.F.);
#2347=ORIENTED_EDGE('',*,*,#1655,.T.);
#2348=ORIENTED_EDGE('',*,*,#1644,.F.);
#2349=ORIENTED_EDGE('',*,*,#1420,.F.);
#2350=ORIENTED_EDGE('',*,*,#1389,.T.);
#2351=ORIENTED_EDGE('',*,*,#1430,.F.);
#2352=ORIENTED_EDGE('',*,*,#1379,.T.);
#2353=ORIENTED_EDGE('',*,*,#1646,.F.);
#2354=ORIENTED_EDGE('',*,*,#1428,.F.);
#2355=ORIENTED_EDGE('',*,*,#1453,.T.);
#2356=ORIENTED_EDGE('',*,*,#1408,.F.);
#2357=ORIENTED_EDGE('',*,*,#1640,.T.);
#2358=ORIENTED_EDGE('',*,*,#1629,.F.);
#2359=ORIENTED_EDGE('',*,*,#1637,.F.);
#2360=ORIENTED_EDGE('',*,*,#1645,.F.);
#2361=ORIENTED_EDGE('',*,*,#1655,.F.);
#2362=ORIENTED_EDGE('',*,*,#1656,.T.);
#2363=ORIENTED_EDGE('',*,*,#1657,.T.);
#2364=ORIENTED_EDGE('',*,*,#1658,.F.);
#2365=ORIENTED_EDGE('',*,*,#1659,.F.);
#2366=ORIENTED_EDGE('',*,*,#1660,.T.);
#2367=ORIENTED_EDGE('',*,*,#1659,.T.);
#2368=ORIENTED_EDGE('',*,*,#1661,.F.);
#2369=ORIENTED_EDGE('',*,*,#1657,.F.);
#2370=ORIENTED_EDGE('',*,*,#1661,.T.);
#2371=ORIENTED_EDGE('',*,*,#1658,.T.);
#2372=ORIENTED_EDGE('',*,*,#1660,.F.);
#2373=ORIENTED_EDGE('',*,*,#1656,.F.);
#2374=ORIENTED_EDGE('',*,*,#1662,.F.);
#2375=ORIENTED_EDGE('',*,*,#1663,.F.);
#2376=ORIENTED_EDGE('',*,*,#1663,.T.);
#2377=ORIENTED_EDGE('',*,*,#1664,.F.);
#2378=ORIENTED_EDGE('',*,*,#1665,.T.);
#2379=ORIENTED_EDGE('',*,*,#1666,.T.);
#2380=ORIENTED_EDGE('',*,*,#1662,.T.);
#2381=ORIENTED_EDGE('',*,*,#1666,.F.);
#2382=ORIENTED_EDGE('',*,*,#1667,.F.);
#2383=ORIENTED_EDGE('',*,*,#1664,.T.);
#2384=ORIENTED_EDGE('',*,*,#1665,.F.);
#2385=ORIENTED_EDGE('',*,*,#1667,.T.);
#2386=(
BOUNDED_SURFACE()
B_SPLINE_SURFACE(2,1,((#3371,#3372),(#3373,#3374),(#3375,#3376)),
 .UNSPECIFIED.,.F.,.F.,.F.)
B_SPLINE_SURFACE_WITH_KNOTS((3,3),(2,2),(-0.233238080087099,0.),(0.,0.3),
 .UNSPECIFIED.)
GEOMETRIC_REPRESENTATION_ITEM()
RATIONAL_B_SPLINE_SURFACE(((1.,1.),(1.5,1.5),(1.,1.)))
REPRESENTATION_ITEM('')
SURFACE()
);
#2387=(
BOUNDED_SURFACE()
B_SPLINE_SURFACE(2,1,((#3399,#3400),(#3401,#3402),(#3403,#3404)),
 .UNSPECIFIED.,.F.,.F.,.F.)
B_SPLINE_SURFACE_WITH_KNOTS((3,3),(2,2),(0.,0.233238080087099),(0.,0.3),
 .UNSPECIFIED.)
GEOMETRIC_REPRESENTATION_ITEM()
RATIONAL_B_SPLINE_SURFACE(((1.,1.),(1.5,1.5),(1.,1.)))
REPRESENTATION_ITEM('')
SURFACE()
);
#2388=(
BOUNDED_SURFACE()
B_SPLINE_SURFACE(2,1,((#3436,#3437),(#3438,#3439),(#3440,#3441)),
 .UNSPECIFIED.,.F.,.F.,.F.)
B_SPLINE_SURFACE_WITH_KNOTS((3,3),(2,2),(0.,0.233238086859259),(0.,0.3),
 .UNSPECIFIED.)
GEOMETRIC_REPRESENTATION_ITEM()
RATIONAL_B_SPLINE_SURFACE(((1.,1.),(1.5,1.5),(1.,1.)))
REPRESENTATION_ITEM('')
SURFACE()
);
#2389=(
BOUNDED_SURFACE()
B_SPLINE_SURFACE(2,1,((#3466,#3467),(#3468,#3469),(#3470,#3471)),
 .UNSPECIFIED.,.F.,.F.,.F.)
B_SPLINE_SURFACE_WITH_KNOTS((3,3),(2,2),(-0.233238086859259,0.),(0.,0.3),
 .UNSPECIFIED.)
GEOMETRIC_REPRESENTATION_ITEM()
RATIONAL_B_SPLINE_SURFACE(((1.,1.),(1.5,1.5),(1.,1.)))
REPRESENTATION_ITEM('')
SURFACE()
);
#2390=(
BOUNDED_SURFACE()
B_SPLINE_SURFACE(2,1,((#4044,#4045),(#4046,#4047),(#4048,#4049)),
 .UNSPECIFIED.,.F.,.F.,.F.)
B_SPLINE_SURFACE_WITH_KNOTS((3,3),(2,2),(0.,0.454497092147522),(0.,2.075),
 .UNSPECIFIED.)
GEOMETRIC_REPRESENTATION_ITEM()
RATIONAL_B_SPLINE_SURFACE(((1.,1.),(4.,4.),(1.,1.)))
REPRESENTATION_ITEM('')
SURFACE()
);
#2391=(
BOUNDED_SURFACE()
B_SPLINE_SURFACE(1,2,((#4373,#4374,#4375,#4376,#4377),(#4378,#4379,#4380,
#4381,#4382)),.UNSPECIFIED.,.F.,.F.,.F.)
B_SPLINE_SURFACE_WITH_KNOTS((2,2),(3,2,3),(-4.44089209850062E-16,0.8),(1.11022302462516E-15,
1.5707963267949,3.14159265358979),.UNSPECIFIED.)
GEOMETRIC_REPRESENTATION_ITEM()
RATIONAL_B_SPLINE_SURFACE(((1.,0.707106781186548,1.,0.707106781186548,1.),
(1.,0.707106781186548,1.,0.707106781186548,1.)))
REPRESENTATION_ITEM('')
SURFACE()
);
#2392=(
BOUNDED_SURFACE()
B_SPLINE_SURFACE(1,2,((#4400,#4401,#4402,#4403,#4404),(#4405,#4406,#4407,
#4408,#4409)),.UNSPECIFIED.,.F.,.F.,.F.)
B_SPLINE_SURFACE_WITH_KNOTS((2,2),(3,2,3),(0.,0.8),(-3.14159265358979,-1.5707963267949,
-6.66133814775094E-16),.UNSPECIFIED.)
GEOMETRIC_REPRESENTATION_ITEM()
RATIONAL_B_SPLINE_SURFACE(((1.,0.707106781186548,1.,0.707106781186548,1.),
(1.,0.707106781186548,1.,0.707106781186548,1.)))
REPRESENTATION_ITEM('')
SURFACE()
);
#2393=(
BOUNDED_SURFACE()
B_SPLINE_SURFACE(2,1,((#4488,#4489),(#4490,#4491),(#4492,#4493)),
 .UNSPECIFIED.,.F.,.F.,.F.)
B_SPLINE_SURFACE_WITH_KNOTS((3,3),(2,2),(0.,0.346507425792048),(0.,1.),
 .UNSPECIFIED.)
GEOMETRIC_REPRESENTATION_ITEM()
RATIONAL_B_SPLINE_SURFACE(((1.,1.),(1.22222222222222,1.22222222222222),
(1.,1.)))
REPRESENTATION_ITEM('')
SURFACE()
);
#2394=(
BOUNDED_SURFACE()
B_SPLINE_SURFACE(2,1,((#4516,#4517),(#4518,#4519),(#4520,#4521)),
 .UNSPECIFIED.,.F.,.F.,.F.)
B_SPLINE_SURFACE_WITH_KNOTS((3,3),(2,2),(-0.330067648609951,0.),(0.,0.55),
 .UNSPECIFIED.)
GEOMETRIC_REPRESENTATION_ITEM()
RATIONAL_B_SPLINE_SURFACE(((1.,1.),(1.,1.),(1.,1.)))
REPRESENTATION_ITEM('')
SURFACE()
);
#2395=ADVANCED_FACE('',(#760),#2386,.F.);
#2396=ADVANCED_FACE('',(#761),#2387,.F.);
#2397=ADVANCED_FACE('',(#762),#661,.F.);
#2398=ADVANCED_FACE('',(#763),#2388,.F.);
#2399=ADVANCED_FACE('',(#764),#2389,.F.);
#2400=ADVANCED_FACE('',(#765,#104,#105),#662,.F.);
#2401=ADVANCED_FACE('',(#766),#663,.F.);
#2402=ADVANCED_FACE('',(#767),#664,.F.);
#2403=ADVANCED_FACE('',(#768),#665,.T.);
#2404=ADVANCED_FACE('',(#769),#666,.T.);
#2405=ADVANCED_FACE('',(#770),#667,.T.);
#2406=ADVANCED_FACE('',(#771),#668,.T.);
#2407=ADVANCED_FACE('',(#772),#669,.F.);
#2408=ADVANCED_FACE('',(#773),#670,.T.);
#2409=ADVANCED_FACE('',(#774),#671,.F.);
#2410=ADVANCED_FACE('',(#775),#672,.F.);
#2411=ADVANCED_FACE('',(#776),#673,.T.);
#2412=ADVANCED_FACE('',(#777,#106,#107),#674,.F.);
#2413=ADVANCED_FACE('',(#778),#675,.F.);
#2414=ADVANCED_FACE('',(#779),#676,.T.);
#2415=ADVANCED_FACE('',(#780),#677,.F.);
#2416=ADVANCED_FACE('',(#781),#678,.F.);
#2417=ADVANCED_FACE('',(#782),#679,.F.);
#2418=ADVANCED_FACE('',(#783),#680,.F.);
#2419=ADVANCED_FACE('',(#784),#681,.F.);
#2420=ADVANCED_FACE('',(#785),#682,.T.);
#2421=ADVANCED_FACE('',(#786),#683,.F.);
#2422=ADVANCED_FACE('',(#787),#684,.T.);
#2423=ADVANCED_FACE('',(#788),#685,.F.);
#2424=ADVANCED_FACE('',(#789),#686,.T.);
#2425=ADVANCED_FACE('',(#790),#103,.F.);
#2426=ADVANCED_FACE('',(#791),#81,.T.);
#2427=ADVANCED_FACE('',(#792,#108),#687,.F.);
#2428=ADVANCED_FACE('',(#793),#82,.T.);
#2429=ADVANCED_FACE('',(#794),#83,.T.);
#2430=ADVANCED_FACE('',(#795),#84,.T.);
#2431=ADVANCED_FACE('',(#796,#109,#110,#111,#112),#688,.T.);
#2432=ADVANCED_FACE('',(#797),#2390,.F.);
#2433=ADVANCED_FACE('',(#798),#689,.T.);
#2434=ADVANCED_FACE('',(#799),#690,.T.);
#2435=ADVANCED_FACE('',(#800),#691,.F.);
#2436=ADVANCED_FACE('',(#801),#692,.F.);
#2437=ADVANCED_FACE('',(#802),#693,.F.);
#2438=ADVANCED_FACE('',(#803),#694,.F.);
#2439=ADVANCED_FACE('',(#804),#695,.F.);
#2440=ADVANCED_FACE('',(#805),#696,.F.);
#2441=ADVANCED_FACE('',(#806),#697,.F.);
#2442=ADVANCED_FACE('',(#807),#698,.F.);
#2443=ADVANCED_FACE('',(#808),#699,.F.);
#2444=ADVANCED_FACE('',(#809),#700,.F.);
#2445=ADVANCED_FACE('',(#810),#701,.F.);
#2446=ADVANCED_FACE('',(#811),#702,.F.);
#2447=ADVANCED_FACE('',(#812),#703,.F.);
#2448=ADVANCED_FACE('',(#813),#704,.F.);
#2449=ADVANCED_FACE('',(#814),#705,.F.);
#2450=ADVANCED_FACE('',(#815),#706,.F.);
#2451=ADVANCED_FACE('',(#816),#707,.F.);
#2452=ADVANCED_FACE('',(#817),#85,.F.);
#2453=ADVANCED_FACE('',(#818),#708,.F.);
#2454=ADVANCED_FACE('',(#819),#86,.F.);
#2455=ADVANCED_FACE('',(#820),#709,.F.);
#2456=ADVANCED_FACE('',(#821),#710,.F.);
#2457=ADVANCED_FACE('',(#822),#711,.F.);
#2458=ADVANCED_FACE('',(#823),#712,.T.);
#2459=ADVANCED_FACE('',(#824),#713,.F.);
#2460=ADVANCED_FACE('',(#825),#714,.F.);
#2461=ADVANCED_FACE('',(#826),#715,.F.);
#2462=ADVANCED_FACE('',(#827),#716,.F.);
#2463=ADVANCED_FACE('',(#828),#87,.T.);
#2464=ADVANCED_FACE('',(#829),#88,.T.);
#2465=ADVANCED_FACE('',(#830),#717,.T.);
#2466=ADVANCED_FACE('',(#831),#718,.T.);
#2467=ADVANCED_FACE('',(#832),#89,.T.);
#2468=ADVANCED_FACE('',(#833),#23,.T.);
#2469=ADVANCED_FACE('',(#834),#19,.T.);
#2470=ADVANCED_FACE('',(#835),#90,.T.);
#2471=ADVANCED_FACE('',(#836),#20,.T.);
#2472=ADVANCED_FACE('',(#837),#21,.T.);
#2473=ADVANCED_FACE('',(#838),#22,.T.);
#2474=ADVANCED_FACE('',(#839),#91,.T.);
#2475=ADVANCED_FACE('',(#840),#719,.T.);
#2476=ADVANCED_FACE('',(#841),#92,.T.);
#2477=ADVANCED_FACE('',(#842),#93,.T.);
#2478=ADVANCED_FACE('',(#843),#720,.T.);
#2479=ADVANCED_FACE('',(#844),#94,.T.);
#2480=ADVANCED_FACE('',(#845),#95,.T.);
#2481=ADVANCED_FACE('',(#846),#96,.F.);
#2482=ADVANCED_FACE('',(#847),#97,.F.);
#2483=ADVANCED_FACE('',(#848),#721,.F.);
#2484=ADVANCED_FACE('',(#849),#722,.F.);
#2485=ADVANCED_FACE('',(#850),#723,.F.);
#2486=ADVANCED_FACE('',(#851),#724,.F.);
#2487=ADVANCED_FACE('',(#852),#725,.F.);
#2488=ADVANCED_FACE('',(#853),#726,.F.);
#2489=ADVANCED_FACE('',(#854,#113),#727,.F.);
#2490=ADVANCED_FACE('',(#855),#728,.F.);
#2491=ADVANCED_FACE('',(#856),#729,.F.);
#2492=ADVANCED_FACE('',(#857),#730,.F.);
#2493=ADVANCED_FACE('',(#858),#731,.F.);
#2494=ADVANCED_FACE('',(#859),#732,.F.);
#2495=ADVANCED_FACE('',(#860),#733,.F.);
#2496=ADVANCED_FACE('',(#861,#114),#734,.F.);
#2497=ADVANCED_FACE('',(#862),#735,.F.);
#2498=ADVANCED_FACE('',(#863),#2391,.T.);
#2499=ADVANCED_FACE('',(#864),#736,.T.);
#2500=ADVANCED_FACE('',(#865),#737,.T.);
#2501=ADVANCED_FACE('',(#866),#738,.T.);
#2502=ADVANCED_FACE('',(#867),#2392,.T.);
#2503=ADVANCED_FACE('',(#868),#739,.T.);
#2504=ADVANCED_FACE('',(#869),#740,.T.);
#2505=ADVANCED_FACE('',(#870,#115),#741,.T.);
#2506=ADVANCED_FACE('',(#871),#742,.T.);
#2507=ADVANCED_FACE('',(#872),#743,.T.);
#2508=ADVANCED_FACE('',(#873),#744,.T.);
#2509=ADVANCED_FACE('',(#874),#745,.T.);
#2510=ADVANCED_FACE('',(#875),#746,.T.);
#2511=ADVANCED_FACE('',(#876,#116),#747,.F.);
#2512=ADVANCED_FACE('',(#877),#748,.T.);
#2513=ADVANCED_FACE('',(#878),#98,.F.);
#2514=ADVANCED_FACE('',(#879),#749,.T.);
#2515=ADVANCED_FACE('',(#880),#99,.F.);
#2516=ADVANCED_FACE('',(#881),#750,.T.);
#2517=ADVANCED_FACE('',(#882),#100,.F.);
#2518=ADVANCED_FACE('',(#883),#751,.T.);
#2519=ADVANCED_FACE('',(#884),#101,.F.);
#2520=ADVANCED_FACE('',(#885),#752,.T.);
#2521=ADVANCED_FACE('',(#886),#102,.T.);
#2522=ADVANCED_FACE('',(#887),#753,.T.);
#2523=ADVANCED_FACE('',(#888),#754,.T.);
#2524=ADVANCED_FACE('',(#889),#2393,.T.);
#2525=ADVANCED_FACE('',(#890),#755,.T.);
#2526=ADVANCED_FACE('',(#891),#756,.F.);
#2527=ADVANCED_FACE('',(#892),#757,.F.);
#2528=ADVANCED_FACE('',(#893),#758,.T.);
#2529=ADVANCED_FACE('',(#894),#2394,.T.);
#2530=ADVANCED_FACE('',(#895),#759,.F.);
#2531=CLOSED_SHELL('',(#2395,#2396,#2397,#2398,#2399,#2400,#2401,#2402,
#2403,#2404,#2405,#2406,#2407,#2408,#2409,#2410,#2411,#2412,#2413,#2414,
#2415,#2416,#2417,#2418,#2419,#2420,#2421,#2422,#2423,#2424,#2425,#2426,
#2427,#2428,#2429,#2430,#2431,#2432,#2433,#2434,#2435,#2436,#2437,#2438,
#2439,#2440,#2441,#2442,#2443,#2444,#2445,#2446,#2447,#2448,#2449,#2450,
#2451,#2452,#2453,#2454,#2455,#2456,#2457,#2458,#2459,#2460,#2461,#2462,
#2463,#2464,#2465,#2466,#2467,#2468,#2469,#2470,#2471,#2472,#2473,#2474,
#2475,#2476,#2477,#2478,#2479,#2480,#2481,#2482,#2483,#2484,#2485,#2486,
#2487,#2488,#2489,#2490,#2491,#2492,#2493,#2494,#2495,#2496,#2497,#2498,
#2499,#2500,#2501,#2502,#2503,#2504,#2505,#2506,#2507,#2508,#2509,#2510,
#2511,#2512,#2513,#2514,#2515,#2516,#2517,#2518,#2519,#2520,#2521,#2522));
#2532=CLOSED_SHELL('',(#2523,#2524,#2525,#2526));
#2533=CLOSED_SHELL('',(#2527,#2528,#2529,#2530));
#2534=DERIVED_UNIT_ELEMENT(#2536,1.);
#2535=DERIVED_UNIT_ELEMENT(#4531,-3.);
#2536=(
MASS_UNIT()
NAMED_UNIT(*)
SI_UNIT(.KILO.,.GRAM.)
);
#2537=DERIVED_UNIT((#2534,#2535));
#2538=MEASURE_REPRESENTATION_ITEM('density measure',
POSITIVE_RATIO_MEASURE(952.),#2537);
#2539=PROPERTY_DEFINITION_REPRESENTATION(#2544,#2541);
#2540=PROPERTY_DEFINITION_REPRESENTATION(#2545,#2542);
#2541=REPRESENTATION('material name',(#2543),#4528);
#2542=REPRESENTATION('density',(#2538),#4528);
#2543=DESCRIPTIVE_REPRESENTATION_ITEM('Plastic, Opaque White',
'Plastic, Opaque White');
#2544=PROPERTY_DEFINITION('material property','material name',#4538);
#2545=PROPERTY_DEFINITION('material property','density of part',#4538);
#2546=AXIS2_PLACEMENT_3D('',#3370,#2730,#2731);
#2547=AXIS2_PLACEMENT_3D('',#3427,#2732,#2733);
#2548=AXIS2_PLACEMENT_3D('',#3494,#2738,#2739);
#2549=AXIS2_PLACEMENT_3D('',#3523,#2756,#2757);
#2550=AXIS2_PLACEMENT_3D('',#3529,#2761,#2762);
#2551=AXIS2_PLACEMENT_3D('',#3535,#2766,#2767);
#2552=AXIS2_PLACEMENT_3D('',#3541,#2771,#2772);
#2553=AXIS2_PLACEMENT_3D('',#3550,#2777,#2778);
#2554=AXIS2_PLACEMENT_3D('',#3556,#2782,#2783);
#2555=AXIS2_PLACEMENT_3D('',#3562,#2787,#2788);
#2556=AXIS2_PLACEMENT_3D('',#3568,#2792,#2793);
#2557=AXIS2_PLACEMENT_3D('',#3570,#2795,#2796);
#2558=AXIS2_PLACEMENT_3D('',#3572,#2798,#2799);
#2559=AXIS2_PLACEMENT_3D('',#3576,#2802,#2803);
#2560=AXIS2_PLACEMENT_3D('',#3580,#2806,#2807);
#2561=AXIS2_PLACEMENT_3D('',#3599,#2820,#2821);
#2562=AXIS2_PLACEMENT_3D('',#3600,#2822,#2823);
#2563=AXIS2_PLACEMENT_3D('',#3601,#2824,#2825);
#2564=AXIS2_PLACEMENT_3D('',#3603,#2827,#2828);
#2565=AXIS2_PLACEMENT_3D('',#3605,#2830,#2831);
#2566=AXIS2_PLACEMENT_3D('',#3606,#2832,#2833);
#2567=AXIS2_PLACEMENT_3D('',#3607,#2834,#2835);
#2568=AXIS2_PLACEMENT_3D('',#3608,#2836,#2837);
#2569=AXIS2_PLACEMENT_3D('',#3609,#2838,#2839);
#2570=AXIS2_PLACEMENT_3D('',#3610,#2840,#2841);
#2571=AXIS2_PLACEMENT_3D('',#3611,#2842,#2843);
#2572=AXIS2_PLACEMENT_3D('',#3613,#2845,#2846);
#2573=AXIS2_PLACEMENT_3D('',#3774,#2848,#2849);
#2574=AXIS2_PLACEMENT_3D('',#3776,#2850,#2851);
#2575=AXIS2_PLACEMENT_3D('',#3779,#2853,#2854);
#2576=AXIS2_PLACEMENT_3D('',#3780,#2855,#2856);
#2577=AXIS2_PLACEMENT_3D('',#3781,#2857,#2858);
#2578=AXIS2_PLACEMENT_3D('',#3783,#2859,#2860);
#2579=AXIS2_PLACEMENT_3D('',#3787,#2862,#2863);
#2580=AXIS2_PLACEMENT_3D('',#3966,#2871,#2872);
#2581=AXIS2_PLACEMENT_3D('',#3979,#2879,#2880);
#2582=AXIS2_PLACEMENT_3D('',#3981,#2881,#2882);
#2583=AXIS2_PLACEMENT_3D('',#3984,#2884,#2885);
#2584=AXIS2_PLACEMENT_3D('',#3985,#2886,#2887);
#2585=AXIS2_PLACEMENT_3D('',#3986,#2888,#2889);
#2586=AXIS2_PLACEMENT_3D('',#3987,#2890,#2891);
#2587=AXIS2_PLACEMENT_3D('',#3990,#2893,#2894);
#2588=AXIS2_PLACEMENT_3D('',#3991,#2895,#2896);
#2589=AXIS2_PLACEMENT_3D('',#4003,#2901,#2902);
#2590=AXIS2_PLACEMENT_3D('',#4025,#2913,#2914);
#2591=AXIS2_PLACEMENT_3D('',#4027,#2915,#2916);
#2592=AXIS2_PLACEMENT_3D('',#4030,#2917,#2918);
#2593=AXIS2_PLACEMENT_3D('',#4034,#2920,#2921);
#2594=AXIS2_PLACEMENT_3D('',#4038,#2923,#2924);
#2595=AXIS2_PLACEMENT_3D('',#4042,#2926,#2927);
#2596=AXIS2_PLACEMENT_3D('',#4052,#2931,#2932);
#2597=AXIS2_PLACEMENT_3D('',#4054,#2934,#2935);
#2598=AXIS2_PLACEMENT_3D('',#4055,#2936,#2937);
#2599=AXIS2_PLACEMENT_3D('',#4080,#2950,#2951);
#2600=AXIS2_PLACEMENT_3D('',#4086,#2955,#2956);
#2601=AXIS2_PLACEMENT_3D('',#4090,#2959,#2960);
#2602=AXIS2_PLACEMENT_3D('',#4094,#2963,#2964);
#2603=AXIS2_PLACEMENT_3D('',#4100,#2968,#2969);
#2604=AXIS2_PLACEMENT_3D('',#4106,#2973,#2974);
#2605=AXIS2_PLACEMENT_3D('',#4110,#2977,#2978);
#2606=AXIS2_PLACEMENT_3D('',#4114,#2981,#2982);
#2607=AXIS2_PLACEMENT_3D('',#4120,#2986,#2987);
#2608=AXIS2_PLACEMENT_3D('',#4125,#2990,#2991);
#2609=AXIS2_PLACEMENT_3D('',#4126,#2992,#2993);
#2610=AXIS2_PLACEMENT_3D('',#4129,#2995,#2996);
#2611=AXIS2_PLACEMENT_3D('',#4131,#2998,#2999);
#2612=AXIS2_PLACEMENT_3D('',#4139,#3003,#3004);
#2613=AXIS2_PLACEMENT_3D('',#4145,#3008,#3009);
#2614=AXIS2_PLACEMENT_3D('',#4151,#3012,#3013);
#2615=AXIS2_PLACEMENT_3D('',#4155,#3016,#3017);
#2616=AXIS2_PLACEMENT_3D('',#4157,#3019,#3020);
#2617=AXIS2_PLACEMENT_3D('',#4159,#3021,#3022);
#2618=AXIS2_PLACEMENT_3D('',#4161,#3024,#3025);
#2619=AXIS2_PLACEMENT_3D('',#4165,#3028,#3029);
#2620=AXIS2_PLACEMENT_3D('',#4169,#3032,#3033);
#2621=AXIS2_PLACEMENT_3D('',#4171,#3034,#3035);
#2622=AXIS2_PLACEMENT_3D('',#4174,#3037,#3038);
#2623=AXIS2_PLACEMENT_3D('',#4175,#3039,#3040);
#2624=AXIS2_PLACEMENT_3D('',#4181,#3044,#3045);
#2625=AXIS2_PLACEMENT_3D('',#4182,#3046,#3047);
#2626=AXIS2_PLACEMENT_3D('',#4185,#3049,#3050);
#2627=AXIS2_PLACEMENT_3D('',#4186,#3051,#3052);
#2628=AXIS2_PLACEMENT_3D('',#4190,#3055,#3056);
#2629=AXIS2_PLACEMENT_3D('',#4194,#3059,#3060);
#2630=AXIS2_PLACEMENT_3D('',#4196,#3062,#3063);
#2631=AXIS2_PLACEMENT_3D('',#4197,#3064,#3065);
#2632=AXIS2_PLACEMENT_3D('',#4198,#3066,#3067);
#2633=AXIS2_PLACEMENT_3D('',#4199,#3068,#3069);
#2634=AXIS2_PLACEMENT_3D('',#4202,#3071,#3072);
#2635=AXIS2_PLACEMENT_3D('',#4203,#3073,#3074);
#2636=AXIS2_PLACEMENT_3D('',#4209,#3078,#3079);
#2637=AXIS2_PLACEMENT_3D('',#4212,#3082,#3083);
#2638=AXIS2_PLACEMENT_3D('',#4215,#3085,#3086);
#2639=AXIS2_PLACEMENT_3D('',#4216,#3087,#3088);
#2640=AXIS2_PLACEMENT_3D('',#4218,#3089,#3090);
#2641=AXIS2_PLACEMENT_3D('',#4220,#3092,#3093);
#2642=AXIS2_PLACEMENT_3D('',#4222,#3095,#3096);
#2643=AXIS2_PLACEMENT_3D('',#4226,#3099,#3100);
#2644=AXIS2_PLACEMENT_3D('',#4228,#3101,#3102);
#2645=AXIS2_PLACEMENT_3D('',#4231,#3104,#3105);
#2646=AXIS2_PLACEMENT_3D('',#4232,#3106,#3107);
#2647=AXIS2_PLACEMENT_3D('',#4234,#3108,#3109);
#2648=AXIS2_PLACEMENT_3D('',#4235,#3110,#3111);
#2649=AXIS2_PLACEMENT_3D('',#4236,#3112,#3113);
#2650=AXIS2_PLACEMENT_3D('',#4237,#3114,#3115);
#2651=AXIS2_PLACEMENT_3D('',#4238,#3116,#3117);
#2652=AXIS2_PLACEMENT_3D('',#4239,#3118,#3119);
#2653=AXIS2_PLACEMENT_3D('',#4241,#3120,#3121);
#2654=AXIS2_PLACEMENT_3D('',#4244,#3123,#3124);
#2655=AXIS2_PLACEMENT_3D('',#4245,#3125,#3126);
#2656=AXIS2_PLACEMENT_3D('',#4246,#3127,#3128);
#2657=AXIS2_PLACEMENT_3D('',#4247,#3129,#3130);
#2658=AXIS2_PLACEMENT_3D('',#4248,#3131,#3132);
#2659=AXIS2_PLACEMENT_3D('',#4249,#3133,#3134);
#2660=AXIS2_PLACEMENT_3D('',#4250,#3135,#3136);
#2661=AXIS2_PLACEMENT_3D('',#4251,#3137,#3138);
#2662=AXIS2_PLACEMENT_3D('',#4253,#3140,#3141);
#2663=AXIS2_PLACEMENT_3D('',#4255,#3143,#3144);
#2664=AXIS2_PLACEMENT_3D('',#4256,#3145,#3146);
#2665=AXIS2_PLACEMENT_3D('',#4259,#3148,#3149);
#2666=AXIS2_PLACEMENT_3D('',#4260,#3150,#3151);
#2667=AXIS2_PLACEMENT_3D('',#4264,#3154,#3155);
#2668=AXIS2_PLACEMENT_3D('',#4267,#3157,#3158);
#2669=AXIS2_PLACEMENT_3D('',#4268,#3159,#3160);
#2670=AXIS2_PLACEMENT_3D('',#4269,#3161,#3162);
#2671=AXIS2_PLACEMENT_3D('',#4270,#3163,#3164);
#2672=AXIS2_PLACEMENT_3D('',#4272,#3165,#3166);
#2673=AXIS2_PLACEMENT_3D('',#4274,#3168,#3169);
#2674=AXIS2_PLACEMENT_3D('',#4276,#3170,#3171);
#2675=AXIS2_PLACEMENT_3D('',#4278,#3173,#3174);
#2676=AXIS2_PLACEMENT_3D('',#4287,#3179,#3180);
#2677=AXIS2_PLACEMENT_3D('',#4293,#3184,#3185);
#2678=AXIS2_PLACEMENT_3D('',#4299,#3189,#3190);
#2679=AXIS2_PLACEMENT_3D('',#4305,#3194,#3195);
#2680=AXIS2_PLACEMENT_3D('',#4311,#3199,#3200);
#2681=AXIS2_PLACEMENT_3D('',#4314,#3203,#3204);
#2682=AXIS2_PLACEMENT_3D('',#4315,#3205,#3206);
#2683=AXIS2_PLACEMENT_3D('',#4321,#3210,#3211);
#2684=AXIS2_PLACEMENT_3D('',#4325,#3214,#3215);
#2685=AXIS2_PLACEMENT_3D('',#4329,#3218,#3219);
#2686=AXIS2_PLACEMENT_3D('',#4333,#3222,#3223);
#2687=AXIS2_PLACEMENT_3D('',#4337,#3226,#3227);
#2688=AXIS2_PLACEMENT_3D('',#4339,#3229,#3230);
#2689=AXIS2_PLACEMENT_3D('',#4340,#3231,#3232);
#2690=AXIS2_PLACEMENT_3D('',#4345,#3234,#3235);
#2691=AXIS2_PLACEMENT_3D('',#4349,#3237,#3238);
#2692=AXIS2_PLACEMENT_3D('',#4353,#3240,#3241);
#2693=AXIS2_PLACEMENT_3D('',#4357,#3243,#3244);
#2694=AXIS2_PLACEMENT_3D('',#4363,#3247,#3248);
#2695=AXIS2_PLACEMENT_3D('',#4371,#3252,#3253);
#2696=AXIS2_PLACEMENT_3D('',#4386,#3256,#3257);
#2697=AXIS2_PLACEMENT_3D('',#4388,#3259,#3260);
#2698=AXIS2_PLACEMENT_3D('',#4392,#3263,#3264);
#2699=AXIS2_PLACEMENT_3D('',#4396,#3267,#3268);
#2700=AXIS2_PLACEMENT_3D('',#4411,#3271,#3272);
#2701=AXIS2_PLACEMENT_3D('',#4413,#3274,#3275);
#2702=AXIS2_PLACEMENT_3D('',#4417,#3278,#3279);
#2703=AXIS2_PLACEMENT_3D('',#4421,#3282,#3283);
#2704=AXIS2_PLACEMENT_3D('',#4431,#3289,#3290);
#2705=AXIS2_PLACEMENT_3D('',#4437,#3294,#3295);
#2706=AXIS2_PLACEMENT_3D('',#4443,#3299,#3300);
#2707=AXIS2_PLACEMENT_3D('',#4446,#3303,#3304);
#2708=AXIS2_PLACEMENT_3D('',#4448,#3306,#3307);
#2709=AXIS2_PLACEMENT_3D('',#4450,#3308,#3309);
#2710=AXIS2_PLACEMENT_3D('',#4452,#3310,#3311);
#2711=AXIS2_PLACEMENT_3D('',#4454,#3313,#3314);
#2712=AXIS2_PLACEMENT_3D('',#4458,#3317,#3318);
#2713=AXIS2_PLACEMENT_3D('',#4459,#3319,#3320);
#2714=AXIS2_PLACEMENT_3D('',#4462,#3323,#3324);
#2715=AXIS2_PLACEMENT_3D('',#4464,#3326,#3327);
#2716=AXIS2_PLACEMENT_3D('',#4466,#3329,#3330);
#2717=AXIS2_PLACEMENT_3D('',#4468,#3332,#3333);
#2718=AXIS2_PLACEMENT_3D('',#4470,#3335,#3336);
#2719=AXIS2_PLACEMENT_3D('',#4472,#3338,#3339);
#2720=AXIS2_PLACEMENT_3D('',#4474,#3341,#3342);
#2721=AXIS2_PLACEMENT_3D('',#4475,#3343,#3344);
#2722=AXIS2_PLACEMENT_3D('',#4477,#3346,#3347);
#2723=AXIS2_PLACEMENT_3D('',#4478,#3348,#3349);
#2724=AXIS2_PLACEMENT_3D('',#4479,#3350,#3351);
#2725=AXIS2_PLACEMENT_3D('',#4500,#3356,#3357);
#2726=AXIS2_PLACEMENT_3D('',#4501,#3358,#3359);
#2727=AXIS2_PLACEMENT_3D('',#4502,#3360,#3361);
#2728=AXIS2_PLACEMENT_3D('',#4510,#3363,#3364);
#2729=AXIS2_PLACEMENT_3D('',#4525,#3368,#3369);
#2730=DIRECTION('axis',(0.,0.,1.));
#2731=DIRECTION('refdir',(1.,0.,0.));
#2732=DIRECTION('center_axis',(0.,0.998598497608271,0.0529248578127819));
#2733=DIRECTION('ref_axis',(0.,-0.0529248578127819,0.998598497608271));
#2734=DIRECTION('',(-1.,0.,0.));
#2735=DIRECTION('',(0.,0.0529248578127819,-0.998598497608271));
#2736=DIRECTION('',(-1.,0.,0.));
#2737=DIRECTION('',(0.,0.0529248578127819,-0.998598497608271));
#2738=DIRECTION('center_axis',(0.,-1.,0.));
#2739=DIRECTION('ref_axis',(-1.,0.,0.));
#2740=DIRECTION('',(1.,0.,0.));
#2741=DIRECTION('',(0.,0.,1.));
#2742=DIRECTION('',(-1.,0.,0.));
#2743=DIRECTION('',(0.,0.,1.));
#2744=DIRECTION('',(1.,0.,0.));
#2745=DIRECTION('',(0.,0.,-1.));
#2746=DIRECTION('',(-1.,0.,0.));
#2747=DIRECTION('',(0.,0.,1.));
#2748=DIRECTION('',(-1.,0.,0.));
#2749=DIRECTION('',(0.,0.,1.));
#2750=DIRECTION('',(-1.,0.,0.));
#2751=DIRECTION('',(0.,0.,1.));
#2752=DIRECTION('',(0.,0.,1.));
#2753=DIRECTION('',(0.,0.,1.));
#2754=DIRECTION('',(0.,0.,1.));
#2755=DIRECTION('',(0.,0.,1.));
#2756=DIRECTION('center_axis',(0.,-0.998617830287696,0.0525588149742293));
#2757=DIRECTION('ref_axis',(0.,-0.0525588149742293,-0.998617830287696));
#2758=DIRECTION('',(0.,0.0525588149742293,0.998617830287696));
#2759=DIRECTION('',(1.,0.,0.));
#2760=DIRECTION('',(0.,-0.0525588149742293,-0.998617830287696));
#2761=DIRECTION('center_axis',(0.,-0.998617830287696,0.0525588149742293));
#2762=DIRECTION('ref_axis',(0.,-0.0525588149742293,-0.998617830287696));
#2763=DIRECTION('',(0.,0.0525588149742293,0.998617830287696));
#2764=DIRECTION('',(1.,0.,0.));
#2765=DIRECTION('',(0.,0.0525588149742293,0.998617830287696));
#2766=DIRECTION('center_axis',(0.,0.971228277848008,-0.238150440495903));
#2767=DIRECTION('ref_axis',(0.,0.238150440495903,0.971228277848008));
#2768=DIRECTION('',(0.,-0.238150440495903,-0.971228277848008));
#2769=DIRECTION('',(0.,0.238150440495903,0.971228277848008));
#2770=DIRECTION('',(-1.,0.,0.));
#2771=DIRECTION('center_axis',(0.,-0.971144814460056,-0.238490564482842));
#2772=DIRECTION('ref_axis',(0.,0.238490564482842,-0.971144814460055));
#2773=DIRECTION('',(0.,0.238490564482842,-0.971144814460055));
#2774=DIRECTION('',(-1.,0.,0.));
#2775=DIRECTION('',(0.,-0.238490564482842,0.971144814460055));
#2776=DIRECTION('',(1.,0.,0.));
#2777=DIRECTION('center_axis',(0.,0.971228277848008,-0.238150440495903));
#2778=DIRECTION('ref_axis',(0.,0.238150440495903,0.971228277848008));
#2779=DIRECTION('',(0.,-0.238150440495903,-0.971228277848008));
#2780=DIRECTION('',(0.,0.238150440495903,0.971228277848008));
#2781=DIRECTION('',(-1.,0.,0.));
#2782=DIRECTION('center_axis',(0.,-0.971144814460055,-0.238490564482842));
#2783=DIRECTION('ref_axis',(0.,0.238490564482842,-0.971144814460055));
#2784=DIRECTION('',(0.,0.238490564482842,-0.971144814460055));
#2785=DIRECTION('',(0.,-0.238490564482842,0.971144814460055));
#2786=DIRECTION('',(1.,0.,0.));
#2787=DIRECTION('center_axis',(0.,0.998598497608271,0.0529248578127819));
#2788=DIRECTION('ref_axis',(0.,-0.0529248578127819,0.998598497608271));
#2789=DIRECTION('',(-1.,0.,0.));
#2790=DIRECTION('',(0.,-0.0529248578127819,0.998598497608271));
#2791=DIRECTION('',(0.,0.0529248578127819,-0.998598497608271));
#2792=DIRECTION('center_axis',(1.,0.,0.));
#2793=DIRECTION('ref_axis',(0.,1.,0.));
#2794=DIRECTION('',(0.,-1.,0.));
#2795=DIRECTION('center_axis',(1.,0.,0.));
#2796=DIRECTION('ref_axis',(0.,1.,0.));
#2797=DIRECTION('',(0.,1.,0.));
#2798=DIRECTION('center_axis',(1.,0.,0.));
#2799=DIRECTION('ref_axis',(0.,1.,0.));
#2800=DIRECTION('',(0.,1.,0.));
#2801=DIRECTION('',(0.,0.,-1.));
#2802=DIRECTION('center_axis',(1.,0.,0.));
#2803=DIRECTION('ref_axis',(0.,1.,0.));
#2804=DIRECTION('',(0.,0.,1.));
#2805=DIRECTION('',(0.,-1.,0.));
#2806=DIRECTION('center_axis',(0.,1.,0.));
#2807=DIRECTION('ref_axis',(1.,0.,0.));
#2808=DIRECTION('',(0.,0.,1.));
#2809=DIRECTION('',(1.,0.,0.));
#2810=DIRECTION('',(1.,0.,0.));
#2811=DIRECTION('',(0.,0.,-1.));
#2812=DIRECTION('',(0.,0.,-1.));
#2813=DIRECTION('',(1.,0.,0.));
#2814=DIRECTION('',(0.,0.,-1.));
#2815=DIRECTION('',(1.,0.,0.));
#2816=DIRECTION('',(0.,0.,-1.));
#2817=DIRECTION('',(0.,0.,-1.));
#2818=DIRECTION('',(0.,0.,-1.));
#2819=DIRECTION('',(0.,0.,-1.));
#2820=DIRECTION('center_axis',(1.,0.,0.));
#2821=DIRECTION('ref_axis',(0.,1.,0.));
#2822=DIRECTION('center_axis',(1.,0.,0.));
#2823=DIRECTION('ref_axis',(0.,1.,0.));
#2824=DIRECTION('center_axis',(1.,0.,0.));
#2825=DIRECTION('ref_axis',(0.,1.,0.));
#2826=DIRECTION('',(0.,1.,0.));
#2827=DIRECTION('center_axis',(-1.,0.,0.));
#2828=DIRECTION('ref_axis',(0.,0.,1.));
#2829=DIRECTION('',(0.,-1.,0.));
#2830=DIRECTION('center_axis',(1.,0.,0.));
#2831=DIRECTION('ref_axis',(0.,1.,0.));
#2832=DIRECTION('center_axis',(-1.,0.,0.));
#2833=DIRECTION('ref_axis',(0.,0.,1.));
#2834=DIRECTION('center_axis',(1.,0.,0.));
#2835=DIRECTION('ref_axis',(0.,1.,0.));
#2836=DIRECTION('center_axis',(1.,0.,0.));
#2837=DIRECTION('ref_axis',(0.,1.,0.));
#2838=DIRECTION('center_axis',(1.,0.,0.));
#2839=DIRECTION('ref_axis',(0.,0.,-1.));
#2840=DIRECTION('center_axis',(1.,0.,0.));
#2841=DIRECTION('ref_axis',(0.,1.,0.));
#2842=DIRECTION('center_axis',(1.,0.,0.));
#2843=DIRECTION('ref_axis',(0.,0.,-1.));
#2844=DIRECTION('',(0.,1.,0.));
#2845=DIRECTION('center_axis',(1.,0.,0.));
#2846=DIRECTION('ref_axis',(0.,1.,0.));
#2847=DIRECTION('',(0.,-1.,0.));
#2848=DIRECTION('center_axis',(0.,0.,-1.));
#2849=DIRECTION('ref_axis',(1.,0.,0.));
#2850=DIRECTION('center_axis',(0.,0.,-1.));
#2851=DIRECTION('ref_axis',(1.,-2.77555756156289E-16,0.));
#2852=DIRECTION('',(0.,0.,-1.));
#2853=DIRECTION('center_axis',(0.,0.,1.));
#2854=DIRECTION('ref_axis',(1.,0.,0.));
#2855=DIRECTION('center_axis',(0.,0.,1.));
#2856=DIRECTION('ref_axis',(1.,0.,0.));
#2857=DIRECTION('center_axis',(0.,0.,-1.));
#2858=DIRECTION('ref_axis',(1.,0.,0.));
#2859=DIRECTION('center_axis',(0.,0.,1.));
#2860=DIRECTION('ref_axis',(0.405389880774431,0.914143886139208,0.));
#2861=DIRECTION('',(-1.,2.4338989112293E-16,0.));
#2862=DIRECTION('center_axis',(0.,0.,1.));
#2863=DIRECTION('ref_axis',(-0.707106781186548,0.707106781186548,0.));
#2864=DIRECTION('',(0.,-1.,0.));
#2865=DIRECTION('',(-1.,0.,0.));
#2866=DIRECTION('',(0.,-1.,0.));
#2867=DIRECTION('',(-1.,0.,0.));
#2868=DIRECTION('',(0.,1.,-1.32098657816706E-13));
#2869=DIRECTION('',(-1.,0.,0.));
#2870=DIRECTION('',(-1.,0.,0.));
#2871=DIRECTION('center_axis',(0.,0.,-1.));
#2872=DIRECTION('ref_axis',(1.,0.,0.));
#2873=DIRECTION('',(0.481175350081904,-0.876624367944194,0.));
#2874=DIRECTION('',(0.999766647257101,-0.0216021071262971,0.));
#2875=DIRECTION('',(0.518591297175195,0.855022260817897,0.));
#2876=DIRECTION('',(-0.481175350081905,0.876624367944193,0.));
#2877=DIRECTION('',(-0.999766647257101,0.0216021071262964,0.));
#2878=DIRECTION('',(-0.518591297175196,-0.855022260817897,0.));
#2879=DIRECTION('center_axis',(0.,0.,-1.));
#2880=DIRECTION('ref_axis',(1.,0.,0.));
#2881=DIRECTION('center_axis',(0.,0.,-1.));
#2882=DIRECTION('ref_axis',(1.,0.,0.));
#2883=DIRECTION('',(0.,0.,-1.));
#2884=DIRECTION('center_axis',(0.,0.,-1.));
#2885=DIRECTION('ref_axis',(1.,0.,0.));
#2886=DIRECTION('center_axis',(0.,0.,-1.));
#2887=DIRECTION('ref_axis',(1.,0.,0.));
#2888=DIRECTION('center_axis',(0.,0.,-1.));
#2889=DIRECTION('ref_axis',(1.,0.,0.));
#2890=DIRECTION('center_axis',(0.,0.,-1.));
#2891=DIRECTION('ref_axis',(1.,0.,0.));
#2892=DIRECTION('',(0.,0.,1.));
#2893=DIRECTION('center_axis',(0.,0.,-1.));
#2894=DIRECTION('ref_axis',(1.,0.,0.));
#2895=DIRECTION('center_axis',(0.,0.,1.));
#2896=DIRECTION('ref_axis',(1.,0.,0.));
#2897=DIRECTION('',(1.,0.,0.));
#2898=DIRECTION('',(1.,0.,0.));
#2899=DIRECTION('',(0.,-1.,1.32098657816706E-13));
#2900=DIRECTION('',(-1.,0.,-2.18312383254467E-13));
#2901=DIRECTION('center_axis',(0.,0.,-1.));
#2902=DIRECTION('ref_axis',(1.,0.,0.));
#2903=DIRECTION('',(-1.,-5.01407408418168E-16,0.));
#2904=DIRECTION('',(-0.707106781186548,0.707106781186548,0.));
#2905=DIRECTION('',(0.,-1.,0.));
#2906=DIRECTION('',(-1.,0.,0.));
#2907=DIRECTION('',(0.,1.,0.));
#2908=DIRECTION('',(1.,0.,0.));
#2909=DIRECTION('',(0.,-1.,0.));
#2910=DIRECTION('',(0.707106781186548,0.707106781186547,0.));
#2911=DIRECTION('',(1.,1.5042222252545E-15,0.));
#2912=DIRECTION('',(2.18820928558172E-16,-1.,0.));
#2913=DIRECTION('center_axis',(0.,0.,-1.));
#2914=DIRECTION('ref_axis',(1.,0.,0.));
#2915=DIRECTION('center_axis',(0.,0.,-1.));
#2916=DIRECTION('ref_axis',(1.,0.,0.));
#2917=DIRECTION('center_axis',(0.,0.,-1.));
#2918=DIRECTION('ref_axis',(0.,1.,0.));
#2919=DIRECTION('',(1.,5.55111512312578E-16,0.));
#2920=DIRECTION('center_axis',(0.,0.,-1.));
#2921=DIRECTION('ref_axis',(1.,9.65411325761006E-16,0.));
#2922=DIRECTION('',(5.55111512312577E-16,-1.,0.));
#2923=DIRECTION('center_axis',(0.,0.,-1.));
#2924=DIRECTION('ref_axis',(0.,-1.,0.));
#2925=DIRECTION('',(-1.,-1.38777878078145E-16,0.));
#2926=DIRECTION('center_axis',(0.,0.,-1.));
#2927=DIRECTION('ref_axis',(-1.,-9.65411325761004E-16,0.));
#2928=DIRECTION('',(-6.66133814775092E-16,1.,0.));
#2929=DIRECTION('',(0.,0.,-1.));
#2930=DIRECTION('',(0.,0.,1.));
#2931=DIRECTION('center_axis',(0.,-1.,0.));
#2932=DIRECTION('ref_axis',(-1.,0.,0.));
#2933=DIRECTION('',(0.,0.,-1.));
#2934=DIRECTION('center_axis',(0.,-1.,0.));
#2935=DIRECTION('ref_axis',(-1.,0.,0.));
#2936=DIRECTION('center_axis',(0.,0.,1.));
#2937=DIRECTION('ref_axis',(1.,0.,0.));
#2938=DIRECTION('',(1.,1.5042222252545E-15,0.));
#2939=DIRECTION('',(2.12537376727074E-16,-1.,0.));
#2940=DIRECTION('',(-1.,-1.00927035373336E-15,0.));
#2941=DIRECTION('',(-2.12537376727074E-16,1.,0.));
#2942=DIRECTION('',(-1.,0.,0.));
#2943=DIRECTION('',(0.,1.,0.));
#2944=DIRECTION('',(1.,0.,0.));
#2945=DIRECTION('',(-2.12537376727074E-16,1.,0.));
#2946=DIRECTION('',(1.,0.,0.));
#2947=DIRECTION('',(2.12537376727074E-16,-1.,0.));
#2948=DIRECTION('',(-1.,-5.01407408418168E-16,0.));
#2949=DIRECTION('',(2.18820928558172E-16,-1.,0.));
#2950=DIRECTION('center_axis',(-1.,-2.12537376727074E-16,0.));
#2951=DIRECTION('ref_axis',(2.12537376727074E-16,-1.,0.));
#2952=DIRECTION('',(2.12537376727074E-16,-1.,0.));
#2953=DIRECTION('',(0.,0.,1.));
#2954=DIRECTION('',(0.,0.,1.));
#2955=DIRECTION('center_axis',(-1.00927035373336E-15,1.,0.));
#2956=DIRECTION('ref_axis',(-1.,-1.00927035373336E-15,0.));
#2957=DIRECTION('',(-1.,-1.00927035373336E-15,0.));
#2958=DIRECTION('',(0.,0.,1.));
#2959=DIRECTION('center_axis',(1.,2.12537376727074E-16,0.));
#2960=DIRECTION('ref_axis',(-2.12537376727074E-16,1.,0.));
#2961=DIRECTION('',(-2.12537376727074E-16,1.,0.));
#2962=DIRECTION('',(0.,0.,1.));
#2963=DIRECTION('center_axis',(1.,0.,0.));
#2964=DIRECTION('ref_axis',(0.,1.,0.));
#2965=DIRECTION('',(0.,1.,0.));
#2966=DIRECTION('',(0.,0.,1.));
#2967=DIRECTION('',(0.,0.,1.));
#2968=DIRECTION('center_axis',(1.,2.12537376727074E-16,0.));
#2969=DIRECTION('ref_axis',(-2.12537376727074E-16,1.,0.));
#2970=DIRECTION('',(-2.12537376727074E-16,1.,0.));
#2971=DIRECTION('',(0.,0.,1.));
#2972=DIRECTION('',(0.,0.,1.));
#2973=DIRECTION('center_axis',(0.,-1.,0.));
#2974=DIRECTION('ref_axis',(1.,0.,0.));
#2975=DIRECTION('',(1.,0.,0.));
#2976=DIRECTION('',(0.,0.,1.));
#2977=DIRECTION('center_axis',(-1.,-2.12537376727074E-16,0.));
#2978=DIRECTION('ref_axis',(2.12537376727074E-16,-1.,0.));
#2979=DIRECTION('',(2.12537376727074E-16,-1.,0.));
#2980=DIRECTION('',(0.,0.,-1.));
#2981=DIRECTION('center_axis',(0.,1.,0.));
#2982=DIRECTION('ref_axis',(-1.,0.,0.));
#2983=DIRECTION('',(-1.,0.,0.));
#2984=DIRECTION('',(0.,0.,1.));
#2985=DIRECTION('',(-1.,0.,0.));
#2986=DIRECTION('center_axis',(-0.707106781186547,0.707106781186548,0.));
#2987=DIRECTION('ref_axis',(-0.707106781186548,-0.707106781186547,0.));
#2988=DIRECTION('',(0.,0.,1.));
#2989=DIRECTION('',(0.,0.,1.));
#2990=DIRECTION('center_axis',(-0.707106781186547,0.707106781186548,0.));
#2991=DIRECTION('ref_axis',(-0.707106781186548,-0.707106781186547,0.));
#2992=DIRECTION('center_axis',(-1.5042222252545E-15,1.,0.));
#2993=DIRECTION('ref_axis',(-1.,-1.5042222252545E-15,0.));
#2994=DIRECTION('',(0.,0.,1.));
#2995=DIRECTION('center_axis',(-1.5042222252545E-15,1.,0.));
#2996=DIRECTION('ref_axis',(-0.707106781186549,0.,-0.707106781186546));
#2997=DIRECTION('',(-1.,-1.5042222252545E-15,0.));
#2998=DIRECTION('center_axis',(0.,0.,1.));
#2999=DIRECTION('ref_axis',(1.,0.,0.));
#3000=DIRECTION('',(1.,0.,0.));
#3001=DIRECTION('',(1.00700501099787E-15,1.,0.));
#3002=DIRECTION('',(1.,2.08915780613384E-16,0.));
#3003=DIRECTION('center_axis',(0.,0.,1.));
#3004=DIRECTION('ref_axis',(1.,-2.77555756156289E-16,0.));
#3005=DIRECTION('',(1.,-2.4338989112293E-16,0.));
#3006=DIRECTION('',(0.,-1.,0.));
#3007=DIRECTION('',(1.,5.01407408418168E-16,0.));
#3008=DIRECTION('center_axis',(0.,0.,1.));
#3009=DIRECTION('ref_axis',(1.,0.,0.));
#3010=DIRECTION('',(0.,-1.,0.));
#3011=DIRECTION('',(-1.,2.4338989112293E-16,0.));
#3012=DIRECTION('center_axis',(0.,0.,1.));
#3013=DIRECTION('ref_axis',(1.,-2.77555756156289E-16,0.));
#3014=DIRECTION('',(-1.,1.04457890306692E-15,0.));
#3015=DIRECTION('',(0.,1.,0.));
#3016=DIRECTION('center_axis',(1.,2.18820928558172E-16,0.));
#3017=DIRECTION('ref_axis',(-2.18820928558172E-16,1.,0.));
#3018=DIRECTION('',(0.,0.,1.));
#3019=DIRECTION('center_axis',(5.01407408418168E-16,-1.,0.));
#3020=DIRECTION('ref_axis',(1.,5.01407408418168E-16,0.));
#3021=DIRECTION('center_axis',(5.01407408418168E-16,-1.,0.));
#3022=DIRECTION('ref_axis',(-0.707106781186549,0.,-0.707106781186546));
#3023=DIRECTION('',(0.,0.,1.));
#3024=DIRECTION('center_axis',(1.,0.,0.));
#3025=DIRECTION('ref_axis',(0.,1.,0.));
#3026=DIRECTION('',(0.,0.,1.));
#3027=DIRECTION('',(0.,1.,0.));
#3028=DIRECTION('center_axis',(1.04457890306692E-15,1.,0.));
#3029=DIRECTION('ref_axis',(-1.,1.04457890306692E-15,0.));
#3030=DIRECTION('',(0.,0.,1.));
#3031=DIRECTION('',(-1.,1.04457890306692E-15,0.));
#3032=DIRECTION('center_axis',(0.,0.,1.));
#3033=DIRECTION('ref_axis',(0.7411693620253,0.671318089131381,0.));
#3034=DIRECTION('center_axis',(0.,0.,1.));
#3035=DIRECTION('ref_axis',(1.,-2.77555756156289E-16,0.));
#3036=DIRECTION('',(0.,0.,1.));
#3037=DIRECTION('center_axis',(0.,0.,1.));
#3038=DIRECTION('ref_axis',(0.7411693620253,0.671318089131381,0.));
#3039=DIRECTION('center_axis',(1.,-1.46397522291216E-15,0.));
#3040=DIRECTION('ref_axis',(1.46397522291216E-15,1.,0.));
#3041=DIRECTION('',(1.46397522291216E-15,1.,0.));
#3042=DIRECTION('',(0.,0.,1.));
#3043=DIRECTION('',(1.46397522291216E-15,1.,0.));
#3044=DIRECTION('center_axis',(0.,0.,1.));
#3045=DIRECTION('ref_axis',(0.7411693620253,0.671318089131381,0.));
#3046=DIRECTION('center_axis',(0.,0.,1.));
#3047=DIRECTION('ref_axis',(1.,-2.77555756156289E-16,0.));
#3048=DIRECTION('',(0.,0.,1.));
#3049=DIRECTION('center_axis',(0.,0.,1.));
#3050=DIRECTION('ref_axis',(0.7411693620253,0.671318089131381,0.));
#3051=DIRECTION('center_axis',(2.08915780613384E-16,-1.,0.));
#3052=DIRECTION('ref_axis',(1.,2.08915780613384E-16,0.));
#3053=DIRECTION('',(0.,0.,1.));
#3054=DIRECTION('',(1.,2.08915780613384E-16,0.));
#3055=DIRECTION('center_axis',(1.,-1.00700501099787E-15,0.));
#3056=DIRECTION('ref_axis',(1.00700501099787E-15,1.,0.));
#3057=DIRECTION('',(0.,0.,1.));
#3058=DIRECTION('',(1.00700501099787E-15,1.,0.));
#3059=DIRECTION('center_axis',(0.,-1.,0.));
#3060=DIRECTION('ref_axis',(1.,0.,0.));
#3061=DIRECTION('',(1.,0.,0.));
#3062=DIRECTION('center_axis',(0.,0.,-1.));
#3063=DIRECTION('ref_axis',(1.,0.,0.));
#3064=DIRECTION('center_axis',(0.,0.,1.));
#3065=DIRECTION('ref_axis',(1.,0.,0.));
#3066=DIRECTION('center_axis',(0.,0.,1.));
#3067=DIRECTION('ref_axis',(1.,-2.77555756156289E-16,0.));
#3068=DIRECTION('center_axis',(-0.707106781186548,-0.707106781186548,0.));
#3069=DIRECTION('ref_axis',(0.707106781186548,-0.707106781186548,0.));
#3070=DIRECTION('',(0.,0.,-1.));
#3071=DIRECTION('center_axis',(-0.707106781186548,-0.707106781186548,0.));
#3072=DIRECTION('ref_axis',(-0.707106781186547,0.707106781186547,0.));
#3073=DIRECTION('center_axis',(0.,-1.,0.));
#3074=DIRECTION('ref_axis',(1.,0.,0.));
#3075=DIRECTION('',(1.,0.,0.));
#3076=DIRECTION('',(0.,0.,1.));
#3077=DIRECTION('',(0.,0.,1.));
#3078=DIRECTION('center_axis',(0.,1.,0.));
#3079=DIRECTION('ref_axis',(-1.,0.,0.));
#3080=DIRECTION('',(0.,0.,1.));
#3081=DIRECTION('',(0.,0.,1.));
#3082=DIRECTION('center_axis',(0.,1.,0.));
#3083=DIRECTION('ref_axis',(-0.707106781186549,0.,-0.707106781186546));
#3084=DIRECTION('',(0.,1.,0.));
#3085=DIRECTION('center_axis',(0.,-1.,0.));
#3086=DIRECTION('ref_axis',(-1.,0.,0.));
#3087=DIRECTION('center_axis',(0.,1.,0.));
#3088=DIRECTION('ref_axis',(-0.707106781186549,0.,-0.707106781186546));
#3089=DIRECTION('center_axis',(0.,1.,0.));
#3090=DIRECTION('ref_axis',(0.,0.,-1.));
#3091=DIRECTION('',(0.,1.,0.));
#3092=DIRECTION('center_axis',(-1.,0.,0.));
#3093=DIRECTION('ref_axis',(0.,1.,0.));
#3094=DIRECTION('',(0.,0.,1.));
#3095=DIRECTION('center_axis',(-1.,0.,0.));
#3096=DIRECTION('ref_axis',(0.,1.,0.));
#3097=DIRECTION('',(0.,0.,-1.));
#3098=DIRECTION('',(0.,-1.,0.));
#3099=DIRECTION('center_axis',(-1.,2.4338989112293E-16,0.));
#3100=DIRECTION('ref_axis',(0.,-0.707106781186549,-0.707106781186546));
#3101=DIRECTION('center_axis',(-1.,0.,0.));
#3102=DIRECTION('ref_axis',(0.,0.,-1.));
#3103=DIRECTION('',(-1.,2.4338989112293E-16,0.));
#3104=DIRECTION('center_axis',(1.,0.,0.));
#3105=DIRECTION('ref_axis',(0.,-1.,0.));
#3106=DIRECTION('center_axis',(0.,0.,-1.));
#3107=DIRECTION('ref_axis',(1.,1.22464679914735E-16,0.));
#3108=DIRECTION('center_axis',(0.,0.,-1.));
#3109=DIRECTION('ref_axis',(1.,-2.77555756156289E-16,0.));
#3110=DIRECTION('center_axis',(0.671318089131379,0.741169362025303,0.));
#3111=DIRECTION('ref_axis',(0.741169362025303,-0.671318089131379,0.));
#3112=DIRECTION('center_axis',(0.671318089131385,-0.741169362025297,0.));
#3113=DIRECTION('ref_axis',(0.,0.,-1.));
#3114=DIRECTION('center_axis',(-0.934613630019184,-0.305204558354168,-0.182613088638796));
#3115=DIRECTION('ref_axis',(0.355664677164267,-0.802014814785914,-0.479869643008968));
#3116=DIRECTION('center_axis',(0.,0.,-1.));
#3117=DIRECTION('ref_axis',(0.405389880774432,-0.914143886139207,0.));
#3118=DIRECTION('center_axis',(1.,-2.4338989112293E-16,0.));
#3119=DIRECTION('ref_axis',(0.,0.707106781186549,-0.707106781186546));
#3120=DIRECTION('center_axis',(1.,0.,0.));
#3121=DIRECTION('ref_axis',(0.,0.,-1.));
#3122=DIRECTION('',(1.,-2.4338989112293E-16,0.));
#3123=DIRECTION('center_axis',(-1.,0.,0.));
#3124=DIRECTION('ref_axis',(0.,1.,0.));
#3125=DIRECTION('center_axis',(-0.934613630019184,0.30520455835417,-0.182613088638796));
#3126=DIRECTION('ref_axis',(0.355664677164269,0.802014814785913,-0.479869643008968));
#3127=DIRECTION('center_axis',(0.,0.,-1.));
#3128=DIRECTION('ref_axis',(0.405389880774432,0.914143886139207,0.));
#3129=DIRECTION('center_axis',(-0.816496580927727,-0.408248290463865,0.40824829046386));
#3130=DIRECTION('ref_axis',(-0.577350269189627,0.577350269189627,-0.577350269189623));
#3131=DIRECTION('center_axis',(0.,0.,-1.));
#3132=DIRECTION('ref_axis',(-0.707106781186548,0.707106781186548,0.));
#3133=DIRECTION('center_axis',(-0.816496580927727,0.408248290463865,0.40824829046386));
#3134=DIRECTION('ref_axis',(-0.577350269189627,-0.577350269189627,-0.577350269189623));
#3135=DIRECTION('center_axis',(0.,0.,-1.));
#3136=DIRECTION('ref_axis',(-0.707106781186548,-0.707106781186548,0.));
#3137=DIRECTION('center_axis',(0.,0.,-1.));
#3138=DIRECTION('ref_axis',(0.405389880774431,0.914143886139208,0.));
#3139=DIRECTION('',(0.,0.,1.));
#3140=DIRECTION('center_axis',(2.4338989112293E-16,1.,0.));
#3141=DIRECTION('ref_axis',(1.,-2.4338989112293E-16,0.));
#3142=DIRECTION('',(0.,0.,-1.));
#3143=DIRECTION('center_axis',(0.,0.,-1.));
#3144=DIRECTION('ref_axis',(-0.707106781186548,0.707106781186548,0.));
#3145=DIRECTION('center_axis',(0.,0.,-1.));
#3146=DIRECTION('ref_axis',(-0.707106781186548,-0.707106781186548,0.));
#3147=DIRECTION('',(0.,0.,1.));
#3148=DIRECTION('center_axis',(0.,0.,1.));
#3149=DIRECTION('ref_axis',(-0.707106781186548,-0.707106781186548,0.));
#3150=DIRECTION('center_axis',(-2.4338989112293E-16,-1.,0.));
#3151=DIRECTION('ref_axis',(-1.,2.4338989112293E-16,0.));
#3152=DIRECTION('',(0.,0.,-1.));
#3153=DIRECTION('',(1.,-2.4338989112293E-16,0.));
#3154=DIRECTION('center_axis',(0.,0.,-1.));
#3155=DIRECTION('ref_axis',(0.405389880774431,-0.914143886139208,0.));
#3156=DIRECTION('',(0.,0.,1.));
#3157=DIRECTION('center_axis',(0.,0.,1.));
#3158=DIRECTION('ref_axis',(0.405389880774431,-0.914143886139208,0.));
#3159=DIRECTION('center_axis',(0.,0.,-1.));
#3160=DIRECTION('ref_axis',(1.,0.,0.));
#3161=DIRECTION('center_axis',(0.,0.,1.));
#3162=DIRECTION('ref_axis',(1.,0.,0.));
#3163=DIRECTION('center_axis',(0.,0.,1.));
#3164=DIRECTION('ref_axis',(1.,0.,0.));
#3165=DIRECTION('center_axis',(0.,0.,1.));
#3166=DIRECTION('ref_axis',(1.,0.,0.));
#3167=DIRECTION('',(0.,0.,1.));
#3168=DIRECTION('center_axis',(0.,0.,1.));
#3169=DIRECTION('ref_axis',(1.,0.,0.));
#3170=DIRECTION('center_axis',(0.,0.,1.));
#3171=DIRECTION('ref_axis',(1.,0.,0.));
#3172=DIRECTION('',(0.,0.,1.));
#3173=DIRECTION('center_axis',(0.86605525434412,0.499948293749404,0.));
#3174=DIRECTION('ref_axis',(-0.499948293749404,0.86605525434412,0.));
#3175=DIRECTION('',(-0.499948293749404,0.86605525434412,0.));
#3176=DIRECTION('',(0.,0.,1.));
#3177=DIRECTION('',(-0.499948293749404,0.86605525434412,0.));
#3178=DIRECTION('',(0.,0.,1.));
#3179=DIRECTION('center_axis',(5.97042063902118E-5,0.999999998217704,0.));
#3180=DIRECTION('ref_axis',(-0.999999998217704,5.97042063902118E-5,0.));
#3181=DIRECTION('',(-0.999999998217704,5.97042063902118E-5,0.));
#3182=DIRECTION('',(-0.999999998217704,5.97042063902118E-5,0.));
#3183=DIRECTION('',(0.,0.,1.));
#3184=DIRECTION('center_axis',(-0.86599555013773,0.500051704468299,0.));
#3185=DIRECTION('ref_axis',(-0.500051704468299,-0.86599555013773,0.));
#3186=DIRECTION('',(-0.500051704468299,-0.86599555013773,0.));
#3187=DIRECTION('',(-0.500051704468299,-0.86599555013773,0.));
#3188=DIRECTION('',(0.,0.,1.));
#3189=DIRECTION('center_axis',(-0.866055254344121,-0.499948293749404,0.));
#3190=DIRECTION('ref_axis',(0.499948293749404,-0.866055254344121,0.));
#3191=DIRECTION('',(0.499948293749404,-0.866055254344121,0.));
#3192=DIRECTION('',(0.499948293749404,-0.866055254344121,0.));
#3193=DIRECTION('',(0.,0.,-1.));
#3194=DIRECTION('center_axis',(0.865995550137729,-0.500051704468299,0.));
#3195=DIRECTION('ref_axis',(0.500051704468299,0.865995550137729,0.));
#3196=DIRECTION('',(0.500051704468299,0.865995550137729,0.));
#3197=DIRECTION('',(0.,0.,1.));
#3198=DIRECTION('',(0.500051704468299,0.865995550137729,0.));
#3199=DIRECTION('center_axis',(-5.97042063909111E-5,-0.999999998217704,
0.));
#3200=DIRECTION('ref_axis',(0.999999998217704,-5.97042063909111E-5,0.));
#3201=DIRECTION('',(0.999999998217704,-5.97042063909111E-5,0.));
#3202=DIRECTION('',(0.999999998217704,-5.97042063909111E-5,0.));
#3203=DIRECTION('center_axis',(0.,0.,1.));
#3204=DIRECTION('ref_axis',(1.,0.,0.));
#3205=DIRECTION('center_axis',(0.876624367944193,0.481175350081905,0.));
#3206=DIRECTION('ref_axis',(-0.481175350081905,0.876624367944193,0.));
#3207=DIRECTION('',(0.,0.,1.));
#3208=DIRECTION('',(-0.481175350081905,0.876624367944193,0.));
#3209=DIRECTION('',(0.,0.,1.));
#3210=DIRECTION('center_axis',(0.0216021071262964,0.999766647257101,0.));
#3211=DIRECTION('ref_axis',(-0.999766647257101,0.0216021071262964,0.));
#3212=DIRECTION('',(-0.999766647257101,0.0216021071262964,0.));
#3213=DIRECTION('',(0.,0.,1.));
#3214=DIRECTION('center_axis',(-0.855022260817897,0.518591297175196,0.));
#3215=DIRECTION('ref_axis',(-0.518591297175196,-0.855022260817897,0.));
#3216=DIRECTION('',(-0.518591297175196,-0.855022260817897,0.));
#3217=DIRECTION('',(0.,0.,1.));
#3218=DIRECTION('center_axis',(-0.876624367944194,-0.481175350081904,0.));
#3219=DIRECTION('ref_axis',(0.481175350081904,-0.876624367944194,0.));
#3220=DIRECTION('',(0.481175350081904,-0.876624367944194,0.));
#3221=DIRECTION('',(0.,0.,-1.));
#3222=DIRECTION('center_axis',(0.855022260817897,-0.518591297175195,0.));
#3223=DIRECTION('ref_axis',(0.518591297175195,0.855022260817897,0.));
#3224=DIRECTION('',(0.,0.,1.));
#3225=DIRECTION('',(0.518591297175195,0.855022260817897,0.));
#3226=DIRECTION('center_axis',(-0.0216021071262971,-0.999766647257101,0.));
#3227=DIRECTION('ref_axis',(0.999766647257101,-0.0216021071262971,0.));
#3228=DIRECTION('',(0.999766647257101,-0.0216021071262971,0.));
#3229=DIRECTION('center_axis',(0.,0.,1.));
#3230=DIRECTION('ref_axis',(1.,0.,0.));
#3231=DIRECTION('center_axis',(3.51097028861793E-31,3.46944695195362E-16,
-1.));
#3232=DIRECTION('ref_axis',(-1.,0.,-3.51097028861793E-31));
#3233=DIRECTION('',(0.,1.,3.46944695195362E-16));
#3234=DIRECTION('center_axis',(3.51097028861793E-31,3.46944695195362E-16,
-1.));
#3235=DIRECTION('ref_axis',(-1.,-9.65411325761004E-16,0.));
#3236=DIRECTION('',(-1.,-4.16333634234434E-16,-4.95541774690835E-31));
#3237=DIRECTION('center_axis',(3.51097028861793E-31,3.46944695195362E-16,
-1.));
#3238=DIRECTION('ref_axis',(-9.65411325761002E-16,-1.,0.));
#3239=DIRECTION('',(6.66133814775092E-16,-1.,-3.46944695195362E-16));
#3240=DIRECTION('center_axis',(3.51097028861793E-31,3.46944695195362E-16,
-1.));
#3241=DIRECTION('ref_axis',(1.,9.65411325761005E-16,0.));
#3242=DIRECTION('',(1.,4.16333634234433E-16,4.95541774690835E-31));
#3243=DIRECTION('center_axis',(3.51097028861793E-31,3.46944695195362E-16,
-1.));
#3244=DIRECTION('ref_axis',(0.,1.,0.));
#3245=DIRECTION('',(0.,1.,3.46944695195362E-16));
#3246=DIRECTION('',(1.,0.,3.51097028861793E-31));
#3247=DIRECTION('center_axis',(3.51097028861793E-31,3.46944695195362E-16,
-1.));
#3248=DIRECTION('ref_axis',(-1.,-9.15933995315755E-16,0.));
#3249=DIRECTION('',(1.,0.,3.51097028861793E-31));
#3250=DIRECTION('',(0.,-1.,-3.46944695195362E-16));
#3251=DIRECTION('',(-1.,0.,-3.51097028861793E-31));
#3252=DIRECTION('center_axis',(3.51097028861793E-31,3.46944695195362E-16,
-1.));
#3253=DIRECTION('ref_axis',(-1.,-5.3043988954313E-16,0.));
#3254=DIRECTION('',(-1.,0.,-3.51097028861793E-31));
#3255=DIRECTION('',(0.,0.,-1.));
#3256=DIRECTION('center_axis',(-3.51097028861793E-31,-3.46944695195362E-16,
1.));
#3257=DIRECTION('ref_axis',(-1.,-9.15933995315755E-16,0.));
#3258=DIRECTION('',(0.,0.,-1.));
#3259=DIRECTION('center_axis',(0.,-1.,0.));
#3260=DIRECTION('ref_axis',(-1.,0.,-3.51097028861793E-31));
#3261=DIRECTION('',(-1.,0.,-3.51097028861793E-31));
#3262=DIRECTION('',(0.,0.,-1.));
#3263=DIRECTION('center_axis',(-1.,0.,0.));
#3264=DIRECTION('ref_axis',(0.,1.,3.46944695195362E-16));
#3265=DIRECTION('',(0.,1.,3.46944695195362E-16));
#3266=DIRECTION('',(0.,0.,-1.));
#3267=DIRECTION('center_axis',(0.,1.,0.));
#3268=DIRECTION('ref_axis',(1.,0.,3.51097028861793E-31));
#3269=DIRECTION('',(1.,0.,3.51097028861793E-31));
#3270=DIRECTION('',(0.,0.,-1.));
#3271=DIRECTION('center_axis',(-3.51097028861793E-31,-3.46944695195362E-16,
1.));
#3272=DIRECTION('ref_axis',(-1.,-5.3043988954313E-16,0.));
#3273=DIRECTION('',(0.,0.,-1.));
#3274=DIRECTION('center_axis',(0.,1.,0.));
#3275=DIRECTION('ref_axis',(1.,0.,3.51097028861793E-31));
#3276=DIRECTION('',(1.,0.,3.51097028861793E-31));
#3277=DIRECTION('',(0.,0.,-1.));
#3278=DIRECTION('center_axis',(0.,-1.,0.));
#3279=DIRECTION('ref_axis',(-1.,0.,-3.51097028861793E-31));
#3280=DIRECTION('',(0.,0.,-1.));
#3281=DIRECTION('',(-1.,0.,-3.51097028861793E-31));
#3282=DIRECTION('center_axis',(3.51097028861793E-31,3.46944695195362E-16,
-1.));
#3283=DIRECTION('ref_axis',(-1.,0.,-3.51097028861793E-31));
#3284=DIRECTION('',(0.,-1.,-3.46944695195362E-16));
#3285=DIRECTION('',(-1.,0.,-3.51097028861793E-31));
#3286=DIRECTION('',(-5.53775442229678E-17,1.,3.46944695195362E-16));
#3287=DIRECTION('',(1.,0.,3.51097028861793E-31));
#3288=DIRECTION('',(0.,-1.,-3.46944695195362E-16));
#3289=DIRECTION('center_axis',(1.,0.,0.));
#3290=DIRECTION('ref_axis',(0.,-1.,0.));
#3291=DIRECTION('',(0.,0.,-1.));
#3292=DIRECTION('',(0.,1.,0.));
#3293=DIRECTION('',(0.,0.,-1.));
#3294=DIRECTION('center_axis',(0.,-1.,0.));
#3295=DIRECTION('ref_axis',(-1.,0.,0.));
#3296=DIRECTION('',(0.,0.,-1.));
#3297=DIRECTION('',(1.,0.,0.));
#3298=DIRECTION('',(0.,0.,-1.));
#3299=DIRECTION('center_axis',(1.,0.,0.));
#3300=DIRECTION('ref_axis',(0.,-1.,0.));
#3301=DIRECTION('',(0.,0.,-1.));
#3302=DIRECTION('',(0.,-1.,0.));
#3303=DIRECTION('center_axis',(0.,1.,0.));
#3304=DIRECTION('ref_axis',(1.,0.,0.));
#3305=DIRECTION('',(0.,0.,-1.));
#3306=DIRECTION('center_axis',(0.,0.,1.));
#3307=DIRECTION('ref_axis',(1.,0.,0.));
#3308=DIRECTION('center_axis',(0.,0.,1.));
#3309=DIRECTION('ref_axis',(-1.,-9.65411325761004E-16,0.));
#3310=DIRECTION('center_axis',(0.,0.,1.));
#3311=DIRECTION('ref_axis',(0.,1.,0.));
#3312=DIRECTION('',(6.66133814775092E-16,-1.,0.));
#3313=DIRECTION('center_axis',(0.,0.,1.));
#3314=DIRECTION('ref_axis',(1.,0.,0.));
#3315=DIRECTION('',(1.,0.,2.18312383254467E-13));
#3316=DIRECTION('',(0.,1.,-1.32098657816706E-13));
#3317=DIRECTION('center_axis',(0.,0.,-1.));
#3318=DIRECTION('ref_axis',(1.,0.,0.));
#3319=DIRECTION('center_axis',(5.55111512312578E-16,-1.,0.));
#3320=DIRECTION('ref_axis',(-1.,-5.55111512312578E-16,0.));
#3321=DIRECTION('',(0.,0.,-1.));
#3322=DIRECTION('',(0.,0.,-1.));
#3323=DIRECTION('center_axis',(0.,0.,-1.));
#3324=DIRECTION('ref_axis',(1.,9.65411325761006E-16,0.));
#3325=DIRECTION('',(0.,0.,-1.));
#3326=DIRECTION('center_axis',(-1.,-5.55111512312577E-16,0.));
#3327=DIRECTION('ref_axis',(-5.55111512312577E-16,1.,0.));
#3328=DIRECTION('',(0.,0.,-1.));
#3329=DIRECTION('center_axis',(0.,0.,-1.));
#3330=DIRECTION('ref_axis',(0.,-1.,0.));
#3331=DIRECTION('',(0.,0.,-1.));
#3332=DIRECTION('center_axis',(-1.38777878078145E-16,1.,0.));
#3333=DIRECTION('ref_axis',(1.,1.38777878078145E-16,0.));
#3334=DIRECTION('',(0.,0.,-1.));
#3335=DIRECTION('center_axis',(0.,0.,-1.));
#3336=DIRECTION('ref_axis',(-1.,-9.65411325761004E-16,0.));
#3337=DIRECTION('',(0.,0.,-1.));
#3338=DIRECTION('center_axis',(1.,6.66133814775092E-16,0.));
#3339=DIRECTION('ref_axis',(6.66133814775092E-16,-1.,0.));
#3340=DIRECTION('',(0.,0.,-1.));
#3341=DIRECTION('center_axis',(0.,0.,-1.));
#3342=DIRECTION('ref_axis',(0.,1.,0.));
#3343=DIRECTION('center_axis',(0.,1.,0.));
#3344=DIRECTION('ref_axis',(1.,0.,2.18312383254467E-13));
#3345=DIRECTION('',(0.,0.,-1.));
#3346=DIRECTION('center_axis',(0.,0.,-1.));
#3347=DIRECTION('ref_axis',(1.,0.,0.));
#3348=DIRECTION('center_axis',(-1.,0.,0.));
#3349=DIRECTION('ref_axis',(0.,1.,-1.32098657816706E-13));
#3350=DIRECTION('center_axis',(0.,-1.,2.69144975666705E-16));
#3351=DIRECTION('ref_axis',(0.,2.69144975666705E-16,1.));
#3352=DIRECTION('',(0.,2.69144975666705E-16,1.));
#3353=DIRECTION('',(-1.,0.,0.));
#3354=DIRECTION('',(0.,2.69144975666705E-16,1.));
#3355=DIRECTION('',(-1.,0.,0.));
#3356=DIRECTION('center_axis',(-1.,0.,0.));
#3357=DIRECTION('ref_axis',(0.,-1.,0.));
#3358=DIRECTION('center_axis',(-1.,0.,0.));
#3359=DIRECTION('ref_axis',(0.,-1.,0.));
#3360=DIRECTION('center_axis',(1.,0.,0.));
#3361=DIRECTION('ref_axis',(0.,-1.,0.));
#3362=DIRECTION('',(0.,2.69144975666705E-16,1.));
#3363=DIRECTION('center_axis',(0.,1.,-2.69144975666705E-16));
#3364=DIRECTION('ref_axis',(0.,-2.69144975666705E-16,-1.));
#3365=DIRECTION('',(-1.,0.,0.));
#3366=DIRECTION('',(0.,-2.69144975666705E-16,-1.));
#3367=DIRECTION('',(-1.,0.,0.));
#3368=DIRECTION('center_axis',(-1.,0.,0.));
#3369=DIRECTION('ref_axis',(0.,-1.,0.));
#3370=CARTESIAN_POINT('',(0.,0.,0.));
#3371=CARTESIAN_POINT('Ctrl Pts',(-6.,-20.0000002682209,-1.00000001490116));
#3372=CARTESIAN_POINT('Ctrl Pts',(-9.,-20.0000002682209,-1.00000001490116));
#3373=CARTESIAN_POINT('Ctrl Pts',(-6.,-19.0000002607703,-2.00000004470348));
#3374=CARTESIAN_POINT('Ctrl Pts',(-9.,-19.0000002607703,-2.00000004470348));
#3375=CARTESIAN_POINT('Ctrl Pts',(-6.,-20.0000002682209,-3.00000005960464));
#3376=CARTESIAN_POINT('Ctrl Pts',(-9.,-20.0000002682209,-3.00000005960464));
#3377=CARTESIAN_POINT('',(-6.,-19.8000002682209,-2.78881069580011));
#3378=CARTESIAN_POINT('',(-9.,-19.8000002682209,-2.7888106958001));
#3379=CARTESIAN_POINT('Ctrl Pts',(-6.,-19.8000002682209,-2.78881069580009));
#3380=CARTESIAN_POINT('Ctrl Pts',(-6.5,-19.8000002682209,-2.78881069580009));
#3381=CARTESIAN_POINT('Ctrl Pts',(-7.,-19.8000002682209,-2.78881069580009));
#3382=CARTESIAN_POINT('Ctrl Pts',(-8.,-19.8000002682209,-2.78881069580009));
#3383=CARTESIAN_POINT('Ctrl Pts',(-8.5,-19.8000002682209,-2.78881069580009));
#3384=CARTESIAN_POINT('Ctrl Pts',(-9.,-19.8000002682209,-2.78881069580009));
#3385=CARTESIAN_POINT('',(-6.,-19.8000002682209,-1.21118938168591));
#3386=CARTESIAN_POINT('Ctrl Pts',(-6.,-19.8000002682209,-2.78881069580011));
#3387=CARTESIAN_POINT('Ctrl Pts',(-6.,-19.1000002606772,-2.00000004395842));
#3388=CARTESIAN_POINT('Ctrl Pts',(-6.,-19.8000002682209,-1.2111893816859));
#3389=CARTESIAN_POINT('',(-9.,-19.8000002682209,-1.21118938168591));
#3390=CARTESIAN_POINT('Ctrl Pts',(-9.,-19.8000002682209,-1.21118938168594));
#3391=CARTESIAN_POINT('Ctrl Pts',(-8.5,-19.8000002682209,-1.21118938168594));
#3392=CARTESIAN_POINT('Ctrl Pts',(-8.,-19.8000002682209,-1.21118938168594));
#3393=CARTESIAN_POINT('Ctrl Pts',(-7.,-19.8000002682209,-1.21118938168594));
#3394=CARTESIAN_POINT('Ctrl Pts',(-6.5,-19.8000002682209,-1.21118938168594));
#3395=CARTESIAN_POINT('Ctrl Pts',(-6.,-19.8000002682209,-1.21118938168594));
#3396=CARTESIAN_POINT('Ctrl Pts',(-9.,-19.8000002682209,-1.2111893816859));
#3397=CARTESIAN_POINT('Ctrl Pts',(-9.,-19.1000002606772,-2.00000004395842));
#3398=CARTESIAN_POINT('Ctrl Pts',(-9.,-19.8000002682209,-2.78881069580011));
#3399=CARTESIAN_POINT('Ctrl Pts',(6.,-20.0000002682209,-3.00000005960464));
#3400=CARTESIAN_POINT('Ctrl Pts',(9.,-20.0000002682209,-3.00000005960464));
#3401=CARTESIAN_POINT('Ctrl Pts',(6.,-19.0000002607703,-2.00000004470348));
#3402=CARTESIAN_POINT('Ctrl Pts',(9.,-19.0000002607703,-2.00000004470348));
#3403=CARTESIAN_POINT('Ctrl Pts',(6.,-20.0000002682209,-1.00000001490116));
#3404=CARTESIAN_POINT('Ctrl Pts',(9.,-20.0000002682209,-1.00000001490116));
#3405=CARTESIAN_POINT('',(9.,-19.8000002682209,-2.78881069580011));
#3406=CARTESIAN_POINT('',(6.,-19.8000002682209,-2.78881069580009));
#3407=CARTESIAN_POINT('Ctrl Pts',(9.,-19.8000002682209,-2.7888106958001));
#3408=CARTESIAN_POINT('Ctrl Pts',(8.5,-19.8000002682209,-2.7888106958001));
#3409=CARTESIAN_POINT('Ctrl Pts',(8.,-19.8000002682209,-2.7888106958001));
#3410=CARTESIAN_POINT('Ctrl Pts',(7.,-19.8000002682209,-2.7888106958001));
#3411=CARTESIAN_POINT('Ctrl Pts',(6.5,-19.8000002682209,-2.7888106958001));
#3412=CARTESIAN_POINT('Ctrl Pts',(6.,-19.8000002682209,-2.7888106958001));
#3413=CARTESIAN_POINT('',(9.,-19.8000002682209,-1.21118938168591));
#3414=CARTESIAN_POINT('Ctrl Pts',(9.,-19.8000002682209,-2.78881069580011));
#3415=CARTESIAN_POINT('Ctrl Pts',(9.,-19.1000002606772,-2.00000004395842));
#3416=CARTESIAN_POINT('Ctrl Pts',(9.,-19.8000002682209,-1.2111893816859));
#3417=CARTESIAN_POINT('',(6.,-19.8000002682209,-1.21118938168591));
#3418=CARTESIAN_POINT('Ctrl Pts',(6.,-19.8000002682209,-1.21118938168594));
#3419=CARTESIAN_POINT('Ctrl Pts',(6.5,-19.8000002682209,-1.21118938168594));
#3420=CARTESIAN_POINT('Ctrl Pts',(7.,-19.8000002682209,-1.21118938168594));
#3421=CARTESIAN_POINT('Ctrl Pts',(8.,-19.8000002682209,-1.21118938168594));
#3422=CARTESIAN_POINT('Ctrl Pts',(8.5,-19.8000002682209,-1.21118938168594));
#3423=CARTESIAN_POINT('Ctrl Pts',(9.,-19.8000002682209,-1.21118938168594));
#3424=CARTESIAN_POINT('Ctrl Pts',(6.,-19.8000002682209,-2.78881069580011));
#3425=CARTESIAN_POINT('Ctrl Pts',(6.,-19.1000002606772,-2.00000004395842));
#3426=CARTESIAN_POINT('Ctrl Pts',(6.,-19.8000002682209,-1.2111893816859));
#3427=CARTESIAN_POINT('Origin',(6.,-17.7866893685522,-40.9823210751879));
#3428=CARTESIAN_POINT('',(9.,-19.8000002682209,-2.99470386250691));
#3429=CARTESIAN_POINT('',(6.,-19.8000002682209,-2.99470386250692));
#3430=CARTESIAN_POINT('',(-2.87877515455311,-19.8000002682209,-2.99470386250691));
#3431=CARTESIAN_POINT('',(6.,-19.7415642712547,-4.09728781243699));
#3432=CARTESIAN_POINT('',(6.,-18.2886771309259,-31.5106994962047));
#3433=CARTESIAN_POINT('',(9.,-19.7415642712547,-4.09728781243699));
#3434=CARTESIAN_POINT('',(5.25156114653533,-19.7415642712547,-4.09728781243699));
#3435=CARTESIAN_POINT('',(9.,-18.2886771309259,-31.5106994962047));
#3436=CARTESIAN_POINT('Ctrl Pts',(-6.,19.9999995976686,-2.99999991059303));
#3437=CARTESIAN_POINT('Ctrl Pts',(-9.,19.9999995976686,-2.99999991059303));
#3438=CARTESIAN_POINT('Ctrl Pts',(-6.,18.9999996088445,-1.99999993294477));
#3439=CARTESIAN_POINT('Ctrl Pts',(-9.,18.9999996088445,-1.99999993294477));
#3440=CARTESIAN_POINT('Ctrl Pts',(-6.,20.0000002682209,-1.00000001490116));
#3441=CARTESIAN_POINT('Ctrl Pts',(-9.,20.0000002682209,-1.00000001490116));
#3442=CARTESIAN_POINT('',(-9.,19.8000002235174,-2.78881125189885));
#3443=CARTESIAN_POINT('',(-6.,19.8000002235174,-2.78881125189883));
#3444=CARTESIAN_POINT('Ctrl Pts',(-9.,19.8000002235174,-2.78881125189883));
#3445=CARTESIAN_POINT('Ctrl Pts',(-8.5,19.8000002235174,-2.78881125189883));
#3446=CARTESIAN_POINT('Ctrl Pts',(-8.,19.8000002235174,-2.78881125189883));
#3447=CARTESIAN_POINT('Ctrl Pts',(-7.,19.8000002235174,-2.78881125189883));
#3448=CARTESIAN_POINT('Ctrl Pts',(-6.5,19.8000002235174,-2.78881125189883));
#3449=CARTESIAN_POINT('Ctrl Pts',(-6.,19.8000002235174,-2.78881125189883));
#3450=CARTESIAN_POINT('',(-9.,19.8000002235174,-1.21118925772077));
#3451=CARTESIAN_POINT('Ctrl Pts',(-9.,19.8000002235174,-2.78881125189885));
#3452=CARTESIAN_POINT('Ctrl Pts',(-9.,19.0999994413461,-2.00000010356295));
#3453=CARTESIAN_POINT('Ctrl Pts',(-9.,19.8000002235175,-1.21118925772076));
#3454=CARTESIAN_POINT('',(-6.,19.8000002235174,-1.21118925772077));
#3455=CARTESIAN_POINT('Ctrl Pts',(-6.,19.8000002235174,-1.21118925772081));
#3456=CARTESIAN_POINT('Ctrl Pts',(-6.14781140859595,19.8000002235174,-1.21118925772081));
#3457=CARTESIAN_POINT('Ctrl Pts',(-6.29562281719189,19.8000002235174,-1.21118925772081));
#3458=CARTESIAN_POINT('Ctrl Pts',(-6.87304550896278,19.8000002235174,-1.21118925772081));
#3459=CARTESIAN_POINT('Ctrl Pts',(-7.30265679213771,19.8000002235174,-1.21118925772081));
#3460=CARTESIAN_POINT('Ctrl Pts',(-8.15484538354177,19.8000002235174,-1.21118925772081));
#3461=CARTESIAN_POINT('Ctrl Pts',(-8.57742269177088,19.8000002235174,-1.21118925772081));
#3462=CARTESIAN_POINT('Ctrl Pts',(-9.,19.8000002235174,-1.21118925772081));
#3463=CARTESIAN_POINT('Ctrl Pts',(-6.,19.8000002235174,-2.78881125189884));
#3464=CARTESIAN_POINT('Ctrl Pts',(-6.,19.0999994413461,-2.00000010356295));
#3465=CARTESIAN_POINT('Ctrl Pts',(-6.,19.8000002235175,-1.21118925772076));
#3466=CARTESIAN_POINT('Ctrl Pts',(6.,20.0000002682209,-1.00000001490116));
#3467=CARTESIAN_POINT('Ctrl Pts',(9.,20.0000002682209,-1.00000001490116));
#3468=CARTESIAN_POINT('Ctrl Pts',(6.,18.9999996088445,-1.99999993294477));
#3469=CARTESIAN_POINT('Ctrl Pts',(9.,18.9999996088445,-1.99999993294477));
#3470=CARTESIAN_POINT('Ctrl Pts',(6.,19.9999995976686,-2.99999991059303));
#3471=CARTESIAN_POINT('Ctrl Pts',(9.,19.9999995976686,-2.99999991059303));
#3472=CARTESIAN_POINT('',(6.,19.8000002235174,-2.78881125189884));
#3473=CARTESIAN_POINT('',(9.,19.8000002235174,-2.78881125189883));
#3474=CARTESIAN_POINT('Ctrl Pts',(6.,19.8000002235174,-2.78881125189883));
#3475=CARTESIAN_POINT('Ctrl Pts',(6.5,19.8000002235174,-2.78881125189883));
#3476=CARTESIAN_POINT('Ctrl Pts',(7.,19.8000002235174,-2.78881125189883));
#3477=CARTESIAN_POINT('Ctrl Pts',(8.,19.8000002235174,-2.78881125189883));
#3478=CARTESIAN_POINT('Ctrl Pts',(8.5,19.8000002235174,-2.78881125189883));
#3479=CARTESIAN_POINT('Ctrl Pts',(9.,19.8000002235174,-2.78881125189883));
#3480=CARTESIAN_POINT('',(6.,19.8000002235174,-1.21118925772077));
#3481=CARTESIAN_POINT('Ctrl Pts',(6.,19.8000002235174,-2.78881125189884));
#3482=CARTESIAN_POINT('Ctrl Pts',(6.,19.0999994413461,-2.00000010356295));
#3483=CARTESIAN_POINT('Ctrl Pts',(6.,19.8000002235175,-1.21118925772076));
#3484=CARTESIAN_POINT('',(9.,19.8000002235174,-1.21118925772077));
#3485=CARTESIAN_POINT('Ctrl Pts',(9.,19.8000002235174,-1.21118925772081));
#3486=CARTESIAN_POINT('Ctrl Pts',(8.5,19.8000002235174,-1.21118925772081));
#3487=CARTESIAN_POINT('Ctrl Pts',(8.,19.8000002235174,-1.21118925772081));
#3488=CARTESIAN_POINT('Ctrl Pts',(7.,19.8000002235174,-1.21118925772081));
#3489=CARTESIAN_POINT('Ctrl Pts',(6.5,19.8000002235174,-1.21118925772081));
#3490=CARTESIAN_POINT('Ctrl Pts',(6.,19.8000002235174,-1.21118925772081));
#3491=CARTESIAN_POINT('Ctrl Pts',(9.,19.8000002235175,-1.21118925772076));
#3492=CARTESIAN_POINT('Ctrl Pts',(9.,19.0999994413461,-2.00000010356295));
#3493=CARTESIAN_POINT('Ctrl Pts',(9.,19.8000002235174,-2.78881125189885));
#3494=CARTESIAN_POINT('Origin',(11.7575503851484,19.8000002235174,0.));
#3495=CARTESIAN_POINT('',(6.,19.8000002235174,-2.99472850319287));
#3496=CARTESIAN_POINT('',(9.,19.8000002235174,-2.99472850319285));
#3497=CARTESIAN_POINT('',(8.8787751925742,19.8000002235174,-2.99472850319287));
#3498=CARTESIAN_POINT('',(6.,19.8000002235174,-8.25));
#3499=CARTESIAN_POINT('',(6.,19.8000002235174,-11.0000001303852));
#3500=CARTESIAN_POINT('',(-6.,19.8000002235174,-8.25));
#3501=CARTESIAN_POINT('',(7.38189748564485,19.8000002235174,-8.25));
#3502=CARTESIAN_POINT('',(-6.,19.8000002235174,-2.99472850319285));
#3503=CARTESIAN_POINT('',(-6.,19.8000002235174,-11.0000001303852));
#3504=CARTESIAN_POINT('',(-9.,19.8000002235174,-2.99472850319283));
#3505=CARTESIAN_POINT('',(8.8787751925742,19.8000002235174,-2.99472850319287));
#3506=CARTESIAN_POINT('',(-9.,19.8000002235174,-8.25));
#3507=CARTESIAN_POINT('',(-9.,19.8000002235174,-11.0000001303852));
#3508=CARTESIAN_POINT('',(-11.3048658173687,19.8000002235174,-8.25));
#3509=CARTESIAN_POINT('',(7.38189748564485,19.8000002235174,-8.25));
#3510=CARTESIAN_POINT('',(-11.3048658173687,19.8000002235174,0.));
#3511=CARTESIAN_POINT('',(-11.3048658173687,19.8000002235174,0.));
#3512=CARTESIAN_POINT('',(11.3048658173687,19.8000002235174,0.));
#3513=CARTESIAN_POINT('',(7.38189748564485,19.8000002235174,0.));
#3514=CARTESIAN_POINT('',(11.3048658173687,19.8000002235174,-8.25));
#3515=CARTESIAN_POINT('',(11.3048658173687,19.8000002235174,0.));
#3516=CARTESIAN_POINT('',(9.,19.8000002235174,-8.25));
#3517=CARTESIAN_POINT('',(7.38189748564485,19.8000002235174,-8.25));
#3518=CARTESIAN_POINT('',(9.,19.8000002235174,-11.0000001303852));
#3519=CARTESIAN_POINT('',(-6.,19.8000002235174,-0.999999981373549));
#3520=CARTESIAN_POINT('',(-9.,19.8000002235174,-0.999999981373549));
#3521=CARTESIAN_POINT('',(9.,19.8000002235174,-0.999999981373549));
#3522=CARTESIAN_POINT('',(6.,19.8000002235174,-0.999999981373549));
#3523=CARTESIAN_POINT('Origin',(6.,19.8002760316111,-2.98948814759819));
#3524=CARTESIAN_POINT('',(-6.,19.7419760973291,-4.097187282504));
#3525=CARTESIAN_POINT('',(-6.,18.3002765233494,-31.4894886728641));
#3526=CARTESIAN_POINT('',(-9.,19.7419760973291,-4.097187282504));
#3527=CARTESIAN_POINT('',(-3.74843885346468,19.7419760973291,-4.097187282504));
#3528=CARTESIAN_POINT('',(-9.,18.3002765233494,-31.4894886728641));
#3529=CARTESIAN_POINT('Origin',(6.,19.8002760316111,-2.98948814759819));
#3530=CARTESIAN_POINT('',(9.,19.7419760973291,-4.09718728250397));
#3531=CARTESIAN_POINT('',(9.,19.3002761955239,-12.4894883226868));
#3532=CARTESIAN_POINT('',(6.,19.7419760973291,-4.09718728250397));
#3533=CARTESIAN_POINT('',(5.25156114653533,19.7419760973291,-4.09718728250398));
#3534=CARTESIAN_POINT('',(6.,19.3002761955239,-12.4894883226868));
#3535=CARTESIAN_POINT('Origin',(-1.49687770692935,19.3603368180983,-5.65359364125199));
#3536=CARTESIAN_POINT('',(-9.,18.7236838991653,-8.25));
#3537=CARTESIAN_POINT('',(-9.,17.4596692574819,-13.4049212382749));
#3538=CARTESIAN_POINT('',(-6.,18.7236838991653,-8.25));
#3539=CARTESIAN_POINT('',(-6.,17.4596692574819,-13.4049212382749));
#3540=CARTESIAN_POINT('',(-1.49687770692935,18.7236838991653,-8.25));
#3541=CARTESIAN_POINT('Origin',(-1.49687770692935,-19.3593594364911,-5.65364390621849));
#3542=CARTESIAN_POINT('',(-6.,-18.7217548061778,-8.25));
#3543=CARTESIAN_POINT('',(-6.,-19.7415642712547,-4.09728781243698));
#3544=CARTESIAN_POINT('',(-6.,-17.4501973431358,-13.4278418957538));
#3545=CARTESIAN_POINT('',(-9.,-19.7415642712547,-4.09728781243698));
#3546=CARTESIAN_POINT('',(-3.74843885346468,-19.7415642712547,-4.09728781243699));
#3547=CARTESIAN_POINT('',(-9.,-18.7217548061778,-8.25));
#3548=CARTESIAN_POINT('',(-9.,-17.4501973431358,-13.4278418957538));
#3549=CARTESIAN_POINT('',(-1.49687770692935,-18.7217548061778,-8.25));
#3550=CARTESIAN_POINT('Origin',(4.50312229307065,19.3603368180983,-5.65359364125199));
#3551=CARTESIAN_POINT('',(6.,18.7236838991653,-8.25));
#3552=CARTESIAN_POINT('',(6.,17.4596692574819,-13.4049212382749));
#3553=CARTESIAN_POINT('',(9.,18.7236838991653,-8.25));
#3554=CARTESIAN_POINT('',(9.,17.4596692574819,-13.4049212382749));
#3555=CARTESIAN_POINT('',(4.50312229307065,18.7236838991653,-8.25));
#3556=CARTESIAN_POINT('Origin',(4.50312229307065,-19.3593594364911,-5.6536439062185));
#3557=CARTESIAN_POINT('',(9.,-18.7217548061778,-8.25));
#3558=CARTESIAN_POINT('',(9.,-17.4501973431358,-13.4278418957538));
#3559=CARTESIAN_POINT('',(6.,-18.7217548061778,-8.25));
#3560=CARTESIAN_POINT('',(6.,-17.4501973431358,-13.4278418957538));
#3561=CARTESIAN_POINT('',(4.50312229307065,-18.7217548061778,-8.25));
#3562=CARTESIAN_POINT('Origin',(6.,-17.7866893685522,-40.9823210751879));
#3563=CARTESIAN_POINT('',(-6.,-19.8000002682209,-2.99470386250693));
#3564=CARTESIAN_POINT('',(-9.,-19.8000002682209,-2.99470386250692));
#3565=CARTESIAN_POINT('',(-2.87877515455311,-19.8000002682209,-2.99470386250691));
#3566=CARTESIAN_POINT('',(-9.,-19.2954727309995,-12.5142465026319));
#3567=CARTESIAN_POINT('',(-6.,-19.2954727309995,-12.5142465026319));
#3568=CARTESIAN_POINT('Origin',(6.,18.9999999254942,-22.0000002607703));
#3569=CARTESIAN_POINT('',(6.,9.4999999627471,-8.25));
#3570=CARTESIAN_POINT('Origin',(9.,19.4999999385327,-1.9999999627471));
#3571=CARTESIAN_POINT('',(9.,9.4999999627471,-8.25));
#3572=CARTESIAN_POINT('Origin',(-6.,-18.9932046681474,-22.0498123503406));
#3573=CARTESIAN_POINT('',(-6.,-19.8000002682209,-8.25));
#3574=CARTESIAN_POINT('',(-6.,-9.49660233407369,-8.25));
#3575=CARTESIAN_POINT('',(-6.,-19.8000002682209,-11.0249061751703));
#3576=CARTESIAN_POINT('Origin',(-9.,-19.5000002644956,-2.0000000372529));
#3577=CARTESIAN_POINT('',(-9.,-19.8000002682209,-8.25));
#3578=CARTESIAN_POINT('',(-9.,-19.8000002682209,-11.0249061751703));
#3579=CARTESIAN_POINT('',(-9.,-9.49660233407369,-8.25));
#3580=CARTESIAN_POINT('Origin',(-11.7575503091062,-19.8000002682209,0.));
#3581=CARTESIAN_POINT('',(-11.3048657390724,-19.8000002682209,-8.25));
#3582=CARTESIAN_POINT('',(-11.3048657390724,-19.8000002682209,0.));
#3583=CARTESIAN_POINT('',(-11.3048657390724,-19.8000002682209,0.));
#3584=CARTESIAN_POINT('',(-4.37565286148246,-19.8000002682209,-8.25));
#3585=CARTESIAN_POINT('',(6.,-19.8000002682209,-8.25));
#3586=CARTESIAN_POINT('',(-4.37565286148246,-19.8000002682209,-8.25));
#3587=CARTESIAN_POINT('',(6.,-19.8000002682209,-11.0249061751703));
#3588=CARTESIAN_POINT('',(9.,-19.8000002682209,-8.25));
#3589=CARTESIAN_POINT('',(9.,-19.8000002682209,-11.0249061751703));
#3590=CARTESIAN_POINT('',(11.3048657390724,-19.8000002682209,-8.25));
#3591=CARTESIAN_POINT('',(-4.37565286148246,-19.8000002682209,-8.25));
#3592=CARTESIAN_POINT('',(11.3048657390724,-19.8000002682209,0.));
#3593=CARTESIAN_POINT('',(11.3048657390724,-19.8000002682209,0.));
#3594=CARTESIAN_POINT('',(-4.37565286148246,-19.8000002682209,0.));
#3595=CARTESIAN_POINT('',(6.,-19.8000002682209,-1.00000001862645));
#3596=CARTESIAN_POINT('',(9.,-19.8000002682209,-1.00000001862645));
#3597=CARTESIAN_POINT('',(-9.,-19.8000002682209,-1.00000001862645));
#3598=CARTESIAN_POINT('',(-6.,-19.8000002682209,-1.00000001862645));
#3599=CARTESIAN_POINT('Origin',(-6.,-18.9932046681474,-22.0498123503406));
#3600=CARTESIAN_POINT('Origin',(-9.,-19.5000002644956,-2.0000000372529));
#3601=CARTESIAN_POINT('Origin',(-6.,19.4999999385327,-1.9999999627471));
#3602=CARTESIAN_POINT('',(-6.,9.4999999627471,-8.25));
#3603=CARTESIAN_POINT('Origin',(-9.,18.9999999254942,-22.0000002607703));
#3604=CARTESIAN_POINT('',(-9.,9.4999999627471,-8.25));
#3605=CARTESIAN_POINT('Origin',(-6.,19.4999999385327,-1.9999999627471));
#3606=CARTESIAN_POINT('Origin',(-9.,18.9999999254942,-22.0000002607703));
#3607=CARTESIAN_POINT('Origin',(9.,19.4999999385327,-1.9999999627471));
#3608=CARTESIAN_POINT('Origin',(6.,18.9999999254942,-22.0000002607703));
#3609=CARTESIAN_POINT('Origin',(9.,-18.9932046681474,-22.0498123503406));
#3610=CARTESIAN_POINT('Origin',(6.,-19.5000002644956,-2.0000000372529));
#3611=CARTESIAN_POINT('Origin',(9.,-18.9932046681474,-22.0498123503406));
#3612=CARTESIAN_POINT('',(9.,-9.49660233407369,-8.25));
#3613=CARTESIAN_POINT('Origin',(6.,-19.5000002644956,-2.0000000372529));
#3614=CARTESIAN_POINT('',(6.,-9.49660233407369,-8.25));
#3615=CARTESIAN_POINT('Ctrl Pts',(23.1432843870394,1.66384416592687,-51.3025167714136));
#3616=CARTESIAN_POINT('Ctrl Pts',(23.1432843870394,1.66384416592687,3.5527136788005E-14));
#3617=CARTESIAN_POINT('Ctrl Pts',(23.1406068912977,1.66192549240552,-51.3025167714136));
#3618=CARTESIAN_POINT('Ctrl Pts',(23.1406068912977,1.66192549240552,3.5527136788005E-14));
#3619=CARTESIAN_POINT('Ctrl Pts',(23.1379293955559,1.66000681888418,-51.3025167714136));
#3620=CARTESIAN_POINT('Ctrl Pts',(23.1379293955559,1.66000681888418,3.5527136788005E-14));
#3621=CARTESIAN_POINT('Ctrl Pts',(23.1352518998142,1.65808814536283,-51.3025167714136));
#3622=CARTESIAN_POINT('Ctrl Pts',(23.1352518998142,1.65808814536283,3.5527136788005E-14));
#3623=CARTESIAN_POINT('Ctrl Pts',(23.0258350037967,1.5796808120093,-51.3025167714136));
#3624=CARTESIAN_POINT('Ctrl Pts',(23.0258350037967,1.5796808120093,3.5527136788005E-14));
#3625=CARTESIAN_POINT('Ctrl Pts',(22.9311713381851,1.5114611213677,-51.3025167714136));
#3626=CARTESIAN_POINT('Ctrl Pts',(22.9311713381851,1.5114611213677,5.32907051820075E-14));
#3627=CARTESIAN_POINT('Ctrl Pts',(22.8465628284985,1.45016776555415,-51.3025167714136));
#3628=CARTESIAN_POINT('Ctrl Pts',(22.8465628284985,1.45016776555415,5.32907051820075E-14));
#3629=CARTESIAN_POINT('Ctrl Pts',(22.366971590056,1.10273514285686,-51.3025167714136));
#3630=CARTESIAN_POINT('Ctrl Pts',(22.366971590056,1.10273514285686,5.32907051820075E-14));
#3631=CARTESIAN_POINT('Ctrl Pts',(22.1631882564623,0.94511687953631,-51.3025167714136));
#3632=CARTESIAN_POINT('Ctrl Pts',(22.1631882564623,0.94511687953631,4.44089209850063E-14));
#3633=CARTESIAN_POINT('Ctrl Pts',(21.997789123336,0.811794403486507,-51.3025167714136));
#3634=CARTESIAN_POINT('Ctrl Pts',(21.997789123336,0.811794403486507,4.44089209850063E-14));
#3635=CARTESIAN_POINT('Ctrl Pts',(21.6785020712151,0.554428239862765,-51.3025167714136));
#3636=CARTESIAN_POINT('Ctrl Pts',(21.6785020712151,0.554428239862765,4.44089209850063E-14));
#3637=CARTESIAN_POINT('Ctrl Pts',(21.5690924532796,0.437364559431495,-51.3025167714136));
#3638=CARTESIAN_POINT('Ctrl Pts',(21.5690924532796,0.437364559431495,3.5527136788005E-14));
#3639=CARTESIAN_POINT('Ctrl Pts',(21.4819506878631,0.303039660633327,-51.3025167714136));
#3640=CARTESIAN_POINT('Ctrl Pts',(21.4819506878631,0.303039660633327,3.5527136788005E-14));
#3641=CARTESIAN_POINT('Ctrl Pts',(21.3530464910129,0.104339954312085,-51.3025167714136));
#3642=CARTESIAN_POINT('Ctrl Pts',(21.3530464910129,0.104339954312085,3.5527136788005E-14));
#3643=CARTESIAN_POINT('Ctrl Pts',(21.3570691484627,-0.126483779872894,-51.3025167714136));
#3644=CARTESIAN_POINT('Ctrl Pts',(21.3570691484627,-0.126483779872894,3.5527136788005E-14));
#3645=CARTESIAN_POINT('Ctrl Pts',(21.4912131473521,-0.32683367540819,-51.3025167714136));
#3646=CARTESIAN_POINT('Ctrl Pts',(21.4912131473521,-0.32683367540819,3.5527136788005E-14));
#3647=CARTESIAN_POINT('Ctrl Pts',(21.5582851467967,-0.427008623175837,-51.3025167714136));
#3648=CARTESIAN_POINT('Ctrl Pts',(21.5582851467967,-0.427008623175837,3.5527136788005E-14));
#3649=CARTESIAN_POINT('Ctrl Pts',(21.6478790922099,-0.525715001483706,-51.3025167714136));
#3650=CARTESIAN_POINT('Ctrl Pts',(21.6478790922099,-0.525715001483706,3.5527136788005E-14));
#3651=CARTESIAN_POINT('Ctrl Pts',(21.8158763346827,-0.67542153575068,-51.3025167714136));
#3652=CARTESIAN_POINT('Ctrl Pts',(21.8158763346827,-0.67542153575068,3.5527136788005E-14));
#3653=CARTESIAN_POINT('Ctrl Pts',(21.939157274848,-0.785280257368201,-51.3025167714136));
#3654=CARTESIAN_POINT('Ctrl Pts',(21.939157274848,-0.785280257368201,3.5527136788005E-14));
#3655=CARTESIAN_POINT('Ctrl Pts',(22.0951271738632,-0.915218133591585,-51.3025167714136));
#3656=CARTESIAN_POINT('Ctrl Pts',(22.0951271738632,-0.915218133591585,4.44089209850063E-14));
#3657=CARTESIAN_POINT('Ctrl Pts',(22.4098008352307,-1.15650308651607,-51.3025167714136));
#3658=CARTESIAN_POINT('Ctrl Pts',(22.4098008352307,-1.15650308651607,4.44089209850063E-14));
#3659=CARTESIAN_POINT('Ctrl Pts',(22.5239388564936,-1.24402165088405,-51.3025167714136));
#3660=CARTESIAN_POINT('Ctrl Pts',(22.5239388564936,-1.24402165088405,4.44089209850063E-14));
#3661=CARTESIAN_POINT('Ctrl Pts',(22.6604871465142,-1.34726910165833,-51.3025167714136));
#3662=CARTESIAN_POINT('Ctrl Pts',(22.6604871465142,-1.34726910165833,4.44089209850063E-14));
#3663=CARTESIAN_POINT('Ctrl Pts',(22.8425535724689,-1.48276293061666,-51.3025167714136));
#3664=CARTESIAN_POINT('Ctrl Pts',(22.8425535724689,-1.48276293061666,4.44089209850063E-14));
#3665=CARTESIAN_POINT('Ctrl Pts',(22.9269786465923,-1.54559206835073,-51.3025167714136));
#3666=CARTESIAN_POINT('Ctrl Pts',(22.9269786465923,-1.54559206835073,4.44089209850063E-14));
#3667=CARTESIAN_POINT('Ctrl Pts',(23.021429814242,-1.61552499154589,-51.3025167714136));
#3668=CARTESIAN_POINT('Ctrl Pts',(23.021429814242,-1.61552499154589,3.5527136788005E-14));
#3669=CARTESIAN_POINT('Ctrl Pts',(23.130585205734,-1.69590130786524,-51.3025167714136));
#3670=CARTESIAN_POINT('Ctrl Pts',(23.130585205734,-1.69590130786524,3.5527136788005E-14));
#3671=CARTESIAN_POINT('Ctrl Pts',(23.135236317594,-1.6993261431664,-51.3025167714136));
#3672=CARTESIAN_POINT('Ctrl Pts',(23.135236317594,-1.6993261431664,3.5527136788005E-14));
#3673=CARTESIAN_POINT('Ctrl Pts',(23.1398874294539,-1.70275097846755,-51.3025167714136));
#3674=CARTESIAN_POINT('Ctrl Pts',(23.1398874294539,-1.70275097846755,3.5527136788005E-14));
#3675=CARTESIAN_POINT('Ctrl Pts',(23.1445385413139,-1.70617581376871,-51.3025167714136));
#3676=CARTESIAN_POINT('Ctrl Pts',(23.1445385413139,-1.70617581376871,3.5527136788005E-14));
#3677=CARTESIAN_POINT('',(22.7558557148388,-1.41810813601726,-8.25));
#3678=CARTESIAN_POINT('',(22.7558557148388,-1.41810813601726,3.5527136788005E-14));
#3679=CARTESIAN_POINT('Ctrl Pts',(22.7558557148388,-1.41810813601726,3.5527136788005E-14));
#3680=CARTESIAN_POINT('Ctrl Pts',(22.7558557148388,-1.41810813601726,-2.74999999999998));
#3681=CARTESIAN_POINT('Ctrl Pts',(22.7558557148388,-1.41810813601726,-5.49999999999999));
#3682=CARTESIAN_POINT('Ctrl Pts',(22.7558557148388,-1.41810813601726,-8.25));
#3683=CARTESIAN_POINT('',(22.2268509982132,-1.01468946147562,-8.24999999999998));
#3684=CARTESIAN_POINT('Ctrl Pts',(22.7557474409132,-1.41803095610385,-8.25));
#3685=CARTESIAN_POINT('Ctrl Pts',(22.6158793628193,-1.31350673737586,-8.25));
#3686=CARTESIAN_POINT('Ctrl Pts',(22.5050386506232,-1.22952938208759,-8.25000000000001));
#3687=CARTESIAN_POINT('Ctrl Pts',(22.4098008352307,-1.15650308651607,-8.25000000000001));
#3688=CARTESIAN_POINT('Ctrl Pts',(22.3410730909391,-1.1038041396962,-8.25000000000001));
#3689=CARTESIAN_POINT('Ctrl Pts',(22.2799159521528,-1.05641675436293,-8.25));
#3690=CARTESIAN_POINT('Ctrl Pts',(22.2250165037303,-1.01339003400612,-8.25));
#3691=CARTESIAN_POINT('',(22.2268509982132,-1.01468946147562,-49.8504637364997));
#3692=CARTESIAN_POINT('Ctrl Pts',(22.2268509982132,-1.01468946147562,-49.8504637364997));
#3693=CARTESIAN_POINT('Ctrl Pts',(22.2268509982132,-1.01468946147562,-41.7840619529021));
#3694=CARTESIAN_POINT('Ctrl Pts',(22.2268509982132,-1.01468946147562,-33.7176601693044));
#3695=CARTESIAN_POINT('Ctrl Pts',(22.2268509982132,-1.01468946147562,-19.8508389238045));
#3696=CARTESIAN_POINT('Ctrl Pts',(22.2268509982132,-1.01468946147562,-14.0504194619022));
#3697=CARTESIAN_POINT('Ctrl Pts',(22.2268509982132,-1.01468946147562,-8.24999999999996));
#3698=CARTESIAN_POINT('',(22.2278743157027,0.99201986135576,-49.8504637364997));
#3699=CARTESIAN_POINT('Ctrl Pts',(22.2278743157027,0.992019861355756,-49.8504637364997));
#3700=CARTESIAN_POINT('Ctrl Pts',(22.2278743157027,0.992019861355756,-49.8624418200142));
#3701=CARTESIAN_POINT('Ctrl Pts',(22.2276660007097,0.991860446728898,-49.8744207683753));
#3702=CARTESIAN_POINT('Ctrl Pts',(22.226490558322,0.990960793732525,-49.9081965213161));
#3703=CARTESIAN_POINT('Ctrl Pts',(22.2250419312931,0.989852034413634,-49.9299509507157));
#3704=CARTESIAN_POINT('Ctrl Pts',(22.2188705973047,0.985125309971354,-49.9926509547809));
#3705=CARTESIAN_POINT('Ctrl Pts',(22.2123952166135,0.980163799403754,-50.0332092358853));
#3706=CARTESIAN_POINT('Ctrl Pts',(22.1861778618042,0.960018140022789,-50.1517890282639));
#3707=CARTESIAN_POINT('Ctrl Pts',(22.1598830953058,0.939772161282981,-50.2267235128706));
#3708=CARTESIAN_POINT('Ctrl Pts',(22.0888785033651,0.884397514609239,-50.3736674427486));
#3709=CARTESIAN_POINT('Ctrl Pts',(22.0430221116019,0.848335617332959,-50.4434648912568));
#3710=CARTESIAN_POINT('Ctrl Pts',(21.9318433389209,0.758533857154001,-50.5756000655299));
#3711=CARTESIAN_POINT('Ctrl Pts',(21.865061640673,0.703435207366774,-50.6347259535267));
#3712=CARTESIAN_POINT('Ctrl Pts',(21.7118403990274,0.568083426708965,-50.7396162921082));
#3713=CARTESIAN_POINT('Ctrl Pts',(21.6301072261888,0.490146632242581,-50.7760448046097));
#3714=CARTESIAN_POINT('Ctrl Pts',(21.497320154358,0.333339296659535,-50.8213047166863));
#3715=CARTESIAN_POINT('Ctrl Pts',(21.4421457388343,0.250984996651136,-50.8321264110417));
#3716=CARTESIAN_POINT('Ctrl Pts',(21.4104765121502,0.160202680957606,-50.8374057652559));
#3717=CARTESIAN_POINT('Ctrl Pts',(21.3889914086624,0.0986139510843773,-50.8409873958644));
#3718=CARTESIAN_POINT('Ctrl Pts',(21.379052786086,0.0350618887022656,-50.84211746882));
#3719=CARTESIAN_POINT('Ctrl Pts',(21.3859845058302,-0.0919719994140955,
-50.8411659919234));
#3720=CARTESIAN_POINT('Ctrl Pts',(21.4012952315901,-0.151315787357858,-50.8392088745851));
#3721=CARTESIAN_POINT('Ctrl Pts',(21.4580040219849,-0.283164261703143,-50.8287936839756));
#3722=CARTESIAN_POINT('Ctrl Pts',(21.5055348600805,-0.352698369968797,-50.8183100562391));
#3723=CARTESIAN_POINT('Ctrl Pts',(21.6364633673627,-0.510337211748635,-50.7739769873773));
#3724=CARTESIAN_POINT('Ctrl Pts',(21.7310428179325,-0.600304943561901,-50.7309998226098));
#3725=CARTESIAN_POINT('Ctrl Pts',(21.8867460263016,-0.738224819010773,-50.614986236868));
#3726=CARTESIAN_POINT('Ctrl Pts',(21.9445489353675,-0.786855952107896,-50.5609026260437));
#3727=CARTESIAN_POINT('Ctrl Pts',(22.054733239893,-0.877825358470346,-50.42721735458));
#3728=CARTESIAN_POINT('Ctrl Pts',(22.1051706023606,-0.918278601036799,-50.3459912832806));
#3729=CARTESIAN_POINT('Ctrl Pts',(22.1758431687044,-0.974562558040064,-50.1811510315517));
#3730=CARTESIAN_POINT('Ctrl Pts',(22.1993770364578,-0.993089973337791,-50.1016979857425));
#3731=CARTESIAN_POINT('Ctrl Pts',(22.2181147859854,-1.00782944340064,-49.9881605710806));
#3732=CARTESIAN_POINT('Ctrl Pts',(22.2218002597084,-1.01072397172801,-49.9572367926005));
#3733=CARTESIAN_POINT('Ctrl Pts',(22.2255036673512,-1.01363197988137,-49.9067133692267));
#3734=CARTESIAN_POINT('Ctrl Pts',(22.2263792114784,-1.01431915772972,-49.8872773402611));
#3735=CARTESIAN_POINT('Ctrl Pts',(22.2268025293961,-1.01465141964554,-49.8620281788451));
#3736=CARTESIAN_POINT('Ctrl Pts',(22.2268509982132,-1.01468946147563,-49.8562460687541));
#3737=CARTESIAN_POINT('Ctrl Pts',(22.2268509982132,-1.01468946147563,-49.8504637364997));
#3738=CARTESIAN_POINT('',(22.2278743157027,0.99201986135576,-8.25));
#3739=CARTESIAN_POINT('Ctrl Pts',(22.2278743157027,0.992019861355762,-8.25));
#3740=CARTESIAN_POINT('Ctrl Pts',(22.2278743157027,0.992019861355762,-14.0504194619023));
#3741=CARTESIAN_POINT('Ctrl Pts',(22.2278743157027,0.992019861355762,-19.8508389238045));
#3742=CARTESIAN_POINT('Ctrl Pts',(22.2278743157027,0.992019861355762,-33.7176601693044));
#3743=CARTESIAN_POINT('Ctrl Pts',(22.2278743157027,0.992019861355762,-41.784061952902));
#3744=CARTESIAN_POINT('Ctrl Pts',(22.2278743157027,0.992019861355762,-49.8504637364997));
#3745=CARTESIAN_POINT('',(22.75784853251,1.38575978125149,-8.25000000000001));
#3746=CARTESIAN_POINT('Ctrl Pts',(22.2278743157027,0.992019861355756,-8.25));
#3747=CARTESIAN_POINT('Ctrl Pts',(22.3985170635928,1.12261214234794,-8.25));
#3748=CARTESIAN_POINT('Ctrl Pts',(22.5831865503659,1.25866186755392,-8.25));
#3749=CARTESIAN_POINT('Ctrl Pts',(22.75784853251,1.38575978125149,-8.25));
#3750=CARTESIAN_POINT('',(22.75784853251,1.38575978125149,3.5527136788005E-14));
#3751=CARTESIAN_POINT('Ctrl Pts',(22.75784853251,1.38575978125149,-8.24999999999999));
#3752=CARTESIAN_POINT('Ctrl Pts',(22.75784853251,1.38575978125149,-5.49999999999998));
#3753=CARTESIAN_POINT('Ctrl Pts',(22.75784853251,1.38575978125149,-2.74999999999997));
#3754=CARTESIAN_POINT('Ctrl Pts',(22.75784853251,1.38575978125149,3.5527136788005E-14));
#3755=CARTESIAN_POINT('Ctrl Pts',(22.7557474464572,-1.41803096024695,4.44089209850063E-14));
#3756=CARTESIAN_POINT('Ctrl Pts',(22.6158793657483,-1.31350673959497,4.44089209850063E-14));
#3757=CARTESIAN_POINT('Ctrl Pts',(22.5050386518815,-1.22952938305245,4.44089209850063E-14));
#3758=CARTESIAN_POINT('Ctrl Pts',(22.4098008352307,-1.15650308651607,4.44089209850063E-14));
#3759=CARTESIAN_POINT('Ctrl Pts',(22.0951271738632,-0.915218133591585,4.44089209850063E-14));
#3760=CARTESIAN_POINT('Ctrl Pts',(21.939157274848,-0.785280257368201,3.5527136788005E-14));
#3761=CARTESIAN_POINT('Ctrl Pts',(21.8158763346827,-0.67542153575068,3.5527136788005E-14));
#3762=CARTESIAN_POINT('Ctrl Pts',(21.6478790922099,-0.525715001483706,3.5527136788005E-14));
#3763=CARTESIAN_POINT('Ctrl Pts',(21.5582851467967,-0.427008623175837,3.5527136788005E-14));
#3764=CARTESIAN_POINT('Ctrl Pts',(21.4912131473521,-0.32683367540819,3.5527136788005E-14));
#3765=CARTESIAN_POINT('Ctrl Pts',(21.3570691484627,-0.126483779872894,3.5527136788005E-14));
#3766=CARTESIAN_POINT('Ctrl Pts',(21.3530464910129,0.104339954312085,3.5527136788005E-14));
#3767=CARTESIAN_POINT('Ctrl Pts',(21.4819506878631,0.303039660633327,3.5527136788005E-14));
#3768=CARTESIAN_POINT('Ctrl Pts',(21.5690924532796,0.437364559431495,3.5527136788005E-14));
#3769=CARTESIAN_POINT('Ctrl Pts',(21.6785020712151,0.554428239862765,4.44089209850063E-14));
#3770=CARTESIAN_POINT('Ctrl Pts',(21.997789123336,0.811794403486507,4.44089209850063E-14));
#3771=CARTESIAN_POINT('Ctrl Pts',(22.1525389020553,0.936532806143449,4.44089209850063E-14));
#3772=CARTESIAN_POINT('Ctrl Pts',(22.3408892097124,1.08253910791818,5.21838034443715E-14));
#3773=CARTESIAN_POINT('Ctrl Pts',(22.7572929799905,1.38537505488367,5.31849873951875E-14));
#3774=CARTESIAN_POINT('Origin',(0.,0.,-8.25));
#3775=CARTESIAN_POINT('',(16.4910183050629,14.9368274831732,-49.8504637364997));
#3776=CARTESIAN_POINT('Origin',(0.,0.,-49.8504637364997));
#3777=CARTESIAN_POINT('',(16.4910183050629,14.9368274831732,-8.25));
#3778=CARTESIAN_POINT('',(16.4910183050629,14.9368274831732,-8.25));
#3779=CARTESIAN_POINT('Origin',(0.,0.,-8.25));
#3780=CARTESIAN_POINT('Origin',(3.0062445861413,0.,-8.25));
#3781=CARTESIAN_POINT('Origin',(0.,0.,-8.25));
#3782=CARTESIAN_POINT('',(15.7498489430376,15.2655093940419,-8.25));
#3783=CARTESIAN_POINT('Origin',(15.7498489430376,14.2655093940419,-8.25));
#3784=CARTESIAN_POINT('',(11.8770000000001,15.2655093940419,-8.25));
#3785=CARTESIAN_POINT('',(6.94162229307068,15.2655093940419,-8.25));
#3786=CARTESIAN_POINT('',(10.8770000000001,14.2655093940419,-8.25));
#3787=CARTESIAN_POINT('Origin',(11.8770000000001,14.2655093940419,-8.25));
#3788=CARTESIAN_POINT('',(10.8770000000001,12.9956911318784,-8.25));
#3789=CARTESIAN_POINT('',(10.8770000000001,-7.63275469702093,-8.25));
#3790=CARTESIAN_POINT('',(6.50000011175871,12.9956911318784,-8.25));
#3791=CARTESIAN_POINT('',(6.94162229307068,12.9956911318784,-8.25));
#3792=CARTESIAN_POINT('',(6.50000011175871,9.99158534623721,-8.25));
#3793=CARTESIAN_POINT('',(6.50000011175871,6.49784556593918,-8.25));
#3794=CARTESIAN_POINT('',(-5.81370053840939,9.99158534623721,-8.25));
#3795=CARTESIAN_POINT('',(-1.40372797613404,9.99158534623721,-8.25));
#3796=CARTESIAN_POINT('',(-5.81370053840939,15.5426259032155,-8.25000000000206));
#3797=CARTESIAN_POINT('',(-5.81370053840939,15.5426259032155,-8.25000000000206));
#3798=CARTESIAN_POINT('',(-11.1999997541308,15.5426259032155,-8.25));
#3799=CARTESIAN_POINT('',(-24.6006905646312,15.5426259032155,-8.25000000000206));
#3800=CARTESIAN_POINT('',(-14.9999996647239,15.5426259032155,-8.25));
#3801=CARTESIAN_POINT('Ctrl Pts',(-11.1999997541308,15.5426259032155,-8.25));
#3802=CARTESIAN_POINT('Ctrl Pts',(-11.2336268899458,15.5717203578484,-8.25));
#3803=CARTESIAN_POINT('Ctrl Pts',(-11.2656704886261,15.5993910376778,-8.25));
#3804=CARTESIAN_POINT('Ctrl Pts',(-11.2963397444766,15.625825101684,-8.25));
#3805=CARTESIAN_POINT('Ctrl Pts',(-11.3303015986952,15.6550970811723,-8.25));
#3806=CARTESIAN_POINT('Ctrl Pts',(-11.3625782175981,15.6828527076996,-8.25));
#3807=CARTESIAN_POINT('Ctrl Pts',(-11.3934037566549,15.7093014407098,-8.25));
#3808=CARTESIAN_POINT('Ctrl Pts',(-11.4255929814368,15.7369202346746,-8.25));
#3809=CARTESIAN_POINT('Ctrl Pts',(-11.4561994646061,15.7631135583072,-8.25));
#3810=CARTESIAN_POINT('Ctrl Pts',(-11.4854419913834,15.7880770840693,-8.25));
#3811=CARTESIAN_POINT('Ctrl Pts',(-11.5164492510502,15.814547112853,-8.25));
#3812=CARTESIAN_POINT('Ctrl Pts',(-11.5459226556977,15.8396341583903,-8.25));
#3813=CARTESIAN_POINT('Ctrl Pts',(-11.574076181264,15.8635295451249,-8.25));
#3814=CARTESIAN_POINT('Ctrl Pts',(-11.6039486219328,15.8888838660536,-8.25));
#3815=CARTESIAN_POINT('Ctrl Pts',(-11.6323347880331,15.9128962996971,-8.25));
#3816=CARTESIAN_POINT('Ctrl Pts',(-11.6594439961282,15.935753945796,-8.25));
#3817=CARTESIAN_POINT('Ctrl Pts',(-11.6882279957418,15.9600237243219,-8.25));
#3818=CARTESIAN_POINT('Ctrl Pts',(-11.7155720810439,15.9829913524309,-8.25));
#3819=CARTESIAN_POINT('Ctrl Pts',(-11.7416810538763,16.0048398206685,-8.25));
#3820=CARTESIAN_POINT('Ctrl Pts',(-11.7694224100789,16.0280542973065,-8.25));
#3821=CARTESIAN_POINT('Ctrl Pts',(-11.7957690809583,16.0500050254383,-8.25));
#3822=CARTESIAN_POINT('Ctrl Pts',(-11.8209214940086,16.0708709939963,-8.25));
#3823=CARTESIAN_POINT('Ctrl Pts',(-11.8476656331609,16.0930574285759,-8.25));
#3824=CARTESIAN_POINT('Ctrl Pts',(-11.873059278436,16.1140171966,-8.25));
#3825=CARTESIAN_POINT('Ctrl Pts',(-11.8972986202442,16.1339253847468,-8.25));
#3826=CARTESIAN_POINT('Ctrl Pts',(-11.9230908340479,16.1551089733603,-8.25));
#3827=CARTESIAN_POINT('Ctrl Pts',(-11.9475758087315,16.1751016615749,-8.25));
#3828=CARTESIAN_POINT('Ctrl Pts',(-11.9709456332317,16.1940747244166,-8.25));
#3829=CARTESIAN_POINT('Ctrl Pts',(-11.9958313513128,16.2142784830289,-8.25));
#3830=CARTESIAN_POINT('Ctrl Pts',(-12.0194522593329,16.2333257826335,-8.24999999999999));
#3831=CARTESIAN_POINT('Ctrl Pts',(-12.0419964805829,16.2513841675846,-8.24999999999999));
#3832=CARTESIAN_POINT('Ctrl Pts',(-12.066021589934,16.2706287743663,-8.24999999999999));
#3833=CARTESIAN_POINT('Ctrl Pts',(-12.0888236176662,16.2887500135121,-8.25));
#3834=CARTESIAN_POINT('Ctrl Pts',(-12.1105868599426,16.3059117687385,-8.25));
#3835=CARTESIAN_POINT('Ctrl Pts',(-12.1345387030127,16.3247993803715,-8.25));
#3836=CARTESIAN_POINT('Ctrl Pts',(-12.1572322256812,16.3425247370074,-8.25));
#3837=CARTESIAN_POINT('Ctrl Pts',(-12.1788652287379,16.3592633646056,-8.25));
#3838=CARTESIAN_POINT('Ctrl Pts',(-12.2019567361665,16.3771305161293,-8.25));
#3839=CARTESIAN_POINT('Ctrl Pts',(-12.2238395424386,16.3938730818972,-8.25));
#3840=CARTESIAN_POINT('Ctrl Pts',(-12.244706340066,16.4096615661603,-8.25));
#3841=CARTESIAN_POINT('Ctrl Pts',(-12.2669984290724,16.4265284713152,-8.25));
#3842=CARTESIAN_POINT('Ctrl Pts',(-12.2881306178246,16.4423061918867,-8.25));
#3843=CARTESIAN_POINT('Ctrl Pts',(-12.3082907888139,16.4571603281109,-8.25));
#3844=CARTESIAN_POINT('Ctrl Pts',(-12.329846403521,16.4730426357276,-8.25));
#3845=CARTESIAN_POINT('Ctrl Pts',(-12.3502904286111,16.487868764807,-8.25));
#3846=CARTESIAN_POINT('Ctrl Pts',(-12.3698062581554,16.5017994929588,-8.25));
#3847=CARTESIAN_POINT('Ctrl Pts',(-12.3906914093849,16.5167076660154,-8.25));
#3848=CARTESIAN_POINT('Ctrl Pts',(-12.4105131919711,16.5305900708232,-8.25));
#3849=CARTESIAN_POINT('Ctrl Pts',(-12.4294508730715,16.5436026969866,-8.25));
#3850=CARTESIAN_POINT('Ctrl Pts',(-12.4497359670656,16.55754116936,-8.25));
#3851=CARTESIAN_POINT('Ctrl Pts',(-12.469006327628,16.5704813867588,-8.25));
#3852=CARTESIAN_POINT('Ctrl Pts',(-12.4874375210011,16.5825745224186,-8.25));
#3853=CARTESIAN_POINT('Ctrl Pts',(-12.5071990919227,16.5955405498031,-8.25));
#3854=CARTESIAN_POINT('Ctrl Pts',(-12.5259956312216,16.607532496688,-8.25));
#3855=CARTESIAN_POINT('Ctrl Pts',(-12.5439995320562,16.6186966031843,-8.25));
#3856=CARTESIAN_POINT('Ctrl Pts',(-12.5640275994466,16.6311158827236,-8.25));
#3857=CARTESIAN_POINT('Ctrl Pts',(-12.5830746476257,16.6425106237363,-8.25));
#3858=CARTESIAN_POINT('Ctrl Pts',(-12.6013291161299,16.6530372004618,-8.25));
#3859=CARTESIAN_POINT('Ctrl Pts',(-12.6209357295059,16.6643435017097,-8.25));
#3860=CARTESIAN_POINT('Ctrl Pts',(-12.6396275572286,16.6746479046188,-8.25));
#3861=CARTESIAN_POINT('Ctrl Pts',(-12.657589754778,16.6840990653749,-8.25));
#3862=CARTESIAN_POINT('Ctrl Pts',(-12.6769045136211,16.6942619026497,-8.25));
#3863=CARTESIAN_POINT('Ctrl Pts',(-12.695375175696,16.7034378228974,-8.25));
#3864=CARTESIAN_POINT('Ctrl Pts',(-12.7131853042967,16.7117670524424,-8.25));
#3865=CARTESIAN_POINT('Ctrl Pts',(-12.7323596470422,16.7207342814661,-8.25));
#3866=CARTESIAN_POINT('Ctrl Pts',(-12.7507679269409,16.7287198323606,-8.25));
#3867=CARTESIAN_POINT('Ctrl Pts',(-12.7685945233391,16.7358541803204,-8.25));
#3868=CARTESIAN_POINT('Ctrl Pts',(-12.7878079772272,16.7435435598568,-8.25));
#3869=CARTESIAN_POINT('Ctrl Pts',(-12.8063452188077,16.7502438730727,-8.25));
#3870=CARTESIAN_POINT('Ctrl Pts',(-12.8243949820201,16.7560734605686,-8.25));
#3871=CARTESIAN_POINT('Ctrl Pts',(-12.8438555321481,16.7623586942502,-8.25));
#3872=CARTESIAN_POINT('Ctrl Pts',(-12.8627488398079,16.7676315662213,-8.25));
#3873=CARTESIAN_POINT('Ctrl Pts',(-12.881273157279,16.7719939504821,-8.25));
#3874=CARTESIAN_POINT('Ctrl Pts',(-12.9018039852171,16.7768288579382,-8.25));
#3875=CARTESIAN_POINT('Ctrl Pts',(-12.9218808925931,16.7805454959048,-8.25));
#3876=CARTESIAN_POINT('Ctrl Pts',(-12.9417385424962,16.7832280591705,-8.25));
#3877=CARTESIAN_POINT('Ctrl Pts',(-12.9624180526627,16.7860216472636,-8.25));
#3878=CARTESIAN_POINT('Ctrl Pts',(-12.9828585995829,16.787693652796,-8.25));
#3879=CARTESIAN_POINT('Ctrl Pts',(-13.0033041915248,16.7882839897771,-8.25));
#3880=CARTESIAN_POINT('Ctrl Pts',(-13.0235885568865,16.7888696715733,-8.25));
#3881=CARTESIAN_POINT('Ctrl Pts',(-13.0438766542789,16.7883905023752,-8.25));
#3882=CARTESIAN_POINT('Ctrl Pts',(-13.0644048934506,16.786835297489,-8.25));
#3883=CARTESIAN_POINT('Ctrl Pts',(-13.0838704569584,16.7853606001597,-8.25));
#3884=CARTESIAN_POINT('Ctrl Pts',(-13.1035510008127,16.7829182323974,-8.25));
#3885=CARTESIAN_POINT('Ctrl Pts',(-13.1236617516806,16.7794561422045,-8.25));
#3886=CARTESIAN_POINT('Ctrl Pts',(-13.1423607157604,16.7762370928223,-8.25));
#3887=CARTESIAN_POINT('Ctrl Pts',(-13.1614309707669,16.7721364249079,-8.25));
#3888=CARTESIAN_POINT('Ctrl Pts',(-13.1810682612839,16.7670759395095,-8.25));
#3889=CARTESIAN_POINT('Ctrl Pts',(-13.1992467819477,16.7623913758063,-8.25));
#3890=CARTESIAN_POINT('Ctrl Pts',(-13.2179107633621,16.7568843629606,-8.25));
#3891=CARTESIAN_POINT('Ctrl Pts',(-13.2372430076595,16.750460326315,-8.25));
#3892=CARTESIAN_POINT('Ctrl Pts',(-13.2551436038557,16.7445120212877,-8.25));
#3893=CARTESIAN_POINT('Ctrl Pts',(-13.2736167813173,16.7377776116627,-8.25));
#3894=CARTESIAN_POINT('Ctrl Pts',(-13.2928377770501,16.7301516496371,-8.25));
#3895=CARTESIAN_POINT('Ctrl Pts',(-13.3106582358665,16.7230813529624,-8.25));
#3896=CARTESIAN_POINT('Ctrl Pts',(-13.3291211792859,16.7152448603014,-8.25));
#3897=CARTESIAN_POINT('Ctrl Pts',(-13.3483978849006,16.7065289722868,-8.25));
#3898=CARTESIAN_POINT('Ctrl Pts',(-13.3662950448815,16.6984368405039,-8.25));
#3899=CARTESIAN_POINT('Ctrl Pts',(-13.3848933605817,16.6895868620181,-8.25));
#3900=CARTESIAN_POINT('Ctrl Pts',(-13.4043624825393,16.6798599266169,-8.25));
#3901=CARTESIAN_POINT('Ctrl Pts',(-13.422462214133,16.670817150041,-8.25));
#3902=CARTESIAN_POINT('Ctrl Pts',(-13.4413142756069,16.6610166372007,-8.25));
#3903=CARTESIAN_POINT('Ctrl Pts',(-13.4610882126194,16.650334490211,-8.25));
#3904=CARTESIAN_POINT('Ctrl Pts',(-13.4794938444893,16.6403915200807,-8.25));
#3905=CARTESIAN_POINT('Ctrl Pts',(-13.4986979064877,16.6296849089367,-8.25));
#3906=CARTESIAN_POINT('Ctrl Pts',(-13.5188708565657,16.618086672436,-8.25));
#3907=CARTESIAN_POINT('Ctrl Pts',(-13.5376693330994,16.6072786757945,-8.25));
#3908=CARTESIAN_POINT('Ctrl Pts',(-13.5573088948823,16.5956966199105,-8.25));
#3909=CARTESIAN_POINT('Ctrl Pts',(-13.5779616125645,16.5832088762698,-8.25));
#3910=CARTESIAN_POINT('Ctrl Pts',(-13.5972278742881,16.5715594584538,-8.25));
#3911=CARTESIAN_POINT('Ctrl Pts',(-13.6173755600246,16.5591220786093,-8.25));
#3912=CARTESIAN_POINT('Ctrl Pts',(-13.6385788521731,16.5457617416634,-8.25));
#3913=CARTESIAN_POINT('Ctrl Pts',(-13.6583789669095,16.5332855562393,-8.25));
#3914=CARTESIAN_POINT('Ctrl Pts',(-13.6790993312703,16.5200047367225,-8.25));
#3915=CARTESIAN_POINT('Ctrl Pts',(-13.7009166086943,16.5057810910786,-8.25));
#3916=CARTESIAN_POINT('Ctrl Pts',(-13.7213100426699,16.492485711793,-8.25));
#3917=CARTESIAN_POINT('Ctrl Pts',(-13.7426616240401,16.4783667604877,-8.25));
#3918=CARTESIAN_POINT('Ctrl Pts',(-13.7651507820104,16.4632829449101,-8.25));
#3919=CARTESIAN_POINT('Ctrl Pts',(-13.7861920760526,16.4491702333864,-8.25));
#3920=CARTESIAN_POINT('Ctrl Pts',(-13.8082289236091,16.4342131036201,-8.25));
#3921=CARTESIAN_POINT('Ctrl Pts',(-13.8314437488863,16.418267209407,-8.25));
#3922=CARTESIAN_POINT('Ctrl Pts',(-13.8531837777549,16.403334329388,-8.25));
#3923=CARTESIAN_POINT('Ctrl Pts',(-13.8759566068793,16.3875345318913,-8.25));
#3924=CARTESIAN_POINT('Ctrl Pts',(-13.8999478482642,16.3707204270928,-8.25));
#3925=CARTESIAN_POINT('Ctrl Pts',(-13.9224347834568,16.3549606054621,-8.25));
#3926=CARTESIAN_POINT('Ctrl Pts',(-13.9459918650541,16.3383098963704,-8.25));
#3927=CARTESIAN_POINT('Ctrl Pts',(-13.9708080619436,16.320617850381,-8.25));
#3928=CARTESIAN_POINT('Ctrl Pts',(-13.9940881204398,16.3040209533068,-8.25));
#3929=CARTESIAN_POINT('Ctrl Pts',(-14.0184759771093,16.2865078572738,-8.25));
#3930=CARTESIAN_POINT('Ctrl Pts',(-14.0441641117523,16.2679250173482,-8.25));
#3931=CARTESIAN_POINT('Ctrl Pts',(-14.0683501782684,16.2504287760389,-8.25));
#3932=CARTESIAN_POINT('Ctrl Pts',(-14.0936886226609,16.2319844626565,-8.25));
#3933=CARTESIAN_POINT('Ctrl Pts',(-14.1203773043153,16.2124340079976,-8.25));
#3934=CARTESIAN_POINT('Ctrl Pts',(-14.1446007951915,16.1946893975223,-8.25));
#3935=CARTESIAN_POINT('Ctrl Pts',(-14.1699365764956,16.1760335755528,-8.25));
#3936=CARTESIAN_POINT('Ctrl Pts',(-14.1965658817348,16.1563215957173,-8.25));
#3937=CARTESIAN_POINT('Ctrl Pts',(-14.2217296425873,16.1376944651161,-8.25));
#3938=CARTESIAN_POINT('Ctrl Pts',(-14.2480482237461,16.1181244241269,-8.25));
#3939=CARTESIAN_POINT('Ctrl Pts',(-14.2757079864983,16.0974623013935,-8.25));
#3940=CARTESIAN_POINT('Ctrl Pts',(-14.3018617687944,16.0779251613036,-8.25));
#3941=CARTESIAN_POINT('Ctrl Pts',(-14.3292144145847,16.0574118215858,-8.25));
#3942=CARTESIAN_POINT('Ctrl Pts',(-14.3579576702791,16.0357687014531,-8.25));
#3943=CARTESIAN_POINT('Ctrl Pts',(-14.3851524216604,16.015291575362,-8.25));
#3944=CARTESIAN_POINT('Ctrl Pts',(-14.4135917307179,15.9938033242659,-8.25));
#3945=CARTESIAN_POINT('Ctrl Pts',(-14.4434729988155,15.9711457585591,-8.25));
#3946=CARTESIAN_POINT('Ctrl Pts',(-14.4717611259494,15.9496961970087,-8.25));
#3947=CARTESIAN_POINT('Ctrl Pts',(-14.5013412931532,15.9271988910757,-8.25));
#3948=CARTESIAN_POINT('Ctrl Pts',(-14.5324168408915,15.903490827707,-8.25));
#3949=CARTESIAN_POINT('Ctrl Pts',(-14.5618524582823,15.8810338950642,-8.25));
#3950=CARTESIAN_POINT('Ctrl Pts',(-14.5926295251387,15.8574908357234,-8.25));
#3951=CARTESIAN_POINT('Ctrl Pts',(-14.6249576212273,15.8326935827927,-8.25));
#3952=CARTESIAN_POINT('Ctrl Pts',(-14.6547844118452,15.809814955204,-8.25));
#3953=CARTESIAN_POINT('Ctrl Pts',(-14.6859314189863,15.7858687732907,-8.25));
#3954=CARTESIAN_POINT('Ctrl Pts',(-14.7185975224253,15.7606955122902,-8.25));
#3955=CARTESIAN_POINT('Ctrl Pts',(-14.7498376447332,15.7366211455996,-8.25));
#3956=CARTESIAN_POINT('Ctrl Pts',(-14.7824668368735,15.7114247297183,-8.25));
#3957=CARTESIAN_POINT('Ctrl Pts',(-14.8166946662561,15.6849381352584,-8.25));
#3958=CARTESIAN_POINT('Ctrl Pts',(-14.8485865673424,15.6602591571909,-8.25));
#3959=CARTESIAN_POINT('Ctrl Pts',(-14.8818662219712,15.6344601934578,-8.25));
#3960=CARTESIAN_POINT('Ctrl Pts',(-14.9167374355722,15.6073777126722,-8.25));
#3961=CARTESIAN_POINT('Ctrl Pts',(-14.9435161323152,15.5865802277237,-8.25));
#3962=CARTESIAN_POINT('Ctrl Pts',(-14.9712339699952,15.5650253719813,-8.25));
#3963=CARTESIAN_POINT('Ctrl Pts',(-14.9999996647239,15.5426259032155,-8.25));
#3964=CARTESIAN_POINT('',(-16.6813302836643,15.5426259032155,-8.25000000000206));
#3965=CARTESIAN_POINT('',(-24.6006905646312,15.5426259032155,-8.25000000000206));
#3966=CARTESIAN_POINT('Origin',(0.,0.,-8.25));
#3967=CARTESIAN_POINT('',(-3.0994109623346,15.2716962223998,-8.25));
#3968=CARTESIAN_POINT('',(-1.5714740139,12.4880399909406,-8.25));
#3969=CARTESIAN_POINT('',(0.828286765240723,8.11606047064007,-8.25));
#3970=CARTESIAN_POINT('',(1.60321147216384,12.4194440879362,-8.25));
#3971=CARTESIAN_POINT('',(0.851169700857638,12.4356935667038,-8.25));
#3972=CARTESIAN_POINT('',(3.24996000979307,15.134504416391,-8.25));
#3973=CARTESIAN_POINT('',(-0.961559680328147,8.19080307288385,-8.25));
#3974=CARTESIAN_POINT('',(1.72202306135847,17.9181606478502,-8.25));
#3975=CARTESIAN_POINT('',(6.41368926315109,9.37069678036095,-8.25));
#3976=CARTESIAN_POINT('',(-1.45266242470537,17.9867565508546,-8.25));
#3977=CARTESIAN_POINT('',(2.55732403308418,17.9001121751157,-8.25));
#3978=CARTESIAN_POINT('',(-4.84080784601197,12.4005853715749,-8.25));
#3979=CARTESIAN_POINT('Origin',(0.,0.,0.));
#3980=CARTESIAN_POINT('',(-16.7157268499403,-15.5056272326593,-3.34066573366786E-13));
#3981=CARTESIAN_POINT('Origin',(0.,0.,0.));
#3982=CARTESIAN_POINT('',(-16.7157268499403,-15.5056272326593,-8.25000000000033));
#3983=CARTESIAN_POINT('',(-16.7157268499403,-15.5056272326592,0.));
#3984=CARTESIAN_POINT('Origin',(0.,0.,-8.25));
#3985=CARTESIAN_POINT('Origin',(0.,0.,0.));
#3986=CARTESIAN_POINT('Origin',(0.,0.,0.));
#3987=CARTESIAN_POINT('Origin',(0.,0.,0.));
#3988=CARTESIAN_POINT('',(-16.6813302836643,15.5426259032155,-2.05545179379595E-12));
#3989=CARTESIAN_POINT('',(-16.6813302836643,15.5426259032155,0.));
#3990=CARTESIAN_POINT('Origin',(0.,0.,0.));
#3991=CARTESIAN_POINT('Origin',(3.0062445861413,0.,0.));
#3992=CARTESIAN_POINT('',(-14.9999996647239,15.5426259032155,0.));
#3993=CARTESIAN_POINT('',(-24.6006905646312,15.5426259032155,-2.05545179379595E-12));
#3994=CARTESIAN_POINT('',(-11.1999997541308,15.5426259032155,0.));
#3995=CARTESIAN_POINT('Ctrl Pts',(-14.9999996647239,15.5426259032155,0.));
#3996=CARTESIAN_POINT('Ctrl Pts',(-12.9999997094274,17.0999996066093,0.));
#3997=CARTESIAN_POINT('Ctrl Pts',(-11.1999997541308,15.5426259032155,0.));
#3998=CARTESIAN_POINT('',(-5.81370053840939,15.5426259032155,-2.05545179379595E-12));
#3999=CARTESIAN_POINT('',(-24.6006905646312,15.5426259032155,-2.05545179379595E-12));
#4000=CARTESIAN_POINT('',(-5.81370053840939,-15.5056272326592,2.04598077300644E-12));
#4001=CARTESIAN_POINT('',(-5.81370053840939,15.5426259032155,-2.05545179379595E-12));
#4002=CARTESIAN_POINT('',(-5.81370053840939,-15.5056272326592,2.04598077300644E-12));
#4003=CARTESIAN_POINT('Origin',(0.,0.,0.));
#4004=CARTESIAN_POINT('',(12.6770000000001,-8.95196838300105,0.));
#4005=CARTESIAN_POINT('',(11.0628372237227,-8.95196838300106,0.));
#4006=CARTESIAN_POINT('',(7.03454090493201,-8.95196838300106,0.));
#4007=CARTESIAN_POINT('',(10.8770000000001,-8.7661311592784,0.));
#4008=CARTESIAN_POINT('',(6.71777835671577,-4.60690951599411,0.));
#4009=CARTESIAN_POINT('',(10.8770000000001,-13.0000001937151,0.));
#4010=CARTESIAN_POINT('',(10.8770000000001,-6.50000009685755,0.));
#4011=CARTESIAN_POINT('',(6.50000011175871,-13.0000001937151,0.));
#4012=CARTESIAN_POINT('',(4.75312234895001,-13.0000001937151,0.));
#4013=CARTESIAN_POINT('',(6.50000011175871,12.9956911318784,0.));
#4014=CARTESIAN_POINT('',(6.50000011175871,6.49784556593918,0.));
#4015=CARTESIAN_POINT('',(10.8770000000001,12.9956911318784,0.));
#4016=CARTESIAN_POINT('',(6.94162229307068,12.9956911318784,0.));
#4017=CARTESIAN_POINT('',(10.8770000000001,8.74219947802065,0.));
#4018=CARTESIAN_POINT('',(10.8770000000001,4.37109973901032,0.));
#4019=CARTESIAN_POINT('',(11.0628372237227,8.9280367017433,0.));
#4020=CARTESIAN_POINT('',(6.81667988889153,4.68187936691213,0.));
#4021=CARTESIAN_POINT('',(12.6770000000001,8.9280367017433,0.));
#4022=CARTESIAN_POINT('',(7.84162229307068,8.9280367017433,0.));
#4023=CARTESIAN_POINT('',(12.6770000000001,-4.47598419150053,0.));
#4024=CARTESIAN_POINT('',(-1.73690024576131,-15.0021995968712,0.));
#4025=CARTESIAN_POINT('Origin',(0.0130997542386913,-15.0021995968712,0.));
#4026=CARTESIAN_POINT('',(-1.67472547627076,15.2031003193954,0.));
#4027=CARTESIAN_POINT('Origin',(0.0752745237292361,15.2031003193954,0.));
#4028=CARTESIAN_POINT('',(-5.15000000000001,5.00000000000001,0.));
#4029=CARTESIAN_POINT('',(-4.00000000000001,6.15000000000001,0.));
#4030=CARTESIAN_POINT('Origin',(-4.00000000000001,5.00000000000001,0.));
#4031=CARTESIAN_POINT('',(4.,6.15000000000001,0.));
#4032=CARTESIAN_POINT('',(4.,6.15000000000001,0.));
#4033=CARTESIAN_POINT('',(5.15,5.00000000000001,0.));
#4034=CARTESIAN_POINT('Origin',(4.,5.00000000000001,0.));
#4035=CARTESIAN_POINT('',(5.15,-5.00000000000001,0.));
#4036=CARTESIAN_POINT('',(5.15,-5.00000000000001,0.));
#4037=CARTESIAN_POINT('',(4.,-6.15000000000001,0.));
#4038=CARTESIAN_POINT('Origin',(4.,-5.00000000000001,0.));
#4039=CARTESIAN_POINT('',(-4.,-6.15000000000002,0.));
#4040=CARTESIAN_POINT('',(-4.,-6.15000000000002,0.));
#4041=CARTESIAN_POINT('',(-5.15,-5.00000000000002,0.));
#4042=CARTESIAN_POINT('Origin',(-4.,-5.00000000000002,0.));
#4043=CARTESIAN_POINT('',(-5.15000000000001,5.00000000000001,0.));
#4044=CARTESIAN_POINT('Ctrl Pts',(-14.9999996647239,15.5426259032155,0.));
#4045=CARTESIAN_POINT('Ctrl Pts',(-14.9999996647239,15.5426259032155,-20.75));
#4046=CARTESIAN_POINT('Ctrl Pts',(-12.9999997094274,17.0999996066093,0.));
#4047=CARTESIAN_POINT('Ctrl Pts',(-12.9999997094274,17.0999996066093,-20.75));
#4048=CARTESIAN_POINT('Ctrl Pts',(-11.1999997541308,15.5426259032155,0.));
#4049=CARTESIAN_POINT('Ctrl Pts',(-11.1999997541308,15.5426259032155,-20.75));
#4050=CARTESIAN_POINT('',(-11.1999997541308,15.5426259032155,-1.02772589689797E-12));
#4051=CARTESIAN_POINT('',(-14.9999996647239,15.5426259032155,-1.02772589689797E-12));
#4052=CARTESIAN_POINT('Origin',(-5.81370053840939,15.5426259032155,-2.05545179379595E-12));
#4053=CARTESIAN_POINT('',(-5.81370053840939,15.5426259032155,-2.05545179379595E-12));
#4054=CARTESIAN_POINT('Origin',(-5.81370053840939,15.5426259032155,-2.05545179379595E-12));
#4055=CARTESIAN_POINT('Origin',(13.4520254000511,-0.0122071411035374,-32.0504637364997));
#4056=CARTESIAN_POINT('',(12.3770000000001,8.9280367017433,-32.0504637364997));
#4057=CARTESIAN_POINT('',(12.6770000000001,8.9280367017433,-32.0504637364997));
#4058=CARTESIAN_POINT('',(13.0645127000256,8.92803670174331,-32.0504637364997));
#4059=CARTESIAN_POINT('',(12.3770000000001,10.4351131535365,-32.0504637364997));
#4060=CARTESIAN_POINT('',(12.3770000000001,-10.4595274357435,-32.0504637364997));
#4061=CARTESIAN_POINT('',(14.5770508001021,10.4351131535365,-32.0504637364997));
#4062=CARTESIAN_POINT('',(12.3770000000001,10.4351131535365,-32.0504637364997));
#4063=CARTESIAN_POINT('',(14.5770508001021,9.16943157477878,-32.0504637364997));
#4064=CARTESIAN_POINT('',(14.5770508001021,-10.4595274357435,-32.0504637364997));
#4065=CARTESIAN_POINT('',(16.6270000149012,9.16943157477878,-32.0504637364997));
#4066=CARTESIAN_POINT('',(16.6270000149012,9.16943157477878,-32.0504637364997));
#4067=CARTESIAN_POINT('',(16.6270000149012,-9.21056842522124,-32.0504637364997));
#4068=CARTESIAN_POINT('',(16.6270000149012,9.16943157477878,-32.0504637364997));
#4069=CARTESIAN_POINT('',(14.5770508001021,-9.21056842522124,-32.0504637364997));
#4070=CARTESIAN_POINT('',(16.6270000149012,-9.21056842522124,-32.0504637364997));
#4071=CARTESIAN_POINT('',(14.5770508001021,-10.4595274357435,-32.0504637364997));
#4072=CARTESIAN_POINT('',(14.5770508001021,-10.4595274357435,-32.0504637364997));
#4073=CARTESIAN_POINT('',(12.3770000000001,-10.4595274357435,-32.0504637364997));
#4074=CARTESIAN_POINT('',(12.3770000000001,-10.4595274357435,-32.0504637364997));
#4075=CARTESIAN_POINT('',(12.3770000000001,-8.95196838300105,-32.0504637364997));
#4076=CARTESIAN_POINT('',(12.3770000000001,-10.4595274357435,-32.0504637364997));
#4077=CARTESIAN_POINT('',(12.6770000000001,-8.95196838300105,-32.0504637364997));
#4078=CARTESIAN_POINT('',(12.2574313118869,-8.95196838300105,-32.0504637364997));
#4079=CARTESIAN_POINT('',(12.6770000000001,-4.4820877620523,-32.0504637364997));
#4080=CARTESIAN_POINT('Origin',(12.3770000000001,10.4351131535365,-50.8504637364997));
#4081=CARTESIAN_POINT('',(12.3770000000001,10.4351131535365,-50.8504637364997));
#4082=CARTESIAN_POINT('',(12.3770000000001,8.9280367017433,-50.8504637364997));
#4083=CARTESIAN_POINT('',(12.3770000000001,5.21755657676823,-50.8504637364997));
#4084=CARTESIAN_POINT('',(12.3770000000001,10.4351131535365,-50.8504637364997));
#4085=CARTESIAN_POINT('',(12.3770000000001,8.9280367017433,-50.8504637364997));
#4086=CARTESIAN_POINT('Origin',(14.5770508001021,10.4351131535365,-50.8504637364997));
#4087=CARTESIAN_POINT('',(14.5770508001021,10.4351131535365,-50.8504637364997));
#4088=CARTESIAN_POINT('',(15.570275400051,10.4351131535365,-50.8504637364997));
#4089=CARTESIAN_POINT('',(14.5770508001021,10.4351131535365,-50.8504637364997));
#4090=CARTESIAN_POINT('Origin',(14.5770508001021,9.16943157477878,-50.8504637364997));
#4091=CARTESIAN_POINT('',(14.5770508001021,9.16943157477878,-50.8504637364997));
#4092=CARTESIAN_POINT('',(14.5770508001021,4.58471578738939,-50.8504637364997));
#4093=CARTESIAN_POINT('',(14.5770508001021,9.16943157477878,-50.8504637364997));
#4094=CARTESIAN_POINT('Origin',(16.6270000149012,-9.21056842522124,-50.8504637364997));
#4095=CARTESIAN_POINT('',(16.6270000149012,-9.21056842522124,-35.6504637364997));
#4096=CARTESIAN_POINT('',(16.6270000149012,9.16943157477878,-35.6504637364997));
#4097=CARTESIAN_POINT('',(16.6270000149012,-4.61556842522124,-35.6504637364997));
#4098=CARTESIAN_POINT('',(16.6270000149012,-9.21056842522124,-50.8504637364997));
#4099=CARTESIAN_POINT('',(16.6270000149012,9.16943157477878,-50.8504637364997));
#4100=CARTESIAN_POINT('Origin',(14.5770508001021,-10.4595274357435,-50.8504637364997));
#4101=CARTESIAN_POINT('',(14.5770508001021,-10.4595274357435,-50.8504637364997));
#4102=CARTESIAN_POINT('',(14.5770508001021,-9.21056842522124,-50.8504637364997));
#4103=CARTESIAN_POINT('',(14.5770508001021,-5.22976371787177,-50.8504637364997));
#4104=CARTESIAN_POINT('',(14.5770508001021,-10.4595274357435,-50.8504637364997));
#4105=CARTESIAN_POINT('',(14.5770508001021,-9.21056842522124,-50.8504637364997));
#4106=CARTESIAN_POINT('Origin',(12.3770000000001,-10.4595274357435,-50.8504637364997));
#4107=CARTESIAN_POINT('',(12.3770000000001,-10.4595274357435,-50.8504637364997));
#4108=CARTESIAN_POINT('',(14.47025,-10.4595274357435,-50.8504637364997));
#4109=CARTESIAN_POINT('',(12.3770000000001,-10.4595274357435,-50.8504637364997));
#4110=CARTESIAN_POINT('Origin',(12.3770000000001,-8.95196838300105,-50.8504637364997));
#4111=CARTESIAN_POINT('',(12.3770000000001,-8.95196838300105,-50.8504637364997));
#4112=CARTESIAN_POINT('',(12.3770000000001,-4.47598419150053,-50.8504637364997));
#4113=CARTESIAN_POINT('',(12.3770000000001,-8.95196838300105,-50.8504637364997));
#4114=CARTESIAN_POINT('Origin',(18.4770000149012,9.16943157477878,-50.8504637364997));
#4115=CARTESIAN_POINT('',(18.4770000149012,9.16943157477878,-50.8504637364997));
#4116=CARTESIAN_POINT('',(17.5202500074506,9.16943157477878,-50.8504637364997));
#4117=CARTESIAN_POINT('',(18.4770000149012,9.16943157477878,-35.6504637364997));
#4118=CARTESIAN_POINT('',(18.4770000149012,9.16943157477878,-50.8504637364997));
#4119=CARTESIAN_POINT('',(16.6270000149012,9.16943157477878,-35.6504637364997));
#4120=CARTESIAN_POINT('Origin',(11.0628372237227,8.9280367017433,-50.8504637364997));
#4121=CARTESIAN_POINT('',(11.0628372237227,8.9280367017433,-50.4311004333458));
#4122=CARTESIAN_POINT('',(11.0628372237227,8.9280367017433,-50.8504637364997));
#4123=CARTESIAN_POINT('',(10.8770000000001,8.74219947802065,-49.8504637364997));
#4124=CARTESIAN_POINT('',(10.8770000000001,8.74219947802065,-29.5502318682499));
#4125=CARTESIAN_POINT('Origin',(11.8770000000001,9.74219947802065,-49.8504637364997));
#4126=CARTESIAN_POINT('Origin',(12.6770000000001,8.9280367017433,-50.8504637364997));
#4127=CARTESIAN_POINT('',(12.6770000000001,8.9280367017433,-50.8504637364997));
#4128=CARTESIAN_POINT('',(11.8770000000001,8.9280367017433,-50.8504637364997));
#4129=CARTESIAN_POINT('Origin',(11.8770000000001,8.9280367017433,-49.8504637364997));
#4130=CARTESIAN_POINT('',(14.62025,8.92803670174331,-50.8504637364997));
#4131=CARTESIAN_POINT('Origin',(16.5635,-2.22044604925031E-15,-50.8504637364997));
#4132=CARTESIAN_POINT('',(18.4770000149012,-9.21056842522124,-50.8504637364997));
#4133=CARTESIAN_POINT('',(15.570275400051,-9.21056842522124,-50.8504637364997));
#4134=CARTESIAN_POINT('',(18.4770000149012,-8.95196838300105,-50.8504637364997));
#4135=CARTESIAN_POINT('',(18.4770000149012,-4.60528421261062,-50.8504637364997));
#4136=CARTESIAN_POINT('',(19.2723834039734,-8.95196838300105,-50.8504637364997));
#4137=CARTESIAN_POINT('',(17.5202500074506,-8.95196838300105,-50.8504637364997));
#4138=CARTESIAN_POINT('',(15.7498489430376,-14.2655093940419,-50.8504637364997));
#4139=CARTESIAN_POINT('Origin',(0.,0.,-50.8504637364997));
#4140=CARTESIAN_POINT('',(11.8770000000001,-14.2655093940419,-50.8504637364997));
#4141=CARTESIAN_POINT('',(16.3753697547887,-14.2655093940419,-50.8504637364997));
#4142=CARTESIAN_POINT('',(11.8770000000001,-8.95196838300106,-50.8504637364997));
#4143=CARTESIAN_POINT('',(11.8770000000001,-7.63275469702093,-50.8504637364997));
#4144=CARTESIAN_POINT('',(13.8131686118614,-8.95196838300105,-50.8504637364997));
#4145=CARTESIAN_POINT('Origin',(16.5635,-2.22044604925031E-15,-50.8504637364997));
#4146=CARTESIAN_POINT('',(11.8770000000001,14.2655093940419,-50.8504637364997));
#4147=CARTESIAN_POINT('',(11.8770000000001,-7.63275469702093,-50.8504637364997));
#4148=CARTESIAN_POINT('',(15.7498489430376,14.2655093940419,-50.8504637364997));
#4149=CARTESIAN_POINT('',(13.72025,14.2655093940419,-50.8504637364997));
#4150=CARTESIAN_POINT('',(19.2834815490441,8.92803670174331,-50.8504637364997));
#4151=CARTESIAN_POINT('Origin',(0.,0.,-50.8504637364997));
#4152=CARTESIAN_POINT('',(18.4770000149012,8.92803670174331,-50.8504637364997));
#4153=CARTESIAN_POINT('',(17.9234907745221,8.92803670174331,-50.8504637364997));
#4154=CARTESIAN_POINT('',(18.4770000149012,4.46401835087165,-50.8504637364997));
#4155=CARTESIAN_POINT('Origin',(12.6770000000001,-8.95196838300105,-50.8504637364997));
#4156=CARTESIAN_POINT('',(12.6770000000001,-8.95196838300105,-50.8504637364997));
#4157=CARTESIAN_POINT('Origin',(11.0628372237227,-8.95196838300106,-50.8504637364997));
#4158=CARTESIAN_POINT('',(11.0628372237227,-8.95196838300106,-50.4311004333458));
#4159=CARTESIAN_POINT('Origin',(11.8770000000001,-8.95196838300106,-49.8504637364997));
#4160=CARTESIAN_POINT('',(11.0628372237227,-8.95196838300106,-50.8504637364997));
#4161=CARTESIAN_POINT('Origin',(18.4770000149012,8.92803670174331,-50.8504637364997));
#4162=CARTESIAN_POINT('',(18.4770000149012,8.92803670174331,-35.6504637364997));
#4163=CARTESIAN_POINT('',(18.4770000149012,8.92803670174331,-50.8504637364997));
#4164=CARTESIAN_POINT('',(18.4770000149012,9.16943157477878,-35.6504637364997));
#4165=CARTESIAN_POINT('Origin',(19.2834815490441,8.92803670174331,-50.8504637364997));
#4166=CARTESIAN_POINT('',(19.2834815490441,8.92803670174331,-35.6504637364997));
#4167=CARTESIAN_POINT('',(19.2834815490441,8.92803670174331,-50.8504637364997));
#4168=CARTESIAN_POINT('',(17.7770505995692,8.92803670174331,-35.6504637364997));
#4169=CARTESIAN_POINT('Origin',(-2.22044604925031E-15,-1.11022302462516E-15,
-50.8504637364997));
#4170=CARTESIAN_POINT('',(20.3770000149012,6.02829747048994,-50.8504637364997));
#4171=CARTESIAN_POINT('Origin',(0.,0.,-50.8504637364997));
#4172=CARTESIAN_POINT('',(20.3770000149012,6.02829747048994,-35.6504637364997));
#4173=CARTESIAN_POINT('',(20.3770000149012,6.02829747048994,-50.8504637364997));
#4174=CARTESIAN_POINT('Origin',(-2.22044604925031E-15,-1.11022302462516E-15,
-35.6504637364997));
#4175=CARTESIAN_POINT('Origin',(20.3770000149012,-6.02829747048992,-50.8504637364997));
#4176=CARTESIAN_POINT('',(20.3770000149012,-6.02829747048992,-50.8504637364997));
#4177=CARTESIAN_POINT('',(20.3770000149012,-3.01414873524496,-50.8504637364997));
#4178=CARTESIAN_POINT('',(20.3770000149012,-6.02829747048992,-35.6504637364997));
#4179=CARTESIAN_POINT('',(20.3770000149012,-6.02829747048992,-50.8504637364997));
#4180=CARTESIAN_POINT('',(20.3770000149012,5.8969495912965,-35.6504637364997));
#4181=CARTESIAN_POINT('Origin',(-2.22044604925031E-15,-1.11022302462516E-15,
-50.8504637364997));
#4182=CARTESIAN_POINT('Origin',(0.,0.,-50.8504637364997));
#4183=CARTESIAN_POINT('',(19.2723834039734,-8.95196838300105,-35.6504637364997));
#4184=CARTESIAN_POINT('',(19.2723834039734,-8.95196838300105,-50.8504637364997));
#4185=CARTESIAN_POINT('Origin',(-2.22044604925031E-15,-1.11022302462516E-15,
-35.6504637364997));
#4186=CARTESIAN_POINT('Origin',(18.4770000149012,-8.95196838300105,-50.8504637364997));
#4187=CARTESIAN_POINT('',(18.4770000149012,-8.95196838300105,-35.6504637364997));
#4188=CARTESIAN_POINT('',(18.4770000149012,-8.95196838300105,-50.8504637364997));
#4189=CARTESIAN_POINT('',(23.0912639221124,-8.95196838300105,-35.6504637364997));
#4190=CARTESIAN_POINT('Origin',(18.4770000149012,-9.21056842522124,-50.8504637364997));
#4191=CARTESIAN_POINT('',(18.4770000149012,-9.21056842522124,-35.6504637364997));
#4192=CARTESIAN_POINT('',(18.4770000149012,-9.21056842522124,-50.8504637364997));
#4193=CARTESIAN_POINT('',(18.4770000149012,-7.00556842522124,-35.6504637364997));
#4194=CARTESIAN_POINT('Origin',(14.5770508001021,-9.21056842522124,-50.8504637364997));
#4195=CARTESIAN_POINT('',(16.6270000149012,-9.21056842522124,-35.6504637364997));
#4196=CARTESIAN_POINT('Origin',(17.4770254075016,-0.0205684252212324,-35.6504637364997));
#4197=CARTESIAN_POINT('Origin',(16.5635,-2.22044604925031E-15,-50.8504637364997));
#4198=CARTESIAN_POINT('Origin',(0.,0.,-50.8504637364997));
#4199=CARTESIAN_POINT('Origin',(10.8770000000001,-8.7661311592784,-50.8504637364997));
#4200=CARTESIAN_POINT('',(10.8770000000001,-8.7661311592784,-49.8504637364997));
#4201=CARTESIAN_POINT('',(10.8770000000001,-8.7661311592784,-29.5502318682499));
#4202=CARTESIAN_POINT('Origin',(11.8770000000001,-9.7661311592784,-49.8504637364997));
#4203=CARTESIAN_POINT('Origin',(6.50000011175871,-13.0000001937151,-50.8504637364997));
#4204=CARTESIAN_POINT('',(6.50000011175871,-13.0000001937151,-8.25));
#4205=CARTESIAN_POINT('',(10.8770000000001,-13.0000001937151,-8.25));
#4206=CARTESIAN_POINT('',(4.75312234895001,-13.0000001937151,-8.25));
#4207=CARTESIAN_POINT('',(6.50000011175871,-13.0000001937151,-50.8504637364997));
#4208=CARTESIAN_POINT('',(10.8770000000001,-13.0000001937151,-50.8504637364997));
#4209=CARTESIAN_POINT('Origin',(10.8770000000001,12.9956911318784,-50.8504637364997));
#4210=CARTESIAN_POINT('',(10.8770000000001,12.9956911318784,-50.8504637364997));
#4211=CARTESIAN_POINT('',(6.50000011175871,12.9956911318784,-50.8504637364997));
#4212=CARTESIAN_POINT('Origin',(11.8770000000001,-7.63275469702093,-49.8504637364997));
#4213=CARTESIAN_POINT('',(10.8770000000001,14.2655093940419,-49.8504637364997));
#4214=CARTESIAN_POINT('',(10.8770000000001,-7.63275469702093,-49.8504637364997));
#4215=CARTESIAN_POINT('Origin',(11.8770000000001,14.2655093940419,-49.8504637364997));
#4216=CARTESIAN_POINT('Origin',(11.8770000000001,-7.63275469702093,-49.8504637364997));
#4217=CARTESIAN_POINT('',(10.8770000000001,-14.2655093940419,-49.8504637364997));
#4218=CARTESIAN_POINT('Origin',(11.8770000000001,-14.2655093940419,-49.8504637364997));
#4219=CARTESIAN_POINT('',(10.8770000000001,-7.63275469702093,-49.8504637364997));
#4220=CARTESIAN_POINT('Origin',(10.8770000000001,-15.2655093940419,-8.25));
#4221=CARTESIAN_POINT('',(10.8770000000001,14.2655093940419,-8.25));
#4222=CARTESIAN_POINT('Origin',(10.8770000000001,-15.2655093940419,-8.25));
#4223=CARTESIAN_POINT('',(10.8770000000001,-14.2655093940419,-8.25));
#4224=CARTESIAN_POINT('',(10.8770000000001,-14.2655093940419,-8.25));
#4225=CARTESIAN_POINT('',(10.8770000000001,-7.63275469702093,-8.25));
#4226=CARTESIAN_POINT('Origin',(16.3753697547887,-14.2655093940419,-49.8504637364997));
#4227=CARTESIAN_POINT('',(15.7498489430376,-15.2655093940419,-49.8504637364997));
#4228=CARTESIAN_POINT('Origin',(15.7498489430376,-14.2655093940419,-49.8504637364997));
#4229=CARTESIAN_POINT('',(11.8770000000001,-15.2655093940419,-49.8504637364997));
#4230=CARTESIAN_POINT('',(16.3753697547887,-15.2655093940419,-49.8504637364997));
#4231=CARTESIAN_POINT('Origin',(11.8770000000001,-14.2655093940419,-49.8504637364997));
#4232=CARTESIAN_POINT('Origin',(0.,0.,-49.8504637364997));
#4233=CARTESIAN_POINT('',(16.4910183050629,-14.9368274831732,-49.8504637364997));
#4234=CARTESIAN_POINT('Origin',(0.,0.,-49.8504637364997));
#4235=CARTESIAN_POINT('Origin',(15.7498489430376,-14.2655093940419,-49.8504637364997));
#4236=CARTESIAN_POINT('Origin',(15.7498489430376,14.2655093940419,-49.8504637364997));
#4237=CARTESIAN_POINT('Origin',(15.7498489430376,-14.2655093940419,-49.8504637364997));
#4238=CARTESIAN_POINT('Origin',(15.7498489430376,-14.2655093940419,-49.8504637364997));
#4239=CARTESIAN_POINT('Origin',(13.72025,14.2655093940419,-49.8504637364997));
#4240=CARTESIAN_POINT('',(11.8770000000001,15.2655093940419,-49.8504637364997));
#4241=CARTESIAN_POINT('Origin',(11.8770000000001,14.2655093940419,-49.8504637364997));
#4242=CARTESIAN_POINT('',(15.7498489430376,15.2655093940419,-49.8504637364997));
#4243=CARTESIAN_POINT('',(13.72025,15.2655093940419,-49.8504637364997));
#4244=CARTESIAN_POINT('Origin',(15.7498489430376,14.2655093940419,-49.8504637364997));
#4245=CARTESIAN_POINT('Origin',(15.7498489430376,14.2655093940419,-49.8504637364997));
#4246=CARTESIAN_POINT('Origin',(15.7498489430376,14.2655093940419,-49.8504637364997));
#4247=CARTESIAN_POINT('Origin',(11.8770000000001,14.2655093940419,-49.8504637364997));
#4248=CARTESIAN_POINT('Origin',(11.8770000000001,14.2655093940419,-49.8504637364997));
#4249=CARTESIAN_POINT('Origin',(11.8770000000001,-14.2655093940419,-49.8504637364997));
#4250=CARTESIAN_POINT('Origin',(11.8770000000001,-14.2655093940419,-49.8504637364997));
#4251=CARTESIAN_POINT('Origin',(15.7498489430376,14.2655093940419,-8.25));
#4252=CARTESIAN_POINT('',(15.7498489430376,15.2655093940419,-8.25));
#4253=CARTESIAN_POINT('Origin',(10.8770000000001,15.2655093940419,-8.25));
#4254=CARTESIAN_POINT('',(11.8770000000001,15.2655093940419,-8.25));
#4255=CARTESIAN_POINT('Origin',(11.8770000000001,14.2655093940419,-8.25));
#4256=CARTESIAN_POINT('Origin',(11.8770000000001,-14.2655093940419,-8.25));
#4257=CARTESIAN_POINT('',(11.8770000000001,-15.2655093940419,-8.25));
#4258=CARTESIAN_POINT('',(11.8770000000001,-15.2655093940419,-8.25));
#4259=CARTESIAN_POINT('Origin',(11.8770000000001,-14.2655093940419,-8.25));
#4260=CARTESIAN_POINT('Origin',(16.1872395095773,-15.2655093940419,-8.25));
#4261=CARTESIAN_POINT('',(15.7498489430376,-15.2655093940419,-8.25));
#4262=CARTESIAN_POINT('',(15.7498489430376,-15.2655093940419,-8.25));
#4263=CARTESIAN_POINT('',(9.59674204785929,-15.2655093940419,-8.25));
#4264=CARTESIAN_POINT('Origin',(15.7498489430376,-14.2655093940419,-8.25));
#4265=CARTESIAN_POINT('',(16.4910183050629,-14.9368274831732,-8.25));
#4266=CARTESIAN_POINT('',(16.4910183050629,-14.9368274831732,-8.25));
#4267=CARTESIAN_POINT('Origin',(15.7498489430376,-14.2655093940419,-8.25));
#4268=CARTESIAN_POINT('Origin',(0.,0.,-8.25));
#4269=CARTESIAN_POINT('Origin',(0.,0.,-8.25));
#4270=CARTESIAN_POINT('Origin',(0.0130997542386913,-15.0021995968712,-8.25));
#4271=CARTESIAN_POINT('',(-1.73690024576131,-15.0021995968712,-5.85));
#4272=CARTESIAN_POINT('Origin',(0.0130997542386913,-15.0021995968712,-5.85));
#4273=CARTESIAN_POINT('',(-1.73690024576131,-15.0021995968712,-8.25));
#4274=CARTESIAN_POINT('Origin',(0.0752745237292361,15.2031003193954,-8.25));
#4275=CARTESIAN_POINT('',(-1.67472547627076,15.2031003193954,-5.85));
#4276=CARTESIAN_POINT('Origin',(0.0752745237292361,15.2031003193954,-5.85));
#4277=CARTESIAN_POINT('',(-1.67472547627076,15.2031003193954,-8.25));
#4278=CARTESIAN_POINT('Origin',(3.18852622912208,-15.0023891831892,-8.25));
#4279=CARTESIAN_POINT('',(3.18852622912208,-15.0023891831892,-8.25));
#4280=CARTESIAN_POINT('',(1.60097717824796,-12.2522943949315,-8.25));
#4281=CARTESIAN_POINT('',(-0.0821428518786799,-9.33664298856099,-8.25));
#4282=CARTESIAN_POINT('',(3.18852622912208,-15.0023891831892,-5.85));
#4283=CARTESIAN_POINT('',(3.18852622912208,-15.0023891831892,-8.25));
#4284=CARTESIAN_POINT('',(1.60097717824796,-12.2522943949315,-5.85));
#4285=CARTESIAN_POINT('',(3.18852622912208,-15.0023891831892,-5.85));
#4286=CARTESIAN_POINT('',(1.60097717824796,-12.2522943949315,-8.25));
#4287=CARTESIAN_POINT('Origin',(1.60097717824796,-12.2522943949315,-8.25));
#4288=CARTESIAN_POINT('',(-1.57444929663543,-12.2521048086136,-8.25));
#4289=CARTESIAN_POINT('',(2.30324512293403,-12.2523363232819,-8.25));
#4290=CARTESIAN_POINT('',(-1.57444929663543,-12.2521048086136,-5.85));
#4291=CARTESIAN_POINT('',(1.60097717824796,-12.2522943949315,-5.85));
#4292=CARTESIAN_POINT('',(-1.57444929663543,-12.2521048086136,-8.25));
#4293=CARTESIAN_POINT('Origin',(-1.57444929663543,-12.2521048086136,-8.25));
#4294=CARTESIAN_POINT('',(-3.1623267206447,-15.0020100105533,-8.25));
#4295=CARTESIAN_POINT('',(1.65109722616453,-6.666064584079,-8.25));
#4296=CARTESIAN_POINT('',(-3.1623267206447,-15.0020100105533,-5.85));
#4297=CARTESIAN_POINT('',(-1.57444929663543,-12.2521048086136,-5.85));
#4298=CARTESIAN_POINT('',(-3.1623267206447,-15.0020100105533,-8.25));
#4299=CARTESIAN_POINT('Origin',(-3.1623267206447,-15.0020100105533,-8.25));
#4300=CARTESIAN_POINT('',(-1.57477766977058,-17.7521047988109,-8.25));
#4301=CARTESIAN_POINT('',(-5.6392212762084,-10.7113112100539,-8.25));
#4302=CARTESIAN_POINT('',(-1.57477766977058,-17.7521047988109,-5.85));
#4303=CARTESIAN_POINT('',(-3.1623267206447,-15.0020100105533,-5.85));
#4304=CARTESIAN_POINT('',(-1.57477766977058,-17.7521047988109,-8.25));
#4305=CARTESIAN_POINT('Origin',(1.60064880511281,-17.7522943851289,-8.25));
#4306=CARTESIAN_POINT('',(1.60064880511281,-17.7522943851289,-8.25));
#4307=CARTESIAN_POINT('',(5.62013403991741,-10.7913015596245,-8.25));
#4308=CARTESIAN_POINT('',(1.60064880511281,-17.7522943851289,-5.85));
#4309=CARTESIAN_POINT('',(1.60064880511281,-17.7522943851289,-8.25));
#4310=CARTESIAN_POINT('',(1.60064880511281,-17.7522943851289,-5.85));
#4311=CARTESIAN_POINT('Origin',(-1.57477766977058,-17.7521047988109,-8.25));
#4312=CARTESIAN_POINT('',(0.715203512357176,-17.7522415203203,-8.25));
#4313=CARTESIAN_POINT('',(-1.57477766977058,-17.7521047988109,-5.85));
#4314=CARTESIAN_POINT('Origin',(0.0130997542386913,-15.0021995968712,-5.85));
#4315=CARTESIAN_POINT('Origin',(3.24996000979307,15.134504416391,-8.25));
#4316=CARTESIAN_POINT('',(3.24996000979307,15.134504416391,-5.85));
#4317=CARTESIAN_POINT('',(3.24996000979307,15.134504416391,-8.25));
#4318=CARTESIAN_POINT('',(1.72202306135847,17.9181606478502,-5.85));
#4319=CARTESIAN_POINT('',(3.24996000979307,15.134504416391,-5.85));
#4320=CARTESIAN_POINT('',(1.72202306135847,17.9181606478502,-8.25));
#4321=CARTESIAN_POINT('Origin',(1.72202306135847,17.9181606478502,-8.25));
#4322=CARTESIAN_POINT('',(-1.45266242470537,17.9867565508546,-5.85));
#4323=CARTESIAN_POINT('',(1.72202306135847,17.9181606478502,-5.85));
#4324=CARTESIAN_POINT('',(-1.45266242470537,17.9867565508546,-8.25));
#4325=CARTESIAN_POINT('Origin',(-1.45266242470537,17.9867565508546,-8.25));
#4326=CARTESIAN_POINT('',(-3.0994109623346,15.2716962223998,-5.85));
#4327=CARTESIAN_POINT('',(-1.45266242470537,17.9867565508546,-5.85));
#4328=CARTESIAN_POINT('',(-3.0994109623346,15.2716962223998,-8.25));
#4329=CARTESIAN_POINT('Origin',(-3.0994109623346,15.2716962223998,-8.25));
#4330=CARTESIAN_POINT('',(-1.5714740139,12.4880399909406,-5.85));
#4331=CARTESIAN_POINT('',(-3.0994109623346,15.2716962223998,-5.85));
#4332=CARTESIAN_POINT('',(-1.5714740139,12.4880399909406,-8.25));
#4333=CARTESIAN_POINT('Origin',(1.60321147216384,12.4194440879362,-8.25));
#4334=CARTESIAN_POINT('',(1.60321147216384,12.4194440879362,-5.85));
#4335=CARTESIAN_POINT('',(1.60321147216384,12.4194440879362,-8.25));
#4336=CARTESIAN_POINT('',(1.60321147216384,12.4194440879362,-5.85));
#4337=CARTESIAN_POINT('Origin',(-1.5714740139,12.4880399909406,-8.25));
#4338=CARTESIAN_POINT('',(-1.5714740139,12.4880399909406,-5.85));
#4339=CARTESIAN_POINT('Origin',(0.0752745237292357,15.2031003193954,-5.85));
#4340=CARTESIAN_POINT('Origin',(0.343149786674661,-0.0042073827607475,-18.3));
#4341=CARTESIAN_POINT('',(-5.07261661097929,-5.41472111816416,-18.3));
#4342=CARTESIAN_POINT('',(-5.07261661097929,-3.50000000000001,-18.3));
#4343=CARTESIAN_POINT('',(-5.07261661097929,2.70525686770171,-18.3));
#4344=CARTESIAN_POINT('',(-4.,-6.15000000000002,-18.3));
#4345=CARTESIAN_POINT('Origin',(-4.,-5.00000000000002,-18.3));
#4346=CARTESIAN_POINT('',(4.,-6.15000000000001,-18.3));
#4347=CARTESIAN_POINT('',(-1.82842510666267,-6.15000000000002,-18.3));
#4348=CARTESIAN_POINT('',(5.15000000000001,-5.00000000000001,-18.3));
#4349=CARTESIAN_POINT('Origin',(4.,-5.00000000000001,-18.3));
#4350=CARTESIAN_POINT('',(5.15,5.00000000000001,-18.3));
#4351=CARTESIAN_POINT('',(5.15,-2.50210369138037,-18.3));
#4352=CARTESIAN_POINT('',(4.,6.15000000000001,-18.3));
#4353=CARTESIAN_POINT('Origin',(4.,5.00000000000001,-18.3));
#4354=CARTESIAN_POINT('',(-4.00000000000001,6.15000000000001,-18.3));
#4355=CARTESIAN_POINT('',(2.17157489333733,6.15000000000001,-18.3));
#4356=CARTESIAN_POINT('',(-5.07261661097929,5.41472111816417,-18.3));
#4357=CARTESIAN_POINT('Origin',(-4.00000000000001,5.00000000000001,-18.3));
#4358=CARTESIAN_POINT('',(-5.07261661097929,3.50000000000001,-18.3));
#4359=CARTESIAN_POINT('',(-5.07261661097929,2.70525686770171,-18.3));
#4360=CARTESIAN_POINT('',(-5.,3.50000000000001,-18.3));
#4361=CARTESIAN_POINT('',(-2.32842510666267,3.50000000000001,-18.3));
#4362=CARTESIAN_POINT('',(5.,3.50000000000002,-18.3));
#4363=CARTESIAN_POINT('Origin',(-3.46944695195353E-16,3.50000000000001,
-18.3));
#4364=CARTESIAN_POINT('',(5.09881611945667,3.50000000000002,-18.3));
#4365=CARTESIAN_POINT('',(2.72098295306567,3.50000000000002,-18.3));
#4366=CARTESIAN_POINT('',(5.09881611945667,-3.5,-18.3));
#4367=CARTESIAN_POINT('',(5.09881611945667,-1.75210369138037,-18.3));
#4368=CARTESIAN_POINT('',(5.,-3.5,-18.3));
#4369=CARTESIAN_POINT('',(2.67157489333733,-3.5,-18.3));
#4370=CARTESIAN_POINT('',(-5.,-3.50000000000001,-18.3));
#4371=CARTESIAN_POINT('Origin',(1.45716771982052E-15,-3.5,-18.3));
#4372=CARTESIAN_POINT('',(-2.36473341215231,-3.50000000000001,-18.3));
#4373=CARTESIAN_POINT('Ctrl Pts',(-5.,3.50000000000001,-18.3));
#4374=CARTESIAN_POINT('Ctrl Pts',(-5.,6.00000000000001,-18.3));
#4375=CARTESIAN_POINT('Ctrl Pts',(-2.49800180540659E-15,6.00000000000002,
-18.3));
#4376=CARTESIAN_POINT('Ctrl Pts',(5.,6.00000000000002,-18.3));
#4377=CARTESIAN_POINT('Ctrl Pts',(5.,3.50000000000001,-18.3));
#4378=CARTESIAN_POINT('Ctrl Pts',(-5.,3.50000000000001,-22.3));
#4379=CARTESIAN_POINT('Ctrl Pts',(-5.,6.00000000000001,-22.3));
#4380=CARTESIAN_POINT('Ctrl Pts',(-2.49800180540659E-15,6.00000000000002,
-22.3));
#4381=CARTESIAN_POINT('Ctrl Pts',(5.,6.00000000000002,-22.3));
#4382=CARTESIAN_POINT('Ctrl Pts',(5.,3.50000000000001,-22.3));
#4383=CARTESIAN_POINT('',(-5.,3.50000000000001,-22.3));
#4384=CARTESIAN_POINT('',(-5.,3.50000000000001,-18.3));
#4385=CARTESIAN_POINT('',(5.,3.50000000000002,-22.3));
#4386=CARTESIAN_POINT('Origin',(-3.46944695195353E-16,3.50000000000001,
-22.3));
#4387=CARTESIAN_POINT('',(5.,3.50000000000002,-18.3));
#4388=CARTESIAN_POINT('Origin',(5.09881611945667,3.50000000000002,-18.3));
#4389=CARTESIAN_POINT('',(5.09881611945667,3.50000000000002,-22.3));
#4390=CARTESIAN_POINT('',(2.72098295306567,3.50000000000002,-22.3));
#4391=CARTESIAN_POINT('',(5.09881611945667,3.50000000000002,-18.3));
#4392=CARTESIAN_POINT('Origin',(5.09881611945667,-3.5,-18.3));
#4393=CARTESIAN_POINT('',(5.09881611945667,-3.5,-22.3));
#4394=CARTESIAN_POINT('',(5.09881611945667,-1.75210369138037,-22.3));
#4395=CARTESIAN_POINT('',(5.09881611945667,-3.5,-18.3));
#4396=CARTESIAN_POINT('Origin',(5.,-3.5,-18.3));
#4397=CARTESIAN_POINT('',(5.,-3.5,-22.3));
#4398=CARTESIAN_POINT('',(2.67157489333733,-3.5,-22.3));
#4399=CARTESIAN_POINT('',(5.,-3.5,-18.3));
#4400=CARTESIAN_POINT('Ctrl Pts',(5.,-3.5,-18.3));
#4401=CARTESIAN_POINT('Ctrl Pts',(5.,-6.,-18.3));
#4402=CARTESIAN_POINT('Ctrl Pts',(2.90662555752559E-15,-6.00000000000001,
-18.3));
#4403=CARTESIAN_POINT('Ctrl Pts',(-5.,-6.00000000000001,-18.3));
#4404=CARTESIAN_POINT('Ctrl Pts',(-5.,-3.50000000000001,-18.3));
#4405=CARTESIAN_POINT('Ctrl Pts',(5.,-3.5,-22.3));
#4406=CARTESIAN_POINT('Ctrl Pts',(5.,-6.,-22.3));
#4407=CARTESIAN_POINT('Ctrl Pts',(2.90662555752559E-15,-6.00000000000001,
-22.3));
#4408=CARTESIAN_POINT('Ctrl Pts',(-5.,-6.00000000000001,-22.3));
#4409=CARTESIAN_POINT('Ctrl Pts',(-5.,-3.50000000000001,-22.3));
#4410=CARTESIAN_POINT('',(-5.,-3.50000000000001,-22.3));
#4411=CARTESIAN_POINT('Origin',(1.45716771982052E-15,-3.5,-22.3));
#4412=CARTESIAN_POINT('',(-5.,-3.50000000000001,-18.3));
#4413=CARTESIAN_POINT('Origin',(-5.07261661097929,-3.50000000000001,-18.3));
#4414=CARTESIAN_POINT('',(-5.07261661097929,-3.50000000000001,-22.3));
#4415=CARTESIAN_POINT('',(-2.36473341215231,-3.50000000000001,-22.3));
#4416=CARTESIAN_POINT('',(-5.07261661097929,-3.50000000000001,-18.3));
#4417=CARTESIAN_POINT('Origin',(-5.,3.50000000000001,-18.3));
#4418=CARTESIAN_POINT('',(-5.07261661097929,3.50000000000001,-22.3));
#4419=CARTESIAN_POINT('',(-5.07261661097929,3.50000000000001,-18.3));
#4420=CARTESIAN_POINT('',(-2.32842510666267,3.50000000000001,-22.3));
#4421=CARTESIAN_POINT('Origin',(0.343149786674661,-0.0042073827607475,-22.3));
#4422=CARTESIAN_POINT('',(6.50000011175871,9.99158534623721,-22.3));
#4423=CARTESIAN_POINT('',(6.50000011175871,-10.0000001117587,-22.3));
#4424=CARTESIAN_POINT('',(6.50000011175871,4.99368898173823,-22.3));
#4425=CARTESIAN_POINT('',(-5.81370053840939,-10.0000001117587,-22.3));
#4426=CARTESIAN_POINT('',(3.42157494921668,-10.0000001117587,-22.3));
#4427=CARTESIAN_POINT('',(-5.81370053840939,9.99158534623721,-22.3));
#4428=CARTESIAN_POINT('',(-5.81370053840939,-5.00210374725973,-22.3));
#4429=CARTESIAN_POINT('',(-2.73527537586736,9.99158534623721,-22.3));
#4430=CARTESIAN_POINT('',(-5.07261661097929,1.74789630861963,-22.3));
#4431=CARTESIAN_POINT('Origin',(-5.07261661097929,5.41472111816417,-8.25));
#4432=CARTESIAN_POINT('',(-5.07261661097929,5.41472111816417,-8.25));
#4433=CARTESIAN_POINT('',(-5.07261661097929,5.41472111816417,-8.25));
#4434=CARTESIAN_POINT('',(-5.07261661097929,-5.41472111816416,-8.25));
#4435=CARTESIAN_POINT('',(-5.07261661097929,6.05481954771898,-8.25));
#4436=CARTESIAN_POINT('',(-5.07261661097929,-5.41472111816416,-8.25));
#4437=CARTESIAN_POINT('Origin',(6.50000011175871,-10.0000001117587,-8.25));
#4438=CARTESIAN_POINT('',(6.50000011175871,-10.0000001117587,-8.25));
#4439=CARTESIAN_POINT('',(6.50000011175871,-10.0000001117587,-18.3));
#4440=CARTESIAN_POINT('',(-5.81370053840939,-10.0000001117587,-8.25));
#4441=CARTESIAN_POINT('',(4.75312234895001,-10.0000001117587,-8.25));
#4442=CARTESIAN_POINT('',(-5.81370053840939,-10.0000001117587,-8.25));
#4443=CARTESIAN_POINT('Origin',(6.50000011175871,9.99158534623721,-8.25));
#4444=CARTESIAN_POINT('',(6.50000011175871,9.99158534623721,-8.25));
#4445=CARTESIAN_POINT('',(6.50000011175871,6.49784556593918,-8.25));
#4446=CARTESIAN_POINT('Origin',(-5.81370053840938,9.99158534623721,-8.25));
#4447=CARTESIAN_POINT('',(-5.81370053840939,9.99158534623721,-8.25));
#4448=CARTESIAN_POINT('Origin',(0.343149786674661,-0.00420738276074806,
-8.25));
#4449=CARTESIAN_POINT('',(-5.15,-5.00000000000002,-8.25));
#4450=CARTESIAN_POINT('Origin',(-4.,-5.00000000000002,-8.25));
#4451=CARTESIAN_POINT('',(-5.15000000000001,5.00000000000001,-8.25));
#4452=CARTESIAN_POINT('Origin',(-4.00000000000001,5.00000000000001,-8.25));
#4453=CARTESIAN_POINT('',(-5.15000000000001,5.00000000000001,-8.25));
#4454=CARTESIAN_POINT('Origin',(3.0062445861413,0.,-8.25));
#4455=CARTESIAN_POINT('',(-5.81370053840939,-15.5056272326593,-8.24999999999795));
#4456=CARTESIAN_POINT('',(-5.81370053840939,-15.5056272326592,-8.24999999999795));
#4457=CARTESIAN_POINT('',(-5.81370053840939,15.5426259032155,-8.25000000000206));
#4458=CARTESIAN_POINT('Origin',(0.,0.,-8.25));
#4459=CARTESIAN_POINT('Origin',(4.,6.15000000000001,0.));
#4460=CARTESIAN_POINT('',(-4.00000000000001,6.15000000000001,0.));
#4461=CARTESIAN_POINT('',(4.,6.15000000000001,0.));
#4462=CARTESIAN_POINT('Origin',(4.,5.00000000000001,0.));
#4463=CARTESIAN_POINT('',(5.15,5.00000000000001,0.));
#4464=CARTESIAN_POINT('Origin',(5.15,-5.00000000000001,0.));
#4465=CARTESIAN_POINT('',(5.15,-5.00000000000001,0.));
#4466=CARTESIAN_POINT('Origin',(4.,-5.00000000000001,0.));
#4467=CARTESIAN_POINT('',(4.,-6.15000000000001,0.));
#4468=CARTESIAN_POINT('Origin',(-4.,-6.15000000000002,0.));
#4469=CARTESIAN_POINT('',(-4.,-6.15000000000002,0.));
#4470=CARTESIAN_POINT('Origin',(-4.,-5.00000000000002,0.));
#4471=CARTESIAN_POINT('',(-5.15,-5.00000000000002,0.));
#4472=CARTESIAN_POINT('Origin',(-5.15000000000001,5.00000000000001,0.));
#4473=CARTESIAN_POINT('',(-5.15000000000001,5.00000000000001,0.));
#4474=CARTESIAN_POINT('Origin',(-4.00000000000001,5.00000000000001,0.));
#4475=CARTESIAN_POINT('Origin',(-16.9875108277174,-15.5056272326592,-3.93400381285678E-13));
#4476=CARTESIAN_POINT('',(-5.81370053840939,-15.5056272326592,2.04598077300644E-12));
#4477=CARTESIAN_POINT('Origin',(0.,0.,0.));
#4478=CARTESIAN_POINT('Origin',(-5.81370053840939,-15.5056272326592,2.04598077300644E-12));
#4479=CARTESIAN_POINT('Origin',(-5.81370053840939,-15.5056272326593,-7.14936082674757));
#4480=CARTESIAN_POINT('',(-5.81370053840939,-15.5056272326593,-7.14936082674757));
#4481=CARTESIAN_POINT('',(-5.81370053840939,-15.5056272326593,-4.12499999999795));
#4482=CARTESIAN_POINT('',(-5.81370053840939,-15.5056272326593,-8.24999999999795));
#4483=CARTESIAN_POINT('',(-15.8137005384094,-15.5056272326593,-4.12499999999795));
#4484=CARTESIAN_POINT('',(-5.81370053840939,-15.5056272326593,-4.12499999999795));
#4485=CARTESIAN_POINT('',(-15.8137005384094,-15.5056272326593,-7.14936082674757));
#4486=CARTESIAN_POINT('',(-15.8137005384094,-15.5056272326593,-8.24999999999795));
#4487=CARTESIAN_POINT('',(-5.81370053840939,-15.5056272326593,-7.14936082674757));
#4488=CARTESIAN_POINT('Ctrl Pts',(-5.81370053840939,-15.5056272326593,-4.12499999999795));
#4489=CARTESIAN_POINT('Ctrl Pts',(-15.8137005384094,-15.5056272326593,-4.12499999999795));
#4490=CARTESIAN_POINT('Ctrl Pts',(-5.81370053840939,-14.0000002086163,-5.00000007450581));
#4491=CARTESIAN_POINT('Ctrl Pts',(-15.8137005384094,-14.0000002086163,-5.00000007450581));
#4492=CARTESIAN_POINT('Ctrl Pts',(-5.81370053840939,-15.5056272326593,-7.14936082674757));
#4493=CARTESIAN_POINT('Ctrl Pts',(-15.8137005384094,-15.5056272326593,-7.14936082674757));
#4494=CARTESIAN_POINT('Ctrl Pts',(-5.81370053840939,-15.5056272326593,-4.12499999999795));
#4495=CARTESIAN_POINT('Ctrl Pts',(-5.81370053840939,-14.0000002086163,-5.00000007450581));
#4496=CARTESIAN_POINT('Ctrl Pts',(-5.81370053840939,-15.5056272326593,-7.14936082674757));
#4497=CARTESIAN_POINT('Ctrl Pts',(-15.8137005384094,-15.5056272326593,-4.12499999999795));
#4498=CARTESIAN_POINT('Ctrl Pts',(-15.8137005384094,-14.0000002086163,-5.00000007450581));
#4499=CARTESIAN_POINT('Ctrl Pts',(-15.8137005384094,-15.5056272326593,-7.14936082674757));
#4500=CARTESIAN_POINT('Origin',(-15.8137005384094,-14.7528137206378,-5.63718041337276));
#4501=CARTESIAN_POINT('Origin',(-5.81370053840939,-14.7528137206378,-5.63718041337276));
#4502=CARTESIAN_POINT('Origin',(-11.1999997541308,15.5426259032155,0.));
#4503=CARTESIAN_POINT('',(-11.1999997541308,15.5426259032155,-4.12500000000205));
#4504=CARTESIAN_POINT('',(-11.1999997541308,15.5426259032155,-7.03010051666292));
#4505=CARTESIAN_POINT('Ctrl Pts',(-11.1999997541308,15.5426259032155,-4.12500000000206));
#4506=CARTESIAN_POINT('Ctrl Pts',(-11.1999997541308,14.5142087734827,-4.70833338300456));
#4507=CARTESIAN_POINT('Ctrl Pts',(-11.1999997541308,14.5142087734827,-5.67670022189151));
#4508=CARTESIAN_POINT('Ctrl Pts',(-11.1999997541308,15.5426259032155,-7.03010051666292));
#4509=CARTESIAN_POINT('',(-11.1999997541308,15.5426259032155,-2.06250000000103));
#4510=CARTESIAN_POINT('Origin',(-5.81370053840939,15.5426259032155,-4.12500000000206));
#4511=CARTESIAN_POINT('',(-5.81370053840939,15.5426259032155,-4.12500000000206));
#4512=CARTESIAN_POINT('',(-5.81370053840939,15.5426259032155,-4.12500000000206));
#4513=CARTESIAN_POINT('',(-5.81370053840939,15.5426259032155,-7.03010051666292));
#4514=CARTESIAN_POINT('',(-5.81370053840939,15.5426259032155,-2.05545179379595E-12));
#4515=CARTESIAN_POINT('',(-5.81370053840939,15.5426259032155,-7.03010051666292));
#4516=CARTESIAN_POINT('Ctrl Pts',(-5.81370053840939,15.5426259032155,-7.03010051666292));
#4517=CARTESIAN_POINT('Ctrl Pts',(-11.3137005384094,15.5426259032155,-7.03010051666292));
#4518=CARTESIAN_POINT('Ctrl Pts',(-5.81370053840939,14.0000002086163,-5.00000007450581));
#4519=CARTESIAN_POINT('Ctrl Pts',(-11.3137005384094,14.0000002086163,-5.00000007450581));
#4520=CARTESIAN_POINT('Ctrl Pts',(-5.81370053840939,15.5426259032155,-4.12500000000206));
#4521=CARTESIAN_POINT('Ctrl Pts',(-11.3137005384094,15.5426259032155,-4.12500000000206));
#4522=CARTESIAN_POINT('Ctrl Pts',(-5.81370053840939,15.5426259032155,-4.12500000000206));
#4523=CARTESIAN_POINT('Ctrl Pts',(-5.81370053840939,14.0000002086163,-5.00000007450581));
#4524=CARTESIAN_POINT('Ctrl Pts',(-5.81370053840939,15.5426259032155,-7.03010051666292));
#4525=CARTESIAN_POINT('Origin',(-5.81370053840939,14.7713130559159,-5.57755025833249));
#4526=UNCERTAINTY_MEASURE_WITH_UNIT(LENGTH_MEASURE(0.01),#4530,
'DISTANCE_ACCURACY_VALUE',
'Maximum model space distance between geometric entities at asserted c
onnectivities');
#4527=UNCERTAINTY_MEASURE_WITH_UNIT(LENGTH_MEASURE(0.01),#4530,
'DISTANCE_ACCURACY_VALUE',
'Maximum model space distance between geometric entities at asserted c
onnectivities');
#4528=(
GEOMETRIC_REPRESENTATION_CONTEXT(3)
GLOBAL_UNCERTAINTY_ASSIGNED_CONTEXT((#4526))
GLOBAL_UNIT_ASSIGNED_CONTEXT((#4530,#4532,#4533))
REPRESENTATION_CONTEXT('','3D')
);
#4529=(
GEOMETRIC_REPRESENTATION_CONTEXT(3)
GLOBAL_UNCERTAINTY_ASSIGNED_CONTEXT((#4527))
GLOBAL_UNIT_ASSIGNED_CONTEXT((#4530,#4532,#4533))
REPRESENTATION_CONTEXT('','3D')
);
#4530=(
LENGTH_UNIT()
NAMED_UNIT(*)
SI_UNIT(.MILLI.,.METRE.)
);
#4531=(
LENGTH_UNIT()
NAMED_UNIT(*)
SI_UNIT($,.METRE.)
);
#4532=(
NAMED_UNIT(*)
PLANE_ANGLE_UNIT()
SI_UNIT($,.RADIAN.)
);
#4533=(
NAMED_UNIT(*)
SI_UNIT($,.STERADIAN.)
SOLID_ANGLE_UNIT()
);
#4534=SHAPE_DEFINITION_REPRESENTATION(#4535,#4536);
#4535=PRODUCT_DEFINITION_SHAPE('',$,#4538);
#4536=SHAPE_REPRESENTATION('',(#2546),#4528);
#4537=PRODUCT_DEFINITION_CONTEXT('part definition',#4542,'design');
#4538=PRODUCT_DEFINITION('Base','Base',#4539,#4537);
#4539=PRODUCT_DEFINITION_FORMATION('',$,#4544);
#4540=PRODUCT_RELATED_PRODUCT_CATEGORY('Base','Base',(#4544));
#4541=APPLICATION_PROTOCOL_DEFINITION('international standard',
'automotive_design',2009,#4542);
#4542=APPLICATION_CONTEXT(
'Core Data for Automotive Mechanical Design Process');
#4543=PRODUCT_CONTEXT('part definition',#4542,'mechanical');
#4544=PRODUCT('Base','Base',$,(#4543));
#4545=PRESENTATION_STYLE_ASSIGNMENT((#4546));
#4546=SURFACE_STYLE_USAGE(.BOTH.,#4547);
#4547=SURFACE_SIDE_STYLE('',(#4548));
#4548=SURFACE_STYLE_FILL_AREA(#4549);
#4549=FILL_AREA_STYLE('Plastic - Glossy (Grey)',(#4550));
#4550=FILL_AREA_STYLE_COLOUR('Plastic - Glossy (Grey)',#4551);
#4551=COLOUR_RGB('Plastic - Glossy (Grey)',0.701960784313725,0.701960784313725,
0.701960784313725);
ENDSEC;
END-ISO-10303-21;
