ISO-10303-21;
HEADER;
/* Generated by software containing ST-Developer
 * from STEP Tools, Inc. (www.steptools.com) 
 */

FILE_DESCRIPTION(
/* description */ (''),
/* implementation_level */ '2;1');

FILE_NAME(
/* name */ 'Batt holder.step',
/* time_stamp */ '2026-03-31T08:37:59+01:00',
/* author */ (''),
/* organization */ (''),
/* preprocessor_version */ 'ST-DEVELOPER v20.1',
/* originating_system */ 'Autodesk Translation Framework v14.24.0.0',
/* authorisation */ '');

FILE_SCHEMA (('AUTOMOTIVE_DESIGN { 1 0 10303 214 3 1 1 }'));
ENDSEC;

DATA;
#10=MECHANICAL_DESIGN_GEOMETRIC_PRESENTATION_REPRESENTATION('',(#17,#18),
#4350);
#11=SHAPE_REPRESENTATION_RELATIONSHIP('SRR','None',#4357,#12);
#12=ADVANCED_BREP_SHAPE_REPRESENTATION('',(#19,#20),#4349);
#13=ELLIPSE('',#2641,32.5269119345812,23.);
#14=ELLIPSE('',#2647,32.5269119345812,23.);
#15=CONICAL_SURFACE('',#2637,1.6,0.785398163397448);
#16=CONICAL_SURFACE('',#2648,1.6,0.785398163397449);
#17=STYLED_ITEM('',(#4366),#19);
#18=STYLED_ITEM('',(#4366),#20);
#19=MANIFOLD_SOLID_BREP('Body39',#2467);
#20=MANIFOLD_SOLID_BREP('Body30',#2468);
#21=(
BOUNDED_CURVE()
B_SPLINE_CURVE(2,(#3962,#3963,#3964),.UNSPECIFIED.,.F.,.F.)
B_SPLINE_CURVE_WITH_KNOTS((3,3),(-0.330067648609951,0.),.UNSPECIFIED.)
CURVE()
GEOMETRIC_REPRESENTATION_ITEM()
RATIONAL_B_SPLINE_CURVE((1.,1.,1.))
REPRESENTATION_ITEM('')
);
#22=(
BOUNDED_CURVE()
B_SPLINE_CURVE(2,(#3971,#3972,#3973),.UNSPECIFIED.,.F.,.F.)
B_SPLINE_CURVE_WITH_KNOTS((3,3),(0.,0.346507425792048),.UNSPECIFIED.)
CURVE()
GEOMETRIC_REPRESENTATION_ITEM()
RATIONAL_B_SPLINE_CURVE((1.,1.22222222222222,1.))
REPRESENTATION_ITEM('')
);
#23=(
BOUNDED_SURFACE()
B_SPLINE_SURFACE(2,1,((#3956,#3957),(#3958,#3959),(#3960,#3961)),
 .UNSPECIFIED.,.F.,.F.,.F.)
B_SPLINE_SURFACE_WITH_KNOTS((3,3),(2,2),(-0.330067648609951,0.),(0.,0.675),
 .UNSPECIFIED.)
GEOMETRIC_REPRESENTATION_ITEM()
RATIONAL_B_SPLINE_SURFACE(((1.,1.),(1.,1.),(1.,1.)))
REPRESENTATION_ITEM('')
SURFACE()
);
#24=(
BOUNDED_SURFACE()
B_SPLINE_SURFACE(2,1,((#3965,#3966),(#3967,#3968),(#3969,#3970)),
 .UNSPECIFIED.,.F.,.F.,.F.)
B_SPLINE_SURFACE_WITH_KNOTS((3,3),(2,2),(0.,0.346507425792048),(0.,1.125),
 .UNSPECIFIED.)
GEOMETRIC_REPRESENTATION_ITEM()
RATIONAL_B_SPLINE_SURFACE(((1.,1.),(1.22222222222222,1.22222222222222),
(1.,1.)))
REPRESENTATION_ITEM('')
SURFACE()
);
#25=FACE_BOUND('',#334,.T.);
#26=FACE_BOUND('',#340,.T.);
#27=FACE_BOUND('',#343,.T.);
#28=FACE_BOUND('',#377,.T.);
#29=FACE_BOUND('',#378,.T.);
#30=FACE_BOUND('',#412,.T.);
#31=FACE_BOUND('',#413,.T.);
#32=CYLINDRICAL_SURFACE('',#2531,7.25000000000001);
#33=CYLINDRICAL_SURFACE('',#2532,7.25000000000001);
#34=CYLINDRICAL_SURFACE('',#2534,23.);
#35=CYLINDRICAL_SURFACE('',#2537,4.00000000000001);
#36=CYLINDRICAL_SURFACE('',#2541,4.);
#37=CYLINDRICAL_SURFACE('',#2556,1.25);
#38=CYLINDRICAL_SURFACE('',#2558,7.50000000000001);
#39=CYLINDRICAL_SURFACE('',#2562,1.25);
#40=CYLINDRICAL_SURFACE('',#2565,7.25000000000001);
#41=CYLINDRICAL_SURFACE('',#2568,1.25);
#42=CYLINDRICAL_SURFACE('',#2573,1.25);
#43=CYLINDRICAL_SURFACE('',#2576,7.25000000000001);
#44=CYLINDRICAL_SURFACE('',#2579,1.25);
#45=CYLINDRICAL_SURFACE('',#2582,7.55000000000001);
#46=CYLINDRICAL_SURFACE('',#2585,1.25);
#47=CYLINDRICAL_SURFACE('',#2595,7.50000000000001);
#48=CYLINDRICAL_SURFACE('',#2597,7.55000000000001);
#49=CYLINDRICAL_SURFACE('',#2600,1.25);
#50=CYLINDRICAL_SURFACE('',#2602,7.25000000000001);
#51=CYLINDRICAL_SURFACE('',#2604,1.25);
#52=CYLINDRICAL_SURFACE('',#2606,7.55000000000001);
#53=CYLINDRICAL_SURFACE('',#2608,1.25);
#54=CYLINDRICAL_SURFACE('',#2609,23.);
#55=CYLINDRICAL_SURFACE('',#2615,1.25);
#56=CYLINDRICAL_SURFACE('',#2616,1.25);
#57=CYLINDRICAL_SURFACE('',#2619,1.25);
#58=CYLINDRICAL_SURFACE('',#2622,7.50000000000001);
#59=CYLINDRICAL_SURFACE('',#2642,1.25);
#60=CYLINDRICAL_SURFACE('',#2655,1.25);
#61=CYLINDRICAL_SURFACE('',#2659,1.25);
#62=CYLINDRICAL_SURFACE('',#2662,1.25);
#63=CYLINDRICAL_SURFACE('',#2666,1.25);
#64=CYLINDRICAL_SURFACE('',#2670,1.25);
#65=CYLINDRICAL_SURFACE('',#2676,1.25);
#66=CYLINDRICAL_SURFACE('',#2680,1.25);
#67=CYLINDRICAL_SURFACE('',#2691,23.);
#68=CYLINDRICAL_SURFACE('',#2693,3.29);
#69=CYLINDRICAL_SURFACE('',#2694,3.29);
#70=CIRCLE('',#2488,23.);
#71=CIRCLE('',#2489,1.25);
#72=CIRCLE('',#2490,7.50000000000001);
#73=CIRCLE('',#2498,4.00000000000001);
#74=CIRCLE('',#2500,4.00000000000001);
#75=CIRCLE('',#2501,23.);
#76=CIRCLE('',#2502,1.25);
#77=CIRCLE('',#2503,7.50000000000001);
#78=CIRCLE('',#2504,1.25);
#79=CIRCLE('',#2505,7.25000000000001);
#80=CIRCLE('',#2507,7.25000000000001);
#81=CIRCLE('',#2508,1.25);
#82=CIRCLE('',#2509,1.25);
#83=CIRCLE('',#2510,7.25000000000001);
#84=CIRCLE('',#2511,1.25);
#85=CIRCLE('',#2512,7.55000000000001);
#86=CIRCLE('',#2513,1.25);
#87=CIRCLE('',#2514,23.);
#88=CIRCLE('',#2515,4.);
#89=CIRCLE('',#2516,23.);
#90=CIRCLE('',#2517,4.00000000000001);
#91=CIRCLE('',#2519,7.25000000000001);
#92=CIRCLE('',#2520,1.25);
#93=CIRCLE('',#2521,7.50000000000001);
#94=CIRCLE('',#2522,1.25);
#95=CIRCLE('',#2523,23.);
#96=CIRCLE('',#2524,1.25);
#97=CIRCLE('',#2525,7.55000000000001);
#98=CIRCLE('',#2526,1.25);
#99=CIRCLE('',#2527,7.25000000000001);
#100=CIRCLE('',#2528,1.25);
#101=CIRCLE('',#2529,1.25);
#102=CIRCLE('',#2530,7.25000000000001);
#103=CIRCLE('',#2535,23.);
#104=CIRCLE('',#2538,4.00000000000001);
#105=CIRCLE('',#2542,4.);
#106=CIRCLE('',#2544,23.);
#107=CIRCLE('',#2545,1.25);
#108=CIRCLE('',#2546,7.55000000000001);
#109=CIRCLE('',#2547,1.25);
#110=CIRCLE('',#2548,7.25000000000001);
#111=CIRCLE('',#2549,1.25);
#112=CIRCLE('',#2550,1.25);
#113=CIRCLE('',#2551,7.25000000000001);
#114=CIRCLE('',#2552,1.25);
#115=CIRCLE('',#2553,7.50000000000001);
#116=CIRCLE('',#2554,1.25);
#117=CIRCLE('',#2555,23.);
#118=CIRCLE('',#2559,7.50000000000001);
#119=CIRCLE('',#2560,7.50000000000001);
#120=CIRCLE('',#2563,1.25);
#121=CIRCLE('',#2566,7.25000000000001);
#122=CIRCLE('',#2569,1.25);
#123=CIRCLE('',#2574,1.25);
#124=CIRCLE('',#2577,7.25000000000001);
#125=CIRCLE('',#2580,1.25);
#126=CIRCLE('',#2583,7.55000000000001);
#127=CIRCLE('',#2586,1.25);
#128=CIRCLE('',#2592,7.50000000000001);
#129=CIRCLE('',#2593,7.55000000000001);
#130=CIRCLE('',#2596,7.50000000000001);
#131=CIRCLE('',#2598,7.55000000000001);
#132=CIRCLE('',#2610,23.);
#133=CIRCLE('',#2611,23.);
#134=CIRCLE('',#2628,23.);
#135=CIRCLE('',#2629,1.25);
#136=CIRCLE('',#2631,23.);
#137=CIRCLE('',#2632,3.29);
#138=CIRCLE('',#2633,3.29);
#139=CIRCLE('',#2638,1.95);
#140=CIRCLE('',#2639,1.25);
#141=CIRCLE('',#2643,1.25);
#142=CIRCLE('',#2649,1.95);
#143=CIRCLE('',#2650,1.25);
#144=CIRCLE('',#2653,23.);
#145=CIRCLE('',#2656,1.25);
#146=CIRCLE('',#2660,1.25);
#147=CIRCLE('',#2663,1.25);
#148=CIRCLE('',#2664,1.25);
#149=CIRCLE('',#2667,1.25);
#150=CIRCLE('',#2668,1.25);
#151=CIRCLE('',#2671,1.25);
#152=CIRCLE('',#2672,1.25);
#153=CIRCLE('',#2677,1.25);
#154=CIRCLE('',#2678,1.25);
#155=CIRCLE('',#2681,1.25);
#156=CIRCLE('',#2682,1.25);
#157=CIRCLE('',#2687,23.);
#158=CIRCLE('',#2688,23.);
#159=CIRCLE('',#2689,3.29);
#160=CIRCLE('',#2690,3.29);
#161=CIRCLE('',#2692,23.);
#162=B_SPLINE_CURVE_WITH_KNOTS('',3,(#3424,#3425,#3426,#3427),
 .UNSPECIFIED.,.F.,.F.,(4,4),(-0.337985550597472,0.),.UNSPECIFIED.);
#163=B_SPLINE_CURVE_WITH_KNOTS('',3,(#3780,#3781,#3782,#3783,#3784,#3785,
#3786,#3787,#3788,#3789,#3790,#3791,#3792,#3793,#3794,#3795,#3796,#3797,
#3798,#3799,#3800,#3801,#3802,#3803,#3804,#3805,#3806,#3807,#3808,#3809,
#3810,#3811,#3812,#3813,#3814,#3815,#3816,#3817,#3818,#3819,#3820,#3821,
#3822,#3823,#3824,#3825,#3826,#3827,#3828,#3829,#3830,#3831,#3832,#3833,
#3834,#3835,#3836,#3837,#3838,#3839,#3840,#3841,#3842,#3843,#3844,#3845,
#3846,#3847,#3848,#3849,#3850,#3851,#3852,#3853,#3854,#3855,#3856,#3857,
#3858,#3859,#3860,#3861,#3862,#3863,#3864,#3865,#3866,#3867,#3868,#3869,
#3870,#3871,#3872,#3873,#3874,#3875,#3876,#3877,#3878,#3879,#3880,#3881,
#3882,#3883,#3884,#3885,#3886,#3887,#3888,#3889,#3890,#3891,#3892,#3893,
#3894,#3895,#3896,#3897,#3898,#3899,#3900,#3901,#3902,#3903,#3904,#3905,
#3906,#3907,#3908,#3909,#3910,#3911,#3912,#3913,#3914,#3915,#3916,#3917,
#3918,#3919,#3920,#3921,#3922,#3923,#3924,#3925,#3926,#3927,#3928,#3929,
#3930),.UNSPECIFIED.,.T.,.F.,(4,3,3,3,3,3,3,3,3,3,3,3,3,3,3,3,3,3,3,3,3,
3,3,3,3,3,3,3,3,3,3,3,3,3,3,3,3,3,3,3,3,3,3,3,3,3,3,3,3,3,4),(0.,0.010613684080969,
0.0156462879584158,0.0285734785377086,0.0428075065118145,0.0436383690580943,
0.0538480538558272,0.0645567562567985,0.0750095565688835,0.0875140129576317,
0.100330259274397,0.103141367116014,0.116540922429507,0.129940477743,0.141944902940741,
0.153343859812657,0.157841893166008,0.174764408722233,0.191734392224126,
0.207319859415951,0.220523209574996,0.230966529530978,0.237449082193787,
0.247766443141506,0.248462424252826,0.257387516512723,0.258258323528122,
0.269783201358288,0.2799976996242,0.288754166960031,0.307805902328121,0.326436053687189,
0.338429330862577,0.351035552334736,0.357310558840077,0.37159539016767,
0.385880221495263,0.400069774067603,0.413441716730361,0.414259326639944,
0.425809481656188,0.436605177809744,0.444358066778556,0.462983603409552,
0.481209118007744,0.489854085503367,0.497943811921884,0.508363385948738,
0.516221728081863,0.517351376619153,0.527023735735259),.UNSPECIFIED.);
#164=B_SPLINE_CURVE_WITH_KNOTS('',3,(#3974,#3975,#3976,#3977,#3978,#3979,
#3980,#3981,#3982,#3983,#3984,#3985,#3986,#3987,#3988,#3989,#3990,#3991,
#3992,#3993,#3994,#3995,#3996,#3997,#3998,#3999,#4000,#4001,#4002,#4003,
#4004,#4005,#4006,#4007,#4008,#4009,#4010,#4011,#4012,#4013,#4014,#4015,
#4016,#4017,#4018,#4019,#4020,#4021,#4022,#4023,#4024,#4025,#4026,#4027,
#4028,#4029,#4030,#4031,#4032,#4033,#4034,#4035,#4036,#4037),
 .UNSPECIFIED.,.F.,.F.,(4,3,3,3,3,3,3,3,3,3,3,3,3,3,3,3,3,3,3,3,3,4),(-0.482270791420285,
-0.461305963938762,-0.439416129404954,-0.416584192880856,-0.392808941934608,
-0.367678989533393,-0.341762169869498,-0.315191855944744,-0.288161243850249,
-0.260916706106711,-0.233732632175008,-0.206874068939937,-0.18093709733283,
-0.155713270050145,-0.131274524790485,-0.107659046455372,-0.0848807049531103,
-0.0634055269082286,-0.0426163987317024,-0.0224990664745291,-0.00328797415696267,
5.55111512312578E-17),.UNSPECIFIED.);
#165=FACE_OUTER_BOUND('',#289,.T.);
#166=FACE_OUTER_BOUND('',#290,.T.);
#167=FACE_OUTER_BOUND('',#291,.T.);
#168=FACE_OUTER_BOUND('',#292,.T.);
#169=FACE_OUTER_BOUND('',#293,.T.);
#170=FACE_OUTER_BOUND('',#294,.T.);
#171=FACE_OUTER_BOUND('',#295,.T.);
#172=FACE_OUTER_BOUND('',#296,.T.);
#173=FACE_OUTER_BOUND('',#297,.T.);
#174=FACE_OUTER_BOUND('',#298,.T.);
#175=FACE_OUTER_BOUND('',#299,.T.);
#176=FACE_OUTER_BOUND('',#300,.T.);
#177=FACE_OUTER_BOUND('',#301,.T.);
#178=FACE_OUTER_BOUND('',#302,.T.);
#179=FACE_OUTER_BOUND('',#303,.T.);
#180=FACE_OUTER_BOUND('',#304,.T.);
#181=FACE_OUTER_BOUND('',#305,.T.);
#182=FACE_OUTER_BOUND('',#306,.T.);
#183=FACE_OUTER_BOUND('',#307,.T.);
#184=FACE_OUTER_BOUND('',#308,.T.);
#185=FACE_OUTER_BOUND('',#309,.T.);
#186=FACE_OUTER_BOUND('',#310,.T.);
#187=FACE_OUTER_BOUND('',#311,.T.);
#188=FACE_OUTER_BOUND('',#312,.T.);
#189=FACE_OUTER_BOUND('',#313,.T.);
#190=FACE_OUTER_BOUND('',#314,.T.);
#191=FACE_OUTER_BOUND('',#315,.T.);
#192=FACE_OUTER_BOUND('',#316,.T.);
#193=FACE_OUTER_BOUND('',#317,.T.);
#194=FACE_OUTER_BOUND('',#318,.T.);
#195=FACE_OUTER_BOUND('',#319,.T.);
#196=FACE_OUTER_BOUND('',#320,.T.);
#197=FACE_OUTER_BOUND('',#321,.T.);
#198=FACE_OUTER_BOUND('',#322,.T.);
#199=FACE_OUTER_BOUND('',#323,.T.);
#200=FACE_OUTER_BOUND('',#324,.T.);
#201=FACE_OUTER_BOUND('',#325,.T.);
#202=FACE_OUTER_BOUND('',#326,.T.);
#203=FACE_OUTER_BOUND('',#327,.T.);
#204=FACE_OUTER_BOUND('',#328,.T.);
#205=FACE_OUTER_BOUND('',#329,.T.);
#206=FACE_OUTER_BOUND('',#330,.T.);
#207=FACE_OUTER_BOUND('',#331,.T.);
#208=FACE_OUTER_BOUND('',#332,.T.);
#209=FACE_OUTER_BOUND('',#333,.T.);
#210=FACE_OUTER_BOUND('',#335,.T.);
#211=FACE_OUTER_BOUND('',#336,.T.);
#212=FACE_OUTER_BOUND('',#337,.T.);
#213=FACE_OUTER_BOUND('',#338,.T.);
#214=FACE_OUTER_BOUND('',#339,.T.);
#215=FACE_OUTER_BOUND('',#341,.T.);
#216=FACE_OUTER_BOUND('',#342,.T.);
#217=FACE_OUTER_BOUND('',#344,.T.);
#218=FACE_OUTER_BOUND('',#345,.T.);
#219=FACE_OUTER_BOUND('',#346,.T.);
#220=FACE_OUTER_BOUND('',#347,.T.);
#221=FACE_OUTER_BOUND('',#348,.T.);
#222=FACE_OUTER_BOUND('',#349,.T.);
#223=FACE_OUTER_BOUND('',#350,.T.);
#224=FACE_OUTER_BOUND('',#351,.T.);
#225=FACE_OUTER_BOUND('',#352,.T.);
#226=FACE_OUTER_BOUND('',#353,.T.);
#227=FACE_OUTER_BOUND('',#354,.T.);
#228=FACE_OUTER_BOUND('',#355,.T.);
#229=FACE_OUTER_BOUND('',#356,.T.);
#230=FACE_OUTER_BOUND('',#357,.T.);
#231=FACE_OUTER_BOUND('',#358,.T.);
#232=FACE_OUTER_BOUND('',#359,.T.);
#233=FACE_OUTER_BOUND('',#360,.T.);
#234=FACE_OUTER_BOUND('',#361,.T.);
#235=FACE_OUTER_BOUND('',#362,.T.);
#236=FACE_OUTER_BOUND('',#363,.T.);
#237=FACE_OUTER_BOUND('',#364,.T.);
#238=FACE_OUTER_BOUND('',#365,.T.);
#239=FACE_OUTER_BOUND('',#366,.T.);
#240=FACE_OUTER_BOUND('',#367,.T.);
#241=FACE_OUTER_BOUND('',#368,.T.);
#242=FACE_OUTER_BOUND('',#369,.T.);
#243=FACE_OUTER_BOUND('',#370,.T.);
#244=FACE_OUTER_BOUND('',#371,.T.);
#245=FACE_OUTER_BOUND('',#372,.T.);
#246=FACE_OUTER_BOUND('',#373,.T.);
#247=FACE_OUTER_BOUND('',#374,.T.);
#248=FACE_OUTER_BOUND('',#375,.T.);
#249=FACE_OUTER_BOUND('',#376,.T.);
#250=FACE_OUTER_BOUND('',#379,.T.);
#251=FACE_OUTER_BOUND('',#380,.T.);
#252=FACE_OUTER_BOUND('',#381,.T.);
#253=FACE_OUTER_BOUND('',#382,.T.);
#254=FACE_OUTER_BOUND('',#383,.T.);
#255=FACE_OUTER_BOUND('',#384,.T.);
#256=FACE_OUTER_BOUND('',#385,.T.);
#257=FACE_OUTER_BOUND('',#386,.T.);
#258=FACE_OUTER_BOUND('',#387,.T.);
#259=FACE_OUTER_BOUND('',#388,.T.);
#260=FACE_OUTER_BOUND('',#389,.T.);
#261=FACE_OUTER_BOUND('',#390,.T.);
#262=FACE_OUTER_BOUND('',#391,.T.);
#263=FACE_OUTER_BOUND('',#392,.T.);
#264=FACE_OUTER_BOUND('',#393,.T.);
#265=FACE_OUTER_BOUND('',#394,.T.);
#266=FACE_OUTER_BOUND('',#395,.T.);
#267=FACE_OUTER_BOUND('',#396,.T.);
#268=FACE_OUTER_BOUND('',#397,.T.);
#269=FACE_OUTER_BOUND('',#398,.T.);
#270=FACE_OUTER_BOUND('',#399,.T.);
#271=FACE_OUTER_BOUND('',#400,.T.);
#272=FACE_OUTER_BOUND('',#401,.T.);
#273=FACE_OUTER_BOUND('',#402,.T.);
#274=FACE_OUTER_BOUND('',#403,.T.);
#275=FACE_OUTER_BOUND('',#404,.T.);
#276=FACE_OUTER_BOUND('',#405,.T.);
#277=FACE_OUTER_BOUND('',#406,.T.);
#278=FACE_OUTER_BOUND('',#407,.T.);
#279=FACE_OUTER_BOUND('',#408,.T.);
#280=FACE_OUTER_BOUND('',#409,.T.);
#281=FACE_OUTER_BOUND('',#410,.T.);
#282=FACE_OUTER_BOUND('',#411,.T.);
#283=FACE_OUTER_BOUND('',#414,.T.);
#284=FACE_OUTER_BOUND('',#415,.T.);
#285=FACE_OUTER_BOUND('',#416,.T.);
#286=FACE_OUTER_BOUND('',#417,.T.);
#287=FACE_OUTER_BOUND('',#418,.T.);
#288=FACE_OUTER_BOUND('',#419,.T.);
#289=EDGE_LOOP('',(#1541,#1542,#1543,#1544));
#290=EDGE_LOOP('',(#1545,#1546,#1547,#1548));
#291=EDGE_LOOP('',(#1549,#1550,#1551,#1552,#1553,#1554,#1555,#1556));
#292=EDGE_LOOP('',(#1557,#1558,#1559,#1560,#1561,#1562));
#293=EDGE_LOOP('',(#1563,#1564,#1565,#1566));
#294=EDGE_LOOP('',(#1567,#1568,#1569,#1570,#1571,#1572,#1573,#1574));
#295=EDGE_LOOP('',(#1575,#1576,#1577,#1578));
#296=EDGE_LOOP('',(#1579,#1580,#1581,#1582,#1583,#1584,#1585,#1586));
#297=EDGE_LOOP('',(#1587,#1588,#1589,#1590,#1591,#1592,#1593,#1594));
#298=EDGE_LOOP('',(#1595,#1596,#1597,#1598));
#299=EDGE_LOOP('',(#1599,#1600,#1601,#1602));
#300=EDGE_LOOP('',(#1603,#1604,#1605,#1606,#1607,#1608,#1609,#1610));
#301=EDGE_LOOP('',(#1611,#1612,#1613,#1614));
#302=EDGE_LOOP('',(#1615,#1616,#1617,#1618,#1619,#1620,#1621,#1622,#1623,
#1624,#1625));
#303=EDGE_LOOP('',(#1626,#1627,#1628,#1629,#1630,#1631,#1632,#1633,#1634,
#1635,#1636,#1637,#1638,#1639,#1640,#1641,#1642,#1643,#1644,#1645,#1646,
#1647,#1648));
#304=EDGE_LOOP('',(#1649,#1650,#1651,#1652,#1653,#1654,#1655,#1656,#1657,
#1658,#1659,#1660,#1661,#1662,#1663,#1664,#1665,#1666,#1667,#1668,#1669,
#1670,#1671,#1672,#1673,#1674));
#305=EDGE_LOOP('',(#1675,#1676,#1677,#1678));
#306=EDGE_LOOP('',(#1679,#1680,#1681,#1682));
#307=EDGE_LOOP('',(#1683,#1684,#1685,#1686));
#308=EDGE_LOOP('',(#1687,#1688,#1689,#1690));
#309=EDGE_LOOP('',(#1691,#1692,#1693,#1694));
#310=EDGE_LOOP('',(#1695,#1696,#1697,#1698,#1699,#1700,#1701,#1702));
#311=EDGE_LOOP('',(#1703,#1704,#1705,#1706));
#312=EDGE_LOOP('',(#1707,#1708,#1709,#1710));
#313=EDGE_LOOP('',(#1711,#1712,#1713,#1714));
#314=EDGE_LOOP('',(#1715,#1716,#1717,#1718,#1719,#1720,#1721,#1722,#1723,
#1724,#1725,#1726,#1727,#1728,#1729,#1730,#1731,#1732,#1733,#1734,#1735,
#1736,#1737,#1738,#1739,#1740,#1741,#1742,#1743,#1744));
#315=EDGE_LOOP('',(#1745,#1746,#1747,#1748));
#316=EDGE_LOOP('',(#1749,#1750,#1751,#1752));
#317=EDGE_LOOP('',(#1753,#1754,#1755,#1756,#1757,#1758,#1759,#1760));
#318=EDGE_LOOP('',(#1761,#1762,#1763,#1764));
#319=EDGE_LOOP('',(#1765,#1766,#1767,#1768));
#320=EDGE_LOOP('',(#1769,#1770,#1771,#1772));
#321=EDGE_LOOP('',(#1773,#1774,#1775,#1776));
#322=EDGE_LOOP('',(#1777,#1778,#1779,#1780));
#323=EDGE_LOOP('',(#1781,#1782,#1783,#1784));
#324=EDGE_LOOP('',(#1785,#1786,#1787,#1788,#1789,#1790));
#325=EDGE_LOOP('',(#1791,#1792,#1793,#1794));
#326=EDGE_LOOP('',(#1795,#1796,#1797,#1798,#1799,#1800));
#327=EDGE_LOOP('',(#1801,#1802,#1803,#1804));
#328=EDGE_LOOP('',(#1805,#1806,#1807,#1808));
#329=EDGE_LOOP('',(#1809,#1810,#1811,#1812));
#330=EDGE_LOOP('',(#1813,#1814,#1815,#1816));
#331=EDGE_LOOP('',(#1817,#1818,#1819,#1820));
#332=EDGE_LOOP('',(#1821,#1822,#1823,#1824));
#333=EDGE_LOOP('',(#1825,#1826,#1827,#1828));
#334=EDGE_LOOP('',(#1829));
#335=EDGE_LOOP('',(#1830,#1831,#1832,#1833));
#336=EDGE_LOOP('',(#1834,#1835,#1836,#1837));
#337=EDGE_LOOP('',(#1838,#1839,#1840,#1841,#1842,#1843,#1844,#1845));
#338=EDGE_LOOP('',(#1846,#1847,#1848,#1849));
#339=EDGE_LOOP('',(#1850,#1851,#1852,#1853));
#340=EDGE_LOOP('',(#1854));
#341=EDGE_LOOP('',(#1855,#1856));
#342=EDGE_LOOP('',(#1857,#1858,#1859,#1860,#1861,#1862,#1863,#1864));
#343=EDGE_LOOP('',(#1865,#1866,#1867,#1868));
#344=EDGE_LOOP('',(#1869,#1870,#1871,#1872));
#345=EDGE_LOOP('',(#1873,#1874,#1875,#1876,#1877));
#346=EDGE_LOOP('',(#1878,#1879,#1880,#1881));
#347=EDGE_LOOP('',(#1882,#1883,#1884,#1885));
#348=EDGE_LOOP('',(#1886,#1887,#1888,#1889));
#349=EDGE_LOOP('',(#1890,#1891,#1892,#1893));
#350=EDGE_LOOP('',(#1894,#1895,#1896,#1897));
#351=EDGE_LOOP('',(#1898,#1899,#1900,#1901));
#352=EDGE_LOOP('',(#1902,#1903,#1904,#1905));
#353=EDGE_LOOP('',(#1906,#1907,#1908,#1909));
#354=EDGE_LOOP('',(#1910,#1911,#1912,#1913));
#355=EDGE_LOOP('',(#1914,#1915,#1916,#1917));
#356=EDGE_LOOP('',(#1918,#1919,#1920,#1921));
#357=EDGE_LOOP('',(#1922,#1923,#1924,#1925));
#358=EDGE_LOOP('',(#1926,#1927,#1928,#1929));
#359=EDGE_LOOP('',(#1930,#1931,#1932,#1933,#1934,#1935,#1936,#1937,#1938,
#1939,#1940,#1941,#1942,#1943,#1944,#1945));
#360=EDGE_LOOP('',(#1946,#1947,#1948,#1949));
#361=EDGE_LOOP('',(#1950,#1951,#1952,#1953));
#362=EDGE_LOOP('',(#1954,#1955,#1956,#1957));
#363=EDGE_LOOP('',(#1958,#1959,#1960,#1961));
#364=EDGE_LOOP('',(#1962,#1963,#1964,#1965));
#365=EDGE_LOOP('',(#1966,#1967,#1968,#1969));
#366=EDGE_LOOP('',(#1970,#1971,#1972,#1973));
#367=EDGE_LOOP('',(#1974,#1975,#1976,#1977));
#368=EDGE_LOOP('',(#1978,#1979,#1980,#1981));
#369=EDGE_LOOP('',(#1982,#1983,#1984,#1985,#1986,#1987,#1988,#1989,#1990,
#1991,#1992,#1993,#1994,#1995,#1996,#1997,#1998,#1999,#2000,#2001,#2002,
#2003,#2004,#2005,#2006,#2007,#2008));
#370=EDGE_LOOP('',(#2009,#2010,#2011,#2012));
#371=EDGE_LOOP('',(#2013,#2014,#2015,#2016));
#372=EDGE_LOOP('',(#2017,#2018,#2019,#2020));
#373=EDGE_LOOP('',(#2021,#2022,#2023,#2024));
#374=EDGE_LOOP('',(#2025,#2026,#2027,#2028,#2029,#2030,#2031,#2032));
#375=EDGE_LOOP('',(#2033,#2034,#2035,#2036,#2037,#2038,#2039));
#376=EDGE_LOOP('',(#2040,#2041,#2042,#2043,#2044,#2045,#2046,#2047));
#377=EDGE_LOOP('',(#2048));
#378=EDGE_LOOP('',(#2049));
#379=EDGE_LOOP('',(#2050,#2051,#2052,#2053));
#380=EDGE_LOOP('',(#2054,#2055,#2056,#2057));
#381=EDGE_LOOP('',(#2058,#2059,#2060,#2061));
#382=EDGE_LOOP('',(#2062,#2063,#2064,#2065));
#383=EDGE_LOOP('',(#2066,#2067,#2068,#2069));
#384=EDGE_LOOP('',(#2070,#2071,#2072,#2073));
#385=EDGE_LOOP('',(#2074,#2075,#2076,#2077));
#386=EDGE_LOOP('',(#2078,#2079,#2080,#2081,#2082,#2083));
#387=EDGE_LOOP('',(#2084,#2085,#2086,#2087));
#388=EDGE_LOOP('',(#2088,#2089,#2090,#2091));
#389=EDGE_LOOP('',(#2092,#2093,#2094,#2095));
#390=EDGE_LOOP('',(#2096,#2097,#2098,#2099,#2100,#2101,#2102,#2103));
#391=EDGE_LOOP('',(#2104,#2105,#2106,#2107));
#392=EDGE_LOOP('',(#2108,#2109,#2110,#2111));
#393=EDGE_LOOP('',(#2112,#2113,#2114,#2115));
#394=EDGE_LOOP('',(#2116,#2117,#2118,#2119));
#395=EDGE_LOOP('',(#2120,#2121,#2122,#2123));
#396=EDGE_LOOP('',(#2124,#2125,#2126,#2127));
#397=EDGE_LOOP('',(#2128,#2129,#2130,#2131));
#398=EDGE_LOOP('',(#2132,#2133,#2134,#2135));
#399=EDGE_LOOP('',(#2136,#2137,#2138,#2139));
#400=EDGE_LOOP('',(#2140,#2141,#2142,#2143));
#401=EDGE_LOOP('',(#2144,#2145,#2146,#2147));
#402=EDGE_LOOP('',(#2148,#2149,#2150,#2151));
#403=EDGE_LOOP('',(#2152,#2153,#2154,#2155));
#404=EDGE_LOOP('',(#2156,#2157,#2158,#2159));
#405=EDGE_LOOP('',(#2160,#2161,#2162,#2163));
#406=EDGE_LOOP('',(#2164,#2165,#2166,#2167));
#407=EDGE_LOOP('',(#2168,#2169,#2170,#2171));
#408=EDGE_LOOP('',(#2172,#2173,#2174,#2175));
#409=EDGE_LOOP('',(#2176,#2177,#2178,#2179));
#410=EDGE_LOOP('',(#2180,#2181,#2182,#2183));
#411=EDGE_LOOP('',(#2184,#2185,#2186,#2187,#2188,#2189,#2190,#2191,#2192,
#2193,#2194,#2195,#2196,#2197,#2198,#2199,#2200,#2201,#2202,#2203,#2204,
#2205,#2206,#2207,#2208,#2209));
#412=EDGE_LOOP('',(#2210));
#413=EDGE_LOOP('',(#2211));
#414=EDGE_LOOP('',(#2212,#2213,#2214,#2215,#2216,#2217,#2218,#2219,#2220,
#2221,#2222,#2223,#2224,#2225));
#415=EDGE_LOOP('',(#2226,#2227,#2228,#2229));
#416=EDGE_LOOP('',(#2230,#2231,#2232,#2233));
#417=EDGE_LOOP('',(#2234,#2235,#2236,#2237));
#418=EDGE_LOOP('',(#2238,#2239,#2240,#2241));
#419=EDGE_LOOP('',(#2242,#2243,#2244,#2245,#2246,#2247,#2248,#2249,#2250,
#2251,#2252,#2253,#2254,#2255,#2256,#2257,#2258,#2259,#2260));
#420=LINE('',#3397,#681);
#421=LINE('',#3399,#682);
#422=LINE('',#3401,#683);
#423=LINE('',#3402,#684);
#424=LINE('',#3405,#685);
#425=LINE('',#3407,#686);
#426=LINE('',#3408,#687);
#427=LINE('',#3412,#688);
#428=LINE('',#3414,#689);
#429=LINE('',#3416,#690);
#430=LINE('',#3418,#691);
#431=LINE('',#3419,#692);
#432=LINE('',#3420,#693);
#433=LINE('',#3428,#694);
#434=LINE('',#3430,#695);
#435=LINE('',#3431,#696);
#436=LINE('',#3434,#697);
#437=LINE('',#3436,#698);
#438=LINE('',#3437,#699);
#439=LINE('',#3440,#700);
#440=LINE('',#3446,#701);
#441=LINE('',#3450,#702);
#442=LINE('',#3452,#703);
#443=LINE('',#3453,#704);
#444=LINE('',#3456,#705);
#445=LINE('',#3458,#706);
#446=LINE('',#3460,#707);
#447=LINE('',#3461,#708);
#448=LINE('',#3465,#709);
#449=LINE('',#3467,#710);
#450=LINE('',#3469,#711);
#451=LINE('',#3471,#712);
#452=LINE('',#3473,#713);
#453=LINE('',#3475,#714);
#454=LINE('',#3477,#715);
#455=LINE('',#3478,#716);
#456=LINE('',#3481,#717);
#457=LINE('',#3483,#718);
#458=LINE('',#3484,#719);
#459=LINE('',#3487,#720);
#460=LINE('',#3488,#721);
#461=LINE('',#3492,#722);
#462=LINE('',#3494,#723);
#463=LINE('',#3496,#724);
#464=LINE('',#3497,#725);
#465=LINE('',#3499,#726);
#466=LINE('',#3500,#727);
#467=LINE('',#3503,#728);
#468=LINE('',#3508,#729);
#469=LINE('',#3514,#730);
#470=LINE('',#3518,#731);
#471=LINE('',#3522,#732);
#472=LINE('',#3528,#733);
#473=LINE('',#3532,#734);
#474=LINE('',#3534,#735);
#475=LINE('',#3536,#736);
#476=LINE('',#3540,#737);
#477=LINE('',#3544,#738);
#478=LINE('',#3548,#739);
#479=LINE('',#3552,#740);
#480=LINE('',#3558,#741);
#481=LINE('',#3562,#742);
#482=LINE('',#3566,#743);
#483=LINE('',#3572,#744);
#484=LINE('',#3576,#745);
#485=LINE('',#3580,#746);
#486=LINE('',#3588,#747);
#487=LINE('',#3592,#748);
#488=LINE('',#3596,#749);
#489=LINE('',#3600,#750);
#490=LINE('',#3604,#751);
#491=LINE('',#3606,#752);
#492=LINE('',#3608,#753);
#493=LINE('',#3612,#754);
#494=LINE('',#3615,#755);
#495=LINE('',#3617,#756);
#496=LINE('',#3620,#757);
#497=LINE('',#3622,#758);
#498=LINE('',#3623,#759);
#499=LINE('',#3627,#760);
#500=LINE('',#3630,#761);
#501=LINE('',#3631,#762);
#502=LINE('',#3635,#763);
#503=LINE('',#3638,#764);
#504=LINE('',#3639,#765);
#505=LINE('',#3642,#766);
#506=LINE('',#3644,#767);
#507=LINE('',#3645,#768);
#508=LINE('',#3654,#769);
#509=LINE('',#3658,#770);
#510=LINE('',#3662,#771);
#511=LINE('',#3666,#772);
#512=LINE('',#3670,#773);
#513=LINE('',#3672,#774);
#514=LINE('',#3674,#775);
#515=LINE('',#3678,#776);
#516=LINE('',#3682,#777);
#517=LINE('',#3686,#778);
#518=LINE('',#3690,#779);
#519=LINE('',#3695,#780);
#520=LINE('',#3696,#781);
#521=LINE('',#3698,#782);
#522=LINE('',#3701,#783);
#523=LINE('',#3705,#784);
#524=LINE('',#3709,#785);
#525=LINE('',#3710,#786);
#526=LINE('',#3713,#787);
#527=LINE('',#3717,#788);
#528=LINE('',#3718,#789);
#529=LINE('',#3721,#790);
#530=LINE('',#3725,#791);
#531=LINE('',#3726,#792);
#532=LINE('',#3729,#793);
#533=LINE('',#3733,#794);
#534=LINE('',#3735,#795);
#535=LINE('',#3737,#796);
#536=LINE('',#3738,#797);
#537=LINE('',#3741,#798);
#538=LINE('',#3742,#799);
#539=LINE('',#3745,#800);
#540=LINE('',#3747,#801);
#541=LINE('',#3749,#802);
#542=LINE('',#3750,#803);
#543=LINE('',#3753,#804);
#544=LINE('',#3757,#805);
#545=LINE('',#3758,#806);
#546=LINE('',#3761,#807);
#547=LINE('',#3765,#808);
#548=LINE('',#3766,#809);
#549=LINE('',#3769,#810);
#550=LINE('',#3773,#811);
#551=LINE('',#3774,#812);
#552=LINE('',#3777,#813);
#553=LINE('',#3933,#814);
#554=LINE('',#3934,#815);
#555=LINE('',#3937,#816);
#556=LINE('',#3942,#817);
#557=LINE('',#3944,#818);
#558=LINE('',#3946,#819);
#559=LINE('',#3948,#820);
#560=LINE('',#3950,#821);
#561=LINE('',#3952,#822);
#562=LINE('',#3954,#823);
#563=LINE('',#3955,#824);
#564=LINE('',#4040,#825);
#565=LINE('',#4041,#826);
#566=LINE('',#4043,#827);
#567=LINE('',#4044,#828);
#568=LINE('',#4050,#829);
#569=LINE('',#4053,#830);
#570=LINE('',#4058,#831);
#571=LINE('',#4060,#832);
#572=LINE('',#4062,#833);
#573=LINE('',#4064,#834);
#574=LINE('',#4066,#835);
#575=LINE('',#4068,#836);
#576=LINE('',#4070,#837);
#577=LINE('',#4072,#838);
#578=LINE('',#4074,#839);
#579=LINE('',#4076,#840);
#580=LINE('',#4079,#841);
#581=LINE('',#4082,#842);
#582=LINE('',#4083,#843);
#583=LINE('',#4086,#844);
#584=LINE('',#4087,#845);
#585=LINE('',#4090,#846);
#586=LINE('',#4093,#847);
#587=LINE('',#4095,#848);
#588=LINE('',#4097,#849);
#589=LINE('',#4104,#850);
#590=LINE('',#4106,#851);
#591=LINE('',#4108,#852);
#592=LINE('',#4109,#853);
#593=LINE('',#4113,#854);
#594=LINE('',#4115,#855);
#595=LINE('',#4117,#856);
#596=LINE('',#4118,#857);
#597=LINE('',#4122,#858);
#598=LINE('',#4124,#859);
#599=LINE('',#4126,#860);
#600=LINE('',#4127,#861);
#601=LINE('',#4128,#862);
#602=LINE('',#4129,#863);
#603=LINE('',#4132,#864);
#604=LINE('',#4138,#865);
#605=LINE('',#4139,#866);
#606=LINE('',#4142,#867);
#607=LINE('',#4144,#868);
#608=LINE('',#4146,#869);
#609=LINE('',#4149,#870);
#610=LINE('',#4156,#871);
#611=LINE('',#4157,#872);
#612=LINE('',#4159,#873);
#613=LINE('',#4163,#874);
#614=LINE('',#4165,#875);
#615=LINE('',#4167,#876);
#616=LINE('',#4168,#877);
#617=LINE('',#4172,#878);
#618=LINE('',#4179,#879);
#619=LINE('',#4180,#880);
#620=LINE('',#4183,#881);
#621=LINE('',#4186,#882);
#622=LINE('',#4189,#883);
#623=LINE('',#4190,#884);
#624=LINE('',#4193,#885);
#625=LINE('',#4195,#886);
#626=LINE('',#4197,#887);
#627=LINE('',#4198,#888);
#628=LINE('',#4204,#889);
#629=LINE('',#4206,#890);
#630=LINE('',#4207,#891);
#631=LINE('',#4211,#892);
#632=LINE('',#4215,#893);
#633=LINE('',#4216,#894);
#634=LINE('',#4221,#895);
#635=LINE('',#4223,#896);
#636=LINE('',#4224,#897);
#637=LINE('',#4227,#898);
#638=LINE('',#4231,#899);
#639=LINE('',#4232,#900);
#640=LINE('',#4235,#901);
#641=LINE('',#4236,#902);
#642=LINE('',#4239,#903);
#643=LINE('',#4243,#904);
#644=LINE('',#4244,#905);
#645=LINE('',#4250,#906);
#646=LINE('',#4253,#907);
#647=LINE('',#4256,#908);
#648=LINE('',#4258,#909);
#649=LINE('',#4259,#910);
#650=LINE('',#4264,#911);
#651=LINE('',#4268,#912);
#652=LINE('',#4270,#913);
#653=LINE('',#4271,#914);
#654=LINE('',#4276,#915);
#655=LINE('',#4280,#916);
#656=LINE('',#4282,#917);
#657=LINE('',#4283,#918);
#658=LINE('',#4286,#919);
#659=LINE('',#4288,#920);
#660=LINE('',#4289,#921);
#661=LINE('',#4292,#922);
#662=LINE('',#4294,#923);
#663=LINE('',#4295,#924);
#664=LINE('',#4300,#925);
#665=LINE('',#4304,#926);
#666=LINE('',#4306,#927);
#667=LINE('',#4307,#928);
#668=LINE('',#4312,#929);
#669=LINE('',#4316,#930);
#670=LINE('',#4318,#931);
#671=LINE('',#4319,#932);
#672=LINE('',#4321,#933);
#673=LINE('',#4322,#934);
#674=LINE('',#4324,#935);
#675=LINE('',#4334,#936);
#676=LINE('',#4337,#937);
#677=LINE('',#4339,#938);
#678=LINE('',#4342,#939);
#679=LINE('',#4343,#940);
#680=LINE('',#4345,#941);
#681=VECTOR('',#2702,10.);
#682=VECTOR('',#2703,10.);
#683=VECTOR('',#2704,10.);
#684=VECTOR('',#2705,10.);
#685=VECTOR('',#2708,10.);
#686=VECTOR('',#2709,10.);
#687=VECTOR('',#2710,10.);
#688=VECTOR('',#2713,10.);
#689=VECTOR('',#2714,10.);
#690=VECTOR('',#2715,10.);
#691=VECTOR('',#2716,10.);
#692=VECTOR('',#2717,10.);
#693=VECTOR('',#2718,10.);
#694=VECTOR('',#2721,10.);
#695=VECTOR('',#2722,10.);
#696=VECTOR('',#2723,10.);
#697=VECTOR('',#2726,10.);
#698=VECTOR('',#2727,10.);
#699=VECTOR('',#2728,10.);
#700=VECTOR('',#2731,10.);
#701=VECTOR('',#2736,10.);
#702=VECTOR('',#2741,10.);
#703=VECTOR('',#2742,10.);
#704=VECTOR('',#2743,10.);
#705=VECTOR('',#2746,10.);
#706=VECTOR('',#2747,10.);
#707=VECTOR('',#2748,10.);
#708=VECTOR('',#2749,10.);
#709=VECTOR('',#2752,10.);
#710=VECTOR('',#2753,10.);
#711=VECTOR('',#2754,10.);
#712=VECTOR('',#2755,10.);
#713=VECTOR('',#2756,10.);
#714=VECTOR('',#2757,10.);
#715=VECTOR('',#2758,10.);
#716=VECTOR('',#2759,10.);
#717=VECTOR('',#2762,10.);
#718=VECTOR('',#2763,10.);
#719=VECTOR('',#2764,10.);
#720=VECTOR('',#2767,10.);
#721=VECTOR('',#2768,10.);
#722=VECTOR('',#2771,10.);
#723=VECTOR('',#2772,10.);
#724=VECTOR('',#2773,10.);
#725=VECTOR('',#2774,10.);
#726=VECTOR('',#2775,10.);
#727=VECTOR('',#2776,10.);
#728=VECTOR('',#2781,10.);
#729=VECTOR('',#2786,10.);
#730=VECTOR('',#2791,10.);
#731=VECTOR('',#2794,10.);
#732=VECTOR('',#2797,10.);
#733=VECTOR('',#2804,10.);
#734=VECTOR('',#2807,10.);
#735=VECTOR('',#2808,10.);
#736=VECTOR('',#2809,10.);
#737=VECTOR('',#2812,10.);
#738=VECTOR('',#2815,10.);
#739=VECTOR('',#2818,10.);
#740=VECTOR('',#2821,10.);
#741=VECTOR('',#2826,10.);
#742=VECTOR('',#2829,10.);
#743=VECTOR('',#2832,10.);
#744=VECTOR('',#2839,10.);
#745=VECTOR('',#2842,10.);
#746=VECTOR('',#2845,10.);
#747=VECTOR('',#2852,10.);
#748=VECTOR('',#2855,10.);
#749=VECTOR('',#2858,10.);
#750=VECTOR('',#2861,10.);
#751=VECTOR('',#2864,10.);
#752=VECTOR('',#2865,10.);
#753=VECTOR('',#2866,10.);
#754=VECTOR('',#2869,10.);
#755=VECTOR('',#2874,10.);
#756=VECTOR('',#2877,10.);
#757=VECTOR('',#2880,10.);
#758=VECTOR('',#2881,10.);
#759=VECTOR('',#2882,10.);
#760=VECTOR('',#2887,10.);
#761=VECTOR('',#2890,10.);
#762=VECTOR('',#2891,10.);
#763=VECTOR('',#2896,10.);
#764=VECTOR('',#2899,10.);
#765=VECTOR('',#2900,10.);
#766=VECTOR('',#2903,10.);
#767=VECTOR('',#2904,10.);
#768=VECTOR('',#2905,10.);
#769=VECTOR('',#2916,10.);
#770=VECTOR('',#2919,10.);
#771=VECTOR('',#2922,10.);
#772=VECTOR('',#2925,10.);
#773=VECTOR('',#2928,10.);
#774=VECTOR('',#2929,10.);
#775=VECTOR('',#2930,10.);
#776=VECTOR('',#2933,10.);
#777=VECTOR('',#2936,10.);
#778=VECTOR('',#2939,10.);
#779=VECTOR('',#2942,10.);
#780=VECTOR('',#2949,10.);
#781=VECTOR('',#2950,10.);
#782=VECTOR('',#2953,10.);
#783=VECTOR('',#2956,10.);
#784=VECTOR('',#2959,10.);
#785=VECTOR('',#2964,10.);
#786=VECTOR('',#2965,10.);
#787=VECTOR('',#2968,10.);
#788=VECTOR('',#2973,10.);
#789=VECTOR('',#2974,10.);
#790=VECTOR('',#2977,10.);
#791=VECTOR('',#2982,10.);
#792=VECTOR('',#2983,10.);
#793=VECTOR('',#2986,10.);
#794=VECTOR('',#2991,10.);
#795=VECTOR('',#2992,10.);
#796=VECTOR('',#2993,10.);
#797=VECTOR('',#2994,10.);
#798=VECTOR('',#2997,10.);
#799=VECTOR('',#2998,10.);
#800=VECTOR('',#3001,10.);
#801=VECTOR('',#3002,10.);
#802=VECTOR('',#3003,10.);
#803=VECTOR('',#3004,10.);
#804=VECTOR('',#3007,10.);
#805=VECTOR('',#3012,10.);
#806=VECTOR('',#3013,10.);
#807=VECTOR('',#3016,10.);
#808=VECTOR('',#3021,10.);
#809=VECTOR('',#3022,10.);
#810=VECTOR('',#3025,10.);
#811=VECTOR('',#3030,10.);
#812=VECTOR('',#3031,10.);
#813=VECTOR('',#3034,10.);
#814=VECTOR('',#3039,10.);
#815=VECTOR('',#3040,10.);
#816=VECTOR('',#3043,10.);
#817=VECTOR('',#3048,10.);
#818=VECTOR('',#3049,10.);
#819=VECTOR('',#3050,10.);
#820=VECTOR('',#3051,10.);
#821=VECTOR('',#3052,10.);
#822=VECTOR('',#3053,10.);
#823=VECTOR('',#3054,10.);
#824=VECTOR('',#3055,10.);
#825=VECTOR('',#3060,10.);
#826=VECTOR('',#3061,10.);
#827=VECTOR('',#3064,10.);
#828=VECTOR('',#3065,10.);
#829=VECTOR('',#3074,10.);
#830=VECTOR('',#3077,10.);
#831=VECTOR('',#3086,10.);
#832=VECTOR('',#3089,10.);
#833=VECTOR('',#3092,10.);
#834=VECTOR('',#3095,10.);
#835=VECTOR('',#3098,10.);
#836=VECTOR('',#3101,10.);
#837=VECTOR('',#3104,10.);
#838=VECTOR('',#3107,10.);
#839=VECTOR('',#3110,10.);
#840=VECTOR('',#3113,10.);
#841=VECTOR('',#3118,10.);
#842=VECTOR('',#3123,10.);
#843=VECTOR('',#3124,10.);
#844=VECTOR('',#3129,10.);
#845=VECTOR('',#3130,10.);
#846=VECTOR('',#3135,10.);
#847=VECTOR('',#3140,10.);
#848=VECTOR('',#3143,10.);
#849=VECTOR('',#3146,10.);
#850=VECTOR('',#3155,10.);
#851=VECTOR('',#3156,10.);
#852=VECTOR('',#3157,10.);
#853=VECTOR('',#3158,10.);
#854=VECTOR('',#3161,10.);
#855=VECTOR('',#3162,10.);
#856=VECTOR('',#3163,10.);
#857=VECTOR('',#3164,10.);
#858=VECTOR('',#3167,10.);
#859=VECTOR('',#3168,10.);
#860=VECTOR('',#3169,10.);
#861=VECTOR('',#3170,10.);
#862=VECTOR('',#3171,10.);
#863=VECTOR('',#3172,10.);
#864=VECTOR('',#3175,10.);
#865=VECTOR('',#3180,10.);
#866=VECTOR('',#3181,10.);
#867=VECTOR('',#3184,10.);
#868=VECTOR('',#3185,10.);
#869=VECTOR('',#3186,10.);
#870=VECTOR('',#3189,10.);
#871=VECTOR('',#3196,10.);
#872=VECTOR('',#3197,10.);
#873=VECTOR('',#3200,10.);
#874=VECTOR('',#3203,10.);
#875=VECTOR('',#3204,10.);
#876=VECTOR('',#3205,10.);
#877=VECTOR('',#3206,10.);
#878=VECTOR('',#3209,10.);
#879=VECTOR('',#3218,10.);
#880=VECTOR('',#3219,10.);
#881=VECTOR('',#3222,10.);
#882=VECTOR('',#3225,10.);
#883=VECTOR('',#3228,10.);
#884=VECTOR('',#3229,10.);
#885=VECTOR('',#3232,10.);
#886=VECTOR('',#3233,10.);
#887=VECTOR('',#3234,10.);
#888=VECTOR('',#3235,10.);
#889=VECTOR('',#3240,10.);
#890=VECTOR('',#3241,10.);
#891=VECTOR('',#3242,10.);
#892=VECTOR('',#3245,10.);
#893=VECTOR('',#3252,10.);
#894=VECTOR('',#3253,10.);
#895=VECTOR('',#3260,10.);
#896=VECTOR('',#3261,10.);
#897=VECTOR('',#3262,10.);
#898=VECTOR('',#3265,10.);
#899=VECTOR('',#3270,10.);
#900=VECTOR('',#3271,10.);
#901=VECTOR('',#3274,10.);
#902=VECTOR('',#3275,10.);
#903=VECTOR('',#3278,10.);
#904=VECTOR('',#3283,10.);
#905=VECTOR('',#3284,10.);
#906=VECTOR('',#3289,10.);
#907=VECTOR('',#3292,10.);
#908=VECTOR('',#3295,10.);
#909=VECTOR('',#3296,10.);
#910=VECTOR('',#3297,10.);
#911=VECTOR('',#3302,10.);
#912=VECTOR('',#3307,10.);
#913=VECTOR('',#3308,10.);
#914=VECTOR('',#3309,10.);
#915=VECTOR('',#3314,10.);
#916=VECTOR('',#3319,10.);
#917=VECTOR('',#3320,10.);
#918=VECTOR('',#3321,10.);
#919=VECTOR('',#3324,10.);
#920=VECTOR('',#3325,10.);
#921=VECTOR('',#3326,10.);
#922=VECTOR('',#3329,10.);
#923=VECTOR('',#3330,10.);
#924=VECTOR('',#3331,10.);
#925=VECTOR('',#3336,10.);
#926=VECTOR('',#3341,10.);
#927=VECTOR('',#3342,10.);
#928=VECTOR('',#3343,10.);
#929=VECTOR('',#3348,10.);
#930=VECTOR('',#3353,10.);
#931=VECTOR('',#3354,10.);
#932=VECTOR('',#3355,10.);
#933=VECTOR('',#3358,10.);
#934=VECTOR('',#3359,10.);
#935=VECTOR('',#3362,10.);
#936=VECTOR('',#3375,10.);
#937=VECTOR('',#3380,3.29);
#938=VECTOR('',#3383,3.29);
#939=VECTOR('',#3386,10.);
#940=VECTOR('',#3387,10.);
#941=VECTOR('',#3390,10.);
#942=VERTEX_POINT('',#3395);
#943=VERTEX_POINT('',#3396);
#944=VERTEX_POINT('',#3398);
#945=VERTEX_POINT('',#3400);
#946=VERTEX_POINT('',#3404);
#947=VERTEX_POINT('',#3406);
#948=VERTEX_POINT('',#3410);
#949=VERTEX_POINT('',#3411);
#950=VERTEX_POINT('',#3413);
#951=VERTEX_POINT('',#3415);
#952=VERTEX_POINT('',#3417);
#953=VERTEX_POINT('',#3422);
#954=VERTEX_POINT('',#3423);
#955=VERTEX_POINT('',#3429);
#956=VERTEX_POINT('',#3433);
#957=VERTEX_POINT('',#3435);
#958=VERTEX_POINT('',#3439);
#959=VERTEX_POINT('',#3441);
#960=VERTEX_POINT('',#3443);
#961=VERTEX_POINT('',#3445);
#962=VERTEX_POINT('',#3449);
#963=VERTEX_POINT('',#3451);
#964=VERTEX_POINT('',#3455);
#965=VERTEX_POINT('',#3457);
#966=VERTEX_POINT('',#3459);
#967=VERTEX_POINT('',#3463);
#968=VERTEX_POINT('',#3464);
#969=VERTEX_POINT('',#3466);
#970=VERTEX_POINT('',#3468);
#971=VERTEX_POINT('',#3470);
#972=VERTEX_POINT('',#3472);
#973=VERTEX_POINT('',#3474);
#974=VERTEX_POINT('',#3476);
#975=VERTEX_POINT('',#3480);
#976=VERTEX_POINT('',#3482);
#977=VERTEX_POINT('',#3486);
#978=VERTEX_POINT('',#3490);
#979=VERTEX_POINT('',#3491);
#980=VERTEX_POINT('',#3493);
#981=VERTEX_POINT('',#3495);
#982=VERTEX_POINT('',#3498);
#983=VERTEX_POINT('',#3505);
#984=VERTEX_POINT('',#3507);
#985=VERTEX_POINT('',#3509);
#986=VERTEX_POINT('',#3511);
#987=VERTEX_POINT('',#3513);
#988=VERTEX_POINT('',#3515);
#989=VERTEX_POINT('',#3517);
#990=VERTEX_POINT('',#3519);
#991=VERTEX_POINT('',#3521);
#992=VERTEX_POINT('',#3525);
#993=VERTEX_POINT('',#3527);
#994=VERTEX_POINT('',#3529);
#995=VERTEX_POINT('',#3531);
#996=VERTEX_POINT('',#3533);
#997=VERTEX_POINT('',#3535);
#998=VERTEX_POINT('',#3537);
#999=VERTEX_POINT('',#3539);
#1000=VERTEX_POINT('',#3541);
#1001=VERTEX_POINT('',#3543);
#1002=VERTEX_POINT('',#3545);
#1003=VERTEX_POINT('',#3547);
#1004=VERTEX_POINT('',#3549);
#1005=VERTEX_POINT('',#3551);
#1006=VERTEX_POINT('',#3553);
#1007=VERTEX_POINT('',#3555);
#1008=VERTEX_POINT('',#3557);
#1009=VERTEX_POINT('',#3559);
#1010=VERTEX_POINT('',#3561);
#1011=VERTEX_POINT('',#3563);
#1012=VERTEX_POINT('',#3565);
#1013=VERTEX_POINT('',#3569);
#1014=VERTEX_POINT('',#3571);
#1015=VERTEX_POINT('',#3573);
#1016=VERTEX_POINT('',#3575);
#1017=VERTEX_POINT('',#3577);
#1018=VERTEX_POINT('',#3579);
#1019=VERTEX_POINT('',#3581);
#1020=VERTEX_POINT('',#3583);
#1021=VERTEX_POINT('',#3585);
#1022=VERTEX_POINT('',#3587);
#1023=VERTEX_POINT('',#3589);
#1024=VERTEX_POINT('',#3591);
#1025=VERTEX_POINT('',#3593);
#1026=VERTEX_POINT('',#3595);
#1027=VERTEX_POINT('',#3597);
#1028=VERTEX_POINT('',#3599);
#1029=VERTEX_POINT('',#3601);
#1030=VERTEX_POINT('',#3603);
#1031=VERTEX_POINT('',#3605);
#1032=VERTEX_POINT('',#3607);
#1033=VERTEX_POINT('',#3609);
#1034=VERTEX_POINT('',#3611);
#1035=VERTEX_POINT('',#3619);
#1036=VERTEX_POINT('',#3621);
#1037=VERTEX_POINT('',#3625);
#1038=VERTEX_POINT('',#3629);
#1039=VERTEX_POINT('',#3633);
#1040=VERTEX_POINT('',#3637);
#1041=VERTEX_POINT('',#3641);
#1042=VERTEX_POINT('',#3643);
#1043=VERTEX_POINT('',#3649);
#1044=VERTEX_POINT('',#3651);
#1045=VERTEX_POINT('',#3653);
#1046=VERTEX_POINT('',#3655);
#1047=VERTEX_POINT('',#3657);
#1048=VERTEX_POINT('',#3659);
#1049=VERTEX_POINT('',#3661);
#1050=VERTEX_POINT('',#3663);
#1051=VERTEX_POINT('',#3665);
#1052=VERTEX_POINT('',#3667);
#1053=VERTEX_POINT('',#3669);
#1054=VERTEX_POINT('',#3671);
#1055=VERTEX_POINT('',#3673);
#1056=VERTEX_POINT('',#3675);
#1057=VERTEX_POINT('',#3677);
#1058=VERTEX_POINT('',#3679);
#1059=VERTEX_POINT('',#3681);
#1060=VERTEX_POINT('',#3683);
#1061=VERTEX_POINT('',#3685);
#1062=VERTEX_POINT('',#3687);
#1063=VERTEX_POINT('',#3689);
#1064=VERTEX_POINT('',#3691);
#1065=VERTEX_POINT('',#3700);
#1066=VERTEX_POINT('',#3702);
#1067=VERTEX_POINT('',#3704);
#1068=VERTEX_POINT('',#3708);
#1069=VERTEX_POINT('',#3712);
#1070=VERTEX_POINT('',#3716);
#1071=VERTEX_POINT('',#3720);
#1072=VERTEX_POINT('',#3724);
#1073=VERTEX_POINT('',#3728);
#1074=VERTEX_POINT('',#3732);
#1075=VERTEX_POINT('',#3734);
#1076=VERTEX_POINT('',#3736);
#1077=VERTEX_POINT('',#3740);
#1078=VERTEX_POINT('',#3744);
#1079=VERTEX_POINT('',#3746);
#1080=VERTEX_POINT('',#3748);
#1081=VERTEX_POINT('',#3752);
#1082=VERTEX_POINT('',#3756);
#1083=VERTEX_POINT('',#3760);
#1084=VERTEX_POINT('',#3764);
#1085=VERTEX_POINT('',#3768);
#1086=VERTEX_POINT('',#3772);
#1087=VERTEX_POINT('',#3776);
#1088=VERTEX_POINT('',#3779);
#1089=VERTEX_POINT('',#3932);
#1090=VERTEX_POINT('',#3936);
#1091=VERTEX_POINT('',#3940);
#1092=VERTEX_POINT('',#3941);
#1093=VERTEX_POINT('',#3943);
#1094=VERTEX_POINT('',#3945);
#1095=VERTEX_POINT('',#3947);
#1096=VERTEX_POINT('',#3949);
#1097=VERTEX_POINT('',#3951);
#1098=VERTEX_POINT('',#3953);
#1099=VERTEX_POINT('',#4046);
#1100=VERTEX_POINT('',#4052);
#1101=VERTEX_POINT('',#4102);
#1102=VERTEX_POINT('',#4103);
#1103=VERTEX_POINT('',#4105);
#1104=VERTEX_POINT('',#4107);
#1105=VERTEX_POINT('',#4111);
#1106=VERTEX_POINT('',#4112);
#1107=VERTEX_POINT('',#4114);
#1108=VERTEX_POINT('',#4116);
#1109=VERTEX_POINT('',#4120);
#1110=VERTEX_POINT('',#4121);
#1111=VERTEX_POINT('',#4123);
#1112=VERTEX_POINT('',#4125);
#1113=VERTEX_POINT('',#4131);
#1114=VERTEX_POINT('',#4133);
#1115=VERTEX_POINT('',#4135);
#1116=VERTEX_POINT('',#4137);
#1117=VERTEX_POINT('',#4141);
#1118=VERTEX_POINT('',#4143);
#1119=VERTEX_POINT('',#4145);
#1120=VERTEX_POINT('',#4147);
#1121=VERTEX_POINT('',#4150);
#1122=VERTEX_POINT('',#4152);
#1123=VERTEX_POINT('',#4155);
#1124=VERTEX_POINT('',#4161);
#1125=VERTEX_POINT('',#4162);
#1126=VERTEX_POINT('',#4164);
#1127=VERTEX_POINT('',#4166);
#1128=VERTEX_POINT('',#4170);
#1129=VERTEX_POINT('',#4171);
#1130=VERTEX_POINT('',#4176);
#1131=VERTEX_POINT('',#4177);
#1132=VERTEX_POINT('',#4182);
#1133=VERTEX_POINT('',#4184);
#1134=VERTEX_POINT('',#4188);
#1135=VERTEX_POINT('',#4192);
#1136=VERTEX_POINT('',#4194);
#1137=VERTEX_POINT('',#4196);
#1138=VERTEX_POINT('',#4200);
#1139=VERTEX_POINT('',#4201);
#1140=VERTEX_POINT('',#4203);
#1141=VERTEX_POINT('',#4205);
#1142=VERTEX_POINT('',#4209);
#1143=VERTEX_POINT('',#4210);
#1144=VERTEX_POINT('',#4220);
#1145=VERTEX_POINT('',#4222);
#1146=VERTEX_POINT('',#4226);
#1147=VERTEX_POINT('',#4230);
#1148=VERTEX_POINT('',#4234);
#1149=VERTEX_POINT('',#4238);
#1150=VERTEX_POINT('',#4242);
#1151=VERTEX_POINT('',#4246);
#1152=VERTEX_POINT('',#4247);
#1153=VERTEX_POINT('',#4249);
#1154=VERTEX_POINT('',#4251);
#1155=VERTEX_POINT('',#4255);
#1156=VERTEX_POINT('',#4257);
#1157=VERTEX_POINT('',#4261);
#1158=VERTEX_POINT('',#4263);
#1159=VERTEX_POINT('',#4267);
#1160=VERTEX_POINT('',#4269);
#1161=VERTEX_POINT('',#4273);
#1162=VERTEX_POINT('',#4275);
#1163=VERTEX_POINT('',#4279);
#1164=VERTEX_POINT('',#4281);
#1165=VERTEX_POINT('',#4285);
#1166=VERTEX_POINT('',#4287);
#1167=VERTEX_POINT('',#4291);
#1168=VERTEX_POINT('',#4293);
#1169=VERTEX_POINT('',#4297);
#1170=VERTEX_POINT('',#4299);
#1171=VERTEX_POINT('',#4303);
#1172=VERTEX_POINT('',#4305);
#1173=VERTEX_POINT('',#4309);
#1174=VERTEX_POINT('',#4311);
#1175=VERTEX_POINT('',#4315);
#1176=VERTEX_POINT('',#4317);
#1177=VERTEX_POINT('',#4328);
#1178=VERTEX_POINT('',#4330);
#1179=VERTEX_POINT('',#4333);
#1180=VERTEX_POINT('',#4341);
#1181=EDGE_CURVE('',#942,#943,#420,.T.);
#1182=EDGE_CURVE('',#942,#944,#421,.F.);
#1183=EDGE_CURVE('',#944,#945,#422,.F.);
#1184=EDGE_CURVE('',#945,#943,#423,.F.);
#1185=EDGE_CURVE('',#946,#942,#424,.T.);
#1186=EDGE_CURVE('',#947,#946,#425,.T.);
#1187=EDGE_CURVE('',#947,#944,#426,.T.);
#1188=EDGE_CURVE('',#948,#949,#427,.T.);
#1189=EDGE_CURVE('',#950,#948,#428,.T.);
#1190=EDGE_CURVE('',#951,#950,#429,.T.);
#1191=EDGE_CURVE('',#952,#951,#430,.T.);
#1192=EDGE_CURVE('',#952,#945,#431,.T.);
#1193=EDGE_CURVE('',#949,#947,#432,.T.);
#1194=EDGE_CURVE('',#953,#954,#162,.T.);
#1195=EDGE_CURVE('',#943,#953,#433,.T.);
#1196=EDGE_CURVE('',#955,#952,#434,.T.);
#1197=EDGE_CURVE('',#954,#955,#435,.T.);
#1198=EDGE_CURVE('',#956,#949,#436,.T.);
#1199=EDGE_CURVE('',#957,#956,#437,.T.);
#1200=EDGE_CURVE('',#957,#948,#438,.T.);
#1201=EDGE_CURVE('',#958,#946,#439,.T.);
#1202=EDGE_CURVE('',#958,#959,#70,.T.);
#1203=EDGE_CURVE('',#960,#959,#71,.T.);
#1204=EDGE_CURVE('',#961,#960,#440,.T.);
#1205=EDGE_CURVE('',#956,#961,#72,.T.);
#1206=EDGE_CURVE('',#955,#962,#441,.T.);
#1207=EDGE_CURVE('',#962,#963,#442,.T.);
#1208=EDGE_CURVE('',#963,#954,#443,.T.);
#1209=EDGE_CURVE('',#953,#964,#444,.T.);
#1210=EDGE_CURVE('',#964,#965,#445,.T.);
#1211=EDGE_CURVE('',#966,#965,#446,.T.);
#1212=EDGE_CURVE('',#958,#966,#447,.T.);
#1213=EDGE_CURVE('',#967,#968,#448,.T.);
#1214=EDGE_CURVE('',#969,#967,#449,.T.);
#1215=EDGE_CURVE('',#970,#969,#450,.T.);
#1216=EDGE_CURVE('',#970,#971,#451,.T.);
#1217=EDGE_CURVE('',#971,#972,#452,.T.);
#1218=EDGE_CURVE('',#973,#972,#453,.T.);
#1219=EDGE_CURVE('',#974,#973,#454,.T.);
#1220=EDGE_CURVE('',#968,#974,#455,.T.);
#1221=EDGE_CURVE('',#972,#975,#456,.T.);
#1222=EDGE_CURVE('',#976,#971,#457,.T.);
#1223=EDGE_CURVE('',#975,#976,#458,.T.);
#1224=EDGE_CURVE('',#977,#970,#459,.T.);
#1225=EDGE_CURVE('',#977,#976,#460,.T.);
#1226=EDGE_CURVE('',#978,#979,#461,.T.);
#1227=EDGE_CURVE('',#980,#978,#462,.T.);
#1228=EDGE_CURVE('',#981,#980,#463,.T.);
#1229=EDGE_CURVE('',#975,#981,#464,.T.);
#1230=EDGE_CURVE('',#982,#977,#465,.T.);
#1231=EDGE_CURVE('',#982,#979,#466,.T.);
#1232=EDGE_CURVE('',#979,#967,#73,.T.);
#1233=EDGE_CURVE('',#969,#982,#467,.T.);
#1234=EDGE_CURVE('',#978,#983,#74,.T.);
#1235=EDGE_CURVE('',#983,#984,#468,.T.);
#1236=EDGE_CURVE('',#985,#984,#75,.T.);
#1237=EDGE_CURVE('',#986,#985,#76,.T.);
#1238=EDGE_CURVE('',#987,#986,#469,.T.);
#1239=EDGE_CURVE('',#988,#987,#77,.T.);
#1240=EDGE_CURVE('',#989,#988,#470,.T.);
#1241=EDGE_CURVE('',#990,#989,#78,.T.);
#1242=EDGE_CURVE('',#991,#990,#471,.T.);
#1243=EDGE_CURVE('',#980,#991,#79,.T.);
#1244=EDGE_CURVE('',#992,#974,#80,.T.);
#1245=EDGE_CURVE('',#993,#992,#472,.T.);
#1246=EDGE_CURVE('',#994,#993,#81,.T.);
#1247=EDGE_CURVE('',#995,#994,#473,.T.);
#1248=EDGE_CURVE('',#996,#995,#474,.T.);
#1249=EDGE_CURVE('',#997,#996,#475,.T.);
#1250=EDGE_CURVE('',#998,#997,#82,.T.);
#1251=EDGE_CURVE('',#999,#998,#476,.T.);
#1252=EDGE_CURVE('',#1000,#999,#83,.T.);
#1253=EDGE_CURVE('',#1001,#1000,#477,.T.);
#1254=EDGE_CURVE('',#1002,#1001,#84,.T.);
#1255=EDGE_CURVE('',#1003,#1002,#478,.T.);
#1256=EDGE_CURVE('',#1004,#1003,#85,.T.);
#1257=EDGE_CURVE('',#1005,#1004,#479,.T.);
#1258=EDGE_CURVE('',#1006,#1005,#86,.T.);
#1259=EDGE_CURVE('',#1007,#1006,#87,.T.);
#1260=EDGE_CURVE('',#1008,#1007,#480,.T.);
#1261=EDGE_CURVE('',#1008,#1009,#88,.T.);
#1262=EDGE_CURVE('',#1009,#1010,#481,.T.);
#1263=EDGE_CURVE('',#1011,#1010,#89,.T.);
#1264=EDGE_CURVE('',#1012,#1011,#482,.T.);
#1265=EDGE_CURVE('',#1012,#968,#90,.T.);
#1266=EDGE_CURVE('',#1013,#981,#91,.T.);
#1267=EDGE_CURVE('',#1014,#1013,#483,.T.);
#1268=EDGE_CURVE('',#1015,#1014,#92,.T.);
#1269=EDGE_CURVE('',#1016,#1015,#484,.T.);
#1270=EDGE_CURVE('',#1017,#1016,#93,.T.);
#1271=EDGE_CURVE('',#1018,#1017,#485,.T.);
#1272=EDGE_CURVE('',#1019,#1018,#94,.T.);
#1273=EDGE_CURVE('',#1019,#1020,#95,.T.);
#1274=EDGE_CURVE('',#1021,#1020,#96,.T.);
#1275=EDGE_CURVE('',#1022,#1021,#486,.T.);
#1276=EDGE_CURVE('',#1023,#1022,#97,.T.);
#1277=EDGE_CURVE('',#1024,#1023,#487,.T.);
#1278=EDGE_CURVE('',#1025,#1024,#98,.T.);
#1279=EDGE_CURVE('',#1026,#1025,#488,.T.);
#1280=EDGE_CURVE('',#1027,#1026,#99,.T.);
#1281=EDGE_CURVE('',#1028,#1027,#489,.T.);
#1282=EDGE_CURVE('',#1029,#1028,#100,.T.);
#1283=EDGE_CURVE('',#1029,#1030,#490,.T.);
#1284=EDGE_CURVE('',#1030,#1031,#491,.T.);
#1285=EDGE_CURVE('',#1032,#1031,#492,.T.);
#1286=EDGE_CURVE('',#1033,#1032,#101,.T.);
#1287=EDGE_CURVE('',#1034,#1033,#493,.T.);
#1288=EDGE_CURVE('',#973,#1034,#102,.T.);
#1289=EDGE_CURVE('',#991,#1013,#494,.T.);
#1290=EDGE_CURVE('',#992,#1034,#495,.T.);
#1291=EDGE_CURVE('',#1009,#1035,#496,.T.);
#1292=EDGE_CURVE('',#1036,#1035,#497,.T.);
#1293=EDGE_CURVE('',#1010,#1036,#498,.T.);
#1294=EDGE_CURVE('',#1037,#1036,#103,.T.);
#1295=EDGE_CURVE('',#1011,#1037,#499,.T.);
#1296=EDGE_CURVE('',#1038,#1037,#500,.T.);
#1297=EDGE_CURVE('',#1012,#1038,#501,.T.);
#1298=EDGE_CURVE('',#1039,#1038,#104,.T.);
#1299=EDGE_CURVE('',#983,#1039,#502,.T.);
#1300=EDGE_CURVE('',#1040,#1039,#503,.T.);
#1301=EDGE_CURVE('',#984,#1040,#504,.T.);
#1302=EDGE_CURVE('',#1007,#1041,#505,.T.);
#1303=EDGE_CURVE('',#1042,#1041,#506,.T.);
#1304=EDGE_CURVE('',#1008,#1042,#507,.T.);
#1305=EDGE_CURVE('',#1035,#1042,#105,.T.);
#1306=EDGE_CURVE('',#1041,#1043,#106,.T.);
#1307=EDGE_CURVE('',#1044,#1043,#107,.T.);
#1308=EDGE_CURVE('',#1045,#1044,#508,.T.);
#1309=EDGE_CURVE('',#1046,#1045,#108,.T.);
#1310=EDGE_CURVE('',#1047,#1046,#509,.T.);
#1311=EDGE_CURVE('',#1048,#1047,#109,.T.);
#1312=EDGE_CURVE('',#1049,#1048,#510,.T.);
#1313=EDGE_CURVE('',#1050,#1049,#110,.T.);
#1314=EDGE_CURVE('',#1051,#1050,#511,.T.);
#1315=EDGE_CURVE('',#1052,#1051,#111,.T.);
#1316=EDGE_CURVE('',#1053,#1052,#512,.T.);
#1317=EDGE_CURVE('',#1054,#1053,#513,.T.);
#1318=EDGE_CURVE('',#1055,#1054,#514,.T.);
#1319=EDGE_CURVE('',#1056,#1055,#112,.T.);
#1320=EDGE_CURVE('',#1057,#1056,#515,.T.);
#1321=EDGE_CURVE('',#1058,#1057,#113,.T.);
#1322=EDGE_CURVE('',#1059,#1058,#516,.T.);
#1323=EDGE_CURVE('',#1060,#1059,#114,.T.);
#1324=EDGE_CURVE('',#1061,#1060,#517,.T.);
#1325=EDGE_CURVE('',#1062,#1061,#115,.T.);
#1326=EDGE_CURVE('',#1063,#1062,#518,.T.);
#1327=EDGE_CURVE('',#1064,#1063,#116,.T.);
#1328=EDGE_CURVE('',#1064,#1040,#117,.T.);
#1329=EDGE_CURVE('',#960,#1063,#519,.T.);
#1330=EDGE_CURVE('',#959,#1064,#520,.T.);
#1331=EDGE_CURVE('',#961,#1062,#521,.T.);
#1332=EDGE_CURVE('',#1065,#1061,#522,.T.);
#1333=EDGE_CURVE('',#1065,#1066,#118,.T.);
#1334=EDGE_CURVE('',#1066,#1067,#523,.T.);
#1335=EDGE_CURVE('',#1067,#957,#119,.T.);
#1336=EDGE_CURVE('',#1068,#1060,#524,.T.);
#1337=EDGE_CURVE('',#1068,#1065,#525,.T.);
#1338=EDGE_CURVE('',#1069,#1059,#526,.T.);
#1339=EDGE_CURVE('',#1069,#1068,#120,.T.);
#1340=EDGE_CURVE('',#1070,#1058,#527,.T.);
#1341=EDGE_CURVE('',#1070,#1069,#528,.T.);
#1342=EDGE_CURVE('',#1071,#1057,#529,.T.);
#1343=EDGE_CURVE('',#1071,#1070,#121,.T.);
#1344=EDGE_CURVE('',#1072,#1056,#530,.T.);
#1345=EDGE_CURVE('',#1072,#1071,#531,.T.);
#1346=EDGE_CURVE('',#1073,#1055,#532,.T.);
#1347=EDGE_CURVE('',#1073,#1072,#122,.T.);
#1348=EDGE_CURVE('',#1054,#1074,#533,.T.);
#1349=EDGE_CURVE('',#1075,#1074,#534,.T.);
#1350=EDGE_CURVE('',#1076,#1075,#535,.T.);
#1351=EDGE_CURVE('',#1076,#1073,#536,.T.);
#1352=EDGE_CURVE('',#1053,#1077,#537,.T.);
#1353=EDGE_CURVE('',#1074,#1077,#538,.T.);
#1354=EDGE_CURVE('',#1078,#1052,#539,.T.);
#1355=EDGE_CURVE('',#1078,#1079,#540,.T.);
#1356=EDGE_CURVE('',#1079,#1080,#541,.T.);
#1357=EDGE_CURVE('',#1077,#1080,#542,.T.);
#1358=EDGE_CURVE('',#1081,#1051,#543,.T.);
#1359=EDGE_CURVE('',#1081,#1078,#123,.T.);
#1360=EDGE_CURVE('',#1082,#1050,#544,.T.);
#1361=EDGE_CURVE('',#1082,#1081,#545,.T.);
#1362=EDGE_CURVE('',#1083,#1049,#546,.T.);
#1363=EDGE_CURVE('',#1083,#1082,#124,.T.);
#1364=EDGE_CURVE('',#1084,#1048,#547,.T.);
#1365=EDGE_CURVE('',#1084,#1083,#548,.T.);
#1366=EDGE_CURVE('',#1085,#1047,#549,.T.);
#1367=EDGE_CURVE('',#1085,#1084,#125,.T.);
#1368=EDGE_CURVE('',#1086,#1046,#550,.T.);
#1369=EDGE_CURVE('',#1086,#1085,#551,.T.);
#1370=EDGE_CURVE('',#1087,#1045,#552,.T.);
#1371=EDGE_CURVE('',#1087,#1086,#126,.T.);
#1372=EDGE_CURVE('',#1088,#1088,#163,.T.);
#1373=EDGE_CURVE('',#1089,#1044,#553,.T.);
#1374=EDGE_CURVE('',#1089,#1087,#554,.T.);
#1375=EDGE_CURVE('',#1090,#1043,#555,.T.);
#1376=EDGE_CURVE('',#1090,#1089,#127,.T.);
#1377=EDGE_CURVE('',#1091,#1092,#556,.T.);
#1378=EDGE_CURVE('',#1093,#1092,#557,.T.);
#1379=EDGE_CURVE('',#1094,#1093,#558,.T.);
#1380=EDGE_CURVE('',#1094,#1095,#559,.T.);
#1381=EDGE_CURVE('',#1095,#1096,#560,.T.);
#1382=EDGE_CURVE('',#1096,#1097,#561,.T.);
#1383=EDGE_CURVE('',#1098,#1097,#562,.T.);
#1384=EDGE_CURVE('',#1098,#1091,#563,.T.);
#1385=EDGE_CURVE('',#964,#963,#21,.T.);
#1386=EDGE_CURVE('',#1097,#1094,#22,.T.);
#1387=EDGE_CURVE('',#1096,#1095,#164,.T.);
#1388=EDGE_CURVE('',#965,#1093,#564,.T.);
#1389=EDGE_CURVE('',#962,#1098,#565,.T.);
#1390=EDGE_CURVE('',#1031,#995,#566,.T.);
#1391=EDGE_CURVE('',#1030,#996,#567,.T.);
#1392=EDGE_CURVE('',#1075,#1099,#128,.T.);
#1393=EDGE_CURVE('',#1099,#1080,#129,.T.);
#1394=EDGE_CURVE('',#994,#1032,#568,.T.);
#1395=EDGE_CURVE('',#1100,#1099,#569,.T.);
#1396=EDGE_CURVE('',#1100,#1076,#130,.T.);
#1397=EDGE_CURVE('',#1079,#1100,#131,.T.);
#1398=EDGE_CURVE('',#997,#1029,#570,.T.);
#1399=EDGE_CURVE('',#998,#1028,#571,.T.);
#1400=EDGE_CURVE('',#999,#1027,#572,.T.);
#1401=EDGE_CURVE('',#1000,#1026,#573,.T.);
#1402=EDGE_CURVE('',#1001,#1025,#574,.T.);
#1403=EDGE_CURVE('',#1002,#1024,#575,.T.);
#1404=EDGE_CURVE('',#1003,#1023,#576,.T.);
#1405=EDGE_CURVE('',#1004,#1022,#577,.T.);
#1406=EDGE_CURVE('',#1005,#1021,#578,.T.);
#1407=EDGE_CURVE('',#1006,#1020,#579,.T.);
#1408=EDGE_CURVE('',#1090,#1091,#132,.T.);
#1409=EDGE_CURVE('',#985,#1019,#580,.T.);
#1410=EDGE_CURVE('',#1092,#966,#133,.T.);
#1411=EDGE_CURVE('',#950,#1067,#581,.T.);
#1412=EDGE_CURVE('',#951,#1066,#582,.T.);
#1413=EDGE_CURVE('',#986,#1018,#583,.T.);
#1414=EDGE_CURVE('',#987,#1017,#584,.T.);
#1415=EDGE_CURVE('',#993,#1033,#585,.T.);
#1416=EDGE_CURVE('',#990,#1014,#586,.T.);
#1417=EDGE_CURVE('',#989,#1015,#587,.T.);
#1418=EDGE_CURVE('',#988,#1016,#588,.T.);
#1419=EDGE_CURVE('',#1101,#1102,#589,.T.);
#1420=EDGE_CURVE('',#1103,#1101,#590,.T.);
#1421=EDGE_CURVE('',#1104,#1103,#591,.T.);
#1422=EDGE_CURVE('',#1104,#1102,#592,.T.);
#1423=EDGE_CURVE('',#1105,#1106,#593,.T.);
#1424=EDGE_CURVE('',#1107,#1105,#594,.T.);
#1425=EDGE_CURVE('',#1108,#1107,#595,.T.);
#1426=EDGE_CURVE('',#1106,#1108,#596,.T.);
#1427=EDGE_CURVE('',#1109,#1110,#597,.T.);
#1428=EDGE_CURVE('',#1111,#1109,#598,.T.);
#1429=EDGE_CURVE('',#1112,#1111,#599,.T.);
#1430=EDGE_CURVE('',#1107,#1112,#600,.T.);
#1431=EDGE_CURVE('',#1102,#1105,#601,.T.);
#1432=EDGE_CURVE('',#1110,#1104,#602,.T.);
#1433=EDGE_CURVE('',#1113,#1103,#603,.T.);
#1434=EDGE_CURVE('',#1113,#1114,#134,.T.);
#1435=EDGE_CURVE('',#1114,#1115,#135,.T.);
#1436=EDGE_CURVE('',#1115,#1116,#604,.T.);
#1437=EDGE_CURVE('',#1116,#1110,#605,.T.);
#1438=EDGE_CURVE('',#1106,#1117,#606,.T.);
#1439=EDGE_CURVE('',#1117,#1118,#607,.T.);
#1440=EDGE_CURVE('',#1118,#1119,#608,.T.);
#1441=EDGE_CURVE('',#1119,#1120,#136,.T.);
#1442=EDGE_CURVE('',#1120,#1101,#609,.T.);
#1443=EDGE_CURVE('',#1121,#1121,#137,.T.);
#1444=EDGE_CURVE('',#1122,#1122,#138,.T.);
#1445=EDGE_CURVE('',#1108,#1123,#610,.T.);
#1446=EDGE_CURVE('',#1123,#1117,#611,.T.);
#1447=EDGE_CURVE('',#1113,#1120,#612,.T.);
#1448=EDGE_CURVE('',#1124,#1125,#613,.T.);
#1449=EDGE_CURVE('',#1125,#1126,#614,.T.);
#1450=EDGE_CURVE('',#1126,#1127,#615,.T.);
#1451=EDGE_CURVE('',#1127,#1124,#616,.T.);
#1452=EDGE_CURVE('',#1128,#1129,#617,.T.);
#1453=EDGE_CURVE('',#1129,#1127,#139,.T.);
#1454=EDGE_CURVE('',#1126,#1128,#140,.T.);
#1455=EDGE_CURVE('',#1130,#1131,#13,.T.);
#1456=EDGE_CURVE('',#1131,#1129,#618,.T.);
#1457=EDGE_CURVE('',#1128,#1130,#619,.T.);
#1458=EDGE_CURVE('',#1126,#1132,#620,.T.);
#1459=EDGE_CURVE('',#1132,#1133,#141,.T.);
#1460=EDGE_CURVE('',#1128,#1133,#621,.T.);
#1461=EDGE_CURVE('',#1125,#1134,#622,.T.);
#1462=EDGE_CURVE('',#1134,#1132,#623,.T.);
#1463=EDGE_CURVE('',#1135,#1124,#624,.T.);
#1464=EDGE_CURVE('',#1136,#1135,#625,.T.);
#1465=EDGE_CURVE('',#1136,#1137,#626,.T.);
#1466=EDGE_CURVE('',#1137,#1134,#627,.T.);
#1467=EDGE_CURVE('',#1138,#1139,#14,.T.);
#1468=EDGE_CURVE('',#1139,#1140,#628,.T.);
#1469=EDGE_CURVE('',#1140,#1141,#629,.T.);
#1470=EDGE_CURVE('',#1141,#1138,#630,.T.);
#1471=EDGE_CURVE('',#1142,#1143,#631,.T.);
#1472=EDGE_CURVE('',#1143,#1141,#142,.T.);
#1473=EDGE_CURVE('',#1140,#1142,#143,.T.);
#1474=EDGE_CURVE('',#1135,#1143,#632,.T.);
#1475=EDGE_CURVE('',#1142,#1136,#633,.T.);
#1476=EDGE_CURVE('',#1131,#1138,#144,.T.);
#1477=EDGE_CURVE('',#1115,#1144,#634,.T.);
#1478=EDGE_CURVE('',#1144,#1145,#635,.T.);
#1479=EDGE_CURVE('',#1116,#1145,#636,.T.);
#1480=EDGE_CURVE('',#1146,#1114,#637,.T.);
#1481=EDGE_CURVE('',#1146,#1144,#145,.T.);
#1482=EDGE_CURVE('',#1133,#1147,#638,.T.);
#1483=EDGE_CURVE('',#1130,#1147,#639,.T.);
#1484=EDGE_CURVE('',#1142,#1148,#640,.T.);
#1485=EDGE_CURVE('',#1148,#1137,#641,.T.);
#1486=EDGE_CURVE('',#1140,#1149,#642,.T.);
#1487=EDGE_CURVE('',#1149,#1148,#146,.T.);
#1488=EDGE_CURVE('',#1150,#1139,#643,.T.);
#1489=EDGE_CURVE('',#1150,#1149,#644,.T.);
#1490=EDGE_CURVE('',#1151,#1152,#147,.T.);
#1491=EDGE_CURVE('',#1151,#1153,#645,.T.);
#1492=EDGE_CURVE('',#1153,#1154,#148,.T.);
#1493=EDGE_CURVE('',#1152,#1154,#646,.T.);
#1494=EDGE_CURVE('',#1155,#1151,#647,.T.);
#1495=EDGE_CURVE('',#1155,#1156,#648,.T.);
#1496=EDGE_CURVE('',#1156,#1153,#649,.T.);
#1497=EDGE_CURVE('',#1157,#1155,#149,.T.);
#1498=EDGE_CURVE('',#1157,#1158,#650,.T.);
#1499=EDGE_CURVE('',#1158,#1156,#150,.T.);
#1500=EDGE_CURVE('',#1159,#1157,#651,.T.);
#1501=EDGE_CURVE('',#1159,#1160,#652,.T.);
#1502=EDGE_CURVE('',#1160,#1158,#653,.T.);
#1503=EDGE_CURVE('',#1161,#1159,#151,.T.);
#1504=EDGE_CURVE('',#1161,#1162,#654,.T.);
#1505=EDGE_CURVE('',#1162,#1160,#152,.T.);
#1506=EDGE_CURVE('',#1163,#1161,#655,.T.);
#1507=EDGE_CURVE('',#1163,#1164,#656,.T.);
#1508=EDGE_CURVE('',#1164,#1162,#657,.T.);
#1509=EDGE_CURVE('',#1165,#1163,#658,.T.);
#1510=EDGE_CURVE('',#1165,#1166,#659,.T.);
#1511=EDGE_CURVE('',#1166,#1164,#660,.T.);
#1512=EDGE_CURVE('',#1167,#1165,#661,.T.);
#1513=EDGE_CURVE('',#1167,#1168,#662,.T.);
#1514=EDGE_CURVE('',#1168,#1166,#663,.T.);
#1515=EDGE_CURVE('',#1169,#1167,#153,.T.);
#1516=EDGE_CURVE('',#1169,#1170,#664,.T.);
#1517=EDGE_CURVE('',#1170,#1168,#154,.T.);
#1518=EDGE_CURVE('',#1171,#1169,#665,.T.);
#1519=EDGE_CURVE('',#1171,#1172,#666,.T.);
#1520=EDGE_CURVE('',#1172,#1170,#667,.T.);
#1521=EDGE_CURVE('',#1173,#1171,#155,.T.);
#1522=EDGE_CURVE('',#1173,#1174,#668,.T.);
#1523=EDGE_CURVE('',#1174,#1172,#156,.T.);
#1524=EDGE_CURVE('',#1175,#1173,#669,.T.);
#1525=EDGE_CURVE('',#1175,#1176,#670,.T.);
#1526=EDGE_CURVE('',#1176,#1174,#671,.T.);
#1527=EDGE_CURVE('',#1111,#1176,#672,.T.);
#1528=EDGE_CURVE('',#1112,#1175,#673,.T.);
#1529=EDGE_CURVE('',#1145,#1109,#674,.T.);
#1530=EDGE_CURVE('',#1147,#1146,#157,.T.);
#1531=EDGE_CURVE('',#1154,#1150,#158,.T.);
#1532=EDGE_CURVE('',#1177,#1177,#159,.T.);
#1533=EDGE_CURVE('',#1178,#1178,#160,.T.);
#1534=EDGE_CURVE('',#1179,#1119,#675,.T.);
#1535=EDGE_CURVE('',#1152,#1179,#161,.T.);
#1536=EDGE_CURVE('',#1121,#1177,#676,.T.);
#1537=EDGE_CURVE('',#1122,#1178,#677,.T.);
#1538=EDGE_CURVE('',#1180,#1179,#678,.T.);
#1539=EDGE_CURVE('',#1180,#1118,#679,.T.);
#1540=EDGE_CURVE('',#1123,#1180,#680,.T.);
#1541=ORIENTED_EDGE('',*,*,#1181,.F.);
#1542=ORIENTED_EDGE('',*,*,#1182,.T.);
#1543=ORIENTED_EDGE('',*,*,#1183,.T.);
#1544=ORIENTED_EDGE('',*,*,#1184,.T.);
#1545=ORIENTED_EDGE('',*,*,#1182,.F.);
#1546=ORIENTED_EDGE('',*,*,#1185,.F.);
#1547=ORIENTED_EDGE('',*,*,#1186,.F.);
#1548=ORIENTED_EDGE('',*,*,#1187,.T.);
#1549=ORIENTED_EDGE('',*,*,#1188,.F.);
#1550=ORIENTED_EDGE('',*,*,#1189,.F.);
#1551=ORIENTED_EDGE('',*,*,#1190,.F.);
#1552=ORIENTED_EDGE('',*,*,#1191,.F.);
#1553=ORIENTED_EDGE('',*,*,#1192,.T.);
#1554=ORIENTED_EDGE('',*,*,#1183,.F.);
#1555=ORIENTED_EDGE('',*,*,#1187,.F.);
#1556=ORIENTED_EDGE('',*,*,#1193,.F.);
#1557=ORIENTED_EDGE('',*,*,#1194,.F.);
#1558=ORIENTED_EDGE('',*,*,#1195,.F.);
#1559=ORIENTED_EDGE('',*,*,#1184,.F.);
#1560=ORIENTED_EDGE('',*,*,#1192,.F.);
#1561=ORIENTED_EDGE('',*,*,#1196,.F.);
#1562=ORIENTED_EDGE('',*,*,#1197,.F.);
#1563=ORIENTED_EDGE('',*,*,#1188,.T.);
#1564=ORIENTED_EDGE('',*,*,#1198,.F.);
#1565=ORIENTED_EDGE('',*,*,#1199,.F.);
#1566=ORIENTED_EDGE('',*,*,#1200,.T.);
#1567=ORIENTED_EDGE('',*,*,#1193,.T.);
#1568=ORIENTED_EDGE('',*,*,#1186,.T.);
#1569=ORIENTED_EDGE('',*,*,#1201,.F.);
#1570=ORIENTED_EDGE('',*,*,#1202,.T.);
#1571=ORIENTED_EDGE('',*,*,#1203,.F.);
#1572=ORIENTED_EDGE('',*,*,#1204,.F.);
#1573=ORIENTED_EDGE('',*,*,#1205,.F.);
#1574=ORIENTED_EDGE('',*,*,#1198,.T.);
#1575=ORIENTED_EDGE('',*,*,#1197,.T.);
#1576=ORIENTED_EDGE('',*,*,#1206,.T.);
#1577=ORIENTED_EDGE('',*,*,#1207,.T.);
#1578=ORIENTED_EDGE('',*,*,#1208,.T.);
#1579=ORIENTED_EDGE('',*,*,#1185,.T.);
#1580=ORIENTED_EDGE('',*,*,#1181,.T.);
#1581=ORIENTED_EDGE('',*,*,#1195,.T.);
#1582=ORIENTED_EDGE('',*,*,#1209,.T.);
#1583=ORIENTED_EDGE('',*,*,#1210,.T.);
#1584=ORIENTED_EDGE('',*,*,#1211,.F.);
#1585=ORIENTED_EDGE('',*,*,#1212,.F.);
#1586=ORIENTED_EDGE('',*,*,#1201,.T.);
#1587=ORIENTED_EDGE('',*,*,#1213,.F.);
#1588=ORIENTED_EDGE('',*,*,#1214,.F.);
#1589=ORIENTED_EDGE('',*,*,#1215,.F.);
#1590=ORIENTED_EDGE('',*,*,#1216,.T.);
#1591=ORIENTED_EDGE('',*,*,#1217,.T.);
#1592=ORIENTED_EDGE('',*,*,#1218,.F.);
#1593=ORIENTED_EDGE('',*,*,#1219,.F.);
#1594=ORIENTED_EDGE('',*,*,#1220,.F.);
#1595=ORIENTED_EDGE('',*,*,#1221,.F.);
#1596=ORIENTED_EDGE('',*,*,#1217,.F.);
#1597=ORIENTED_EDGE('',*,*,#1222,.F.);
#1598=ORIENTED_EDGE('',*,*,#1223,.F.);
#1599=ORIENTED_EDGE('',*,*,#1224,.F.);
#1600=ORIENTED_EDGE('',*,*,#1225,.T.);
#1601=ORIENTED_EDGE('',*,*,#1222,.T.);
#1602=ORIENTED_EDGE('',*,*,#1216,.F.);
#1603=ORIENTED_EDGE('',*,*,#1226,.F.);
#1604=ORIENTED_EDGE('',*,*,#1227,.F.);
#1605=ORIENTED_EDGE('',*,*,#1228,.F.);
#1606=ORIENTED_EDGE('',*,*,#1229,.F.);
#1607=ORIENTED_EDGE('',*,*,#1223,.T.);
#1608=ORIENTED_EDGE('',*,*,#1225,.F.);
#1609=ORIENTED_EDGE('',*,*,#1230,.F.);
#1610=ORIENTED_EDGE('',*,*,#1231,.T.);
#1611=ORIENTED_EDGE('',*,*,#1232,.F.);
#1612=ORIENTED_EDGE('',*,*,#1231,.F.);
#1613=ORIENTED_EDGE('',*,*,#1233,.F.);
#1614=ORIENTED_EDGE('',*,*,#1214,.T.);
#1615=ORIENTED_EDGE('',*,*,#1227,.T.);
#1616=ORIENTED_EDGE('',*,*,#1234,.T.);
#1617=ORIENTED_EDGE('',*,*,#1235,.T.);
#1618=ORIENTED_EDGE('',*,*,#1236,.F.);
#1619=ORIENTED_EDGE('',*,*,#1237,.F.);
#1620=ORIENTED_EDGE('',*,*,#1238,.F.);
#1621=ORIENTED_EDGE('',*,*,#1239,.F.);
#1622=ORIENTED_EDGE('',*,*,#1240,.F.);
#1623=ORIENTED_EDGE('',*,*,#1241,.F.);
#1624=ORIENTED_EDGE('',*,*,#1242,.F.);
#1625=ORIENTED_EDGE('',*,*,#1243,.F.);
#1626=ORIENTED_EDGE('',*,*,#1220,.T.);
#1627=ORIENTED_EDGE('',*,*,#1244,.F.);
#1628=ORIENTED_EDGE('',*,*,#1245,.F.);
#1629=ORIENTED_EDGE('',*,*,#1246,.F.);
#1630=ORIENTED_EDGE('',*,*,#1247,.F.);
#1631=ORIENTED_EDGE('',*,*,#1248,.F.);
#1632=ORIENTED_EDGE('',*,*,#1249,.F.);
#1633=ORIENTED_EDGE('',*,*,#1250,.F.);
#1634=ORIENTED_EDGE('',*,*,#1251,.F.);
#1635=ORIENTED_EDGE('',*,*,#1252,.F.);
#1636=ORIENTED_EDGE('',*,*,#1253,.F.);
#1637=ORIENTED_EDGE('',*,*,#1254,.F.);
#1638=ORIENTED_EDGE('',*,*,#1255,.F.);
#1639=ORIENTED_EDGE('',*,*,#1256,.F.);
#1640=ORIENTED_EDGE('',*,*,#1257,.F.);
#1641=ORIENTED_EDGE('',*,*,#1258,.F.);
#1642=ORIENTED_EDGE('',*,*,#1259,.F.);
#1643=ORIENTED_EDGE('',*,*,#1260,.F.);
#1644=ORIENTED_EDGE('',*,*,#1261,.T.);
#1645=ORIENTED_EDGE('',*,*,#1262,.T.);
#1646=ORIENTED_EDGE('',*,*,#1263,.F.);
#1647=ORIENTED_EDGE('',*,*,#1264,.F.);
#1648=ORIENTED_EDGE('',*,*,#1265,.T.);
#1649=ORIENTED_EDGE('',*,*,#1218,.T.);
#1650=ORIENTED_EDGE('',*,*,#1221,.T.);
#1651=ORIENTED_EDGE('',*,*,#1229,.T.);
#1652=ORIENTED_EDGE('',*,*,#1266,.F.);
#1653=ORIENTED_EDGE('',*,*,#1267,.F.);
#1654=ORIENTED_EDGE('',*,*,#1268,.F.);
#1655=ORIENTED_EDGE('',*,*,#1269,.F.);
#1656=ORIENTED_EDGE('',*,*,#1270,.F.);
#1657=ORIENTED_EDGE('',*,*,#1271,.F.);
#1658=ORIENTED_EDGE('',*,*,#1272,.F.);
#1659=ORIENTED_EDGE('',*,*,#1273,.T.);
#1660=ORIENTED_EDGE('',*,*,#1274,.F.);
#1661=ORIENTED_EDGE('',*,*,#1275,.F.);
#1662=ORIENTED_EDGE('',*,*,#1276,.F.);
#1663=ORIENTED_EDGE('',*,*,#1277,.F.);
#1664=ORIENTED_EDGE('',*,*,#1278,.F.);
#1665=ORIENTED_EDGE('',*,*,#1279,.F.);
#1666=ORIENTED_EDGE('',*,*,#1280,.F.);
#1667=ORIENTED_EDGE('',*,*,#1281,.F.);
#1668=ORIENTED_EDGE('',*,*,#1282,.F.);
#1669=ORIENTED_EDGE('',*,*,#1283,.T.);
#1670=ORIENTED_EDGE('',*,*,#1284,.T.);
#1671=ORIENTED_EDGE('',*,*,#1285,.F.);
#1672=ORIENTED_EDGE('',*,*,#1286,.F.);
#1673=ORIENTED_EDGE('',*,*,#1287,.F.);
#1674=ORIENTED_EDGE('',*,*,#1288,.F.);
#1675=ORIENTED_EDGE('',*,*,#1228,.T.);
#1676=ORIENTED_EDGE('',*,*,#1243,.T.);
#1677=ORIENTED_EDGE('',*,*,#1289,.T.);
#1678=ORIENTED_EDGE('',*,*,#1266,.T.);
#1679=ORIENTED_EDGE('',*,*,#1219,.T.);
#1680=ORIENTED_EDGE('',*,*,#1288,.T.);
#1681=ORIENTED_EDGE('',*,*,#1290,.F.);
#1682=ORIENTED_EDGE('',*,*,#1244,.T.);
#1683=ORIENTED_EDGE('',*,*,#1262,.F.);
#1684=ORIENTED_EDGE('',*,*,#1291,.T.);
#1685=ORIENTED_EDGE('',*,*,#1292,.F.);
#1686=ORIENTED_EDGE('',*,*,#1293,.F.);
#1687=ORIENTED_EDGE('',*,*,#1263,.T.);
#1688=ORIENTED_EDGE('',*,*,#1293,.T.);
#1689=ORIENTED_EDGE('',*,*,#1294,.F.);
#1690=ORIENTED_EDGE('',*,*,#1295,.F.);
#1691=ORIENTED_EDGE('',*,*,#1264,.T.);
#1692=ORIENTED_EDGE('',*,*,#1295,.T.);
#1693=ORIENTED_EDGE('',*,*,#1296,.F.);
#1694=ORIENTED_EDGE('',*,*,#1297,.F.);
#1695=ORIENTED_EDGE('',*,*,#1213,.T.);
#1696=ORIENTED_EDGE('',*,*,#1265,.F.);
#1697=ORIENTED_EDGE('',*,*,#1297,.T.);
#1698=ORIENTED_EDGE('',*,*,#1298,.F.);
#1699=ORIENTED_EDGE('',*,*,#1299,.F.);
#1700=ORIENTED_EDGE('',*,*,#1234,.F.);
#1701=ORIENTED_EDGE('',*,*,#1226,.T.);
#1702=ORIENTED_EDGE('',*,*,#1232,.T.);
#1703=ORIENTED_EDGE('',*,*,#1235,.F.);
#1704=ORIENTED_EDGE('',*,*,#1299,.T.);
#1705=ORIENTED_EDGE('',*,*,#1300,.F.);
#1706=ORIENTED_EDGE('',*,*,#1301,.F.);
#1707=ORIENTED_EDGE('',*,*,#1260,.T.);
#1708=ORIENTED_EDGE('',*,*,#1302,.T.);
#1709=ORIENTED_EDGE('',*,*,#1303,.F.);
#1710=ORIENTED_EDGE('',*,*,#1304,.F.);
#1711=ORIENTED_EDGE('',*,*,#1261,.F.);
#1712=ORIENTED_EDGE('',*,*,#1304,.T.);
#1713=ORIENTED_EDGE('',*,*,#1305,.F.);
#1714=ORIENTED_EDGE('',*,*,#1291,.F.);
#1715=ORIENTED_EDGE('',*,*,#1305,.T.);
#1716=ORIENTED_EDGE('',*,*,#1303,.T.);
#1717=ORIENTED_EDGE('',*,*,#1306,.T.);
#1718=ORIENTED_EDGE('',*,*,#1307,.F.);
#1719=ORIENTED_EDGE('',*,*,#1308,.F.);
#1720=ORIENTED_EDGE('',*,*,#1309,.F.);
#1721=ORIENTED_EDGE('',*,*,#1310,.F.);
#1722=ORIENTED_EDGE('',*,*,#1311,.F.);
#1723=ORIENTED_EDGE('',*,*,#1312,.F.);
#1724=ORIENTED_EDGE('',*,*,#1313,.F.);
#1725=ORIENTED_EDGE('',*,*,#1314,.F.);
#1726=ORIENTED_EDGE('',*,*,#1315,.F.);
#1727=ORIENTED_EDGE('',*,*,#1316,.F.);
#1728=ORIENTED_EDGE('',*,*,#1317,.F.);
#1729=ORIENTED_EDGE('',*,*,#1318,.F.);
#1730=ORIENTED_EDGE('',*,*,#1319,.F.);
#1731=ORIENTED_EDGE('',*,*,#1320,.F.);
#1732=ORIENTED_EDGE('',*,*,#1321,.F.);
#1733=ORIENTED_EDGE('',*,*,#1322,.F.);
#1734=ORIENTED_EDGE('',*,*,#1323,.F.);
#1735=ORIENTED_EDGE('',*,*,#1324,.F.);
#1736=ORIENTED_EDGE('',*,*,#1325,.F.);
#1737=ORIENTED_EDGE('',*,*,#1326,.F.);
#1738=ORIENTED_EDGE('',*,*,#1327,.F.);
#1739=ORIENTED_EDGE('',*,*,#1328,.T.);
#1740=ORIENTED_EDGE('',*,*,#1300,.T.);
#1741=ORIENTED_EDGE('',*,*,#1298,.T.);
#1742=ORIENTED_EDGE('',*,*,#1296,.T.);
#1743=ORIENTED_EDGE('',*,*,#1294,.T.);
#1744=ORIENTED_EDGE('',*,*,#1292,.T.);
#1745=ORIENTED_EDGE('',*,*,#1327,.T.);
#1746=ORIENTED_EDGE('',*,*,#1329,.F.);
#1747=ORIENTED_EDGE('',*,*,#1203,.T.);
#1748=ORIENTED_EDGE('',*,*,#1330,.T.);
#1749=ORIENTED_EDGE('',*,*,#1326,.T.);
#1750=ORIENTED_EDGE('',*,*,#1331,.F.);
#1751=ORIENTED_EDGE('',*,*,#1204,.T.);
#1752=ORIENTED_EDGE('',*,*,#1329,.T.);
#1753=ORIENTED_EDGE('',*,*,#1325,.T.);
#1754=ORIENTED_EDGE('',*,*,#1332,.F.);
#1755=ORIENTED_EDGE('',*,*,#1333,.T.);
#1756=ORIENTED_EDGE('',*,*,#1334,.T.);
#1757=ORIENTED_EDGE('',*,*,#1335,.T.);
#1758=ORIENTED_EDGE('',*,*,#1199,.T.);
#1759=ORIENTED_EDGE('',*,*,#1205,.T.);
#1760=ORIENTED_EDGE('',*,*,#1331,.T.);
#1761=ORIENTED_EDGE('',*,*,#1324,.T.);
#1762=ORIENTED_EDGE('',*,*,#1336,.F.);
#1763=ORIENTED_EDGE('',*,*,#1337,.T.);
#1764=ORIENTED_EDGE('',*,*,#1332,.T.);
#1765=ORIENTED_EDGE('',*,*,#1323,.T.);
#1766=ORIENTED_EDGE('',*,*,#1338,.F.);
#1767=ORIENTED_EDGE('',*,*,#1339,.T.);
#1768=ORIENTED_EDGE('',*,*,#1336,.T.);
#1769=ORIENTED_EDGE('',*,*,#1322,.T.);
#1770=ORIENTED_EDGE('',*,*,#1340,.F.);
#1771=ORIENTED_EDGE('',*,*,#1341,.T.);
#1772=ORIENTED_EDGE('',*,*,#1338,.T.);
#1773=ORIENTED_EDGE('',*,*,#1321,.T.);
#1774=ORIENTED_EDGE('',*,*,#1342,.F.);
#1775=ORIENTED_EDGE('',*,*,#1343,.T.);
#1776=ORIENTED_EDGE('',*,*,#1340,.T.);
#1777=ORIENTED_EDGE('',*,*,#1320,.T.);
#1778=ORIENTED_EDGE('',*,*,#1344,.F.);
#1779=ORIENTED_EDGE('',*,*,#1345,.T.);
#1780=ORIENTED_EDGE('',*,*,#1342,.T.);
#1781=ORIENTED_EDGE('',*,*,#1319,.T.);
#1782=ORIENTED_EDGE('',*,*,#1346,.F.);
#1783=ORIENTED_EDGE('',*,*,#1347,.T.);
#1784=ORIENTED_EDGE('',*,*,#1344,.T.);
#1785=ORIENTED_EDGE('',*,*,#1318,.T.);
#1786=ORIENTED_EDGE('',*,*,#1348,.T.);
#1787=ORIENTED_EDGE('',*,*,#1349,.F.);
#1788=ORIENTED_EDGE('',*,*,#1350,.F.);
#1789=ORIENTED_EDGE('',*,*,#1351,.T.);
#1790=ORIENTED_EDGE('',*,*,#1346,.T.);
#1791=ORIENTED_EDGE('',*,*,#1317,.T.);
#1792=ORIENTED_EDGE('',*,*,#1352,.T.);
#1793=ORIENTED_EDGE('',*,*,#1353,.F.);
#1794=ORIENTED_EDGE('',*,*,#1348,.F.);
#1795=ORIENTED_EDGE('',*,*,#1316,.T.);
#1796=ORIENTED_EDGE('',*,*,#1354,.F.);
#1797=ORIENTED_EDGE('',*,*,#1355,.T.);
#1798=ORIENTED_EDGE('',*,*,#1356,.T.);
#1799=ORIENTED_EDGE('',*,*,#1357,.F.);
#1800=ORIENTED_EDGE('',*,*,#1352,.F.);
#1801=ORIENTED_EDGE('',*,*,#1315,.T.);
#1802=ORIENTED_EDGE('',*,*,#1358,.F.);
#1803=ORIENTED_EDGE('',*,*,#1359,.T.);
#1804=ORIENTED_EDGE('',*,*,#1354,.T.);
#1805=ORIENTED_EDGE('',*,*,#1314,.T.);
#1806=ORIENTED_EDGE('',*,*,#1360,.F.);
#1807=ORIENTED_EDGE('',*,*,#1361,.T.);
#1808=ORIENTED_EDGE('',*,*,#1358,.T.);
#1809=ORIENTED_EDGE('',*,*,#1313,.T.);
#1810=ORIENTED_EDGE('',*,*,#1362,.F.);
#1811=ORIENTED_EDGE('',*,*,#1363,.T.);
#1812=ORIENTED_EDGE('',*,*,#1360,.T.);
#1813=ORIENTED_EDGE('',*,*,#1312,.T.);
#1814=ORIENTED_EDGE('',*,*,#1364,.F.);
#1815=ORIENTED_EDGE('',*,*,#1365,.T.);
#1816=ORIENTED_EDGE('',*,*,#1362,.T.);
#1817=ORIENTED_EDGE('',*,*,#1311,.T.);
#1818=ORIENTED_EDGE('',*,*,#1366,.F.);
#1819=ORIENTED_EDGE('',*,*,#1367,.T.);
#1820=ORIENTED_EDGE('',*,*,#1364,.T.);
#1821=ORIENTED_EDGE('',*,*,#1310,.T.);
#1822=ORIENTED_EDGE('',*,*,#1368,.F.);
#1823=ORIENTED_EDGE('',*,*,#1369,.T.);
#1824=ORIENTED_EDGE('',*,*,#1366,.T.);
#1825=ORIENTED_EDGE('',*,*,#1309,.T.);
#1826=ORIENTED_EDGE('',*,*,#1370,.F.);
#1827=ORIENTED_EDGE('',*,*,#1371,.T.);
#1828=ORIENTED_EDGE('',*,*,#1368,.T.);
#1829=ORIENTED_EDGE('',*,*,#1372,.T.);
#1830=ORIENTED_EDGE('',*,*,#1308,.T.);
#1831=ORIENTED_EDGE('',*,*,#1373,.F.);
#1832=ORIENTED_EDGE('',*,*,#1374,.T.);
#1833=ORIENTED_EDGE('',*,*,#1370,.T.);
#1834=ORIENTED_EDGE('',*,*,#1307,.T.);
#1835=ORIENTED_EDGE('',*,*,#1375,.F.);
#1836=ORIENTED_EDGE('',*,*,#1376,.T.);
#1837=ORIENTED_EDGE('',*,*,#1373,.T.);
#1838=ORIENTED_EDGE('',*,*,#1377,.T.);
#1839=ORIENTED_EDGE('',*,*,#1378,.F.);
#1840=ORIENTED_EDGE('',*,*,#1379,.F.);
#1841=ORIENTED_EDGE('',*,*,#1380,.T.);
#1842=ORIENTED_EDGE('',*,*,#1381,.T.);
#1843=ORIENTED_EDGE('',*,*,#1382,.T.);
#1844=ORIENTED_EDGE('',*,*,#1383,.F.);
#1845=ORIENTED_EDGE('',*,*,#1384,.T.);
#1846=ORIENTED_EDGE('',*,*,#1194,.T.);
#1847=ORIENTED_EDGE('',*,*,#1208,.F.);
#1848=ORIENTED_EDGE('',*,*,#1385,.F.);
#1849=ORIENTED_EDGE('',*,*,#1209,.F.);
#1850=ORIENTED_EDGE('',*,*,#1386,.F.);
#1851=ORIENTED_EDGE('',*,*,#1382,.F.);
#1852=ORIENTED_EDGE('',*,*,#1387,.T.);
#1853=ORIENTED_EDGE('',*,*,#1380,.F.);
#1854=ORIENTED_EDGE('',*,*,#1372,.F.);
#1855=ORIENTED_EDGE('',*,*,#1387,.F.);
#1856=ORIENTED_EDGE('',*,*,#1381,.F.);
#1857=ORIENTED_EDGE('',*,*,#1379,.T.);
#1858=ORIENTED_EDGE('',*,*,#1388,.F.);
#1859=ORIENTED_EDGE('',*,*,#1210,.F.);
#1860=ORIENTED_EDGE('',*,*,#1385,.T.);
#1861=ORIENTED_EDGE('',*,*,#1207,.F.);
#1862=ORIENTED_EDGE('',*,*,#1389,.T.);
#1863=ORIENTED_EDGE('',*,*,#1383,.T.);
#1864=ORIENTED_EDGE('',*,*,#1386,.T.);
#1865=ORIENTED_EDGE('',*,*,#1215,.T.);
#1866=ORIENTED_EDGE('',*,*,#1233,.T.);
#1867=ORIENTED_EDGE('',*,*,#1230,.T.);
#1868=ORIENTED_EDGE('',*,*,#1224,.T.);
#1869=ORIENTED_EDGE('',*,*,#1248,.T.);
#1870=ORIENTED_EDGE('',*,*,#1390,.F.);
#1871=ORIENTED_EDGE('',*,*,#1284,.F.);
#1872=ORIENTED_EDGE('',*,*,#1391,.T.);
#1873=ORIENTED_EDGE('',*,*,#1392,.F.);
#1874=ORIENTED_EDGE('',*,*,#1349,.T.);
#1875=ORIENTED_EDGE('',*,*,#1353,.T.);
#1876=ORIENTED_EDGE('',*,*,#1357,.T.);
#1877=ORIENTED_EDGE('',*,*,#1393,.F.);
#1878=ORIENTED_EDGE('',*,*,#1247,.T.);
#1879=ORIENTED_EDGE('',*,*,#1394,.T.);
#1880=ORIENTED_EDGE('',*,*,#1285,.T.);
#1881=ORIENTED_EDGE('',*,*,#1390,.T.);
#1882=ORIENTED_EDGE('',*,*,#1392,.T.);
#1883=ORIENTED_EDGE('',*,*,#1395,.F.);
#1884=ORIENTED_EDGE('',*,*,#1396,.T.);
#1885=ORIENTED_EDGE('',*,*,#1350,.T.);
#1886=ORIENTED_EDGE('',*,*,#1393,.T.);
#1887=ORIENTED_EDGE('',*,*,#1356,.F.);
#1888=ORIENTED_EDGE('',*,*,#1397,.T.);
#1889=ORIENTED_EDGE('',*,*,#1395,.T.);
#1890=ORIENTED_EDGE('',*,*,#1249,.T.);
#1891=ORIENTED_EDGE('',*,*,#1391,.F.);
#1892=ORIENTED_EDGE('',*,*,#1283,.F.);
#1893=ORIENTED_EDGE('',*,*,#1398,.F.);
#1894=ORIENTED_EDGE('',*,*,#1250,.T.);
#1895=ORIENTED_EDGE('',*,*,#1398,.T.);
#1896=ORIENTED_EDGE('',*,*,#1282,.T.);
#1897=ORIENTED_EDGE('',*,*,#1399,.F.);
#1898=ORIENTED_EDGE('',*,*,#1251,.T.);
#1899=ORIENTED_EDGE('',*,*,#1399,.T.);
#1900=ORIENTED_EDGE('',*,*,#1281,.T.);
#1901=ORIENTED_EDGE('',*,*,#1400,.F.);
#1902=ORIENTED_EDGE('',*,*,#1252,.T.);
#1903=ORIENTED_EDGE('',*,*,#1400,.T.);
#1904=ORIENTED_EDGE('',*,*,#1280,.T.);
#1905=ORIENTED_EDGE('',*,*,#1401,.F.);
#1906=ORIENTED_EDGE('',*,*,#1253,.T.);
#1907=ORIENTED_EDGE('',*,*,#1401,.T.);
#1908=ORIENTED_EDGE('',*,*,#1279,.T.);
#1909=ORIENTED_EDGE('',*,*,#1402,.F.);
#1910=ORIENTED_EDGE('',*,*,#1254,.T.);
#1911=ORIENTED_EDGE('',*,*,#1402,.T.);
#1912=ORIENTED_EDGE('',*,*,#1278,.T.);
#1913=ORIENTED_EDGE('',*,*,#1403,.F.);
#1914=ORIENTED_EDGE('',*,*,#1255,.T.);
#1915=ORIENTED_EDGE('',*,*,#1403,.T.);
#1916=ORIENTED_EDGE('',*,*,#1277,.T.);
#1917=ORIENTED_EDGE('',*,*,#1404,.F.);
#1918=ORIENTED_EDGE('',*,*,#1256,.T.);
#1919=ORIENTED_EDGE('',*,*,#1404,.T.);
#1920=ORIENTED_EDGE('',*,*,#1276,.T.);
#1921=ORIENTED_EDGE('',*,*,#1405,.F.);
#1922=ORIENTED_EDGE('',*,*,#1257,.T.);
#1923=ORIENTED_EDGE('',*,*,#1405,.T.);
#1924=ORIENTED_EDGE('',*,*,#1275,.T.);
#1925=ORIENTED_EDGE('',*,*,#1406,.F.);
#1926=ORIENTED_EDGE('',*,*,#1258,.T.);
#1927=ORIENTED_EDGE('',*,*,#1406,.T.);
#1928=ORIENTED_EDGE('',*,*,#1274,.T.);
#1929=ORIENTED_EDGE('',*,*,#1407,.F.);
#1930=ORIENTED_EDGE('',*,*,#1377,.F.);
#1931=ORIENTED_EDGE('',*,*,#1408,.F.);
#1932=ORIENTED_EDGE('',*,*,#1375,.T.);
#1933=ORIENTED_EDGE('',*,*,#1306,.F.);
#1934=ORIENTED_EDGE('',*,*,#1302,.F.);
#1935=ORIENTED_EDGE('',*,*,#1259,.T.);
#1936=ORIENTED_EDGE('',*,*,#1407,.T.);
#1937=ORIENTED_EDGE('',*,*,#1273,.F.);
#1938=ORIENTED_EDGE('',*,*,#1409,.F.);
#1939=ORIENTED_EDGE('',*,*,#1236,.T.);
#1940=ORIENTED_EDGE('',*,*,#1301,.T.);
#1941=ORIENTED_EDGE('',*,*,#1328,.F.);
#1942=ORIENTED_EDGE('',*,*,#1330,.F.);
#1943=ORIENTED_EDGE('',*,*,#1202,.F.);
#1944=ORIENTED_EDGE('',*,*,#1212,.T.);
#1945=ORIENTED_EDGE('',*,*,#1410,.F.);
#1946=ORIENTED_EDGE('',*,*,#1190,.T.);
#1947=ORIENTED_EDGE('',*,*,#1411,.T.);
#1948=ORIENTED_EDGE('',*,*,#1334,.F.);
#1949=ORIENTED_EDGE('',*,*,#1412,.F.);
#1950=ORIENTED_EDGE('',*,*,#1189,.T.);
#1951=ORIENTED_EDGE('',*,*,#1200,.F.);
#1952=ORIENTED_EDGE('',*,*,#1335,.F.);
#1953=ORIENTED_EDGE('',*,*,#1411,.F.);
#1954=ORIENTED_EDGE('',*,*,#1238,.T.);
#1955=ORIENTED_EDGE('',*,*,#1413,.T.);
#1956=ORIENTED_EDGE('',*,*,#1271,.T.);
#1957=ORIENTED_EDGE('',*,*,#1414,.F.);
#1958=ORIENTED_EDGE('',*,*,#1237,.T.);
#1959=ORIENTED_EDGE('',*,*,#1409,.T.);
#1960=ORIENTED_EDGE('',*,*,#1272,.T.);
#1961=ORIENTED_EDGE('',*,*,#1413,.F.);
#1962=ORIENTED_EDGE('',*,*,#1246,.T.);
#1963=ORIENTED_EDGE('',*,*,#1415,.T.);
#1964=ORIENTED_EDGE('',*,*,#1286,.T.);
#1965=ORIENTED_EDGE('',*,*,#1394,.F.);
#1966=ORIENTED_EDGE('',*,*,#1245,.T.);
#1967=ORIENTED_EDGE('',*,*,#1290,.T.);
#1968=ORIENTED_EDGE('',*,*,#1287,.T.);
#1969=ORIENTED_EDGE('',*,*,#1415,.F.);
#1970=ORIENTED_EDGE('',*,*,#1242,.T.);
#1971=ORIENTED_EDGE('',*,*,#1416,.T.);
#1972=ORIENTED_EDGE('',*,*,#1267,.T.);
#1973=ORIENTED_EDGE('',*,*,#1289,.F.);
#1974=ORIENTED_EDGE('',*,*,#1241,.T.);
#1975=ORIENTED_EDGE('',*,*,#1417,.T.);
#1976=ORIENTED_EDGE('',*,*,#1268,.T.);
#1977=ORIENTED_EDGE('',*,*,#1416,.F.);
#1978=ORIENTED_EDGE('',*,*,#1240,.T.);
#1979=ORIENTED_EDGE('',*,*,#1418,.T.);
#1980=ORIENTED_EDGE('',*,*,#1269,.T.);
#1981=ORIENTED_EDGE('',*,*,#1417,.F.);
#1982=ORIENTED_EDGE('',*,*,#1191,.T.);
#1983=ORIENTED_EDGE('',*,*,#1412,.T.);
#1984=ORIENTED_EDGE('',*,*,#1333,.F.);
#1985=ORIENTED_EDGE('',*,*,#1337,.F.);
#1986=ORIENTED_EDGE('',*,*,#1339,.F.);
#1987=ORIENTED_EDGE('',*,*,#1341,.F.);
#1988=ORIENTED_EDGE('',*,*,#1343,.F.);
#1989=ORIENTED_EDGE('',*,*,#1345,.F.);
#1990=ORIENTED_EDGE('',*,*,#1347,.F.);
#1991=ORIENTED_EDGE('',*,*,#1351,.F.);
#1992=ORIENTED_EDGE('',*,*,#1396,.F.);
#1993=ORIENTED_EDGE('',*,*,#1397,.F.);
#1994=ORIENTED_EDGE('',*,*,#1355,.F.);
#1995=ORIENTED_EDGE('',*,*,#1359,.F.);
#1996=ORIENTED_EDGE('',*,*,#1361,.F.);
#1997=ORIENTED_EDGE('',*,*,#1363,.F.);
#1998=ORIENTED_EDGE('',*,*,#1365,.F.);
#1999=ORIENTED_EDGE('',*,*,#1367,.F.);
#2000=ORIENTED_EDGE('',*,*,#1369,.F.);
#2001=ORIENTED_EDGE('',*,*,#1371,.F.);
#2002=ORIENTED_EDGE('',*,*,#1374,.F.);
#2003=ORIENTED_EDGE('',*,*,#1376,.F.);
#2004=ORIENTED_EDGE('',*,*,#1408,.T.);
#2005=ORIENTED_EDGE('',*,*,#1384,.F.);
#2006=ORIENTED_EDGE('',*,*,#1389,.F.);
#2007=ORIENTED_EDGE('',*,*,#1206,.F.);
#2008=ORIENTED_EDGE('',*,*,#1196,.T.);
#2009=ORIENTED_EDGE('',*,*,#1239,.T.);
#2010=ORIENTED_EDGE('',*,*,#1414,.T.);
#2011=ORIENTED_EDGE('',*,*,#1270,.T.);
#2012=ORIENTED_EDGE('',*,*,#1418,.F.);
#2013=ORIENTED_EDGE('',*,*,#1410,.T.);
#2014=ORIENTED_EDGE('',*,*,#1211,.T.);
#2015=ORIENTED_EDGE('',*,*,#1388,.T.);
#2016=ORIENTED_EDGE('',*,*,#1378,.T.);
#2017=ORIENTED_EDGE('',*,*,#1419,.F.);
#2018=ORIENTED_EDGE('',*,*,#1420,.F.);
#2019=ORIENTED_EDGE('',*,*,#1421,.F.);
#2020=ORIENTED_EDGE('',*,*,#1422,.T.);
#2021=ORIENTED_EDGE('',*,*,#1423,.F.);
#2022=ORIENTED_EDGE('',*,*,#1424,.F.);
#2023=ORIENTED_EDGE('',*,*,#1425,.F.);
#2024=ORIENTED_EDGE('',*,*,#1426,.F.);
#2025=ORIENTED_EDGE('',*,*,#1427,.F.);
#2026=ORIENTED_EDGE('',*,*,#1428,.F.);
#2027=ORIENTED_EDGE('',*,*,#1429,.F.);
#2028=ORIENTED_EDGE('',*,*,#1430,.F.);
#2029=ORIENTED_EDGE('',*,*,#1424,.T.);
#2030=ORIENTED_EDGE('',*,*,#1431,.F.);
#2031=ORIENTED_EDGE('',*,*,#1422,.F.);
#2032=ORIENTED_EDGE('',*,*,#1432,.F.);
#2033=ORIENTED_EDGE('',*,*,#1432,.T.);
#2034=ORIENTED_EDGE('',*,*,#1421,.T.);
#2035=ORIENTED_EDGE('',*,*,#1433,.F.);
#2036=ORIENTED_EDGE('',*,*,#1434,.T.);
#2037=ORIENTED_EDGE('',*,*,#1435,.T.);
#2038=ORIENTED_EDGE('',*,*,#1436,.T.);
#2039=ORIENTED_EDGE('',*,*,#1437,.T.);
#2040=ORIENTED_EDGE('',*,*,#1419,.T.);
#2041=ORIENTED_EDGE('',*,*,#1431,.T.);
#2042=ORIENTED_EDGE('',*,*,#1423,.T.);
#2043=ORIENTED_EDGE('',*,*,#1438,.T.);
#2044=ORIENTED_EDGE('',*,*,#1439,.T.);
#2045=ORIENTED_EDGE('',*,*,#1440,.T.);
#2046=ORIENTED_EDGE('',*,*,#1441,.T.);
#2047=ORIENTED_EDGE('',*,*,#1442,.T.);
#2048=ORIENTED_EDGE('',*,*,#1443,.T.);
#2049=ORIENTED_EDGE('',*,*,#1444,.T.);
#2050=ORIENTED_EDGE('',*,*,#1426,.T.);
#2051=ORIENTED_EDGE('',*,*,#1445,.T.);
#2052=ORIENTED_EDGE('',*,*,#1446,.T.);
#2053=ORIENTED_EDGE('',*,*,#1438,.F.);
#2054=ORIENTED_EDGE('',*,*,#1420,.T.);
#2055=ORIENTED_EDGE('',*,*,#1442,.F.);
#2056=ORIENTED_EDGE('',*,*,#1447,.F.);
#2057=ORIENTED_EDGE('',*,*,#1433,.T.);
#2058=ORIENTED_EDGE('',*,*,#1448,.T.);
#2059=ORIENTED_EDGE('',*,*,#1449,.T.);
#2060=ORIENTED_EDGE('',*,*,#1450,.T.);
#2061=ORIENTED_EDGE('',*,*,#1451,.T.);
#2062=ORIENTED_EDGE('',*,*,#1452,.T.);
#2063=ORIENTED_EDGE('',*,*,#1453,.T.);
#2064=ORIENTED_EDGE('',*,*,#1450,.F.);
#2065=ORIENTED_EDGE('',*,*,#1454,.T.);
#2066=ORIENTED_EDGE('',*,*,#1455,.T.);
#2067=ORIENTED_EDGE('',*,*,#1456,.T.);
#2068=ORIENTED_EDGE('',*,*,#1452,.F.);
#2069=ORIENTED_EDGE('',*,*,#1457,.T.);
#2070=ORIENTED_EDGE('',*,*,#1454,.F.);
#2071=ORIENTED_EDGE('',*,*,#1458,.T.);
#2072=ORIENTED_EDGE('',*,*,#1459,.T.);
#2073=ORIENTED_EDGE('',*,*,#1460,.F.);
#2074=ORIENTED_EDGE('',*,*,#1449,.F.);
#2075=ORIENTED_EDGE('',*,*,#1461,.T.);
#2076=ORIENTED_EDGE('',*,*,#1462,.T.);
#2077=ORIENTED_EDGE('',*,*,#1458,.F.);
#2078=ORIENTED_EDGE('',*,*,#1448,.F.);
#2079=ORIENTED_EDGE('',*,*,#1463,.F.);
#2080=ORIENTED_EDGE('',*,*,#1464,.F.);
#2081=ORIENTED_EDGE('',*,*,#1465,.T.);
#2082=ORIENTED_EDGE('',*,*,#1466,.T.);
#2083=ORIENTED_EDGE('',*,*,#1461,.F.);
#2084=ORIENTED_EDGE('',*,*,#1467,.T.);
#2085=ORIENTED_EDGE('',*,*,#1468,.T.);
#2086=ORIENTED_EDGE('',*,*,#1469,.T.);
#2087=ORIENTED_EDGE('',*,*,#1470,.T.);
#2088=ORIENTED_EDGE('',*,*,#1471,.T.);
#2089=ORIENTED_EDGE('',*,*,#1472,.T.);
#2090=ORIENTED_EDGE('',*,*,#1469,.F.);
#2091=ORIENTED_EDGE('',*,*,#1473,.T.);
#2092=ORIENTED_EDGE('',*,*,#1464,.T.);
#2093=ORIENTED_EDGE('',*,*,#1474,.T.);
#2094=ORIENTED_EDGE('',*,*,#1471,.F.);
#2095=ORIENTED_EDGE('',*,*,#1475,.T.);
#2096=ORIENTED_EDGE('',*,*,#1456,.F.);
#2097=ORIENTED_EDGE('',*,*,#1476,.T.);
#2098=ORIENTED_EDGE('',*,*,#1470,.F.);
#2099=ORIENTED_EDGE('',*,*,#1472,.F.);
#2100=ORIENTED_EDGE('',*,*,#1474,.F.);
#2101=ORIENTED_EDGE('',*,*,#1463,.T.);
#2102=ORIENTED_EDGE('',*,*,#1451,.F.);
#2103=ORIENTED_EDGE('',*,*,#1453,.F.);
#2104=ORIENTED_EDGE('',*,*,#1436,.F.);
#2105=ORIENTED_EDGE('',*,*,#1477,.T.);
#2106=ORIENTED_EDGE('',*,*,#1478,.T.);
#2107=ORIENTED_EDGE('',*,*,#1479,.F.);
#2108=ORIENTED_EDGE('',*,*,#1435,.F.);
#2109=ORIENTED_EDGE('',*,*,#1480,.F.);
#2110=ORIENTED_EDGE('',*,*,#1481,.T.);
#2111=ORIENTED_EDGE('',*,*,#1477,.F.);
#2112=ORIENTED_EDGE('',*,*,#1457,.F.);
#2113=ORIENTED_EDGE('',*,*,#1460,.T.);
#2114=ORIENTED_EDGE('',*,*,#1482,.T.);
#2115=ORIENTED_EDGE('',*,*,#1483,.F.);
#2116=ORIENTED_EDGE('',*,*,#1475,.F.);
#2117=ORIENTED_EDGE('',*,*,#1484,.T.);
#2118=ORIENTED_EDGE('',*,*,#1485,.T.);
#2119=ORIENTED_EDGE('',*,*,#1465,.F.);
#2120=ORIENTED_EDGE('',*,*,#1473,.F.);
#2121=ORIENTED_EDGE('',*,*,#1486,.T.);
#2122=ORIENTED_EDGE('',*,*,#1487,.T.);
#2123=ORIENTED_EDGE('',*,*,#1484,.F.);
#2124=ORIENTED_EDGE('',*,*,#1468,.F.);
#2125=ORIENTED_EDGE('',*,*,#1488,.F.);
#2126=ORIENTED_EDGE('',*,*,#1489,.T.);
#2127=ORIENTED_EDGE('',*,*,#1486,.F.);
#2128=ORIENTED_EDGE('',*,*,#1490,.F.);
#2129=ORIENTED_EDGE('',*,*,#1491,.T.);
#2130=ORIENTED_EDGE('',*,*,#1492,.T.);
#2131=ORIENTED_EDGE('',*,*,#1493,.F.);
#2132=ORIENTED_EDGE('',*,*,#1494,.F.);
#2133=ORIENTED_EDGE('',*,*,#1495,.T.);
#2134=ORIENTED_EDGE('',*,*,#1496,.T.);
#2135=ORIENTED_EDGE('',*,*,#1491,.F.);
#2136=ORIENTED_EDGE('',*,*,#1497,.F.);
#2137=ORIENTED_EDGE('',*,*,#1498,.T.);
#2138=ORIENTED_EDGE('',*,*,#1499,.T.);
#2139=ORIENTED_EDGE('',*,*,#1495,.F.);
#2140=ORIENTED_EDGE('',*,*,#1500,.F.);
#2141=ORIENTED_EDGE('',*,*,#1501,.T.);
#2142=ORIENTED_EDGE('',*,*,#1502,.T.);
#2143=ORIENTED_EDGE('',*,*,#1498,.F.);
#2144=ORIENTED_EDGE('',*,*,#1503,.F.);
#2145=ORIENTED_EDGE('',*,*,#1504,.T.);
#2146=ORIENTED_EDGE('',*,*,#1505,.T.);
#2147=ORIENTED_EDGE('',*,*,#1501,.F.);
#2148=ORIENTED_EDGE('',*,*,#1506,.F.);
#2149=ORIENTED_EDGE('',*,*,#1507,.T.);
#2150=ORIENTED_EDGE('',*,*,#1508,.T.);
#2151=ORIENTED_EDGE('',*,*,#1504,.F.);
#2152=ORIENTED_EDGE('',*,*,#1509,.F.);
#2153=ORIENTED_EDGE('',*,*,#1510,.T.);
#2154=ORIENTED_EDGE('',*,*,#1511,.T.);
#2155=ORIENTED_EDGE('',*,*,#1507,.F.);
#2156=ORIENTED_EDGE('',*,*,#1512,.F.);
#2157=ORIENTED_EDGE('',*,*,#1513,.T.);
#2158=ORIENTED_EDGE('',*,*,#1514,.T.);
#2159=ORIENTED_EDGE('',*,*,#1510,.F.);
#2160=ORIENTED_EDGE('',*,*,#1515,.F.);
#2161=ORIENTED_EDGE('',*,*,#1516,.T.);
#2162=ORIENTED_EDGE('',*,*,#1517,.T.);
#2163=ORIENTED_EDGE('',*,*,#1513,.F.);
#2164=ORIENTED_EDGE('',*,*,#1518,.F.);
#2165=ORIENTED_EDGE('',*,*,#1519,.T.);
#2166=ORIENTED_EDGE('',*,*,#1520,.T.);
#2167=ORIENTED_EDGE('',*,*,#1516,.F.);
#2168=ORIENTED_EDGE('',*,*,#1521,.F.);
#2169=ORIENTED_EDGE('',*,*,#1522,.T.);
#2170=ORIENTED_EDGE('',*,*,#1523,.T.);
#2171=ORIENTED_EDGE('',*,*,#1519,.F.);
#2172=ORIENTED_EDGE('',*,*,#1524,.F.);
#2173=ORIENTED_EDGE('',*,*,#1525,.T.);
#2174=ORIENTED_EDGE('',*,*,#1526,.T.);
#2175=ORIENTED_EDGE('',*,*,#1522,.F.);
#2176=ORIENTED_EDGE('',*,*,#1429,.T.);
#2177=ORIENTED_EDGE('',*,*,#1527,.T.);
#2178=ORIENTED_EDGE('',*,*,#1525,.F.);
#2179=ORIENTED_EDGE('',*,*,#1528,.F.);
#2180=ORIENTED_EDGE('',*,*,#1427,.T.);
#2181=ORIENTED_EDGE('',*,*,#1437,.F.);
#2182=ORIENTED_EDGE('',*,*,#1479,.T.);
#2183=ORIENTED_EDGE('',*,*,#1529,.T.);
#2184=ORIENTED_EDGE('',*,*,#1428,.T.);
#2185=ORIENTED_EDGE('',*,*,#1529,.F.);
#2186=ORIENTED_EDGE('',*,*,#1478,.F.);
#2187=ORIENTED_EDGE('',*,*,#1481,.F.);
#2188=ORIENTED_EDGE('',*,*,#1530,.F.);
#2189=ORIENTED_EDGE('',*,*,#1482,.F.);
#2190=ORIENTED_EDGE('',*,*,#1459,.F.);
#2191=ORIENTED_EDGE('',*,*,#1462,.F.);
#2192=ORIENTED_EDGE('',*,*,#1466,.F.);
#2193=ORIENTED_EDGE('',*,*,#1485,.F.);
#2194=ORIENTED_EDGE('',*,*,#1487,.F.);
#2195=ORIENTED_EDGE('',*,*,#1489,.F.);
#2196=ORIENTED_EDGE('',*,*,#1531,.F.);
#2197=ORIENTED_EDGE('',*,*,#1492,.F.);
#2198=ORIENTED_EDGE('',*,*,#1496,.F.);
#2199=ORIENTED_EDGE('',*,*,#1499,.F.);
#2200=ORIENTED_EDGE('',*,*,#1502,.F.);
#2201=ORIENTED_EDGE('',*,*,#1505,.F.);
#2202=ORIENTED_EDGE('',*,*,#1508,.F.);
#2203=ORIENTED_EDGE('',*,*,#1511,.F.);
#2204=ORIENTED_EDGE('',*,*,#1514,.F.);
#2205=ORIENTED_EDGE('',*,*,#1517,.F.);
#2206=ORIENTED_EDGE('',*,*,#1520,.F.);
#2207=ORIENTED_EDGE('',*,*,#1523,.F.);
#2208=ORIENTED_EDGE('',*,*,#1526,.F.);
#2209=ORIENTED_EDGE('',*,*,#1527,.F.);
#2210=ORIENTED_EDGE('',*,*,#1532,.F.);
#2211=ORIENTED_EDGE('',*,*,#1533,.F.);
#2212=ORIENTED_EDGE('',*,*,#1455,.F.);
#2213=ORIENTED_EDGE('',*,*,#1483,.T.);
#2214=ORIENTED_EDGE('',*,*,#1530,.T.);
#2215=ORIENTED_EDGE('',*,*,#1480,.T.);
#2216=ORIENTED_EDGE('',*,*,#1434,.F.);
#2217=ORIENTED_EDGE('',*,*,#1447,.T.);
#2218=ORIENTED_EDGE('',*,*,#1441,.F.);
#2219=ORIENTED_EDGE('',*,*,#1534,.F.);
#2220=ORIENTED_EDGE('',*,*,#1535,.F.);
#2221=ORIENTED_EDGE('',*,*,#1493,.T.);
#2222=ORIENTED_EDGE('',*,*,#1531,.T.);
#2223=ORIENTED_EDGE('',*,*,#1488,.T.);
#2224=ORIENTED_EDGE('',*,*,#1467,.F.);
#2225=ORIENTED_EDGE('',*,*,#1476,.F.);
#2226=ORIENTED_EDGE('',*,*,#1443,.F.);
#2227=ORIENTED_EDGE('',*,*,#1536,.T.);
#2228=ORIENTED_EDGE('',*,*,#1532,.T.);
#2229=ORIENTED_EDGE('',*,*,#1536,.F.);
#2230=ORIENTED_EDGE('',*,*,#1444,.F.);
#2231=ORIENTED_EDGE('',*,*,#1537,.T.);
#2232=ORIENTED_EDGE('',*,*,#1533,.T.);
#2233=ORIENTED_EDGE('',*,*,#1537,.F.);
#2234=ORIENTED_EDGE('',*,*,#1538,.T.);
#2235=ORIENTED_EDGE('',*,*,#1534,.T.);
#2236=ORIENTED_EDGE('',*,*,#1440,.F.);
#2237=ORIENTED_EDGE('',*,*,#1539,.F.);
#2238=ORIENTED_EDGE('',*,*,#1540,.T.);
#2239=ORIENTED_EDGE('',*,*,#1539,.T.);
#2240=ORIENTED_EDGE('',*,*,#1439,.F.);
#2241=ORIENTED_EDGE('',*,*,#1446,.F.);
#2242=ORIENTED_EDGE('',*,*,#1430,.T.);
#2243=ORIENTED_EDGE('',*,*,#1528,.T.);
#2244=ORIENTED_EDGE('',*,*,#1524,.T.);
#2245=ORIENTED_EDGE('',*,*,#1521,.T.);
#2246=ORIENTED_EDGE('',*,*,#1518,.T.);
#2247=ORIENTED_EDGE('',*,*,#1515,.T.);
#2248=ORIENTED_EDGE('',*,*,#1512,.T.);
#2249=ORIENTED_EDGE('',*,*,#1509,.T.);
#2250=ORIENTED_EDGE('',*,*,#1506,.T.);
#2251=ORIENTED_EDGE('',*,*,#1503,.T.);
#2252=ORIENTED_EDGE('',*,*,#1500,.T.);
#2253=ORIENTED_EDGE('',*,*,#1497,.T.);
#2254=ORIENTED_EDGE('',*,*,#1494,.T.);
#2255=ORIENTED_EDGE('',*,*,#1490,.T.);
#2256=ORIENTED_EDGE('',*,*,#1535,.T.);
#2257=ORIENTED_EDGE('',*,*,#1538,.F.);
#2258=ORIENTED_EDGE('',*,*,#1540,.F.);
#2259=ORIENTED_EDGE('',*,*,#1445,.F.);
#2260=ORIENTED_EDGE('',*,*,#1425,.T.);
#2261=PLANE('',#2482);
#2262=PLANE('',#2483);
#2263=PLANE('',#2484);
#2264=PLANE('',#2485);
#2265=PLANE('',#2486);
#2266=PLANE('',#2487);
#2267=PLANE('',#2491);
#2268=PLANE('',#2492);
#2269=PLANE('',#2493);
#2270=PLANE('',#2494);
#2271=PLANE('',#2495);
#2272=PLANE('',#2496);
#2273=PLANE('',#2497);
#2274=PLANE('',#2499);
#2275=PLANE('',#2506);
#2276=PLANE('',#2518);
#2277=PLANE('',#2533);
#2278=PLANE('',#2536);
#2279=PLANE('',#2539);
#2280=PLANE('',#2540);
#2281=PLANE('',#2543);
#2282=PLANE('',#2557);
#2283=PLANE('',#2561);
#2284=PLANE('',#2564);
#2285=PLANE('',#2567);
#2286=PLANE('',#2570);
#2287=PLANE('',#2571);
#2288=PLANE('',#2572);
#2289=PLANE('',#2575);
#2290=PLANE('',#2578);
#2291=PLANE('',#2581);
#2292=PLANE('',#2584);
#2293=PLANE('',#2587);
#2294=PLANE('',#2588);
#2295=PLANE('',#2589);
#2296=PLANE('',#2590);
#2297=PLANE('',#2591);
#2298=PLANE('',#2594);
#2299=PLANE('',#2599);
#2300=PLANE('',#2601);
#2301=PLANE('',#2603);
#2302=PLANE('',#2605);
#2303=PLANE('',#2607);
#2304=PLANE('',#2612);
#2305=PLANE('',#2613);
#2306=PLANE('',#2614);
#2307=PLANE('',#2617);
#2308=PLANE('',#2618);
#2309=PLANE('',#2620);
#2310=PLANE('',#2621);
#2311=PLANE('',#2623);
#2312=PLANE('',#2624);
#2313=PLANE('',#2625);
#2314=PLANE('',#2626);
#2315=PLANE('',#2627);
#2316=PLANE('',#2630);
#2317=PLANE('',#2634);
#2318=PLANE('',#2635);
#2319=PLANE('',#2636);
#2320=PLANE('',#2640);
#2321=PLANE('',#2644);
#2322=PLANE('',#2645);
#2323=PLANE('',#2646);
#2324=PLANE('',#2651);
#2325=PLANE('',#2652);
#2326=PLANE('',#2654);
#2327=PLANE('',#2657);
#2328=PLANE('',#2658);
#2329=PLANE('',#2661);
#2330=PLANE('',#2665);
#2331=PLANE('',#2669);
#2332=PLANE('',#2673);
#2333=PLANE('',#2674);
#2334=PLANE('',#2675);
#2335=PLANE('',#2679);
#2336=PLANE('',#2683);
#2337=PLANE('',#2684);
#2338=PLANE('',#2685);
#2339=PLANE('',#2686);
#2340=PLANE('',#2695);
#2341=PLANE('',#2696);
#2342=PLANE('',#2697);
#2343=ADVANCED_FACE('',(#165),#2261,.F.);
#2344=ADVANCED_FACE('',(#166),#2262,.F.);
#2345=ADVANCED_FACE('',(#167),#2263,.F.);
#2346=ADVANCED_FACE('',(#168),#2264,.F.);
#2347=ADVANCED_FACE('',(#169),#2265,.F.);
#2348=ADVANCED_FACE('',(#170),#2266,.T.);
#2349=ADVANCED_FACE('',(#171),#2267,.T.);
#2350=ADVANCED_FACE('',(#172),#2268,.T.);
#2351=ADVANCED_FACE('',(#173),#2269,.F.);
#2352=ADVANCED_FACE('',(#174),#2270,.F.);
#2353=ADVANCED_FACE('',(#175),#2271,.F.);
#2354=ADVANCED_FACE('',(#176),#2272,.F.);
#2355=ADVANCED_FACE('',(#177),#2273,.F.);
#2356=ADVANCED_FACE('',(#178),#2274,.F.);
#2357=ADVANCED_FACE('',(#179),#2275,.F.);
#2358=ADVANCED_FACE('',(#180),#2276,.F.);
#2359=ADVANCED_FACE('',(#181),#32,.F.);
#2360=ADVANCED_FACE('',(#182),#33,.F.);
#2361=ADVANCED_FACE('',(#183),#2277,.T.);
#2362=ADVANCED_FACE('',(#184),#34,.T.);
#2363=ADVANCED_FACE('',(#185),#2278,.T.);
#2364=ADVANCED_FACE('',(#186),#35,.F.);
#2365=ADVANCED_FACE('',(#187),#2279,.T.);
#2366=ADVANCED_FACE('',(#188),#2280,.T.);
#2367=ADVANCED_FACE('',(#189),#36,.F.);
#2368=ADVANCED_FACE('',(#190),#2281,.T.);
#2369=ADVANCED_FACE('',(#191),#37,.F.);
#2370=ADVANCED_FACE('',(#192),#2282,.T.);
#2371=ADVANCED_FACE('',(#193),#38,.F.);
#2372=ADVANCED_FACE('',(#194),#2283,.T.);
#2373=ADVANCED_FACE('',(#195),#39,.F.);
#2374=ADVANCED_FACE('',(#196),#2284,.T.);
#2375=ADVANCED_FACE('',(#197),#40,.F.);
#2376=ADVANCED_FACE('',(#198),#2285,.T.);
#2377=ADVANCED_FACE('',(#199),#41,.F.);
#2378=ADVANCED_FACE('',(#200),#2286,.T.);
#2379=ADVANCED_FACE('',(#201),#2287,.T.);
#2380=ADVANCED_FACE('',(#202),#2288,.T.);
#2381=ADVANCED_FACE('',(#203),#42,.F.);
#2382=ADVANCED_FACE('',(#204),#2289,.T.);
#2383=ADVANCED_FACE('',(#205),#43,.F.);
#2384=ADVANCED_FACE('',(#206),#2290,.T.);
#2385=ADVANCED_FACE('',(#207),#44,.F.);
#2386=ADVANCED_FACE('',(#208),#2291,.T.);
#2387=ADVANCED_FACE('',(#209,#25),#45,.F.);
#2388=ADVANCED_FACE('',(#210),#2292,.T.);
#2389=ADVANCED_FACE('',(#211),#46,.F.);
#2390=ADVANCED_FACE('',(#212),#2293,.T.);
#2391=ADVANCED_FACE('',(#213),#23,.F.);
#2392=ADVANCED_FACE('',(#214,#26),#24,.F.);
#2393=ADVANCED_FACE('',(#215),#2294,.F.);
#2394=ADVANCED_FACE('',(#216,#27),#2295,.T.);
#2395=ADVANCED_FACE('',(#217),#2296,.T.);
#2396=ADVANCED_FACE('',(#218),#2297,.T.);
#2397=ADVANCED_FACE('',(#219),#2298,.T.);
#2398=ADVANCED_FACE('',(#220),#47,.F.);
#2399=ADVANCED_FACE('',(#221),#48,.F.);
#2400=ADVANCED_FACE('',(#222),#2299,.T.);
#2401=ADVANCED_FACE('',(#223),#49,.F.);
#2402=ADVANCED_FACE('',(#224),#2300,.T.);
#2403=ADVANCED_FACE('',(#225),#50,.F.);
#2404=ADVANCED_FACE('',(#226),#2301,.T.);
#2405=ADVANCED_FACE('',(#227),#51,.F.);
#2406=ADVANCED_FACE('',(#228),#2302,.T.);
#2407=ADVANCED_FACE('',(#229),#52,.F.);
#2408=ADVANCED_FACE('',(#230),#2303,.T.);
#2409=ADVANCED_FACE('',(#231),#53,.F.);
#2410=ADVANCED_FACE('',(#232),#54,.T.);
#2411=ADVANCED_FACE('',(#233),#2304,.F.);
#2412=ADVANCED_FACE('',(#234),#2305,.T.);
#2413=ADVANCED_FACE('',(#235),#2306,.T.);
#2414=ADVANCED_FACE('',(#236),#55,.F.);
#2415=ADVANCED_FACE('',(#237),#56,.F.);
#2416=ADVANCED_FACE('',(#238),#2307,.T.);
#2417=ADVANCED_FACE('',(#239),#2308,.T.);
#2418=ADVANCED_FACE('',(#240),#57,.F.);
#2419=ADVANCED_FACE('',(#241),#2309,.T.);
#2420=ADVANCED_FACE('',(#242),#2310,.T.);
#2421=ADVANCED_FACE('',(#243),#58,.F.);
#2422=ADVANCED_FACE('',(#244),#2311,.F.);
#2423=ADVANCED_FACE('',(#245),#2312,.F.);
#2424=ADVANCED_FACE('',(#246),#2313,.F.);
#2425=ADVANCED_FACE('',(#247),#2314,.F.);
#2426=ADVANCED_FACE('',(#248),#2315,.T.);
#2427=ADVANCED_FACE('',(#249,#28,#29),#2316,.F.);
#2428=ADVANCED_FACE('',(#250),#2317,.T.);
#2429=ADVANCED_FACE('',(#251),#2318,.T.);
#2430=ADVANCED_FACE('',(#252),#2319,.T.);
#2431=ADVANCED_FACE('',(#253),#15,.F.);
#2432=ADVANCED_FACE('',(#254),#2320,.T.);
#2433=ADVANCED_FACE('',(#255),#59,.F.);
#2434=ADVANCED_FACE('',(#256),#2321,.F.);
#2435=ADVANCED_FACE('',(#257),#2322,.F.);
#2436=ADVANCED_FACE('',(#258),#2323,.T.);
#2437=ADVANCED_FACE('',(#259),#16,.F.);
#2438=ADVANCED_FACE('',(#260),#2324,.T.);
#2439=ADVANCED_FACE('',(#261),#2325,.T.);
#2440=ADVANCED_FACE('',(#262),#2326,.F.);
#2441=ADVANCED_FACE('',(#263),#60,.F.);
#2442=ADVANCED_FACE('',(#264),#2327,.F.);
#2443=ADVANCED_FACE('',(#265),#2328,.F.);
#2444=ADVANCED_FACE('',(#266),#61,.F.);
#2445=ADVANCED_FACE('',(#267),#2329,.F.);
#2446=ADVANCED_FACE('',(#268),#62,.F.);
#2447=ADVANCED_FACE('',(#269),#2330,.F.);
#2448=ADVANCED_FACE('',(#270),#63,.F.);
#2449=ADVANCED_FACE('',(#271),#2331,.F.);
#2450=ADVANCED_FACE('',(#272),#64,.F.);
#2451=ADVANCED_FACE('',(#273),#2332,.F.);
#2452=ADVANCED_FACE('',(#274),#2333,.F.);
#2453=ADVANCED_FACE('',(#275),#2334,.F.);
#2454=ADVANCED_FACE('',(#276),#65,.F.);
#2455=ADVANCED_FACE('',(#277),#2335,.F.);
#2456=ADVANCED_FACE('',(#278),#66,.F.);
#2457=ADVANCED_FACE('',(#279),#2336,.F.);
#2458=ADVANCED_FACE('',(#280),#2337,.F.);
#2459=ADVANCED_FACE('',(#281),#2338,.F.);
#2460=ADVANCED_FACE('',(#282,#30,#31),#2339,.T.);
#2461=ADVANCED_FACE('',(#283),#67,.T.);
#2462=ADVANCED_FACE('',(#284),#68,.F.);
#2463=ADVANCED_FACE('',(#285),#69,.F.);
#2464=ADVANCED_FACE('',(#286),#2340,.T.);
#2465=ADVANCED_FACE('',(#287),#2341,.T.);
#2466=ADVANCED_FACE('',(#288),#2342,.T.);
#2467=CLOSED_SHELL('',(#2343,#2344,#2345,#2346,#2347,#2348,#2349,#2350,
#2351,#2352,#2353,#2354,#2355,#2356,#2357,#2358,#2359,#2360,#2361,#2362,
#2363,#2364,#2365,#2366,#2367,#2368,#2369,#2370,#2371,#2372,#2373,#2374,
#2375,#2376,#2377,#2378,#2379,#2380,#2381,#2382,#2383,#2384,#2385,#2386,
#2387,#2388,#2389,#2390,#2391,#2392,#2393,#2394,#2395,#2396,#2397,#2398,
#2399,#2400,#2401,#2402,#2403,#2404,#2405,#2406,#2407,#2408,#2409,#2410,
#2411,#2412,#2413,#2414,#2415,#2416,#2417,#2418,#2419,#2420,#2421,#2422));
#2468=CLOSED_SHELL('',(#2423,#2424,#2425,#2426,#2427,#2428,#2429,#2430,
#2431,#2432,#2433,#2434,#2435,#2436,#2437,#2438,#2439,#2440,#2441,#2442,
#2443,#2444,#2445,#2446,#2447,#2448,#2449,#2450,#2451,#2452,#2453,#2454,
#2455,#2456,#2457,#2458,#2459,#2460,#2461,#2462,#2463,#2464,#2465,#2466));
#2469=DERIVED_UNIT_ELEMENT(#2471,1.);
#2470=DERIVED_UNIT_ELEMENT(#4352,-3.);
#2471=(
MASS_UNIT()
NAMED_UNIT(*)
SI_UNIT(.KILO.,.GRAM.)
);
#2472=DERIVED_UNIT((#2469,#2470));
#2473=MEASURE_REPRESENTATION_ITEM('density measure',
POSITIVE_RATIO_MEASURE(7850.),#2472);
#2474=PROPERTY_DEFINITION_REPRESENTATION(#2479,#2476);
#2475=PROPERTY_DEFINITION_REPRESENTATION(#2480,#2477);
#2476=REPRESENTATION('material name',(#2478),#4349);
#2477=REPRESENTATION('density',(#2473),#4349);
#2478=DESCRIPTIVE_REPRESENTATION_ITEM('Steel','Steel');
#2479=PROPERTY_DEFINITION('material property','material name',#4359);
#2480=PROPERTY_DEFINITION('material property','density of part',#4359);
#2481=AXIS2_PLACEMENT_3D('',#3393,#2698,#2699);
#2482=AXIS2_PLACEMENT_3D('',#3394,#2700,#2701);
#2483=AXIS2_PLACEMENT_3D('',#3403,#2706,#2707);
#2484=AXIS2_PLACEMENT_3D('',#3409,#2711,#2712);
#2485=AXIS2_PLACEMENT_3D('',#3421,#2719,#2720);
#2486=AXIS2_PLACEMENT_3D('',#3432,#2724,#2725);
#2487=AXIS2_PLACEMENT_3D('',#3438,#2729,#2730);
#2488=AXIS2_PLACEMENT_3D('',#3442,#2732,#2733);
#2489=AXIS2_PLACEMENT_3D('',#3444,#2734,#2735);
#2490=AXIS2_PLACEMENT_3D('',#3447,#2737,#2738);
#2491=AXIS2_PLACEMENT_3D('',#3448,#2739,#2740);
#2492=AXIS2_PLACEMENT_3D('',#3454,#2744,#2745);
#2493=AXIS2_PLACEMENT_3D('',#3462,#2750,#2751);
#2494=AXIS2_PLACEMENT_3D('',#3479,#2760,#2761);
#2495=AXIS2_PLACEMENT_3D('',#3485,#2765,#2766);
#2496=AXIS2_PLACEMENT_3D('',#3489,#2769,#2770);
#2497=AXIS2_PLACEMENT_3D('',#3501,#2777,#2778);
#2498=AXIS2_PLACEMENT_3D('',#3502,#2779,#2780);
#2499=AXIS2_PLACEMENT_3D('',#3504,#2782,#2783);
#2500=AXIS2_PLACEMENT_3D('',#3506,#2784,#2785);
#2501=AXIS2_PLACEMENT_3D('',#3510,#2787,#2788);
#2502=AXIS2_PLACEMENT_3D('',#3512,#2789,#2790);
#2503=AXIS2_PLACEMENT_3D('',#3516,#2792,#2793);
#2504=AXIS2_PLACEMENT_3D('',#3520,#2795,#2796);
#2505=AXIS2_PLACEMENT_3D('',#3523,#2798,#2799);
#2506=AXIS2_PLACEMENT_3D('',#3524,#2800,#2801);
#2507=AXIS2_PLACEMENT_3D('',#3526,#2802,#2803);
#2508=AXIS2_PLACEMENT_3D('',#3530,#2805,#2806);
#2509=AXIS2_PLACEMENT_3D('',#3538,#2810,#2811);
#2510=AXIS2_PLACEMENT_3D('',#3542,#2813,#2814);
#2511=AXIS2_PLACEMENT_3D('',#3546,#2816,#2817);
#2512=AXIS2_PLACEMENT_3D('',#3550,#2819,#2820);
#2513=AXIS2_PLACEMENT_3D('',#3554,#2822,#2823);
#2514=AXIS2_PLACEMENT_3D('',#3556,#2824,#2825);
#2515=AXIS2_PLACEMENT_3D('',#3560,#2827,#2828);
#2516=AXIS2_PLACEMENT_3D('',#3564,#2830,#2831);
#2517=AXIS2_PLACEMENT_3D('',#3567,#2833,#2834);
#2518=AXIS2_PLACEMENT_3D('',#3568,#2835,#2836);
#2519=AXIS2_PLACEMENT_3D('',#3570,#2837,#2838);
#2520=AXIS2_PLACEMENT_3D('',#3574,#2840,#2841);
#2521=AXIS2_PLACEMENT_3D('',#3578,#2843,#2844);
#2522=AXIS2_PLACEMENT_3D('',#3582,#2846,#2847);
#2523=AXIS2_PLACEMENT_3D('',#3584,#2848,#2849);
#2524=AXIS2_PLACEMENT_3D('',#3586,#2850,#2851);
#2525=AXIS2_PLACEMENT_3D('',#3590,#2853,#2854);
#2526=AXIS2_PLACEMENT_3D('',#3594,#2856,#2857);
#2527=AXIS2_PLACEMENT_3D('',#3598,#2859,#2860);
#2528=AXIS2_PLACEMENT_3D('',#3602,#2862,#2863);
#2529=AXIS2_PLACEMENT_3D('',#3610,#2867,#2868);
#2530=AXIS2_PLACEMENT_3D('',#3613,#2870,#2871);
#2531=AXIS2_PLACEMENT_3D('',#3614,#2872,#2873);
#2532=AXIS2_PLACEMENT_3D('',#3616,#2875,#2876);
#2533=AXIS2_PLACEMENT_3D('',#3618,#2878,#2879);
#2534=AXIS2_PLACEMENT_3D('',#3624,#2883,#2884);
#2535=AXIS2_PLACEMENT_3D('',#3626,#2885,#2886);
#2536=AXIS2_PLACEMENT_3D('',#3628,#2888,#2889);
#2537=AXIS2_PLACEMENT_3D('',#3632,#2892,#2893);
#2538=AXIS2_PLACEMENT_3D('',#3634,#2894,#2895);
#2539=AXIS2_PLACEMENT_3D('',#3636,#2897,#2898);
#2540=AXIS2_PLACEMENT_3D('',#3640,#2901,#2902);
#2541=AXIS2_PLACEMENT_3D('',#3646,#2906,#2907);
#2542=AXIS2_PLACEMENT_3D('',#3647,#2908,#2909);
#2543=AXIS2_PLACEMENT_3D('',#3648,#2910,#2911);
#2544=AXIS2_PLACEMENT_3D('',#3650,#2912,#2913);
#2545=AXIS2_PLACEMENT_3D('',#3652,#2914,#2915);
#2546=AXIS2_PLACEMENT_3D('',#3656,#2917,#2918);
#2547=AXIS2_PLACEMENT_3D('',#3660,#2920,#2921);
#2548=AXIS2_PLACEMENT_3D('',#3664,#2923,#2924);
#2549=AXIS2_PLACEMENT_3D('',#3668,#2926,#2927);
#2550=AXIS2_PLACEMENT_3D('',#3676,#2931,#2932);
#2551=AXIS2_PLACEMENT_3D('',#3680,#2934,#2935);
#2552=AXIS2_PLACEMENT_3D('',#3684,#2937,#2938);
#2553=AXIS2_PLACEMENT_3D('',#3688,#2940,#2941);
#2554=AXIS2_PLACEMENT_3D('',#3692,#2943,#2944);
#2555=AXIS2_PLACEMENT_3D('',#3693,#2945,#2946);
#2556=AXIS2_PLACEMENT_3D('',#3694,#2947,#2948);
#2557=AXIS2_PLACEMENT_3D('',#3697,#2951,#2952);
#2558=AXIS2_PLACEMENT_3D('',#3699,#2954,#2955);
#2559=AXIS2_PLACEMENT_3D('',#3703,#2957,#2958);
#2560=AXIS2_PLACEMENT_3D('',#3706,#2960,#2961);
#2561=AXIS2_PLACEMENT_3D('',#3707,#2962,#2963);
#2562=AXIS2_PLACEMENT_3D('',#3711,#2966,#2967);
#2563=AXIS2_PLACEMENT_3D('',#3714,#2969,#2970);
#2564=AXIS2_PLACEMENT_3D('',#3715,#2971,#2972);
#2565=AXIS2_PLACEMENT_3D('',#3719,#2975,#2976);
#2566=AXIS2_PLACEMENT_3D('',#3722,#2978,#2979);
#2567=AXIS2_PLACEMENT_3D('',#3723,#2980,#2981);
#2568=AXIS2_PLACEMENT_3D('',#3727,#2984,#2985);
#2569=AXIS2_PLACEMENT_3D('',#3730,#2987,#2988);
#2570=AXIS2_PLACEMENT_3D('',#3731,#2989,#2990);
#2571=AXIS2_PLACEMENT_3D('',#3739,#2995,#2996);
#2572=AXIS2_PLACEMENT_3D('',#3743,#2999,#3000);
#2573=AXIS2_PLACEMENT_3D('',#3751,#3005,#3006);
#2574=AXIS2_PLACEMENT_3D('',#3754,#3008,#3009);
#2575=AXIS2_PLACEMENT_3D('',#3755,#3010,#3011);
#2576=AXIS2_PLACEMENT_3D('',#3759,#3014,#3015);
#2577=AXIS2_PLACEMENT_3D('',#3762,#3017,#3018);
#2578=AXIS2_PLACEMENT_3D('',#3763,#3019,#3020);
#2579=AXIS2_PLACEMENT_3D('',#3767,#3023,#3024);
#2580=AXIS2_PLACEMENT_3D('',#3770,#3026,#3027);
#2581=AXIS2_PLACEMENT_3D('',#3771,#3028,#3029);
#2582=AXIS2_PLACEMENT_3D('',#3775,#3032,#3033);
#2583=AXIS2_PLACEMENT_3D('',#3778,#3035,#3036);
#2584=AXIS2_PLACEMENT_3D('',#3931,#3037,#3038);
#2585=AXIS2_PLACEMENT_3D('',#3935,#3041,#3042);
#2586=AXIS2_PLACEMENT_3D('',#3938,#3044,#3045);
#2587=AXIS2_PLACEMENT_3D('',#3939,#3046,#3047);
#2588=AXIS2_PLACEMENT_3D('',#4038,#3056,#3057);
#2589=AXIS2_PLACEMENT_3D('',#4039,#3058,#3059);
#2590=AXIS2_PLACEMENT_3D('',#4042,#3062,#3063);
#2591=AXIS2_PLACEMENT_3D('',#4045,#3066,#3067);
#2592=AXIS2_PLACEMENT_3D('',#4047,#3068,#3069);
#2593=AXIS2_PLACEMENT_3D('',#4048,#3070,#3071);
#2594=AXIS2_PLACEMENT_3D('',#4049,#3072,#3073);
#2595=AXIS2_PLACEMENT_3D('',#4051,#3075,#3076);
#2596=AXIS2_PLACEMENT_3D('',#4054,#3078,#3079);
#2597=AXIS2_PLACEMENT_3D('',#4055,#3080,#3081);
#2598=AXIS2_PLACEMENT_3D('',#4056,#3082,#3083);
#2599=AXIS2_PLACEMENT_3D('',#4057,#3084,#3085);
#2600=AXIS2_PLACEMENT_3D('',#4059,#3087,#3088);
#2601=AXIS2_PLACEMENT_3D('',#4061,#3090,#3091);
#2602=AXIS2_PLACEMENT_3D('',#4063,#3093,#3094);
#2603=AXIS2_PLACEMENT_3D('',#4065,#3096,#3097);
#2604=AXIS2_PLACEMENT_3D('',#4067,#3099,#3100);
#2605=AXIS2_PLACEMENT_3D('',#4069,#3102,#3103);
#2606=AXIS2_PLACEMENT_3D('',#4071,#3105,#3106);
#2607=AXIS2_PLACEMENT_3D('',#4073,#3108,#3109);
#2608=AXIS2_PLACEMENT_3D('',#4075,#3111,#3112);
#2609=AXIS2_PLACEMENT_3D('',#4077,#3114,#3115);
#2610=AXIS2_PLACEMENT_3D('',#4078,#3116,#3117);
#2611=AXIS2_PLACEMENT_3D('',#4080,#3119,#3120);
#2612=AXIS2_PLACEMENT_3D('',#4081,#3121,#3122);
#2613=AXIS2_PLACEMENT_3D('',#4084,#3125,#3126);
#2614=AXIS2_PLACEMENT_3D('',#4085,#3127,#3128);
#2615=AXIS2_PLACEMENT_3D('',#4088,#3131,#3132);
#2616=AXIS2_PLACEMENT_3D('',#4089,#3133,#3134);
#2617=AXIS2_PLACEMENT_3D('',#4091,#3136,#3137);
#2618=AXIS2_PLACEMENT_3D('',#4092,#3138,#3139);
#2619=AXIS2_PLACEMENT_3D('',#4094,#3141,#3142);
#2620=AXIS2_PLACEMENT_3D('',#4096,#3144,#3145);
#2621=AXIS2_PLACEMENT_3D('',#4098,#3147,#3148);
#2622=AXIS2_PLACEMENT_3D('',#4099,#3149,#3150);
#2623=AXIS2_PLACEMENT_3D('',#4100,#3151,#3152);
#2624=AXIS2_PLACEMENT_3D('',#4101,#3153,#3154);
#2625=AXIS2_PLACEMENT_3D('',#4110,#3159,#3160);
#2626=AXIS2_PLACEMENT_3D('',#4119,#3165,#3166);
#2627=AXIS2_PLACEMENT_3D('',#4130,#3173,#3174);
#2628=AXIS2_PLACEMENT_3D('',#4134,#3176,#3177);
#2629=AXIS2_PLACEMENT_3D('',#4136,#3178,#3179);
#2630=AXIS2_PLACEMENT_3D('',#4140,#3182,#3183);
#2631=AXIS2_PLACEMENT_3D('',#4148,#3187,#3188);
#2632=AXIS2_PLACEMENT_3D('',#4151,#3190,#3191);
#2633=AXIS2_PLACEMENT_3D('',#4153,#3192,#3193);
#2634=AXIS2_PLACEMENT_3D('',#4154,#3194,#3195);
#2635=AXIS2_PLACEMENT_3D('',#4158,#3198,#3199);
#2636=AXIS2_PLACEMENT_3D('',#4160,#3201,#3202);
#2637=AXIS2_PLACEMENT_3D('',#4169,#3207,#3208);
#2638=AXIS2_PLACEMENT_3D('',#4173,#3210,#3211);
#2639=AXIS2_PLACEMENT_3D('',#4174,#3212,#3213);
#2640=AXIS2_PLACEMENT_3D('',#4175,#3214,#3215);
#2641=AXIS2_PLACEMENT_3D('',#4178,#3216,#3217);
#2642=AXIS2_PLACEMENT_3D('',#4181,#3220,#3221);
#2643=AXIS2_PLACEMENT_3D('',#4185,#3223,#3224);
#2644=AXIS2_PLACEMENT_3D('',#4187,#3226,#3227);
#2645=AXIS2_PLACEMENT_3D('',#4191,#3230,#3231);
#2646=AXIS2_PLACEMENT_3D('',#4199,#3236,#3237);
#2647=AXIS2_PLACEMENT_3D('',#4202,#3238,#3239);
#2648=AXIS2_PLACEMENT_3D('',#4208,#3243,#3244);
#2649=AXIS2_PLACEMENT_3D('',#4212,#3246,#3247);
#2650=AXIS2_PLACEMENT_3D('',#4213,#3248,#3249);
#2651=AXIS2_PLACEMENT_3D('',#4214,#3250,#3251);
#2652=AXIS2_PLACEMENT_3D('',#4217,#3254,#3255);
#2653=AXIS2_PLACEMENT_3D('',#4218,#3256,#3257);
#2654=AXIS2_PLACEMENT_3D('',#4219,#3258,#3259);
#2655=AXIS2_PLACEMENT_3D('',#4225,#3263,#3264);
#2656=AXIS2_PLACEMENT_3D('',#4228,#3266,#3267);
#2657=AXIS2_PLACEMENT_3D('',#4229,#3268,#3269);
#2658=AXIS2_PLACEMENT_3D('',#4233,#3272,#3273);
#2659=AXIS2_PLACEMENT_3D('',#4237,#3276,#3277);
#2660=AXIS2_PLACEMENT_3D('',#4240,#3279,#3280);
#2661=AXIS2_PLACEMENT_3D('',#4241,#3281,#3282);
#2662=AXIS2_PLACEMENT_3D('',#4245,#3285,#3286);
#2663=AXIS2_PLACEMENT_3D('',#4248,#3287,#3288);
#2664=AXIS2_PLACEMENT_3D('',#4252,#3290,#3291);
#2665=AXIS2_PLACEMENT_3D('',#4254,#3293,#3294);
#2666=AXIS2_PLACEMENT_3D('',#4260,#3298,#3299);
#2667=AXIS2_PLACEMENT_3D('',#4262,#3300,#3301);
#2668=AXIS2_PLACEMENT_3D('',#4265,#3303,#3304);
#2669=AXIS2_PLACEMENT_3D('',#4266,#3305,#3306);
#2670=AXIS2_PLACEMENT_3D('',#4272,#3310,#3311);
#2671=AXIS2_PLACEMENT_3D('',#4274,#3312,#3313);
#2672=AXIS2_PLACEMENT_3D('',#4277,#3315,#3316);
#2673=AXIS2_PLACEMENT_3D('',#4278,#3317,#3318);
#2674=AXIS2_PLACEMENT_3D('',#4284,#3322,#3323);
#2675=AXIS2_PLACEMENT_3D('',#4290,#3327,#3328);
#2676=AXIS2_PLACEMENT_3D('',#4296,#3332,#3333);
#2677=AXIS2_PLACEMENT_3D('',#4298,#3334,#3335);
#2678=AXIS2_PLACEMENT_3D('',#4301,#3337,#3338);
#2679=AXIS2_PLACEMENT_3D('',#4302,#3339,#3340);
#2680=AXIS2_PLACEMENT_3D('',#4308,#3344,#3345);
#2681=AXIS2_PLACEMENT_3D('',#4310,#3346,#3347);
#2682=AXIS2_PLACEMENT_3D('',#4313,#3349,#3350);
#2683=AXIS2_PLACEMENT_3D('',#4314,#3351,#3352);
#2684=AXIS2_PLACEMENT_3D('',#4320,#3356,#3357);
#2685=AXIS2_PLACEMENT_3D('',#4323,#3360,#3361);
#2686=AXIS2_PLACEMENT_3D('',#4325,#3363,#3364);
#2687=AXIS2_PLACEMENT_3D('',#4326,#3365,#3366);
#2688=AXIS2_PLACEMENT_3D('',#4327,#3367,#3368);
#2689=AXIS2_PLACEMENT_3D('',#4329,#3369,#3370);
#2690=AXIS2_PLACEMENT_3D('',#4331,#3371,#3372);
#2691=AXIS2_PLACEMENT_3D('',#4332,#3373,#3374);
#2692=AXIS2_PLACEMENT_3D('',#4335,#3376,#3377);
#2693=AXIS2_PLACEMENT_3D('',#4336,#3378,#3379);
#2694=AXIS2_PLACEMENT_3D('',#4338,#3381,#3382);
#2695=AXIS2_PLACEMENT_3D('',#4340,#3384,#3385);
#2696=AXIS2_PLACEMENT_3D('',#4344,#3388,#3389);
#2697=AXIS2_PLACEMENT_3D('',#4346,#3391,#3392);
#2698=DIRECTION('axis',(0.,0.,1.));
#2699=DIRECTION('refdir',(1.,0.,0.));
#2700=DIRECTION('center_axis',(0.,0.,-1.));
#2701=DIRECTION('ref_axis',(-1.,0.,0.));
#2702=DIRECTION('',(1.,0.,0.));
#2703=DIRECTION('',(0.,1.,0.));
#2704=DIRECTION('',(-1.,0.,0.));
#2705=DIRECTION('',(0.,-1.,0.));
#2706=DIRECTION('center_axis',(-1.,0.,0.));
#2707=DIRECTION('ref_axis',(0.,1.,0.));
#2708=DIRECTION('',(0.,0.,-1.));
#2709=DIRECTION('',(0.,1.,0.));
#2710=DIRECTION('',(0.,0.,-1.));
#2711=DIRECTION('center_axis',(0.,-1.,0.));
#2712=DIRECTION('ref_axis',(-1.,0.,0.));
#2713=DIRECTION('',(0.,0.,1.));
#2714=DIRECTION('',(-1.,0.,0.));
#2715=DIRECTION('',(0.,0.,-1.));
#2716=DIRECTION('',(-1.,0.,0.));
#2717=DIRECTION('',(0.,0.,-1.));
#2718=DIRECTION('',(-1.,0.,0.));
#2719=DIRECTION('center_axis',(1.,0.,0.));
#2720=DIRECTION('ref_axis',(0.,-1.,0.));
#2721=DIRECTION('',(0.,0.,1.));
#2722=DIRECTION('',(0.,-1.,0.));
#2723=DIRECTION('',(0.,0.,1.));
#2724=DIRECTION('center_axis',(-1.,-4.03051263065239E-15,0.));
#2725=DIRECTION('ref_axis',(-4.03051263065239E-15,1.,0.));
#2726=DIRECTION('',(-4.03051263065239E-15,1.,0.));
#2727=DIRECTION('',(0.,0.,1.));
#2728=DIRECTION('',(-4.03051263065239E-15,1.,0.));
#2729=DIRECTION('center_axis',(0.,0.,1.));
#2730=DIRECTION('ref_axis',(1.,0.,0.));
#2731=DIRECTION('',(1.,0.,0.));
#2732=DIRECTION('center_axis',(0.,0.,1.));
#2733=DIRECTION('ref_axis',(1.,0.,0.));
#2734=DIRECTION('center_axis',(0.,0.,1.));
#2735=DIRECTION('ref_axis',(-3.55271367880049E-15,1.,0.));
#2736=DIRECTION('',(-1.,-4.78249918300067E-15,0.));
#2737=DIRECTION('center_axis',(0.,0.,1.));
#2738=DIRECTION('ref_axis',(1.,0.,0.));
#2739=DIRECTION('center_axis',(0.,1.,0.));
#2740=DIRECTION('ref_axis',(1.,0.,0.));
#2741=DIRECTION('',(1.,0.,0.));
#2742=DIRECTION('',(0.,0.,-1.));
#2743=DIRECTION('',(-1.,0.,0.));
#2744=DIRECTION('center_axis',(0.,1.,0.));
#2745=DIRECTION('ref_axis',(1.,0.,0.));
#2746=DIRECTION('',(1.,0.,0.));
#2747=DIRECTION('',(0.,0.,-1.));
#2748=DIRECTION('',(1.,0.,0.));
#2749=DIRECTION('',(0.,0.,-1.));
#2750=DIRECTION('center_axis',(0.,-1.,0.));
#2751=DIRECTION('ref_axis',(0.,0.,1.));
#2752=DIRECTION('',(0.,0.,-1.));
#2753=DIRECTION('',(-1.,0.,0.));
#2754=DIRECTION('',(0.,0.,1.));
#2755=DIRECTION('',(-1.,0.,0.));
#2756=DIRECTION('',(0.,0.,1.));
#2757=DIRECTION('',(-1.,0.,0.));
#2758=DIRECTION('',(0.,0.,-1.));
#2759=DIRECTION('',(1.,0.,0.));
#2760=DIRECTION('center_axis',(-1.,0.,0.));
#2761=DIRECTION('ref_axis',(0.,0.,1.));
#2762=DIRECTION('',(0.,1.,0.));
#2763=DIRECTION('',(0.,-1.,0.));
#2764=DIRECTION('',(0.,0.,-1.));
#2765=DIRECTION('center_axis',(0.,0.,-1.));
#2766=DIRECTION('ref_axis',(0.,-1.,0.));
#2767=DIRECTION('',(-3.57579867623003E-17,-1.,0.));
#2768=DIRECTION('',(-1.,0.,0.));
#2769=DIRECTION('center_axis',(0.,1.,0.));
#2770=DIRECTION('ref_axis',(0.,0.,-1.));
#2771=DIRECTION('',(0.,0.,1.));
#2772=DIRECTION('',(-1.,0.,0.));
#2773=DIRECTION('',(0.,0.,1.));
#2774=DIRECTION('',(1.,0.,0.));
#2775=DIRECTION('',(0.,0.,-1.));
#2776=DIRECTION('',(-1.,0.,0.));
#2777=DIRECTION('center_axis',(0.,0.,1.));
#2778=DIRECTION('ref_axis',(0.,1.,0.));
#2779=DIRECTION('center_axis',(0.,0.,-1.));
#2780=DIRECTION('ref_axis',(-1.,0.,0.));
#2781=DIRECTION('',(3.57579867623003E-17,1.,0.));
#2782=DIRECTION('center_axis',(0.,0.,1.));
#2783=DIRECTION('ref_axis',(-1.,0.,0.));
#2784=DIRECTION('center_axis',(0.,0.,1.));
#2785=DIRECTION('ref_axis',(-1.,0.,0.));
#2786=DIRECTION('',(-1.,-3.21176936117898E-16,0.));
#2787=DIRECTION('center_axis',(0.,0.,1.));
#2788=DIRECTION('ref_axis',(-0.803542784148126,0.595247002548924,0.));
#2789=DIRECTION('center_axis',(0.,0.,1.));
#2790=DIRECTION('ref_axis',(-3.55271367880049E-15,1.,0.));
#2791=DIRECTION('',(-1.,-4.78249918300067E-15,0.));
#2792=DIRECTION('center_axis',(0.,0.,1.));
#2793=DIRECTION('ref_axis',(1.,0.,0.));
#2794=DIRECTION('',(-1.,-4.78249918300067E-15,0.));
#2795=DIRECTION('center_axis',(0.,0.,1.));
#2796=DIRECTION('ref_axis',(1.,5.32907051820073E-15,0.));
#2797=DIRECTION('',(-3.77475828372553E-15,1.,0.));
#2798=DIRECTION('center_axis',(0.,0.,1.));
#2799=DIRECTION('ref_axis',(1.,0.,0.));
#2800=DIRECTION('center_axis',(0.,0.,1.));
#2801=DIRECTION('ref_axis',(-1.,0.,0.));
#2802=DIRECTION('center_axis',(0.,0.,1.));
#2803=DIRECTION('ref_axis',(1.,0.,0.));
#2804=DIRECTION('',(-3.77475828372553E-15,1.,0.));
#2805=DIRECTION('center_axis',(0.,0.,1.));
#2806=DIRECTION('ref_axis',(3.55271367880051E-15,-1.,0.));
#2807=DIRECTION('',(1.,3.7470027081099E-15,0.));
#2808=DIRECTION('',(0.,1.,0.));
#2809=DIRECTION('',(-1.,-4.27008855625059E-15,0.));
#2810=DIRECTION('center_axis',(0.,0.,1.));
#2811=DIRECTION('ref_axis',(1.,1.99840144432528E-15,0.));
#2812=DIRECTION('',(-3.88578058618805E-15,1.,0.));
#2813=DIRECTION('center_axis',(0.,0.,1.));
#2814=DIRECTION('ref_axis',(1.,0.,0.));
#2815=DIRECTION('',(-3.88578058618805E-15,1.,0.));
#2816=DIRECTION('center_axis',(0.,0.,1.));
#2817=DIRECTION('ref_axis',(4.44089209850063E-15,-1.,0.));
#2818=DIRECTION('',(1.,3.99680288865056E-15,0.));
#2819=DIRECTION('center_axis',(0.,0.,1.));
#2820=DIRECTION('ref_axis',(1.,0.,0.));
#2821=DIRECTION('',(1.,3.99680288865056E-15,0.));
#2822=DIRECTION('center_axis',(0.,0.,1.));
#2823=DIRECTION('ref_axis',(-1.,-5.32907051820074E-15,0.));
#2824=DIRECTION('center_axis',(0.,0.,1.));
#2825=DIRECTION('ref_axis',(-0.803542784148126,0.595247002548924,0.));
#2826=DIRECTION('',(-1.,-3.21176936117897E-16,0.));
#2827=DIRECTION('center_axis',(0.,0.,1.));
#2828=DIRECTION('ref_axis',(-1.,0.,0.));
#2829=DIRECTION('',(-1.,-4.56591436415672E-16,0.));
#2830=DIRECTION('center_axis',(0.,0.,1.));
#2831=DIRECTION('ref_axis',(-0.803542784148126,0.595247002548924,0.));
#2832=DIRECTION('',(-1.,-5.13665365967632E-16,0.));
#2833=DIRECTION('center_axis',(0.,0.,1.));
#2834=DIRECTION('ref_axis',(-1.,0.,0.));
#2835=DIRECTION('center_axis',(0.,0.,-1.));
#2836=DIRECTION('ref_axis',(-1.,0.,0.));
#2837=DIRECTION('center_axis',(0.,0.,-1.));
#2838=DIRECTION('ref_axis',(1.,0.,0.));
#2839=DIRECTION('',(3.77475828372553E-15,-1.,0.));
#2840=DIRECTION('center_axis',(0.,0.,-1.));
#2841=DIRECTION('ref_axis',(1.,5.32907051820073E-15,0.));
#2842=DIRECTION('',(1.,4.78249918300067E-15,0.));
#2843=DIRECTION('center_axis',(0.,0.,-1.));
#2844=DIRECTION('ref_axis',(1.,0.,0.));
#2845=DIRECTION('',(1.,4.78249918300067E-15,0.));
#2846=DIRECTION('center_axis',(0.,0.,-1.));
#2847=DIRECTION('ref_axis',(-3.55271367880049E-15,1.,0.));
#2848=DIRECTION('center_axis',(0.,0.,1.));
#2849=DIRECTION('ref_axis',(1.,0.,0.));
#2850=DIRECTION('center_axis',(0.,0.,-1.));
#2851=DIRECTION('ref_axis',(-1.,-5.32907051820074E-15,0.));
#2852=DIRECTION('',(-1.,-3.99680288865056E-15,0.));
#2853=DIRECTION('center_axis',(0.,0.,-1.));
#2854=DIRECTION('ref_axis',(1.,0.,0.));
#2855=DIRECTION('',(-1.,-3.99680288865056E-15,0.));
#2856=DIRECTION('center_axis',(0.,0.,-1.));
#2857=DIRECTION('ref_axis',(4.44089209850063E-15,-1.,0.));
#2858=DIRECTION('',(3.88578058618805E-15,-1.,0.));
#2859=DIRECTION('center_axis',(0.,0.,-1.));
#2860=DIRECTION('ref_axis',(1.,0.,0.));
#2861=DIRECTION('',(3.88578058618805E-15,-1.,0.));
#2862=DIRECTION('center_axis',(0.,0.,-1.));
#2863=DIRECTION('ref_axis',(1.,1.99840144432528E-15,0.));
#2864=DIRECTION('',(-1.,-7.51826647888526E-17,0.));
#2865=DIRECTION('',(0.,1.,0.));
#2866=DIRECTION('',(-1.,-3.7470027081099E-15,0.));
#2867=DIRECTION('center_axis',(0.,0.,-1.));
#2868=DIRECTION('ref_axis',(3.55271367880051E-15,-1.,0.));
#2869=DIRECTION('',(3.77475828372553E-15,-1.,0.));
#2870=DIRECTION('center_axis',(0.,0.,-1.));
#2871=DIRECTION('ref_axis',(1.,0.,0.));
#2872=DIRECTION('center_axis',(0.,0.,-1.));
#2873=DIRECTION('ref_axis',(1.,0.,0.));
#2874=DIRECTION('',(0.,0.,-1.));
#2875=DIRECTION('center_axis',(0.,0.,-1.));
#2876=DIRECTION('ref_axis',(1.,0.,0.));
#2877=DIRECTION('',(0.,0.,-1.));
#2878=DIRECTION('center_axis',(4.56591436415672E-16,-1.,0.));
#2879=DIRECTION('ref_axis',(1.,4.56591436415672E-16,0.));
#2880=DIRECTION('',(0.,0.,1.));
#2881=DIRECTION('',(1.,4.56591436415672E-16,0.));
#2882=DIRECTION('',(0.,0.,1.));
#2883=DIRECTION('center_axis',(0.,0.,1.));
#2884=DIRECTION('ref_axis',(-0.803542784148126,0.595247002548924,0.));
#2885=DIRECTION('center_axis',(0.,0.,1.));
#2886=DIRECTION('ref_axis',(-0.803542784148126,0.595247002548924,0.));
#2887=DIRECTION('',(0.,0.,1.));
#2888=DIRECTION('center_axis',(-5.13665365967632E-16,1.,0.));
#2889=DIRECTION('ref_axis',(-1.,-5.13665365967632E-16,0.));
#2890=DIRECTION('',(-1.,-5.13665365967632E-16,0.));
#2891=DIRECTION('',(0.,0.,1.));
#2892=DIRECTION('center_axis',(0.,0.,1.));
#2893=DIRECTION('ref_axis',(1.,-1.01064309961486E-15,0.));
#2894=DIRECTION('center_axis',(0.,0.,-1.));
#2895=DIRECTION('ref_axis',(-1.,0.,0.));
#2896=DIRECTION('',(0.,0.,1.));
#2897=DIRECTION('center_axis',(3.21176936117898E-16,-1.,0.));
#2898=DIRECTION('ref_axis',(1.,3.21176936117898E-16,0.));
#2899=DIRECTION('',(1.,3.21176936117898E-16,0.));
#2900=DIRECTION('',(0.,0.,1.));
#2901=DIRECTION('center_axis',(-3.21176936117897E-16,1.,0.));
#2902=DIRECTION('ref_axis',(-1.,-3.21176936117897E-16,0.));
#2903=DIRECTION('',(0.,0.,1.));
#2904=DIRECTION('',(-1.,-3.21176936117897E-16,0.));
#2905=DIRECTION('',(0.,0.,1.));
#2906=DIRECTION('center_axis',(0.,0.,1.));
#2907=DIRECTION('ref_axis',(1.,7.6571373978539E-16,0.));
#2908=DIRECTION('center_axis',(0.,0.,-1.));
#2909=DIRECTION('ref_axis',(-1.,0.,0.));
#2910=DIRECTION('center_axis',(0.,0.,1.));
#2911=DIRECTION('ref_axis',(-1.,0.,0.));
#2912=DIRECTION('center_axis',(0.,0.,1.));
#2913=DIRECTION('ref_axis',(-0.803542784148126,0.595247002548924,0.));
#2914=DIRECTION('center_axis',(0.,0.,-1.));
#2915=DIRECTION('ref_axis',(-1.,-5.32907051820074E-15,0.));
#2916=DIRECTION('',(-1.,-3.99680288865056E-15,0.));
#2917=DIRECTION('center_axis',(0.,0.,-1.));
#2918=DIRECTION('ref_axis',(1.,0.,0.));
#2919=DIRECTION('',(-1.,-3.99680288865056E-15,0.));
#2920=DIRECTION('center_axis',(0.,0.,-1.));
#2921=DIRECTION('ref_axis',(4.44089209850063E-15,-1.,0.));
#2922=DIRECTION('',(3.88578058618805E-15,-1.,0.));
#2923=DIRECTION('center_axis',(0.,0.,-1.));
#2924=DIRECTION('ref_axis',(1.,0.,0.));
#2925=DIRECTION('',(3.88578058618805E-15,-1.,0.));
#2926=DIRECTION('center_axis',(0.,0.,-1.));
#2927=DIRECTION('ref_axis',(1.,1.99840144432528E-15,0.));
#2928=DIRECTION('',(1.,4.27008855625059E-15,0.));
#2929=DIRECTION('',(0.,-1.,0.));
#2930=DIRECTION('',(-1.,-3.7470027081099E-15,0.));
#2931=DIRECTION('center_axis',(0.,0.,-1.));
#2932=DIRECTION('ref_axis',(3.55271367880051E-15,-1.,0.));
#2933=DIRECTION('',(3.77475828372553E-15,-1.,0.));
#2934=DIRECTION('center_axis',(0.,0.,-1.));
#2935=DIRECTION('ref_axis',(1.,0.,0.));
#2936=DIRECTION('',(3.77475828372553E-15,-1.,0.));
#2937=DIRECTION('center_axis',(0.,0.,-1.));
#2938=DIRECTION('ref_axis',(1.,5.32907051820073E-15,0.));
#2939=DIRECTION('',(1.,4.78249918300067E-15,0.));
#2940=DIRECTION('center_axis',(0.,0.,-1.));
#2941=DIRECTION('ref_axis',(1.,0.,0.));
#2942=DIRECTION('',(1.,4.78249918300067E-15,0.));
#2943=DIRECTION('center_axis',(0.,0.,-1.));
#2944=DIRECTION('ref_axis',(-3.55271367880049E-15,1.,0.));
#2945=DIRECTION('center_axis',(0.,0.,1.));
#2946=DIRECTION('ref_axis',(-0.803542784148126,0.595247002548924,0.));
#2947=DIRECTION('center_axis',(0.,0.,-1.));
#2948=DIRECTION('ref_axis',(-3.55271367880049E-15,1.,0.));
#2949=DIRECTION('',(0.,0.,-1.));
#2950=DIRECTION('',(0.,0.,-1.));
#2951=DIRECTION('center_axis',(4.78249918300067E-15,-1.,0.));
#2952=DIRECTION('ref_axis',(-1.,-4.78249918300067E-15,0.));
#2953=DIRECTION('',(0.,0.,-1.));
#2954=DIRECTION('center_axis',(0.,0.,-1.));
#2955=DIRECTION('ref_axis',(1.,0.,0.));
#2956=DIRECTION('',(0.,0.,-1.));
#2957=DIRECTION('center_axis',(0.,0.,1.));
#2958=DIRECTION('ref_axis',(1.,0.,0.));
#2959=DIRECTION('',(0.,0.,-1.));
#2960=DIRECTION('center_axis',(0.,0.,1.));
#2961=DIRECTION('ref_axis',(1.,0.,0.));
#2962=DIRECTION('center_axis',(4.78249918300067E-15,-1.,0.));
#2963=DIRECTION('ref_axis',(-1.,-4.78249918300067E-15,0.));
#2964=DIRECTION('',(0.,0.,-1.));
#2965=DIRECTION('',(-1.,-4.78249918300067E-15,0.));
#2966=DIRECTION('center_axis',(0.,0.,-1.));
#2967=DIRECTION('ref_axis',(1.,5.32907051820073E-15,0.));
#2968=DIRECTION('',(0.,0.,-1.));
#2969=DIRECTION('center_axis',(0.,0.,1.));
#2970=DIRECTION('ref_axis',(1.,5.32907051820073E-15,0.));
#2971=DIRECTION('center_axis',(-1.,-3.77475828372553E-15,0.));
#2972=DIRECTION('ref_axis',(-3.77475828372553E-15,1.,0.));
#2973=DIRECTION('',(0.,0.,-1.));
#2974=DIRECTION('',(-3.77475828372553E-15,1.,0.));
#2975=DIRECTION('center_axis',(0.,0.,-1.));
#2976=DIRECTION('ref_axis',(1.,0.,0.));
#2977=DIRECTION('',(0.,0.,-1.));
#2978=DIRECTION('center_axis',(0.,0.,1.));
#2979=DIRECTION('ref_axis',(1.,0.,0.));
#2980=DIRECTION('center_axis',(-1.,-3.77475828372553E-15,0.));
#2981=DIRECTION('ref_axis',(-3.77475828372553E-15,1.,0.));
#2982=DIRECTION('',(0.,0.,-1.));
#2983=DIRECTION('',(-3.77475828372553E-15,1.,0.));
#2984=DIRECTION('center_axis',(0.,0.,-1.));
#2985=DIRECTION('ref_axis',(3.55271367880051E-15,-1.,0.));
#2986=DIRECTION('',(0.,0.,-1.));
#2987=DIRECTION('center_axis',(0.,0.,1.));
#2988=DIRECTION('ref_axis',(3.55271367880051E-15,-1.,0.));
#2989=DIRECTION('center_axis',(-3.7470027081099E-15,1.,0.));
#2990=DIRECTION('ref_axis',(1.,3.7470027081099E-15,0.));
#2991=DIRECTION('',(0.,0.,1.));
#2992=DIRECTION('',(-1.,0.,0.));
#2993=DIRECTION('',(0.,0.,-1.));
#2994=DIRECTION('',(1.,3.7470027081099E-15,0.));
#2995=DIRECTION('center_axis',(-1.,0.,0.));
#2996=DIRECTION('ref_axis',(0.,-1.,0.));
#2997=DIRECTION('',(0.,0.,1.));
#2998=DIRECTION('',(0.,-1.,0.));
#2999=DIRECTION('center_axis',(4.27008855625059E-15,-1.,0.));
#3000=DIRECTION('ref_axis',(-1.,-4.27008855625059E-15,0.));
#3001=DIRECTION('',(0.,0.,-1.));
#3002=DIRECTION('',(-1.,-4.27008855625059E-15,0.));
#3003=DIRECTION('',(0.,0.,-1.));
#3004=DIRECTION('',(1.,7.51826647888526E-17,0.));
#3005=DIRECTION('center_axis',(0.,0.,-1.));
#3006=DIRECTION('ref_axis',(1.,1.99840144432528E-15,0.));
#3007=DIRECTION('',(0.,0.,-1.));
#3008=DIRECTION('center_axis',(0.,0.,1.));
#3009=DIRECTION('ref_axis',(1.,1.99840144432528E-15,0.));
#3010=DIRECTION('center_axis',(-1.,-3.88578058618805E-15,0.));
#3011=DIRECTION('ref_axis',(-3.88578058618805E-15,1.,0.));
#3012=DIRECTION('',(0.,0.,-1.));
#3013=DIRECTION('',(-3.88578058618805E-15,1.,0.));
#3014=DIRECTION('center_axis',(0.,0.,-1.));
#3015=DIRECTION('ref_axis',(1.,0.,0.));
#3016=DIRECTION('',(0.,0.,-1.));
#3017=DIRECTION('center_axis',(0.,0.,1.));
#3018=DIRECTION('ref_axis',(1.,0.,0.));
#3019=DIRECTION('center_axis',(-1.,-3.88578058618805E-15,0.));
#3020=DIRECTION('ref_axis',(-3.88578058618805E-15,1.,0.));
#3021=DIRECTION('',(0.,0.,-1.));
#3022=DIRECTION('',(-3.88578058618805E-15,1.,0.));
#3023=DIRECTION('center_axis',(0.,0.,-1.));
#3024=DIRECTION('ref_axis',(4.44089209850063E-15,-1.,0.));
#3025=DIRECTION('',(0.,0.,-1.));
#3026=DIRECTION('center_axis',(0.,0.,1.));
#3027=DIRECTION('ref_axis',(4.44089209850063E-15,-1.,0.));
#3028=DIRECTION('center_axis',(-3.99680288865056E-15,1.,0.));
#3029=DIRECTION('ref_axis',(1.,3.99680288865056E-15,0.));
#3030=DIRECTION('',(0.,0.,-1.));
#3031=DIRECTION('',(1.,3.99680288865056E-15,0.));
#3032=DIRECTION('center_axis',(0.,0.,-1.));
#3033=DIRECTION('ref_axis',(1.,0.,0.));
#3034=DIRECTION('',(0.,0.,-1.));
#3035=DIRECTION('center_axis',(0.,0.,1.));
#3036=DIRECTION('ref_axis',(1.,0.,0.));
#3037=DIRECTION('center_axis',(-3.99680288865056E-15,1.,0.));
#3038=DIRECTION('ref_axis',(1.,3.99680288865056E-15,0.));
#3039=DIRECTION('',(0.,0.,-1.));
#3040=DIRECTION('',(1.,3.99680288865056E-15,0.));
#3041=DIRECTION('center_axis',(0.,0.,-1.));
#3042=DIRECTION('ref_axis',(-1.,-5.32907051820074E-15,0.));
#3043=DIRECTION('',(0.,0.,-1.));
#3044=DIRECTION('center_axis',(0.,0.,1.));
#3045=DIRECTION('ref_axis',(-1.,-5.32907051820074E-15,0.));
#3046=DIRECTION('center_axis',(0.,-1.,0.));
#3047=DIRECTION('ref_axis',(-1.,0.,0.));
#3048=DIRECTION('',(0.,0.,-1.));
#3049=DIRECTION('',(-1.,0.,0.));
#3050=DIRECTION('',(0.,0.,-1.));
#3051=DIRECTION('',(-1.,0.,0.));
#3052=DIRECTION('',(0.,0.,1.));
#3053=DIRECTION('',(1.,0.,0.));
#3054=DIRECTION('',(0.,0.,-1.));
#3055=DIRECTION('',(-1.,0.,0.));
#3056=DIRECTION('center_axis',(-1.,0.,0.));
#3057=DIRECTION('ref_axis',(0.,-1.,0.));
#3058=DIRECTION('center_axis',(1.,-3.57579867623003E-17,0.));
#3059=DIRECTION('ref_axis',(-3.57579867623003E-17,-1.,0.));
#3060=DIRECTION('',(-3.57579867623003E-17,-1.,0.));
#3061=DIRECTION('',(-3.57579867623003E-17,-1.,0.));
#3062=DIRECTION('center_axis',(-1.,0.,0.));
#3063=DIRECTION('ref_axis',(0.,-1.,0.));
#3064=DIRECTION('',(0.,0.,1.));
#3065=DIRECTION('',(0.,0.,1.));
#3066=DIRECTION('center_axis',(0.,0.,1.));
#3067=DIRECTION('ref_axis',(1.,0.,0.));
#3068=DIRECTION('center_axis',(0.,0.,-1.));
#3069=DIRECTION('ref_axis',(1.,0.,0.));
#3070=DIRECTION('center_axis',(0.,0.,-1.));
#3071=DIRECTION('ref_axis',(1.,0.,0.));
#3072=DIRECTION('center_axis',(-3.7470027081099E-15,1.,0.));
#3073=DIRECTION('ref_axis',(1.,3.7470027081099E-15,0.));
#3074=DIRECTION('',(0.,0.,-1.));
#3075=DIRECTION('center_axis',(0.,0.,-1.));
#3076=DIRECTION('ref_axis',(1.,0.,0.));
#3077=DIRECTION('',(0.,0.,-1.));
#3078=DIRECTION('center_axis',(0.,0.,1.));
#3079=DIRECTION('ref_axis',(1.,0.,0.));
#3080=DIRECTION('center_axis',(0.,0.,-1.));
#3081=DIRECTION('ref_axis',(1.,0.,0.));
#3082=DIRECTION('center_axis',(0.,0.,1.));
#3083=DIRECTION('ref_axis',(1.,0.,0.));
#3084=DIRECTION('center_axis',(4.27008855625059E-15,-1.,0.));
#3085=DIRECTION('ref_axis',(-1.,-4.27008855625059E-15,0.));
#3086=DIRECTION('',(0.,0.,-1.));
#3087=DIRECTION('center_axis',(0.,0.,-1.));
#3088=DIRECTION('ref_axis',(1.,1.99840144432528E-15,0.));
#3089=DIRECTION('',(0.,0.,-1.));
#3090=DIRECTION('center_axis',(-1.,-3.88578058618805E-15,0.));
#3091=DIRECTION('ref_axis',(-3.88578058618805E-15,1.,0.));
#3092=DIRECTION('',(0.,0.,-1.));
#3093=DIRECTION('center_axis',(0.,0.,-1.));
#3094=DIRECTION('ref_axis',(1.,0.,0.));
#3095=DIRECTION('',(0.,0.,-1.));
#3096=DIRECTION('center_axis',(-1.,-3.88578058618805E-15,0.));
#3097=DIRECTION('ref_axis',(-3.88578058618805E-15,1.,0.));
#3098=DIRECTION('',(0.,0.,-1.));
#3099=DIRECTION('center_axis',(0.,0.,-1.));
#3100=DIRECTION('ref_axis',(4.44089209850063E-15,-1.,0.));
#3101=DIRECTION('',(0.,0.,-1.));
#3102=DIRECTION('center_axis',(-3.99680288865056E-15,1.,0.));
#3103=DIRECTION('ref_axis',(1.,3.99680288865056E-15,0.));
#3104=DIRECTION('',(0.,0.,-1.));
#3105=DIRECTION('center_axis',(0.,0.,-1.));
#3106=DIRECTION('ref_axis',(1.,0.,0.));
#3107=DIRECTION('',(0.,0.,-1.));
#3108=DIRECTION('center_axis',(-3.99680288865056E-15,1.,0.));
#3109=DIRECTION('ref_axis',(1.,3.99680288865056E-15,0.));
#3110=DIRECTION('',(0.,0.,-1.));
#3111=DIRECTION('center_axis',(0.,0.,-1.));
#3112=DIRECTION('ref_axis',(-1.,-5.32907051820074E-15,0.));
#3113=DIRECTION('',(0.,0.,-1.));
#3114=DIRECTION('center_axis',(0.,0.,-1.));
#3115=DIRECTION('ref_axis',(-0.999999405860986,0.00109008149920968,0.));
#3116=DIRECTION('center_axis',(0.,0.,1.));
#3117=DIRECTION('ref_axis',(1.,0.,0.));
#3118=DIRECTION('',(0.,0.,-1.));
#3119=DIRECTION('center_axis',(0.,0.,-1.));
#3120=DIRECTION('ref_axis',(1.,0.,0.));
#3121=DIRECTION('center_axis',(1.,4.03051263065238E-15,0.));
#3122=DIRECTION('ref_axis',(4.03051263065238E-15,-1.,0.));
#3123=DIRECTION('',(4.03051263065238E-15,-1.,0.));
#3124=DIRECTION('',(4.03051263065238E-15,-1.,0.));
#3125=DIRECTION('center_axis',(0.,0.,1.));
#3126=DIRECTION('ref_axis',(1.,0.,0.));
#3127=DIRECTION('center_axis',(4.78249918300067E-15,-1.,0.));
#3128=DIRECTION('ref_axis',(-1.,-4.78249918300067E-15,0.));
#3129=DIRECTION('',(0.,0.,-1.));
#3130=DIRECTION('',(0.,0.,-1.));
#3131=DIRECTION('center_axis',(0.,0.,-1.));
#3132=DIRECTION('ref_axis',(-3.55271367880049E-15,1.,0.));
#3133=DIRECTION('center_axis',(0.,0.,-1.));
#3134=DIRECTION('ref_axis',(3.55271367880051E-15,-1.,0.));
#3135=DIRECTION('',(0.,0.,-1.));
#3136=DIRECTION('center_axis',(-1.,-3.77475828372553E-15,0.));
#3137=DIRECTION('ref_axis',(-3.77475828372553E-15,1.,0.));
#3138=DIRECTION('center_axis',(-1.,-3.77475828372553E-15,0.));
#3139=DIRECTION('ref_axis',(-3.77475828372553E-15,1.,0.));
#3140=DIRECTION('',(0.,0.,-1.));
#3141=DIRECTION('center_axis',(0.,0.,-1.));
#3142=DIRECTION('ref_axis',(1.,5.32907051820073E-15,0.));
#3143=DIRECTION('',(0.,0.,-1.));
#3144=DIRECTION('center_axis',(4.78249918300067E-15,-1.,0.));
#3145=DIRECTION('ref_axis',(-1.,-4.78249918300067E-15,0.));
#3146=DIRECTION('',(0.,0.,-1.));
#3147=DIRECTION('center_axis',(0.,0.,1.));
#3148=DIRECTION('ref_axis',(1.,0.,0.));
#3149=DIRECTION('center_axis',(0.,0.,-1.));
#3150=DIRECTION('ref_axis',(1.,0.,0.));
#3151=DIRECTION('center_axis',(0.,0.,1.));
#3152=DIRECTION('ref_axis',(1.,0.,0.));
#3153=DIRECTION('center_axis',(-1.,0.,0.));
#3154=DIRECTION('ref_axis',(0.,1.,0.));
#3155=DIRECTION('',(0.,-1.,0.));
#3156=DIRECTION('',(0.,0.,-1.));
#3157=DIRECTION('',(0.,1.,0.));
#3158=DIRECTION('',(0.,0.,-1.));
#3159=DIRECTION('center_axis',(1.,0.,0.));
#3160=DIRECTION('ref_axis',(0.,-1.,0.));
#3161=DIRECTION('',(0.,1.,0.));
#3162=DIRECTION('',(0.,0.,-1.));
#3163=DIRECTION('',(0.,-1.,0.));
#3164=DIRECTION('',(0.,0.,1.));
#3165=DIRECTION('center_axis',(0.,-1.,0.));
#3166=DIRECTION('ref_axis',(-1.,0.,0.));
#3167=DIRECTION('',(0.,0.,1.));
#3168=DIRECTION('',(-1.,0.,0.));
#3169=DIRECTION('',(0.,0.,-1.));
#3170=DIRECTION('',(-1.,0.,0.));
#3171=DIRECTION('',(1.,0.,0.));
#3172=DIRECTION('',(-1.,0.,0.));
#3173=DIRECTION('center_axis',(0.,0.,1.));
#3174=DIRECTION('ref_axis',(1.,0.,0.));
#3175=DIRECTION('',(1.,0.,0.));
#3176=DIRECTION('center_axis',(0.,0.,1.));
#3177=DIRECTION('ref_axis',(1.,0.,0.));
#3178=DIRECTION('center_axis',(0.,0.,-1.));
#3179=DIRECTION('ref_axis',(-3.55271367880049E-15,1.,0.));
#3180=DIRECTION('',(1.,4.78249918300067E-15,0.));
#3181=DIRECTION('',(-4.03051263065239E-15,1.,0.));
#3182=DIRECTION('center_axis',(0.,0.,1.));
#3183=DIRECTION('ref_axis',(1.,0.,0.));
#3184=DIRECTION('',(1.,0.,0.));
#3185=DIRECTION('',(-3.57579867623003E-17,-1.,0.));
#3186=DIRECTION('',(-1.,0.,0.));
#3187=DIRECTION('center_axis',(0.,0.,-1.));
#3188=DIRECTION('ref_axis',(1.,0.,0.));
#3189=DIRECTION('',(1.,0.,0.));
#3190=DIRECTION('center_axis',(0.,0.,1.));
#3191=DIRECTION('ref_axis',(1.,0.,0.));
#3192=DIRECTION('center_axis',(0.,0.,1.));
#3193=DIRECTION('ref_axis',(1.,0.,0.));
#3194=DIRECTION('center_axis',(0.,1.,0.));
#3195=DIRECTION('ref_axis',(1.,0.,0.));
#3196=DIRECTION('',(1.,0.,0.));
#3197=DIRECTION('',(0.,0.,-1.));
#3198=DIRECTION('center_axis',(0.,1.,0.));
#3199=DIRECTION('ref_axis',(1.,0.,0.));
#3200=DIRECTION('',(0.,0.,-1.));
#3201=DIRECTION('center_axis',(-2.64953102402887E-15,0.707106781186548,
0.707106781186548));
#3202=DIRECTION('ref_axis',(1.,0.,3.7470027081099E-15));
#3203=DIRECTION('',(-2.85000281279233E-15,0.707106781186548,-0.707106781186548));
#3204=DIRECTION('',(-1.,-3.7470027081099E-15,0.));
#3205=DIRECTION('',(2.24298922669111E-15,-0.707106781186547,0.707106781186548));
#3206=DIRECTION('',(1.,3.7470027081099E-15,0.));
#3207=DIRECTION('center_axis',(0.,0.,1.));
#3208=DIRECTION('ref_axis',(-1.,-4.8849813083507E-15,0.));
#3209=DIRECTION('',(-0.707106781186547,-3.36448384003667E-15,0.707106781186548));
#3210=DIRECTION('center_axis',(0.,0.,1.));
#3211=DIRECTION('ref_axis',(-1.,-4.8849813083507E-15,0.));
#3212=DIRECTION('center_axis',(0.,0.,-1.));
#3213=DIRECTION('ref_axis',(-1.,-4.8849813083507E-15,0.));
#3214=DIRECTION('center_axis',(0.707106781186548,2.8261664256308E-15,0.707106781186547));
#3215=DIRECTION('ref_axis',(0.707106781186547,0.,-0.707106781186548));
#3216=DIRECTION('center_axis',(0.707106781186548,2.8261664256308E-15,0.707106781186547));
#3217=DIRECTION('ref_axis',(0.707106781186547,0.,-0.707106781186548));
#3218=DIRECTION('',(3.99680288865056E-15,-1.,0.));
#3219=DIRECTION('',(-3.99680288865056E-15,1.,0.));
#3220=DIRECTION('center_axis',(0.,0.,-1.));
#3221=DIRECTION('ref_axis',(-1.,-4.8849813083507E-15,0.));
#3222=DIRECTION('',(0.,0.,-1.));
#3223=DIRECTION('center_axis',(0.,0.,-1.));
#3224=DIRECTION('ref_axis',(-1.,-4.8849813083507E-15,0.));
#3225=DIRECTION('',(0.,0.,-1.));
#3226=DIRECTION('center_axis',(3.7470027081099E-15,-1.,0.));
#3227=DIRECTION('ref_axis',(-1.,-3.7470027081099E-15,0.));
#3228=DIRECTION('',(0.,0.,-1.));
#3229=DIRECTION('',(-1.,-3.7470027081099E-15,0.));
#3230=DIRECTION('center_axis',(-1.,-4.03051263065239E-15,0.));
#3231=DIRECTION('ref_axis',(-4.03051263065239E-15,1.,0.));
#3232=DIRECTION('',(-4.03051263065239E-15,1.,0.));
#3233=DIRECTION('',(-2.85000281279233E-15,0.707106781186548,0.707106781186548));
#3234=DIRECTION('',(0.,0.,-1.));
#3235=DIRECTION('',(-4.03051263065239E-15,1.,0.));
#3236=DIRECTION('center_axis',(0.707106781186548,2.66915717976242E-15,0.707106781186547));
#3237=DIRECTION('ref_axis',(0.707106781186547,0.,-0.707106781186548));
#3238=DIRECTION('center_axis',(0.707106781186548,2.66915717976242E-15,0.707106781186547));
#3239=DIRECTION('ref_axis',(0.707106781186547,0.,-0.707106781186548));
#3240=DIRECTION('',(-3.77475828372553E-15,1.,0.));
#3241=DIRECTION('',(-0.707106781186547,-2.24298922669111E-15,0.707106781186548));
#3242=DIRECTION('',(3.77475828372553E-15,-1.,0.));
#3243=DIRECTION('center_axis',(0.,0.,1.));
#3244=DIRECTION('ref_axis',(-3.5527136788005E-15,1.,0.));
#3245=DIRECTION('',(-2.24298922669111E-15,0.707106781186548,0.707106781186547));
#3246=DIRECTION('center_axis',(0.,0.,1.));
#3247=DIRECTION('ref_axis',(-3.5527136788005E-15,1.,0.));
#3248=DIRECTION('center_axis',(0.,0.,-1.));
#3249=DIRECTION('ref_axis',(-3.5527136788005E-15,1.,0.));
#3250=DIRECTION('center_axis',(2.77785588844052E-15,-0.707106781186548,
0.707106781186548));
#3251=DIRECTION('ref_axis',(1.,0.,-3.92848147175055E-15));
#3252=DIRECTION('',(-1.,-3.92848147175055E-15,0.));
#3253=DIRECTION('',(1.,3.92848147175055E-15,0.));
#3254=DIRECTION('center_axis',(0.,0.,1.));
#3255=DIRECTION('ref_axis',(1.,0.,0.));
#3256=DIRECTION('center_axis',(0.,0.,1.));
#3257=DIRECTION('ref_axis',(1.,0.,0.));
#3258=DIRECTION('center_axis',(-4.78249918300067E-15,1.,0.));
#3259=DIRECTION('ref_axis',(1.,4.78249918300067E-15,0.));
#3260=DIRECTION('',(0.,0.,-1.));
#3261=DIRECTION('',(1.,4.78249918300067E-15,0.));
#3262=DIRECTION('',(0.,0.,-1.));
#3263=DIRECTION('center_axis',(0.,0.,-1.));
#3264=DIRECTION('ref_axis',(-3.55271367880049E-15,1.,0.));
#3265=DIRECTION('',(0.,0.,1.));
#3266=DIRECTION('center_axis',(0.,0.,-1.));
#3267=DIRECTION('ref_axis',(-3.55271367880049E-15,1.,0.));
#3268=DIRECTION('center_axis',(-1.,-3.99680288865056E-15,0.));
#3269=DIRECTION('ref_axis',(-3.99680288865056E-15,1.,0.));
#3270=DIRECTION('',(-3.99680288865056E-15,1.,0.));
#3271=DIRECTION('',(0.,0.,-1.));
#3272=DIRECTION('center_axis',(-3.92848147175055E-15,1.,0.));
#3273=DIRECTION('ref_axis',(1.,3.92848147175055E-15,0.));
#3274=DIRECTION('',(0.,0.,-1.));
#3275=DIRECTION('',(1.,3.92848147175055E-15,0.));
#3276=DIRECTION('center_axis',(0.,0.,-1.));
#3277=DIRECTION('ref_axis',(-3.5527136788005E-15,1.,0.));
#3278=DIRECTION('',(0.,0.,-1.));
#3279=DIRECTION('center_axis',(0.,0.,-1.));
#3280=DIRECTION('ref_axis',(-3.5527136788005E-15,1.,0.));
#3281=DIRECTION('center_axis',(-1.,-3.77475828372553E-15,0.));
#3282=DIRECTION('ref_axis',(-3.77475828372553E-15,1.,0.));
#3283=DIRECTION('',(0.,0.,1.));
#3284=DIRECTION('',(-3.77475828372553E-15,1.,0.));
#3285=DIRECTION('center_axis',(0.,0.,-1.));
#3286=DIRECTION('ref_axis',(-1.,-5.32907051820074E-15,0.));
#3287=DIRECTION('center_axis',(0.,0.,-1.));
#3288=DIRECTION('ref_axis',(-1.,-5.32907051820074E-15,0.));
#3289=DIRECTION('',(0.,0.,-1.));
#3290=DIRECTION('center_axis',(0.,0.,-1.));
#3291=DIRECTION('ref_axis',(-1.,-5.32907051820074E-15,0.));
#3292=DIRECTION('',(0.,0.,-1.));
#3293=DIRECTION('center_axis',(3.99680288865056E-15,-1.,0.));
#3294=DIRECTION('ref_axis',(-1.,-3.99680288865056E-15,0.));
#3295=DIRECTION('',(-1.,-3.99680288865056E-15,0.));
#3296=DIRECTION('',(0.,0.,-1.));
#3297=DIRECTION('',(-1.,-3.99680288865056E-15,0.));
#3298=DIRECTION('center_axis',(0.,0.,-1.));
#3299=DIRECTION('ref_axis',(4.44089209850063E-15,-1.,0.));
#3300=DIRECTION('center_axis',(0.,0.,-1.));
#3301=DIRECTION('ref_axis',(4.44089209850063E-15,-1.,0.));
#3302=DIRECTION('',(0.,0.,-1.));
#3303=DIRECTION('center_axis',(0.,0.,-1.));
#3304=DIRECTION('ref_axis',(4.44089209850063E-15,-1.,0.));
#3305=DIRECTION('center_axis',(1.,3.88578058618805E-15,0.));
#3306=DIRECTION('ref_axis',(3.88578058618805E-15,-1.,0.));
#3307=DIRECTION('',(3.88578058618805E-15,-1.,0.));
#3308=DIRECTION('',(0.,0.,-1.));
#3309=DIRECTION('',(3.88578058618805E-15,-1.,0.));
#3310=DIRECTION('center_axis',(0.,0.,-1.));
#3311=DIRECTION('ref_axis',(1.,1.99840144432528E-15,0.));
#3312=DIRECTION('center_axis',(0.,0.,-1.));
#3313=DIRECTION('ref_axis',(1.,1.99840144432528E-15,0.));
#3314=DIRECTION('',(0.,0.,-1.));
#3315=DIRECTION('center_axis',(0.,0.,-1.));
#3316=DIRECTION('ref_axis',(1.,1.99840144432528E-15,0.));
#3317=DIRECTION('center_axis',(-4.27008855625059E-15,1.,0.));
#3318=DIRECTION('ref_axis',(1.,4.27008855625059E-15,0.));
#3319=DIRECTION('',(1.,4.27008855625059E-15,0.));
#3320=DIRECTION('',(0.,0.,-1.));
#3321=DIRECTION('',(1.,4.27008855625059E-15,0.));
#3322=DIRECTION('center_axis',(1.,3.66410239150217E-15,0.));
#3323=DIRECTION('ref_axis',(3.66410239150217E-15,-1.,0.));
#3324=DIRECTION('',(3.66410239150217E-15,-1.,0.));
#3325=DIRECTION('',(0.,0.,-1.));
#3326=DIRECTION('',(3.66410239150217E-15,-1.,0.));
#3327=DIRECTION('center_axis',(3.7470027081099E-15,-1.,0.));
#3328=DIRECTION('ref_axis',(-1.,-3.7470027081099E-15,0.));
#3329=DIRECTION('',(-1.,-3.7470027081099E-15,0.));
#3330=DIRECTION('',(0.,0.,-1.));
#3331=DIRECTION('',(-1.,-3.7470027081099E-15,0.));
#3332=DIRECTION('center_axis',(0.,0.,-1.));
#3333=DIRECTION('ref_axis',(3.55271367880051E-15,-1.,0.));
#3334=DIRECTION('center_axis',(0.,0.,-1.));
#3335=DIRECTION('ref_axis',(3.55271367880051E-15,-1.,0.));
#3336=DIRECTION('',(0.,0.,-1.));
#3337=DIRECTION('center_axis',(0.,0.,-1.));
#3338=DIRECTION('ref_axis',(3.55271367880051E-15,-1.,0.));
#3339=DIRECTION('center_axis',(1.,3.77475828372553E-15,0.));
#3340=DIRECTION('ref_axis',(3.77475828372553E-15,-1.,0.));
#3341=DIRECTION('',(3.77475828372553E-15,-1.,0.));
#3342=DIRECTION('',(0.,0.,-1.));
#3343=DIRECTION('',(3.77475828372553E-15,-1.,0.));
#3344=DIRECTION('center_axis',(0.,0.,-1.));
#3345=DIRECTION('ref_axis',(1.,5.32907051820073E-15,0.));
#3346=DIRECTION('center_axis',(0.,0.,-1.));
#3347=DIRECTION('ref_axis',(1.,5.32907051820073E-15,0.));
#3348=DIRECTION('',(0.,0.,-1.));
#3349=DIRECTION('center_axis',(0.,0.,-1.));
#3350=DIRECTION('ref_axis',(1.,5.32907051820073E-15,0.));
#3351=DIRECTION('center_axis',(-4.78249918300067E-15,1.,0.));
#3352=DIRECTION('ref_axis',(1.,4.78249918300067E-15,0.));
#3353=DIRECTION('',(1.,4.78249918300067E-15,0.));
#3354=DIRECTION('',(0.,0.,-1.));
#3355=DIRECTION('',(1.,4.78249918300067E-15,0.));
#3356=DIRECTION('center_axis',(1.,4.03051263065238E-15,0.));
#3357=DIRECTION('ref_axis',(4.03051263065238E-15,-1.,0.));
#3358=DIRECTION('',(4.03051263065238E-15,-1.,0.));
#3359=DIRECTION('',(4.03051263065238E-15,-1.,0.));
#3360=DIRECTION('center_axis',(-1.,-4.03051263065239E-15,0.));
#3361=DIRECTION('ref_axis',(-4.03051263065239E-15,1.,0.));
#3362=DIRECTION('',(-4.03051263065239E-15,1.,0.));
#3363=DIRECTION('center_axis',(0.,0.,1.));
#3364=DIRECTION('ref_axis',(1.,0.,0.));
#3365=DIRECTION('center_axis',(0.,0.,-1.));
#3366=DIRECTION('ref_axis',(1.,0.,0.));
#3367=DIRECTION('center_axis',(0.,0.,-1.));
#3368=DIRECTION('ref_axis',(1.,0.,0.));
#3369=DIRECTION('center_axis',(0.,0.,1.));
#3370=DIRECTION('ref_axis',(1.,0.,0.));
#3371=DIRECTION('center_axis',(0.,0.,1.));
#3372=DIRECTION('ref_axis',(1.,0.,0.));
#3373=DIRECTION('center_axis',(0.,0.,-1.));
#3374=DIRECTION('ref_axis',(-0.999999405860986,0.00109008149920992,0.));
#3375=DIRECTION('',(0.,0.,-1.));
#3376=DIRECTION('center_axis',(0.,0.,1.));
#3377=DIRECTION('ref_axis',(1.,0.,0.));
#3378=DIRECTION('center_axis',(0.,0.,-1.));
#3379=DIRECTION('ref_axis',(1.,0.,0.));
#3380=DIRECTION('',(0.,0.,1.));
#3381=DIRECTION('center_axis',(0.,0.,-1.));
#3382=DIRECTION('ref_axis',(1.,0.,0.));
#3383=DIRECTION('',(0.,0.,1.));
#3384=DIRECTION('center_axis',(0.,-1.,0.));
#3385=DIRECTION('ref_axis',(-1.,0.,0.));
#3386=DIRECTION('',(-1.,0.,0.));
#3387=DIRECTION('',(0.,0.,-1.));
#3388=DIRECTION('center_axis',(1.,-3.57579867623003E-17,0.));
#3389=DIRECTION('ref_axis',(-3.57579867623003E-17,-1.,0.));
#3390=DIRECTION('',(-3.57579867623003E-17,-1.,0.));
#3391=DIRECTION('center_axis',(0.,0.,1.));
#3392=DIRECTION('ref_axis',(1.,0.,0.));
#3393=CARTESIAN_POINT('',(0.,0.,0.));
#3394=CARTESIAN_POINT('Origin',(-13.0999997094274,15.9249996356666,-13.25));
#3395=CARTESIAN_POINT('',(-14.9999996647239,15.5426259032155,-13.25));
#3396=CARTESIAN_POINT('',(-11.1999997541308,15.5426259032155,-13.25));
#3397=CARTESIAN_POINT('',(-15.0268326953549,15.5426259032155,-13.25));
#3398=CARTESIAN_POINT('',(-14.9999996647239,14.7499996647239,-13.25));
#3399=CARTESIAN_POINT('',(-14.9999996647239,15.3374996501952,-13.25));
#3400=CARTESIAN_POINT('',(-11.1999997541308,14.7499996647239,-13.25));
#3401=CARTESIAN_POINT('',(-12.1499997317791,14.7499996647239,-13.25));
#3402=CARTESIAN_POINT('',(-11.1999997541308,15.733812769441,-13.25));
#3403=CARTESIAN_POINT('Origin',(-14.9999996647239,14.7499996647239,0.));
#3404=CARTESIAN_POINT('',(-14.9999996647239,15.5426259032155,0.));
#3405=CARTESIAN_POINT('',(-14.9999996647239,15.5426259032155,0.));
#3406=CARTESIAN_POINT('',(-14.9999996647239,14.7499996647239,0.));
#3407=CARTESIAN_POINT('',(-14.9999996647239,7.384249500001,0.));
#3408=CARTESIAN_POINT('',(-14.9999996647239,14.7499996647239,0.));
#3409=CARTESIAN_POINT('Origin',(-11.1999997541308,14.7499996647239,0.));
#3410=CARTESIAN_POINT('',(-14.8509861817585,14.7499996647239,-0.75));
#3411=CARTESIAN_POINT('',(-14.8509861817585,14.7499996647239,0.));
#3412=CARTESIAN_POINT('',(-14.8509861817585,14.7499996647239,0.));
#3413=CARTESIAN_POINT('',(-11.3509861817585,14.7499996647239,-0.75));
#3414=CARTESIAN_POINT('',(-12.1504929679447,14.7499996647239,-0.75));
#3415=CARTESIAN_POINT('',(-11.3509861817585,14.7499996647239,0.));
#3416=CARTESIAN_POINT('',(-11.3509861817585,14.7499996647239,0.));
#3417=CARTESIAN_POINT('',(-11.1999997541308,14.7499996647239,0.));
#3418=CARTESIAN_POINT('',(-11.6737960205195,14.7499996647239,0.));
#3419=CARTESIAN_POINT('',(-11.1999997541308,14.7499996647239,0.));
#3420=CARTESIAN_POINT('',(-11.6737960205195,14.7499996647239,0.));
#3421=CARTESIAN_POINT('Origin',(-11.1999997541308,15.5426259032155,0.));
#3422=CARTESIAN_POINT('',(-11.1999997541308,15.5426259032155,-7.03010051666292));
#3423=CARTESIAN_POINT('',(-11.1999997541308,15.5426259032155,-4.12500000000206));
#3424=CARTESIAN_POINT('Ctrl Pts',(-11.1999997541308,15.5426259032155,-7.03010051666292));
#3425=CARTESIAN_POINT('Ctrl Pts',(-11.1999997541308,14.5142087734827,-5.67670022189151));
#3426=CARTESIAN_POINT('Ctrl Pts',(-11.1999997541308,14.5142087734827,-4.70833338300456));
#3427=CARTESIAN_POINT('Ctrl Pts',(-11.1999997541308,15.5426259032155,-4.12500000000206));
#3428=CARTESIAN_POINT('',(-11.1999997541308,15.5426259032155,0.));
#3429=CARTESIAN_POINT('',(-11.1999997541308,15.5426259032155,0.));
#3430=CARTESIAN_POINT('',(-11.1999997541308,7.7805626192468,0.));
#3431=CARTESIAN_POINT('',(-11.1999997541308,15.5426259032155,0.));
#3432=CARTESIAN_POINT('Origin',(-14.8509861817585,13.75,0.));
#3433=CARTESIAN_POINT('',(-14.8509861817585,14.5886148168363,0.));
#3434=CARTESIAN_POINT('',(-14.8509861817585,6.88424966763905,0.));
#3435=CARTESIAN_POINT('',(-14.8509861817585,14.5886148168363,-0.75));
#3436=CARTESIAN_POINT('',(-14.8509861817585,14.5886148168363,0.));
#3437=CARTESIAN_POINT('',(-14.8509861817585,19.81,-0.75));
#3438=CARTESIAN_POINT('Origin',(-12.1475922869081,0.0184993352781193,0.));
#3439=CARTESIAN_POINT('',(-16.9536656812825,15.5426259032155,0.));
#3440=CARTESIAN_POINT('',(-24.6006905646312,15.5426259032155,0.));
#3441=CARTESIAN_POINT('',(-18.4814840354069,13.6906810586252,0.));
#3442=CARTESIAN_POINT('Origin',(0.,0.,0.));
#3443=CARTESIAN_POINT('',(-18.1009861817585,13.75,0.));
#3444=CARTESIAN_POINT('Origin',(-18.1009861817585,12.5,0.));
#3445=CARTESIAN_POINT('',(-17.0515904920091,13.75,0.));
#3446=CARTESIAN_POINT('',(-14.8509861817585,13.75,0.));
#3447=CARTESIAN_POINT('Origin',(-13.3136393655261,7.24786793612857,0.));
#3448=CARTESIAN_POINT('Origin',(-16.9536656812825,15.5426259032155,0.));
#3449=CARTESIAN_POINT('',(-5.81370053840939,15.5426259032155,0.));
#3450=CARTESIAN_POINT('',(-24.6006905646312,15.5426259032155,0.));
#3451=CARTESIAN_POINT('',(-5.81370053840939,15.5426259032155,-4.12500000000206));
#3452=CARTESIAN_POINT('',(-5.81370053840939,15.5426259032155,0.));
#3453=CARTESIAN_POINT('',(-5.81370053840939,15.5426259032155,-4.12500000000206));
#3454=CARTESIAN_POINT('Origin',(-16.9536656812825,15.5426259032155,0.));
#3455=CARTESIAN_POINT('',(-5.81370053840939,15.5426259032155,-7.03010051666292));
#3456=CARTESIAN_POINT('',(-5.81370053840939,15.5426259032155,-7.03010051666292));
#3457=CARTESIAN_POINT('',(-5.81370053840939,15.5426259032155,-57.));
#3458=CARTESIAN_POINT('',(-5.81370053840939,15.5426259032155,0.));
#3459=CARTESIAN_POINT('',(-16.9536656812825,15.5426259032155,-57.));
#3460=CARTESIAN_POINT('',(-24.6006905646312,15.5426259032155,-57.));
#3461=CARTESIAN_POINT('',(-16.9536656812825,15.5426259032155,0.));
#3462=CARTESIAN_POINT('Origin',(-5.81370053840939,5.00000000000007,-56.25));
#3463=CARTESIAN_POINT('',(-9.97882960019589,5.00000000000007,-55.45));
#3464=CARTESIAN_POINT('',(-9.97882960019589,5.00000000000007,-55.6));
#3465=CARTESIAN_POINT('',(-9.97882960019589,5.00000000000007,-55.6));
#3466=CARTESIAN_POINT('',(-5.81370053840939,5.00000000000007,-55.45));
#3467=CARTESIAN_POINT('',(-5.81370053840939,5.00000000000007,-55.45));
#3468=CARTESIAN_POINT('',(-5.81370053840939,5.00000000000007,-56.25));
#3469=CARTESIAN_POINT('',(-5.81370053840939,5.00000000000007,-28.125));
#3470=CARTESIAN_POINT('',(-10.8137005384094,5.00000000000007,-56.25));
#3471=CARTESIAN_POINT('',(-5.81370053840939,5.00000000000007,-56.25));
#3472=CARTESIAN_POINT('',(-10.8137005384094,5.00000000000007,-56.1));
#3473=CARTESIAN_POINT('',(-10.8137005384094,5.00000000000007,-56.25));
#3474=CARTESIAN_POINT('',(-6.42091931160502,5.00000000000007,-56.1));
#3475=CARTESIAN_POINT('',(-10.110275403807,5.00000000000007,-56.1));
#3476=CARTESIAN_POINT('',(-6.42091931160502,5.00000000000007,-55.6));
#3477=CARTESIAN_POINT('',(-6.42091931160502,5.00000000000007,0.));
#3478=CARTESIAN_POINT('',(-10.1727601105862,5.00000000000007,-55.6));
#3479=CARTESIAN_POINT('Origin',(-10.8137005384094,7.50000000000007,-55.85));
#3480=CARTESIAN_POINT('',(-10.8137005384094,10.0000000000001,-56.1));
#3481=CARTESIAN_POINT('',(-10.8137005384094,3.7592496676391,-56.1));
#3482=CARTESIAN_POINT('',(-10.8137005384094,10.0000000000001,-56.25));
#3483=CARTESIAN_POINT('',(-10.8137005384094,10.0000000000001,-56.25));
#3484=CARTESIAN_POINT('',(-10.8137005384094,10.0000000000001,-55.45));
#3485=CARTESIAN_POINT('Origin',(-5.81370053840939,10.0000000000001,-56.25));
#3486=CARTESIAN_POINT('',(-5.81370053840939,10.0000000000001,-56.25));
#3487=CARTESIAN_POINT('',(-5.81370053840939,12.7713129516078,-56.25));
#3488=CARTESIAN_POINT('',(-5.81370053840939,10.0000000000001,-56.25));
#3489=CARTESIAN_POINT('Origin',(-5.81370053840939,10.0000000000001,-55.45));
#3490=CARTESIAN_POINT('',(-9.97882960019599,10.0000000000001,-55.6));
#3491=CARTESIAN_POINT('',(-9.97882960019599,10.0000000000001,-55.45));
#3492=CARTESIAN_POINT('',(-9.97882960019599,10.0000000000001,-55.6));
#3493=CARTESIAN_POINT('',(-6.60630985945509,10.0000000000001,-55.6));
#3494=CARTESIAN_POINT('',(-10.1727601105862,10.0000000000001,-55.6));
#3495=CARTESIAN_POINT('',(-6.60630985945509,10.0000000000001,-56.1));
#3496=CARTESIAN_POINT('',(-6.60630985945509,10.0000000000001,0.));
#3497=CARTESIAN_POINT('',(-10.110275403807,10.0000000000001,-56.1));
#3498=CARTESIAN_POINT('',(-5.81370053840939,10.0000000000001,-55.45));
#3499=CARTESIAN_POINT('',(-5.81370053840939,10.0000000000001,-27.725));
#3500=CARTESIAN_POINT('',(-5.81370053840939,10.0000000000001,-55.45));
#3501=CARTESIAN_POINT('Origin',(-5.81370053840939,5.00000000000007,-55.45));
#3502=CARTESIAN_POINT('Origin',(-13.1013285993951,7.50000000000001,-55.45));
#3503=CARTESIAN_POINT('',(-5.81370053840939,10.2713129516078,-55.45));
#3504=CARTESIAN_POINT('Origin',(-14.531819682763,-0.0271320638714334,-55.6));
#3505=CARTESIAN_POINT('',(-13.1968806358851,11.4988585631806,-55.6));
#3506=CARTESIAN_POINT('Origin',(-13.1013285993951,7.50000000000001,-55.6));
#3507=CARTESIAN_POINT('',(-19.9192432522917,11.4988585631806,-55.6));
#3508=CARTESIAN_POINT('',(-13.0057765629052,11.4988585631806,-55.6));
#3509=CARTESIAN_POINT('',(-18.4814840354069,13.6906810586253,-55.6));
#3510=CARTESIAN_POINT('Origin',(0.,0.,-55.6));
#3511=CARTESIAN_POINT('',(-18.1009861817585,13.75,-55.6));
#3512=CARTESIAN_POINT('Origin',(-18.1009861817585,12.5,-55.6));
#3513=CARTESIAN_POINT('',(-17.0515904920091,13.75,-55.6));
#3514=CARTESIAN_POINT('',(-15.7917050873861,13.75,-55.6));
#3515=CARTESIAN_POINT('',(-9.57568823904317,13.75,-55.6));
#3516=CARTESIAN_POINT('Origin',(-13.3136393655261,7.24786793612857,-55.6));
#3517=CARTESIAN_POINT('',(-8.10098618175851,13.75,-55.6));
#3518=CARTESIAN_POINT('',(-11.3164029322608,13.75,-55.6));
#3519=CARTESIAN_POINT('',(-6.85098618175851,12.5,-55.6));
#3520=CARTESIAN_POINT('Origin',(-8.10098618175852,12.5,-55.6));
#3521=CARTESIAN_POINT('',(-6.8509861817585,10.5336880508547,-55.6));
#3522=CARTESIAN_POINT('',(-6.85098618175848,5.25327799349165,-55.6));
#3523=CARTESIAN_POINT('Origin',(-13.3136393655261,7.24786793612857,-55.6));
#3524=CARTESIAN_POINT('Origin',(-14.531819682763,-0.0271320638714334,-55.6));
#3525=CARTESIAN_POINT('',(-6.85098618175848,3.96204782140247,-55.6));
#3526=CARTESIAN_POINT('Origin',(-13.3136393655261,7.24786793612857,-55.6));
#3527=CARTESIAN_POINT('',(-6.85098618175848,2.50000000000003,-55.6));
#3528=CARTESIAN_POINT('',(-6.85098618175847,1.23643396806431,-55.6));
#3529=CARTESIAN_POINT('',(-8.10098618175847,1.25000000000003,-55.6));
#3530=CARTESIAN_POINT('Origin',(-8.10098618175847,2.50000000000003,-55.6));
#3531=CARTESIAN_POINT('',(-11.3513285993951,1.25000000000001,-55.6));
#3532=CARTESIAN_POINT('',(-11.6713088492838,1.25000000000002,-55.6));
#3533=CARTESIAN_POINT('',(-11.3513285993951,-1.24999999999997,-55.6));
#3534=CARTESIAN_POINT('',(-11.3513285993951,0.611433968064287,-55.6));
#3535=CARTESIAN_POINT('',(-8.10098618175846,-1.24999999999997,-55.6));
#3536=CARTESIAN_POINT('',(-11.3164029322607,-1.24999999999998,-55.6));
#3537=CARTESIAN_POINT('',(-6.85098618175846,-2.49999999999997,-55.6));
#3538=CARTESIAN_POINT('Origin',(-8.10098618175846,-2.49999999999997,-55.6));
#3539=CARTESIAN_POINT('',(-6.85098618175845,-3.9663119491454,-55.6));
#3540=CARTESIAN_POINT('',(-6.85098618175846,-1.9967220065084,-55.6));
#3541=CARTESIAN_POINT('',(-6.85098618175843,-10.5379521785974,-55.6));
#3542=CARTESIAN_POINT('Origin',(-13.3136393655261,-7.25213206387143,-55.6));
#3543=CARTESIAN_POINT('',(-6.85098618175842,-12.5,-55.6));
#3544=CARTESIAN_POINT('',(-6.85098618175844,-6.26356603193569,-55.6));
#3545=CARTESIAN_POINT('',(-8.10098618175841,-13.75,-55.6));
#3546=CARTESIAN_POINT('Origin',(-8.10098618175842,-12.5,-55.6));
#3547=CARTESIAN_POINT('',(-9.46913519923457,-13.75,-55.6));
#3548=CARTESIAN_POINT('',(-12.0004774409988,-13.75,-55.6));
#3549=CARTESIAN_POINT('',(-17.1581435318175,-13.75,-55.6));
#3550=CARTESIAN_POINT('Origin',(-13.3136393655261,-7.25213206387143,-55.6));
#3551=CARTESIAN_POINT('',(-18.1009861817584,-13.75,-55.6));
#3552=CARTESIAN_POINT('',(-16.3164029322607,-13.75,-55.6));
#3553=CARTESIAN_POINT('',(-18.4814840354069,-13.6906810586252,-55.6));
#3554=CARTESIAN_POINT('Origin',(-18.1009861817584,-12.5,-55.6));
#3555=CARTESIAN_POINT('',(-19.9192432522917,-11.4988585631806,-55.6));
#3556=CARTESIAN_POINT('Origin',(0.,0.,-55.6));
#3557=CARTESIAN_POINT('',(-13.196880635885,-11.4988585631806,-55.6));
#3558=CARTESIAN_POINT('',(-13.0057765629052,-11.4988585631806,-55.6));
#3559=CARTESIAN_POINT('',(-13.196880635885,-3.5011414368194,-55.6));
#3560=CARTESIAN_POINT('Origin',(-13.1013285993951,-7.49999999999998,-55.6));
#3561=CARTESIAN_POINT('',(-22.7319600703368,-3.50114143681941,-55.6));
#3562=CARTESIAN_POINT('',(-13.0057765629052,-3.5011414368194,-55.6));
#3563=CARTESIAN_POINT('',(-22.7319600703368,3.50114143681942,-55.6));
#3564=CARTESIAN_POINT('Origin',(0.,0.,-55.6));
#3565=CARTESIAN_POINT('',(-13.1968806358851,3.50114143681943,-55.6));
#3566=CARTESIAN_POINT('',(-13.0057765629052,3.50114143681943,-55.6));
#3567=CARTESIAN_POINT('Origin',(-13.1013285993951,7.50000000000001,-55.6));
#3568=CARTESIAN_POINT('Origin',(-14.4068502692047,0.0184993352781215,-56.1));
#3569=CARTESIAN_POINT('',(-6.8509861817585,10.5336880508547,-56.1));
#3570=CARTESIAN_POINT('Origin',(-13.3136393655261,7.24786793612857,-56.1));
#3571=CARTESIAN_POINT('',(-6.85098618175851,12.5,-56.1));
#3572=CARTESIAN_POINT('',(-6.85098618175848,5.27609369306643,-56.1));
#3573=CARTESIAN_POINT('',(-8.10098618175851,13.75,-56.1));
#3574=CARTESIAN_POINT('Origin',(-8.10098618175852,12.5,-56.1));
#3575=CARTESIAN_POINT('',(-9.57568823904317,13.75,-56.1));
#3576=CARTESIAN_POINT('',(-11.2539182254816,13.75,-56.1));
#3577=CARTESIAN_POINT('',(-17.0515904920091,13.75,-56.1));
#3578=CARTESIAN_POINT('Origin',(-13.3136393655261,7.24786793612857,-56.1));
#3579=CARTESIAN_POINT('',(-18.1009861817585,13.75,-56.1));
#3580=CARTESIAN_POINT('',(-15.7292203806069,13.75,-56.1));
#3581=CARTESIAN_POINT('',(-18.4814840354069,13.6906810586253,-56.1));
#3582=CARTESIAN_POINT('Origin',(-18.1009861817585,12.5,-56.1));
#3583=CARTESIAN_POINT('',(-18.4814840354069,-13.6906810586252,-56.1));
#3584=CARTESIAN_POINT('Origin',(0.,0.,-56.1));
#3585=CARTESIAN_POINT('',(-18.1009861817584,-13.75,-56.1));
#3586=CARTESIAN_POINT('Origin',(-18.1009861817584,-12.5,-56.1));
#3587=CARTESIAN_POINT('',(-17.1581435318175,-13.75,-56.1));
#3588=CARTESIAN_POINT('',(-16.2539182254815,-13.75,-56.1));
#3589=CARTESIAN_POINT('',(-9.46913519923457,-13.75,-56.1));
#3590=CARTESIAN_POINT('Origin',(-13.3136393655261,-7.25213206387143,-56.1));
#3591=CARTESIAN_POINT('',(-8.10098618175841,-13.75,-56.1));
#3592=CARTESIAN_POINT('',(-11.9379927342196,-13.75,-56.1));
#3593=CARTESIAN_POINT('',(-6.85098618175842,-12.5,-56.1));
#3594=CARTESIAN_POINT('Origin',(-8.10098618175842,-12.5,-56.1));
#3595=CARTESIAN_POINT('',(-6.85098618175843,-10.5379521785974,-56.1));
#3596=CARTESIAN_POINT('',(-6.85098618175844,-6.24075033236091,-56.1));
#3597=CARTESIAN_POINT('',(-6.85098618175845,-3.9663119491454,-56.1));
#3598=CARTESIAN_POINT('Origin',(-13.3136393655261,-7.25213206387143,-56.1));
#3599=CARTESIAN_POINT('',(-6.85098618175846,-2.49999999999997,-56.1));
#3600=CARTESIAN_POINT('',(-6.85098618175846,-1.97390630693362,-56.1));
#3601=CARTESIAN_POINT('',(-8.10098618175846,-1.24999999999997,-56.1));
#3602=CARTESIAN_POINT('Origin',(-8.10098618175846,-2.49999999999997,-56.1));
#3603=CARTESIAN_POINT('',(-11.3513285993951,-1.24999999999997,-56.1));
#3604=CARTESIAN_POINT('',(-12.8790894342999,-1.24999999999997,-56.1));
#3605=CARTESIAN_POINT('',(-11.3513285993951,1.25000000000001,-56.1));
#3606=CARTESIAN_POINT('',(-11.3513285993951,0.634249667639064,-56.1));
#3607=CARTESIAN_POINT('',(-8.10098618175847,1.25000000000003,-56.1));
#3608=CARTESIAN_POINT('',(-11.6088241425047,1.25000000000002,-56.1));
#3609=CARTESIAN_POINT('',(-6.85098618175848,2.50000000000003,-56.1));
#3610=CARTESIAN_POINT('Origin',(-8.10098618175847,2.50000000000003,-56.1));
#3611=CARTESIAN_POINT('',(-6.85098618175848,3.96204782140247,-56.1));
#3612=CARTESIAN_POINT('',(-6.85098618175847,1.25924966763909,-56.1));
#3613=CARTESIAN_POINT('Origin',(-13.3136393655261,7.24786793612857,-56.1));
#3614=CARTESIAN_POINT('Origin',(-13.3136393655261,7.24786793612857,0.));
#3615=CARTESIAN_POINT('',(-6.8509861817585,10.5336880508547,0.));
#3616=CARTESIAN_POINT('Origin',(-13.3136393655261,7.24786793612857,0.));
#3617=CARTESIAN_POINT('',(-6.85098618175848,3.96204782140247,0.));
#3618=CARTESIAN_POINT('Origin',(-22.7319600703368,-3.50114143681941,-55.6));
#3619=CARTESIAN_POINT('',(-13.196880635885,-3.5011414368194,-54.85));
#3620=CARTESIAN_POINT('',(-13.196880635885,-3.5011414368194,-55.6));
#3621=CARTESIAN_POINT('',(-22.7319600703368,-3.50114143681941,-54.85));
#3622=CARTESIAN_POINT('',(-13.0057765629052,-3.5011414368194,-54.85));
#3623=CARTESIAN_POINT('',(-22.7319600703368,-3.50114143681941,-55.6));
#3624=CARTESIAN_POINT('Origin',(0.,0.,-55.6));
#3625=CARTESIAN_POINT('',(-22.7319600703368,3.50114143681942,-54.85));
#3626=CARTESIAN_POINT('Origin',(0.,0.,-54.85));
#3627=CARTESIAN_POINT('',(-22.7319600703368,3.50114143681942,-55.6));
#3628=CARTESIAN_POINT('Origin',(-13.1968806358851,3.50114143681943,-55.6));
#3629=CARTESIAN_POINT('',(-13.1968806358851,3.50114143681943,-54.85));
#3630=CARTESIAN_POINT('',(-13.0057765629052,3.50114143681943,-54.85));
#3631=CARTESIAN_POINT('',(-13.1968806358851,3.50114143681943,-55.6));
#3632=CARTESIAN_POINT('Origin',(-13.1013285993951,7.50000000000001,-55.6));
#3633=CARTESIAN_POINT('',(-13.1968806358851,11.4988585631806,-54.85));
#3634=CARTESIAN_POINT('Origin',(-13.1013285993951,7.50000000000001,-54.85));
#3635=CARTESIAN_POINT('',(-13.1968806358851,11.4988585631806,-55.6));
#3636=CARTESIAN_POINT('Origin',(-19.9192432522917,11.4988585631806,-55.6));
#3637=CARTESIAN_POINT('',(-19.9192432522917,11.4988585631806,-54.85));
#3638=CARTESIAN_POINT('',(-13.0057765629052,11.4988585631806,-54.85));
#3639=CARTESIAN_POINT('',(-19.9192432522917,11.4988585631806,-55.6));
#3640=CARTESIAN_POINT('Origin',(-13.196880635885,-11.4988585631806,-55.6));
#3641=CARTESIAN_POINT('',(-19.9192432522917,-11.4988585631806,-54.85));
#3642=CARTESIAN_POINT('',(-19.9192432522917,-11.4988585631806,-55.6));
#3643=CARTESIAN_POINT('',(-13.196880635885,-11.4988585631806,-54.85));
#3644=CARTESIAN_POINT('',(-13.0057765629052,-11.4988585631806,-54.85));
#3645=CARTESIAN_POINT('',(-13.196880635885,-11.4988585631806,-55.6));
#3646=CARTESIAN_POINT('Origin',(-13.1013285993951,-7.49999999999998,-55.6));
#3647=CARTESIAN_POINT('Origin',(-13.1013285993951,-7.49999999999998,-54.85));
#3648=CARTESIAN_POINT('Origin',(-14.531819682763,-0.0271320638714334,-54.85));
#3649=CARTESIAN_POINT('',(-18.4814840354069,-13.6906810586252,-54.85));
#3650=CARTESIAN_POINT('Origin',(0.,0.,-54.85));
#3651=CARTESIAN_POINT('',(-18.1009861817584,-13.75,-54.85));
#3652=CARTESIAN_POINT('Origin',(-18.1009861817584,-12.5,-54.85));
#3653=CARTESIAN_POINT('',(-17.1581435318175,-13.75,-54.85));
#3654=CARTESIAN_POINT('',(-16.3164029322607,-13.75,-54.85));
#3655=CARTESIAN_POINT('',(-9.46913519923457,-13.75,-54.85));
#3656=CARTESIAN_POINT('Origin',(-13.3136393655261,-7.25213206387143,-54.85));
#3657=CARTESIAN_POINT('',(-8.10098618175841,-13.75,-54.85));
#3658=CARTESIAN_POINT('',(-12.0004774409988,-13.75,-54.85));
#3659=CARTESIAN_POINT('',(-6.85098618175842,-12.5,-54.85));
#3660=CARTESIAN_POINT('Origin',(-8.10098618175842,-12.5,-54.85));
#3661=CARTESIAN_POINT('',(-6.85098618175843,-10.5379521785974,-54.85));
#3662=CARTESIAN_POINT('',(-6.85098618175844,-6.26356603193569,-54.85));
#3663=CARTESIAN_POINT('',(-6.85098618175845,-3.9663119491454,-54.85));
#3664=CARTESIAN_POINT('Origin',(-13.3136393655261,-7.25213206387143,-54.85));
#3665=CARTESIAN_POINT('',(-6.85098618175846,-2.49999999999997,-54.85));
#3666=CARTESIAN_POINT('',(-6.85098618175846,-1.9967220065084,-54.85));
#3667=CARTESIAN_POINT('',(-8.10098618175846,-1.24999999999997,-54.85));
#3668=CARTESIAN_POINT('Origin',(-8.10098618175846,-2.49999999999997,-54.85));
#3669=CARTESIAN_POINT('',(-11.3513285993951,-1.24999999999997,-54.85));
#3670=CARTESIAN_POINT('',(-11.3164029322607,-1.24999999999998,-54.85));
#3671=CARTESIAN_POINT('',(-11.3513285993951,1.25000000000001,-54.85));
#3672=CARTESIAN_POINT('',(-11.3513285993951,0.611433968064287,-54.85));
#3673=CARTESIAN_POINT('',(-8.10098618175847,1.25000000000003,-54.85));
#3674=CARTESIAN_POINT('',(-11.6713088492838,1.25000000000002,-54.85));
#3675=CARTESIAN_POINT('',(-6.85098618175848,2.50000000000003,-54.85));
#3676=CARTESIAN_POINT('Origin',(-8.10098618175847,2.50000000000003,-54.85));
#3677=CARTESIAN_POINT('',(-6.85098618175848,3.96204782140247,-54.85));
#3678=CARTESIAN_POINT('',(-6.85098618175847,1.23643396806431,-54.85));
#3679=CARTESIAN_POINT('',(-6.8509861817585,10.5336880508547,-54.85));
#3680=CARTESIAN_POINT('Origin',(-13.3136393655261,7.24786793612857,-54.85));
#3681=CARTESIAN_POINT('',(-6.85098618175851,12.5,-54.85));
#3682=CARTESIAN_POINT('',(-6.85098618175848,5.25327799349165,-54.85));
#3683=CARTESIAN_POINT('',(-8.10098618175851,13.75,-54.85));
#3684=CARTESIAN_POINT('Origin',(-8.10098618175852,12.5,-54.85));
#3685=CARTESIAN_POINT('',(-9.57568823904317,13.75,-54.85));
#3686=CARTESIAN_POINT('',(-11.3164029322608,13.75,-54.85));
#3687=CARTESIAN_POINT('',(-17.0515904920091,13.75,-54.85));
#3688=CARTESIAN_POINT('Origin',(-13.3136393655261,7.24786793612857,-54.85));
#3689=CARTESIAN_POINT('',(-18.1009861817585,13.75,-54.85));
#3690=CARTESIAN_POINT('',(-15.7917050873861,13.75,-54.85));
#3691=CARTESIAN_POINT('',(-18.4814840354069,13.6906810586253,-54.85));
#3692=CARTESIAN_POINT('Origin',(-18.1009861817585,12.5,-54.85));
#3693=CARTESIAN_POINT('Origin',(0.,0.,-54.85));
#3694=CARTESIAN_POINT('Origin',(-18.1009861817585,12.5,0.));
#3695=CARTESIAN_POINT('',(-18.1009861817585,13.75,0.));
#3696=CARTESIAN_POINT('',(-18.4814840354069,13.6906810586252,0.));
#3697=CARTESIAN_POINT('Origin',(-17.0515904920091,13.75,0.));
#3698=CARTESIAN_POINT('',(-17.0515904920091,13.75,0.));
#3699=CARTESIAN_POINT('Origin',(-13.3136393655261,7.24786793612857,0.));
#3700=CARTESIAN_POINT('',(-9.57568823904317,13.75,0.));
#3701=CARTESIAN_POINT('',(-9.57568823904317,13.75,0.));
#3702=CARTESIAN_POINT('',(-11.3509861817585,14.4865136989938,0.));
#3703=CARTESIAN_POINT('Origin',(-13.3136393655261,7.24786793612857,0.));
#3704=CARTESIAN_POINT('',(-11.3509861817585,14.4865136989938,-0.75));
#3705=CARTESIAN_POINT('',(-11.3509861817585,14.4865136989938,0.));
#3706=CARTESIAN_POINT('Origin',(-13.3136393655261,7.24786793612857,-0.75));
#3707=CARTESIAN_POINT('Origin',(-8.10098618175851,13.75,0.));
#3708=CARTESIAN_POINT('',(-8.10098618175851,13.75,0.));
#3709=CARTESIAN_POINT('',(-8.10098618175851,13.75,0.));
#3710=CARTESIAN_POINT('',(-8.10098618175851,13.75,0.));
#3711=CARTESIAN_POINT('Origin',(-8.10098618175852,12.5,0.));
#3712=CARTESIAN_POINT('',(-6.85098618175851,12.5,0.));
#3713=CARTESIAN_POINT('',(-6.85098618175851,12.5,0.));
#3714=CARTESIAN_POINT('Origin',(-8.10098618175852,12.5,0.));
#3715=CARTESIAN_POINT('Origin',(-6.8509861817585,10.5336880508547,0.));
#3716=CARTESIAN_POINT('',(-6.8509861817585,10.5336880508547,0.));
#3717=CARTESIAN_POINT('',(-6.8509861817585,10.5336880508547,0.));
#3718=CARTESIAN_POINT('',(-6.85098618175847,2.50000000000003,0.));
#3719=CARTESIAN_POINT('Origin',(-13.3136393655261,7.24786793612857,0.));
#3720=CARTESIAN_POINT('',(-6.85098618175848,3.96204782140247,0.));
#3721=CARTESIAN_POINT('',(-6.85098618175848,3.96204782140247,0.));
#3722=CARTESIAN_POINT('Origin',(-13.3136393655261,7.24786793612857,0.));
#3723=CARTESIAN_POINT('Origin',(-6.85098618175847,2.50000000000003,0.));
#3724=CARTESIAN_POINT('',(-6.85098618175848,2.50000000000003,0.));
#3725=CARTESIAN_POINT('',(-6.85098618175848,2.50000000000003,0.));
#3726=CARTESIAN_POINT('',(-6.85098618175847,2.50000000000003,0.));
#3727=CARTESIAN_POINT('Origin',(-8.10098618175847,2.50000000000003,0.));
#3728=CARTESIAN_POINT('',(-8.10098618175847,1.25000000000003,0.));
#3729=CARTESIAN_POINT('',(-8.10098618175847,1.25000000000003,0.));
#3730=CARTESIAN_POINT('Origin',(-8.10098618175847,2.50000000000003,0.));
#3731=CARTESIAN_POINT('Origin',(-8.81079801580463,1.25000000000003,0.));
#3732=CARTESIAN_POINT('',(-11.3513285993951,1.25000000000001,-54.6));
#3733=CARTESIAN_POINT('',(-11.3513285993951,1.25000000000001,-56.1));
#3734=CARTESIAN_POINT('',(-8.81079801580466,1.25000000000001,-54.6));
#3735=CARTESIAN_POINT('',(-11.3513285993951,1.25000000000001,-54.6));
#3736=CARTESIAN_POINT('',(-8.81079801580463,1.25000000000003,0.));
#3737=CARTESIAN_POINT('',(-8.81079801580463,1.25000000000003,0.));
#3738=CARTESIAN_POINT('',(-18.1009861817585,1.24999999999999,0.));
#3739=CARTESIAN_POINT('Origin',(-11.3513285993951,1.25000000000001,-56.1));
#3740=CARTESIAN_POINT('',(-11.3513285993951,-1.24999999999997,-54.6));
#3741=CARTESIAN_POINT('',(-11.3513285993951,-1.24999999999997,-56.1));
#3742=CARTESIAN_POINT('',(-11.3513285993951,-1.24999999999997,-54.6));
#3743=CARTESIAN_POINT('Origin',(-8.10098618175846,-1.24999999999997,0.));
#3744=CARTESIAN_POINT('',(-8.10098618175846,-1.24999999999997,0.));
#3745=CARTESIAN_POINT('',(-8.10098618175846,-1.24999999999997,0.));
#3746=CARTESIAN_POINT('',(-8.73358361391713,-1.24999999999997,0.));
#3747=CARTESIAN_POINT('',(-8.10098618175846,-1.24999999999997,0.));
#3748=CARTESIAN_POINT('',(-8.73358361391713,-1.24999999999997,-54.6));
#3749=CARTESIAN_POINT('',(-8.73358361391713,-1.24999999999997,0.));
#3750=CARTESIAN_POINT('',(-5.81370053840939,-1.24999999999997,-54.6));
#3751=CARTESIAN_POINT('Origin',(-8.10098618175846,-2.49999999999997,0.));
#3752=CARTESIAN_POINT('',(-6.85098618175846,-2.49999999999997,0.));
#3753=CARTESIAN_POINT('',(-6.85098618175846,-2.49999999999997,0.));
#3754=CARTESIAN_POINT('Origin',(-8.10098618175846,-2.49999999999997,0.));
#3755=CARTESIAN_POINT('Origin',(-6.85098618175845,-3.9663119491454,0.));
#3756=CARTESIAN_POINT('',(-6.85098618175845,-3.9663119491454,0.));
#3757=CARTESIAN_POINT('',(-6.85098618175845,-3.9663119491454,0.));
#3758=CARTESIAN_POINT('',(-6.85098618175842,-12.5,0.));
#3759=CARTESIAN_POINT('Origin',(-13.3136393655261,-7.25213206387143,0.));
#3760=CARTESIAN_POINT('',(-6.85098618175843,-10.5379521785974,0.));
#3761=CARTESIAN_POINT('',(-6.85098618175843,-10.5379521785974,0.));
#3762=CARTESIAN_POINT('Origin',(-13.3136393655261,-7.25213206387143,0.));
#3763=CARTESIAN_POINT('Origin',(-6.85098618175842,-12.5,0.));
#3764=CARTESIAN_POINT('',(-6.85098618175842,-12.5,0.));
#3765=CARTESIAN_POINT('',(-6.85098618175842,-12.5,0.));
#3766=CARTESIAN_POINT('',(-6.85098618175842,-12.5,0.));
#3767=CARTESIAN_POINT('Origin',(-8.10098618175842,-12.5,0.));
#3768=CARTESIAN_POINT('',(-8.10098618175841,-13.75,0.));
#3769=CARTESIAN_POINT('',(-8.10098618175841,-13.75,0.));
#3770=CARTESIAN_POINT('Origin',(-8.10098618175842,-12.5,0.));
#3771=CARTESIAN_POINT('Origin',(-9.46913519923457,-13.75,0.));
#3772=CARTESIAN_POINT('',(-9.46913519923457,-13.75,0.));
#3773=CARTESIAN_POINT('',(-9.46913519923457,-13.75,0.));
#3774=CARTESIAN_POINT('',(-18.1009861817584,-13.75,0.));
#3775=CARTESIAN_POINT('Origin',(-13.3136393655261,-7.25213206387143,0.));
#3776=CARTESIAN_POINT('',(-17.1581435318175,-13.75,0.));
#3777=CARTESIAN_POINT('',(-17.1581435318175,-13.75,0.));
#3778=CARTESIAN_POINT('Origin',(-13.3136393655261,-7.25213206387143,0.));
#3779=CARTESIAN_POINT('',(-14.6427594076791,-14.6842205935882,-5.41854543194808));
#3780=CARTESIAN_POINT('Ctrl Pts',(-14.6427594076791,-14.6842205935882,-5.41854543194808));
#3781=CARTESIAN_POINT('Ctrl Pts',(-14.6256543225842,-14.6872795872118,-5.44936309747043));
#3782=CARTESIAN_POINT('Ctrl Pts',(-14.6037207852874,-14.6911363873915,-5.47815869909913));
#3783=CARTESIAN_POINT('Ctrl Pts',(-14.5792923879723,-14.6952906955356,-5.50457721794913));
#3784=CARTESIAN_POINT('Ctrl Pts',(-14.5677093743732,-14.6972605098918,-5.51710387121926));
#3785=CARTESIAN_POINT('Ctrl Pts',(-14.5555654427883,-14.6992979005471,-5.52909595748434));
#3786=CARTESIAN_POINT('Ctrl Pts',(-14.5431093670723,-14.7013537356537,-5.54051554255519));
#3787=CARTESIAN_POINT('Ctrl Pts',(-14.5111135914118,-14.7066345351901,-5.56984889684698));
#3788=CARTESIAN_POINT('Ctrl Pts',(-14.473862575609,-14.712571999946,-5.59835165066568));
#3789=CARTESIAN_POINT('Ctrl Pts',(-14.4317708593055,-14.7188748811723,-5.62565592197482));
#3790=CARTESIAN_POINT('Ctrl Pts',(-14.3854240012107,-14.7258149341669,-5.65572044057559));
#3791=CARTESIAN_POINT('Ctrl Pts',(-14.3332082589175,-14.7331973624042,-5.68433184065742));
#3792=CARTESIAN_POINT('Ctrl Pts',(-14.2756770297541,-14.74058871772,-5.71095469176308));
#3793=CARTESIAN_POINT('Ctrl Pts',(-14.2723188416404,-14.741020162727,-5.71250870935382));
#3794=CARTESIAN_POINT('Ctrl Pts',(-14.2689425423868,-14.741451628936,-5.71405594072474));
#3795=CARTESIAN_POINT('Ctrl Pts',(-14.2655482420563,-14.7418830270733,-5.71559627561927));
#3796=CARTESIAN_POINT('Ctrl Pts',(-14.223838892371,-14.7471840711794,-5.73452399576567));
#3797=CARTESIAN_POINT('Ctrl Pts',(-14.1807721515378,-14.7523108755568,-5.75183775423549));
#3798=CARTESIAN_POINT('Ctrl Pts',(-14.1367784492967,-14.7571400492247,-5.76758784861625));
#3799=CARTESIAN_POINT('Ctrl Pts',(-14.0906344718723,-14.762205257865,-5.78410775856961));
#3800=CARTESIAN_POINT('Ctrl Pts',(-14.0434707046008,-14.766943187626,-5.79890732075645));
#3801=CARTESIAN_POINT('Ctrl Pts',(-13.9957838265028,-14.7712647153809,-5.81207120811059));
#3802=CARTESIAN_POINT('Ctrl Pts',(-13.949236504932,-14.7754829731095,-5.82492052268593));
#3803=CARTESIAN_POINT('Ctrl Pts',(-13.9021907750027,-14.7793052008883,-5.8362116773296));
#3804=CARTESIAN_POINT('Ctrl Pts',(-13.8551085529524,-14.7826905504027,-5.84604630670902));
#3805=CARTESIAN_POINT('Ctrl Pts',(-13.7987851205002,-14.7867403699821,-5.85781125873171));
#3806=CARTESIAN_POINT('Ctrl Pts',(-13.7416322797524,-14.7902171182781,-5.86764182341145));
#3807=CARTESIAN_POINT('Ctrl Pts',(-13.6839785207412,-14.7930491089558,-5.87555990834953));
#3808=CARTESIAN_POINT('Ctrl Pts',(-13.624887205325,-14.7959517133524,-5.88367542523155));
#3809=CARTESIAN_POINT('Ctrl Pts',(-13.5652696801175,-14.7981771395068,-5.88978188579224));
#3810=CARTESIAN_POINT('Ctrl Pts',(-13.5054796249413,-14.7996950625508,-5.89393109227778));
#3811=CARTESIAN_POINT('Ctrl Pts',(-13.4923653098132,-14.8000280028882,-5.89484117675959));
#3812=CARTESIAN_POINT('Ctrl Pts',(-13.4792426943072,-14.8003270753147,-5.89565720327571));
#3813=CARTESIAN_POINT('Ctrl Pts',(-13.4661155105835,-14.8005922396427,-5.89637989258814));
#3814=CARTESIAN_POINT('Ctrl Pts',(-13.4035428757622,-14.801856184066,-5.89982469654513));
#3815=CARTESIAN_POINT('Ctrl Pts',(-13.3404753751244,-14.8023531004371,-5.90116570685856));
#3816=CARTESIAN_POINT('Ctrl Pts',(-13.27725076661,-14.8020484327155,-5.90033927023555));
#3817=CARTESIAN_POINT('Ctrl Pts',(-13.2140261580956,-14.8017437649938,-5.89951283361255));
#3818=CARTESIAN_POINT('Ctrl Pts',(-13.1506444417047,-14.8006372548419,-5.89651879762348));
#3819=CARTESIAN_POINT('Ctrl Pts',(-13.0874433753773,-14.7987429173633,-5.8913243266272));
#3820=CARTESIAN_POINT('Ctrl Pts',(-13.0308226551076,-14.7970458138379,-5.88667069170739));
#3821=CARTESIAN_POINT('Ctrl Pts',(-12.9740035592421,-14.794708639006,-5.88023008085083));
#3822=CARTESIAN_POINT('Ctrl Pts',(-12.9173512968737,-14.7917325425944,-5.87187031265346));
#3823=CARTESIAN_POINT('Ctrl Pts',(-12.8635564100052,-14.7889065518381,-5.86393218687305));
#3824=CARTESIAN_POINT('Ctrl Pts',(-12.8099119518479,-14.7855042570169,-5.85426356543478));
#3825=CARTESIAN_POINT('Ctrl Pts',(-12.7567306115462,-14.7815671702833,-5.84277564484374));
#3826=CARTESIAN_POINT('Ctrl Pts',(-12.7357452314679,-14.7800135941411,-5.83824250636802));
#3827=CARTESIAN_POINT('Ctrl Pts',(-12.7148319632413,-14.7783772225361,-5.83342636607969));
#3828=CARTESIAN_POINT('Ctrl Pts',(-12.6940100194374,-14.7766625790248,-5.8283229040268));
#3829=CARTESIAN_POINT('Ctrl Pts',(-12.6156736354555,-14.770211741689,-5.80912264266898));
#3830=CARTESIAN_POINT('Ctrl Pts',(-12.5417437426241,-14.7628871040153,-5.78656161315288));
#3831=CARTESIAN_POINT('Ctrl Pts',(-12.4730906058492,-14.7551959546838,-5.76121424378069));
#3832=CARTESIAN_POINT('Ctrl Pts',(-12.4042448958511,-14.7474832315467,-5.73579577460374));
#3833=CARTESIAN_POINT('Ctrl Pts',(-12.3407055862097,-14.7394047257412,-5.70757756500139));
#3834=CARTESIAN_POINT('Ctrl Pts',(-12.2833502857159,-14.7315039901781,-5.67713719564923));
#3835=CARTESIAN_POINT('Ctrl Pts',(-12.2306743857056,-14.7242478455332,-5.64918034007585));
#3836=CARTESIAN_POINT('Ctrl Pts',(-12.1830973402717,-14.7171255752083,-5.61927958677166));
#3837=CARTESIAN_POINT('Ctrl Pts',(-12.1414161303236,-14.7105750658075,-5.58791403408634));
#3838=CARTESIAN_POINT('Ctrl Pts',(-12.10610556804,-14.7050257506491,-5.5613424613552));
#3839=CARTESIAN_POINT('Ctrl Pts',(-12.0750263074168,-14.6998869467711,-5.53371938563455));
#3840=CARTESIAN_POINT('Ctrl Pts',(-12.0486629009849,-14.6954065142835,-5.50531263548022));
#3841=CARTESIAN_POINT('Ctrl Pts',(-12.027810504799,-14.6918626720431,-5.48284403643545));
#3842=CARTESIAN_POINT('Ctrl Pts',(-12.0083127858187,-14.6884570977253,-5.45818449097418));
#3843=CARTESIAN_POINT('Ctrl Pts',(-11.9920961177094,-14.685573534828,-5.431576271657));
#3844=CARTESIAN_POINT('Ctrl Pts',(-11.9820298355811,-14.6837836013186,-5.41505957163112));
#3845=CARTESIAN_POINT('Ctrl Pts',(-11.9732277887261,-14.6821958951909,-5.39779220526492));
#3846=CARTESIAN_POINT('Ctrl Pts',(-11.9661507245961,-14.6809122034748,-5.37983235722265));
#3847=CARTESIAN_POINT('Ctrl Pts',(-11.9548871639468,-14.6788691331797,-5.35124821075187));
#3848=CARTESIAN_POINT('Ctrl Pts',(-11.948148598385,-14.6776246605446,-5.32125331756178));
#3849=CARTESIAN_POINT('Ctrl Pts',(-11.9476754385447,-14.6775373092212,-5.2902371151025));
#3850=CARTESIAN_POINT('Ctrl Pts',(-11.9476435204686,-14.6775314167384,-5.28814484643361));
#3851=CARTESIAN_POINT('Ctrl Pts',(-11.9476401130254,-14.6775307765903,-5.2860479151315));
#3852=CARTESIAN_POINT('Ctrl Pts',(-11.9476657504572,-14.6775354928398,-5.28394643402333));
#3853=CARTESIAN_POINT('Ctrl Pts',(-11.9479945186384,-14.6775959728751,-5.25699755212439));
#3854=CARTESIAN_POINT('Ctrl Pts',(-11.95309363958,-14.6785382109181,-5.2307716527604));
#3855=CARTESIAN_POINT('Ctrl Pts',(-11.9626026727009,-14.6802677508611,-5.20542311982893));
#3856=CARTESIAN_POINT('Ctrl Pts',(-11.9635304538947,-14.6804364993145,-5.20294990390421));
#3857=CARTESIAN_POINT('Ctrl Pts',(-11.9645002156604,-14.6806127033383,-5.20048502894774));
#3858=CARTESIAN_POINT('Ctrl Pts',(-11.9655116232166,-14.6807962500099,-5.19802863143877));
#3859=CARTESIAN_POINT('Ctrl Pts',(-11.9788973083521,-14.6832254368769,-5.16551892412986));
#3860=CARTESIAN_POINT('Ctrl Pts',(-11.9989548678548,-14.6868267085619,-5.13603139726461));
#3861=CARTESIAN_POINT('Ctrl Pts',(-12.0226790532348,-14.6909438958841,-5.1096750919702));
#3862=CARTESIAN_POINT('Ctrl Pts',(-12.0437057967713,-14.6945929586666,-5.08631550077169));
#3863=CARTESIAN_POINT('Ctrl Pts',(-12.0679536411418,-14.6987024519457,-5.0650386619488));
#3864=CARTESIAN_POINT('Ctrl Pts',(-12.0938453170302,-14.7029413667272,-5.04576434454973));
#3865=CARTESIAN_POINT('Ctrl Pts',(-12.1160411810152,-14.7065752132321,-5.02924126859125));
#3866=CARTESIAN_POINT('Ctrl Pts',(-12.1394450843725,-14.7103046869655,-5.01419049606926));
#3867=CARTESIAN_POINT('Ctrl Pts',(-12.1630633585769,-14.7139465115935,-5.00057853693838));
#3868=CARTESIAN_POINT('Ctrl Pts',(-12.214450418305,-14.7218701497923,-4.97096254760651));
#3869=CARTESIAN_POINT('Ctrl Pts',(-12.2740870604697,-14.7305228102411,-4.9439385069135));
#3870=CARTESIAN_POINT('Ctrl Pts',(-12.3409374217716,-14.7392079130552,-4.91970705849615));
#3871=CARTESIAN_POINT('Ctrl Pts',(-12.4063084929837,-14.747700828628,-4.89601181273808));
#3872=CARTESIAN_POINT('Ctrl Pts',(-12.4785775598265,-14.7562208729803,-4.87498655595928));
#3873=CARTESIAN_POINT('Ctrl Pts',(-12.5567760144713,-14.7640997067617,-4.85684723778408));
#3874=CARTESIAN_POINT('Ctrl Pts',(-12.6071167617452,-14.7691717555893,-4.84516993755958));
#3875=CARTESIAN_POINT('Ctrl Pts',(-12.6585422020227,-14.7738410055902,-4.83499557143556));
#3876=CARTESIAN_POINT('Ctrl Pts',(-12.7105465046298,-14.7780087029939,-4.826187121508));
#3877=CARTESIAN_POINT('Ctrl Pts',(-12.7652086079552,-14.7823894002571,-4.81692849528019));
#3878=CARTESIAN_POINT('Ctrl Pts',(-12.8205102537833,-14.786216108434,-4.80917916295806));
#3879=CARTESIAN_POINT('Ctrl Pts',(-12.8758640253346,-14.7894302331432,-4.80279619180173));
#3880=CARTESIAN_POINT('Ctrl Pts',(-12.9034175057606,-14.7910301299485,-4.79961893637926));
#3881=CARTESIAN_POINT('Ctrl Pts',(-12.9309839016678,-14.7924790785226,-4.79678045724571));
#3882=CARTESIAN_POINT('Ctrl Pts',(-12.9584907637733,-14.7937744228456,-4.79426429814781));
#3883=CARTESIAN_POINT('Ctrl Pts',(-13.0211091666695,-14.7967232285797,-4.78853635057098));
#3884=CARTESIAN_POINT('Ctrl Pts',(-13.0844771349234,-14.7989238059027,-4.78437905162362));
#3885=CARTESIAN_POINT('Ctrl Pts',(-13.1481371066349,-14.8003195768036,-4.78175294528461));
#3886=CARTESIAN_POINT('Ctrl Pts',(-13.2117970783463,-14.8017153477045,-4.7791268389456));
#3887=CARTESIAN_POINT('Ctrl Pts',(-13.2757490535155,-14.8023064379559,-4.77803200771418));
#3888=CARTESIAN_POINT('Ctrl Pts',(-13.3395354702423,-14.8020876525991,-4.77844022656354));
#3889=CARTESIAN_POINT('Ctrl Pts',(-13.4028964363462,-14.8018703265243,-4.77884572262374));
#3890=CARTESIAN_POINT('Ctrl Pts',(-13.4668085472593,-14.8008520630892,-4.78073708099249));
#3891=CARTESIAN_POINT('Ctrl Pts',(-13.5307801702624,-14.7990116184998,-4.78422152171823));
#3892=CARTESIAN_POINT('Ctrl Pts',(-13.5910657127754,-14.797277221351,-4.78750518703176));
#3893=CARTESIAN_POINT('Ctrl Pts',(-13.6514041067267,-14.7948125909553,-4.79220355826151));
#3894=CARTESIAN_POINT('Ctrl Pts',(-13.7113839010506,-14.7916479560476,-4.79841705644844));
#3895=CARTESIAN_POINT('Ctrl Pts',(-13.7150512869683,-14.7914544585936,-4.79879697265201));
#3896=CARTESIAN_POINT('Ctrl Pts',(-13.7187173322431,-14.7912583600498,-4.79918255698141));
#3897=CARTESIAN_POINT('Ctrl Pts',(-13.7223819428219,-14.7910596736516,-4.79957383390283));
#3898=CARTESIAN_POINT('Ctrl Pts',(-13.7741509096155,-14.7882528844096,-4.80510129760371));
#3899=CARTESIAN_POINT('Ctrl Pts',(-13.8264467260694,-14.7848825789563,-4.8118487715727));
#3900=CARTESIAN_POINT('Ctrl Pts',(-13.8786746113041,-14.7809649620601,-4.81999127508797));
#3901=CARTESIAN_POINT('Ctrl Pts',(-13.9274909586988,-14.7773032448279,-4.82760190834411));
#3902=CARTESIAN_POINT('Ctrl Pts',(-13.9762479595965,-14.773163210952,-4.83643113170351));
#3903=CARTESIAN_POINT('Ctrl Pts',(-14.0244599392553,-14.768601236587,-4.8466335950458));
#3904=CARTESIAN_POINT('Ctrl Pts',(-14.0590831928134,-14.7653250716943,-4.85396045608153));
#3905=CARTESIAN_POINT('Ctrl Pts',(-14.0934253603492,-14.7618321396055,-4.86199575557096));
#3906=CARTESIAN_POINT('Ctrl Pts',(-14.1273065612935,-14.7581593549629,-4.87080167880619));
#3907=CARTESIAN_POINT('Ctrl Pts',(-14.2087027417146,-14.7493358589508,-4.89195702443893));
#3908=CARTESIAN_POINT('Ctrl Pts',(-14.2833357751774,-14.7398968478088,-4.91655363429397));
#3909=CARTESIAN_POINT('Ctrl Pts',(-14.3496771228932,-14.7307068990244,-4.94441313499823));
#3910=CARTESIAN_POINT('Ctrl Pts',(-14.4145936525595,-14.7217143234522,-4.97167429513784));
#3911=CARTESIAN_POINT('Ctrl Pts',(-14.4715708341173,-14.7129644777191,-5.00206012821951));
#3912=CARTESIAN_POINT('Ctrl Pts',(-14.5191765143604,-14.7052643035932,-5.03545182857957));
#3913=CARTESIAN_POINT('Ctrl Pts',(-14.5417574711883,-14.701611855007,-5.05129062219393));
#3914=CARTESIAN_POINT('Ctrl Pts',(-14.56387548432,-14.6979259991975,-5.06895439133808));
#3915=CARTESIAN_POINT('Ctrl Pts',(-14.5841479397601,-14.6944654410791,-5.088523275655));
#3916=CARTESIAN_POINT('Ctrl Pts',(-14.6031183544464,-14.6912271445271,-5.10683530754171));
#3917=CARTESIAN_POINT('Ctrl Pts',(-14.6204726678845,-14.6881865805157,-5.12681555986555));
#3918=CARTESIAN_POINT('Ctrl Pts',(-14.6350779258612,-14.6855902181398,-5.14855246436203));
#3919=CARTESIAN_POINT('Ctrl Pts',(-14.6538895096895,-14.6822461013458,-5.17654961454961));
#3920=CARTESIAN_POINT('Ctrl Pts',(-14.6680350794468,-14.6796593567363,-5.20732189332477));
#3921=CARTESIAN_POINT('Ctrl Pts',(-14.6749509275339,-14.6783916089684,-5.24088155713909));
#3922=CARTESIAN_POINT('Ctrl Pts',(-14.6801667933907,-14.6774354858416,-5.26619193157914));
#3923=CARTESIAN_POINT('Ctrl Pts',(-14.680992237672,-14.6772824141943,-5.29180426185017));
#3924=CARTESIAN_POINT('Ctrl Pts',(-14.677575369437,-14.6779100351717,-5.31752829313217));
#3925=CARTESIAN_POINT('Ctrl Pts',(-14.6770841894733,-14.6780002566341,-5.32122616143806));
#3926=CARTESIAN_POINT('Ctrl Pts',(-14.6765053442586,-14.6781065307405,-5.32492630138144));
#3927=CARTESIAN_POINT('Ctrl Pts',(-14.6758392737585,-14.6782287108329,-5.32862811010463));
#3928=CARTESIAN_POINT('Ctrl Pts',(-14.6701361963314,-14.6792748501328,-5.36032400680869));
#3929=CARTESIAN_POINT('Ctrl Pts',(-14.65834744709,-14.6814329013377,-5.39046097741012));
#3930=CARTESIAN_POINT('Ctrl Pts',(-14.6427594076791,-14.6842205935882,-5.41854543194808));
#3931=CARTESIAN_POINT('Origin',(-18.1009861817584,-13.75,0.));
#3932=CARTESIAN_POINT('',(-18.1009861817584,-13.75,0.));
#3933=CARTESIAN_POINT('',(-18.1009861817584,-13.75,0.));
#3934=CARTESIAN_POINT('',(-18.1009861817584,-13.75,0.));
#3935=CARTESIAN_POINT('Origin',(-18.1009861817584,-12.5,0.));
#3936=CARTESIAN_POINT('',(-18.4814840354069,-13.6906810586252,0.));
#3937=CARTESIAN_POINT('',(-18.4814840354069,-13.6906810586252,0.));
#3938=CARTESIAN_POINT('Origin',(-18.1009861817584,-12.5,0.));
#3939=CARTESIAN_POINT('Origin',(-5.81370053840939,-15.5056272326592,0.));
#3940=CARTESIAN_POINT('',(-16.9875108277174,-15.5056272326592,0.));
#3941=CARTESIAN_POINT('',(-16.9875108277174,-15.5056272326592,-57.));
#3942=CARTESIAN_POINT('',(-16.9875108277174,-15.5056272326592,0.));
#3943=CARTESIAN_POINT('',(-5.81370053840939,-15.5056272326592,-57.));
#3944=CARTESIAN_POINT('',(-5.81370053840939,-15.5056272326592,-57.));
#3945=CARTESIAN_POINT('',(-5.81370053840939,-15.5056272326593,-7.14936082674757));
#3946=CARTESIAN_POINT('',(-5.81370053840939,-15.5056272326592,0.));
#3947=CARTESIAN_POINT('',(-16.3137005384094,-15.5056272326593,-7.14936082674757));
#3948=CARTESIAN_POINT('',(-5.81370053840939,-15.5056272326593,-7.14936082674757));
#3949=CARTESIAN_POINT('',(-16.3137005384094,-15.5056272326593,-4.12499999999795));
#3950=CARTESIAN_POINT('',(-16.3137005384094,-15.5056272326592,-2.81859020668638));
#3951=CARTESIAN_POINT('',(-5.81370053840939,-15.5056272326593,-4.12499999999795));
#3952=CARTESIAN_POINT('',(-5.81370053840939,-15.5056272326593,-4.12499999999795));
#3953=CARTESIAN_POINT('',(-5.81370053840939,-15.5056272326592,0.));
#3954=CARTESIAN_POINT('',(-5.81370053840939,-15.5056272326592,0.));
#3955=CARTESIAN_POINT('',(-5.81370053840939,-15.5056272326592,0.));
#3956=CARTESIAN_POINT('Ctrl Pts',(-5.81370053840939,15.5426259032155,-7.03010051666292));
#3957=CARTESIAN_POINT('Ctrl Pts',(-12.5637005384094,15.5426259032155,-7.03010051666292));
#3958=CARTESIAN_POINT('Ctrl Pts',(-5.81370053840939,14.0000002086163,-5.00000007450581));
#3959=CARTESIAN_POINT('Ctrl Pts',(-12.5637005384094,14.0000002086163,-5.00000007450581));
#3960=CARTESIAN_POINT('Ctrl Pts',(-5.81370053840939,15.5426259032155,-4.12500000000206));
#3961=CARTESIAN_POINT('Ctrl Pts',(-12.5637005384094,15.5426259032155,-4.12500000000206));
#3962=CARTESIAN_POINT('Ctrl Pts',(-5.81370053840939,15.5426259032155,-7.03010051666292));
#3963=CARTESIAN_POINT('Ctrl Pts',(-5.81370053840939,14.0000002086163,-5.00000007450581));
#3964=CARTESIAN_POINT('Ctrl Pts',(-5.81370053840939,15.5426259032155,-4.12500000000206));
#3965=CARTESIAN_POINT('Ctrl Pts',(-5.81370053840939,-15.5056272326593,-4.12499999999795));
#3966=CARTESIAN_POINT('Ctrl Pts',(-17.0637005384094,-15.5056272326593,-4.12499999999795));
#3967=CARTESIAN_POINT('Ctrl Pts',(-5.81370053840939,-14.0000002086163,-5.00000007450581));
#3968=CARTESIAN_POINT('Ctrl Pts',(-17.0637005384094,-14.0000002086163,-5.00000007450581));
#3969=CARTESIAN_POINT('Ctrl Pts',(-5.81370053840939,-15.5056272326593,-7.14936082674757));
#3970=CARTESIAN_POINT('Ctrl Pts',(-17.0637005384094,-15.5056272326593,-7.14936082674757));
#3971=CARTESIAN_POINT('Ctrl Pts',(-5.81370053840939,-15.5056272326593,-4.12499999999795));
#3972=CARTESIAN_POINT('Ctrl Pts',(-5.81370053840939,-14.0000002086163,-5.00000007450581));
#3973=CARTESIAN_POINT('Ctrl Pts',(-5.81370053840939,-15.5056272326593,-7.14936082674757));
#3974=CARTESIAN_POINT('Ctrl Pts',(-16.3137005384094,-15.5056272326593,-4.12499999999795));
#3975=CARTESIAN_POINT('Ctrl Pts',(-16.3137005384094,-15.4522966104056,-4.15599326572734));
#3976=CARTESIAN_POINT('Ctrl Pts',(-16.3137005384094,-15.4023101246895,-4.18694598492355));
#3977=CARTESIAN_POINT('Ctrl Pts',(-16.3137005384094,-15.3553672768157,-4.21793559817594));
#3978=CARTESIAN_POINT('Ctrl Pts',(-16.3137005384094,-15.3063532234728,-4.2502925306124));
#3979=CARTESIAN_POINT('Ctrl Pts',(-16.3137005384094,-15.2606575933473,-4.28268959596805));
#3980=CARTESIAN_POINT('Ctrl Pts',(-16.3137005384094,-15.2179955865803,-4.31520933862391));
#3981=CARTESIAN_POINT('Ctrl Pts',(-16.3137005384094,-15.1734974781551,-4.34912867679669));
#3982=CARTESIAN_POINT('Ctrl Pts',(-16.3137005384094,-15.1323000029547,-4.3831813761147));
#3983=CARTESIAN_POINT('Ctrl Pts',(-16.3137005384094,-15.0941366081116,-4.41745664642429));
#3984=CARTESIAN_POINT('Ctrl Pts',(-16.3137005384094,-15.0543964709401,-4.45314801898925));
#3985=CARTESIAN_POINT('Ctrl Pts',(-16.3137005384094,-15.0179465544054,-4.48908061128388));
#3986=CARTESIAN_POINT('Ctrl Pts',(-16.3137005384094,-14.9845418754931,-4.52535219381201));
#3987=CARTESIAN_POINT('Ctrl Pts',(-16.3137005384094,-14.94923381532,-4.56369051228063));
#3988=CARTESIAN_POINT('Ctrl Pts',(-16.3137005384094,-14.9173279958663,-4.60240739812611));
#3989=CARTESIAN_POINT('Ctrl Pts',(-16.3137005384094,-14.888593906629,-4.64161724339697));
#3990=CARTESIAN_POINT('Ctrl Pts',(-16.3137005384094,-14.8589600976555,-4.68205482452366));
#3991=CARTESIAN_POINT('Ctrl Pts',(-16.3137005384094,-14.8327000163865,-4.7230165264554));
#3992=CARTESIAN_POINT('Ctrl Pts',(-16.3137005384094,-14.8096185306134,-4.76462945343814));
#3993=CARTESIAN_POINT('Ctrl Pts',(-16.3137005384094,-14.7859550437044,-4.80729165302892));
#3994=CARTESIAN_POINT('Ctrl Pts',(-16.3137005384094,-14.7656326996246,-4.85063810678243));
#3995=CARTESIAN_POINT('Ctrl Pts',(-16.3137005384094,-14.7484970543509,-4.89481069392389));
#3996=CARTESIAN_POINT('Ctrl Pts',(-16.3137005384094,-14.7310645549949,-4.93974851707541));
#3997=CARTESIAN_POINT('Ctrl Pts',(-16.3137005384094,-14.7169303150183,-4.9855410869515));
#3998=CARTESIAN_POINT('Ctrl Pts',(-16.3137005384094,-14.7059854184444,-5.03234650599664));
#3999=CARTESIAN_POINT('Ctrl Pts',(-16.3137005384094,-14.6949539017786,-5.07952235245249));
#4000=CARTESIAN_POINT('Ctrl Pts',(-16.3137005384094,-14.6871625629172,-5.12772686138022));
#4001=CARTESIAN_POINT('Ctrl Pts',(-16.3137005384094,-14.6825512070901,-5.17713477253712));
#4002=CARTESIAN_POINT('Ctrl Pts',(-16.3137005384094,-14.6779500852466,-5.22643303270006));
#4003=CARTESIAN_POINT('Ctrl Pts',(-16.3137005384094,-14.6765149558412,-5.27692906703455));
#4004=CARTESIAN_POINT('Ctrl Pts',(-16.3137005384094,-14.6782348419861,-5.32881347028892));
#4005=CARTESIAN_POINT('Ctrl Pts',(-16.3137005384094,-14.6799341336704,-5.38007659329331));
#4006=CARTESIAN_POINT('Ctrl Pts',(-16.3137005384094,-14.6847133969672,-5.4326947453809));
#4007=CARTESIAN_POINT('Ctrl Pts',(-16.3137005384094,-14.6926083875929,-5.48687265075519));
#4008=CARTESIAN_POINT('Ctrl Pts',(-16.3137005384094,-14.7002324792431,-5.53919156227428));
#4009=CARTESIAN_POINT('Ctrl Pts',(-16.3137005384094,-14.7107622662409,-5.59296481830429));
#4010=CARTESIAN_POINT('Ctrl Pts',(-16.3137005384094,-14.7242718857501,-5.64839984903949));
#4011=CARTESIAN_POINT('Ctrl Pts',(-16.3137005384094,-14.7374100544737,-5.70231067802354));
#4012=CARTESIAN_POINT('Ctrl Pts',(-16.3137005384094,-14.7533664272885,-5.75779291919201));
#4013=CARTESIAN_POINT('Ctrl Pts',(-16.3137005384094,-14.7722489453886,-5.81506279573242));
#4014=CARTESIAN_POINT('Ctrl Pts',(-16.3137005384094,-14.7905437523002,-5.87055016916461));
#4015=CARTESIAN_POINT('Ctrl Pts',(-16.3137005384094,-14.8115853283531,-5.92771540393275));
#4016=CARTESIAN_POINT('Ctrl Pts',(-16.3137005384094,-14.8355102423206,-5.98678269069458));
#4017=CARTESIAN_POINT('Ctrl Pts',(-16.3137005384094,-14.8586291987755,-6.04386018039452));
#4018=CARTESIAN_POINT('Ctrl Pts',(-16.3137005384094,-14.8844404089957,-6.10271351242751));
#4019=CARTESIAN_POINT('Ctrl Pts',(-16.3137005384094,-14.9131046310645,-6.16357428697213));
#4020=CARTESIAN_POINT('Ctrl Pts',(-16.3137005384094,-14.9407527451494,-6.22227762920374));
#4021=CARTESIAN_POINT('Ctrl Pts',(-16.3137005384094,-14.9710550639701,-6.28284839957525));
#4022=CARTESIAN_POINT('Ctrl Pts',(-16.3137005384094,-15.0041929152535,-6.34552527396542));
#4023=CARTESIAN_POINT('Ctrl Pts',(-16.3137005384094,-15.0354349289121,-6.40461636436337));
#4024=CARTESIAN_POINT('Ctrl Pts',(-16.3137005384094,-15.0691973076865,-6.4655793850385));
#4025=CARTESIAN_POINT('Ctrl Pts',(-16.3137005384094,-15.1056662103247,-6.52864416714652));
#4026=CARTESIAN_POINT('Ctrl Pts',(-16.3137005384094,-15.1409700708944,-6.58969427047643));
#4027=CARTESIAN_POINT('Ctrl Pts',(-16.3137005384094,-15.1788101171839,-6.65271377490108));
#4028=CARTESIAN_POINT('Ctrl Pts',(-16.3137005384094,-15.2193897502975,-6.71794232512272));
#4029=CARTESIAN_POINT('Ctrl Pts',(-16.3137005384094,-15.2586580618539,-6.78106302967175));
#4030=CARTESIAN_POINT('Ctrl Pts',(-16.3137005384094,-15.3004915694366,-6.84625208955858));
#4031=CARTESIAN_POINT('Ctrl Pts',(-16.3137005384094,-15.3451100874809,-6.91375951356558));
#4032=CARTESIAN_POINT('Ctrl Pts',(-16.3137005384094,-15.3877186430421,-6.97822588207511));
#4033=CARTESIAN_POINT('Ctrl Pts',(-16.3137005384094,-15.4328668210094,-7.04480629265301));
#4034=CARTESIAN_POINT('Ctrl Pts',(-16.3137005384094,-15.4807810904101,-7.11375151527858));
#4035=CARTESIAN_POINT('Ctrl Pts',(-16.3137005384094,-15.4889816069104,-7.12555147472345));
#4036=CARTESIAN_POINT('Ctrl Pts',(-16.3137005384094,-15.4972632378733,-7.13742078991381));
#4037=CARTESIAN_POINT('Ctrl Pts',(-16.3137005384094,-15.5056272326593,-7.14936082674757));
#4038=CARTESIAN_POINT('Origin',(-16.3137005384094,-14.7528137206378,-5.63718041337276));
#4039=CARTESIAN_POINT('Origin',(-5.81370053840939,15.5426259032155,0.));
#4040=CARTESIAN_POINT('',(-5.81370053840939,15.5426259032155,-57.));
#4041=CARTESIAN_POINT('',(-5.81370053840939,15.5426259032155,0.));
#4042=CARTESIAN_POINT('Origin',(-11.3513285993951,1.25000000000001,-56.1));
#4043=CARTESIAN_POINT('',(-11.3513285993951,1.25000000000001,-56.1));
#4044=CARTESIAN_POINT('',(-11.3513285993951,-1.24999999999997,-56.1));
#4045=CARTESIAN_POINT('Origin',(-10.3256642996976,-0.0271320638714356,-54.6));
#4046=CARTESIAN_POINT('',(-11.297931875095,0.023816211990636,-54.6));
#4047=CARTESIAN_POINT('Origin',(-13.3136393655261,7.24786793612857,-54.6));
#4048=CARTESIAN_POINT('Origin',(-13.3136393655261,-7.25213206387143,-54.6));
#4049=CARTESIAN_POINT('Origin',(-8.81079801580463,1.25000000000003,0.));
#4050=CARTESIAN_POINT('',(-8.10098618175847,1.25000000000003,0.));
#4051=CARTESIAN_POINT('Origin',(-13.3136393655261,7.24786793612857,0.));
#4052=CARTESIAN_POINT('',(-11.297931875095,0.023816211990636,0.));
#4053=CARTESIAN_POINT('',(-11.297931875095,0.023816211990636,0.));
#4054=CARTESIAN_POINT('Origin',(-13.3136393655261,7.24786793612857,0.));
#4055=CARTESIAN_POINT('Origin',(-13.3136393655261,-7.25213206387143,0.));
#4056=CARTESIAN_POINT('Origin',(-13.3136393655261,-7.25213206387143,0.));
#4057=CARTESIAN_POINT('Origin',(-8.10098618175846,-1.24999999999997,0.));
#4058=CARTESIAN_POINT('',(-8.10098618175846,-1.24999999999997,0.));
#4059=CARTESIAN_POINT('Origin',(-8.10098618175846,-2.49999999999997,0.));
#4060=CARTESIAN_POINT('',(-6.85098618175846,-2.49999999999997,0.));
#4061=CARTESIAN_POINT('Origin',(-6.85098618175845,-3.9663119491454,0.));
#4062=CARTESIAN_POINT('',(-6.85098618175845,-3.9663119491454,0.));
#4063=CARTESIAN_POINT('Origin',(-13.3136393655261,-7.25213206387143,0.));
#4064=CARTESIAN_POINT('',(-6.85098618175843,-10.5379521785974,0.));
#4065=CARTESIAN_POINT('Origin',(-6.85098618175842,-12.5,0.));
#4066=CARTESIAN_POINT('',(-6.85098618175842,-12.5,0.));
#4067=CARTESIAN_POINT('Origin',(-8.10098618175842,-12.5,0.));
#4068=CARTESIAN_POINT('',(-8.10098618175841,-13.75,0.));
#4069=CARTESIAN_POINT('Origin',(-9.46913519923457,-13.75,0.));
#4070=CARTESIAN_POINT('',(-9.46913519923457,-13.75,0.));
#4071=CARTESIAN_POINT('Origin',(-13.3136393655261,-7.25213206387143,0.));
#4072=CARTESIAN_POINT('',(-17.1581435318175,-13.75,0.));
#4073=CARTESIAN_POINT('Origin',(-18.1009861817584,-13.75,0.));
#4074=CARTESIAN_POINT('',(-18.1009861817584,-13.75,0.));
#4075=CARTESIAN_POINT('Origin',(-18.1009861817584,-12.5,0.));
#4076=CARTESIAN_POINT('',(-18.4814840354069,-13.6906810586252,0.));
#4077=CARTESIAN_POINT('Origin',(0.,0.,0.));
#4078=CARTESIAN_POINT('Origin',(0.,0.,0.));
#4079=CARTESIAN_POINT('',(-18.4814840354069,13.6906810586252,0.));
#4080=CARTESIAN_POINT('Origin',(0.,0.,-57.));
#4081=CARTESIAN_POINT('Origin',(-11.3509861817585,15.5426259032155,0.));
#4082=CARTESIAN_POINT('',(-11.3509861817585,13.75,-0.75));
#4083=CARTESIAN_POINT('',(-11.3509861817585,7.7805626192468,0.));
#4084=CARTESIAN_POINT('Origin',(-13.1009861817585,0.896312951607738,-0.75));
#4085=CARTESIAN_POINT('Origin',(-17.0515904920091,13.75,0.));
#4086=CARTESIAN_POINT('',(-18.1009861817585,13.75,0.));
#4087=CARTESIAN_POINT('',(-17.0515904920091,13.75,0.));
#4088=CARTESIAN_POINT('Origin',(-18.1009861817585,12.5,0.));
#4089=CARTESIAN_POINT('Origin',(-8.10098618175847,2.50000000000003,0.));
#4090=CARTESIAN_POINT('',(-6.85098618175848,2.50000000000003,0.));
#4091=CARTESIAN_POINT('Origin',(-6.85098618175847,2.50000000000003,0.));
#4092=CARTESIAN_POINT('Origin',(-6.8509861817585,10.5336880508547,0.));
#4093=CARTESIAN_POINT('',(-6.85098618175851,12.5,0.));
#4094=CARTESIAN_POINT('Origin',(-8.10098618175852,12.5,0.));
#4095=CARTESIAN_POINT('',(-8.10098618175851,13.75,0.));
#4096=CARTESIAN_POINT('Origin',(-8.10098618175851,13.75,0.));
#4097=CARTESIAN_POINT('',(-9.57568823904317,13.75,0.));
#4098=CARTESIAN_POINT('Origin',(-12.1475922869081,0.0184993352781193,0.));
#4099=CARTESIAN_POINT('Origin',(-13.3136393655261,7.24786793612857,0.));
#4100=CARTESIAN_POINT('Origin',(-12.1475922869081,0.0184993352781193,-57.));
#4101=CARTESIAN_POINT('Origin',(-14.9999996647239,14.7499996647239,0.));
#4102=CARTESIAN_POINT('',(-14.9999996647239,15.5426259032155,-1.5));
#4103=CARTESIAN_POINT('',(-14.9999996647239,14.7499996647239,-1.5));
#4104=CARTESIAN_POINT('',(-14.9999996647239,7.384249500001,-1.5));
#4105=CARTESIAN_POINT('',(-14.9999996647239,15.5426259032155,0.));
#4106=CARTESIAN_POINT('',(-14.9999996647239,15.5426259032155,0.));
#4107=CARTESIAN_POINT('',(-14.9999996647239,14.7499996647239,0.));
#4108=CARTESIAN_POINT('',(-14.9999996647239,7.384249500001,0.));
#4109=CARTESIAN_POINT('',(-14.9999996647239,14.7499996647239,0.));
#4110=CARTESIAN_POINT('Origin',(-11.1999997541308,15.5426259032155,0.));
#4111=CARTESIAN_POINT('',(-11.1999997541308,14.7499996647239,-1.5));
#4112=CARTESIAN_POINT('',(-11.1999997541308,15.5426259032155,-1.5));
#4113=CARTESIAN_POINT('',(-11.1999997541308,7.7805626192468,-1.5));
#4114=CARTESIAN_POINT('',(-11.1999997541308,14.7499996647239,0.));
#4115=CARTESIAN_POINT('',(-11.1999997541308,14.7499996647239,0.));
#4116=CARTESIAN_POINT('',(-11.1999997541308,15.5426259032155,0.));
#4117=CARTESIAN_POINT('',(-11.1999997541308,7.7805626192468,0.));
#4118=CARTESIAN_POINT('',(-11.1999997541308,15.5426259032155,0.));
#4119=CARTESIAN_POINT('Origin',(-11.1999997541308,14.7499996647239,0.));
#4120=CARTESIAN_POINT('',(-14.8509861817585,14.7499996647239,-0.75));
#4121=CARTESIAN_POINT('',(-14.8509861817585,14.7499996647239,0.));
#4122=CARTESIAN_POINT('',(-14.8509861817585,14.7499996647239,0.));
#4123=CARTESIAN_POINT('',(-11.3509861817585,14.7499996647239,-0.75));
#4124=CARTESIAN_POINT('',(-12.1504929679447,14.7499996647239,-0.75));
#4125=CARTESIAN_POINT('',(-11.3509861817585,14.7499996647239,0.));
#4126=CARTESIAN_POINT('',(-11.3509861817585,14.7499996647239,0.));
#4127=CARTESIAN_POINT('',(-12.8034250116678,14.7499996647239,0.));
#4128=CARTESIAN_POINT('',(-12.8034250116678,14.7499996647239,-1.5));
#4129=CARTESIAN_POINT('',(-12.8034250116678,14.7499996647239,0.));
#4130=CARTESIAN_POINT('Origin',(-14.4068502692047,0.0184993352781215,0.));
#4131=CARTESIAN_POINT('',(-16.9536656812825,15.5426259032155,0.));
#4132=CARTESIAN_POINT('',(-24.6006905646312,15.5426259032155,0.));
#4133=CARTESIAN_POINT('',(-18.4814840354069,13.6906810586252,0.));
#4134=CARTESIAN_POINT('Origin',(0.,0.,0.));
#4135=CARTESIAN_POINT('',(-18.1009861817585,13.75,0.));
#4136=CARTESIAN_POINT('Origin',(-18.1009861817585,12.5,0.));
#4137=CARTESIAN_POINT('',(-14.8509861817585,13.75,0.));
#4138=CARTESIAN_POINT('',(-16.2539182254816,13.75,0.));
#4139=CARTESIAN_POINT('',(-14.8509861817585,6.88424966763906,0.));
#4140=CARTESIAN_POINT('Origin',(-14.4068502692047,0.0184993352781215,-1.5));
#4141=CARTESIAN_POINT('',(-5.81370053840939,15.5426259032155,-1.5));
#4142=CARTESIAN_POINT('',(-24.6006905646312,15.5426259032155,-1.5));
#4143=CARTESIAN_POINT('',(-5.81370053840939,-15.5056272326592,-1.5));
#4144=CARTESIAN_POINT('',(-5.81370053840939,15.5426259032155,-1.5));
#4145=CARTESIAN_POINT('',(-16.9875108277174,-15.5056272326592,-1.5));
#4146=CARTESIAN_POINT('',(-5.81370053840939,-15.5056272326592,-1.5));
#4147=CARTESIAN_POINT('',(-16.9536656812825,15.5426259032155,-1.5));
#4148=CARTESIAN_POINT('Origin',(0.,0.,-1.5));
#4149=CARTESIAN_POINT('',(-24.6006905646312,15.5426259032155,-1.5));
#4150=CARTESIAN_POINT('',(-16.3909861817585,7.50000000000001,-1.5));
#4151=CARTESIAN_POINT('Origin',(-13.1009861817585,7.50000000000001,-1.5));
#4152=CARTESIAN_POINT('',(-16.3909861817584,-7.49999999999999,-1.5));
#4153=CARTESIAN_POINT('Origin',(-13.1009861817584,-7.49999999999999,-1.5));
#4154=CARTESIAN_POINT('Origin',(-16.9536656812825,15.5426259032155,0.));
#4155=CARTESIAN_POINT('',(-5.81370053840939,15.5426259032155,0.));
#4156=CARTESIAN_POINT('',(-24.6006905646312,15.5426259032155,0.));
#4157=CARTESIAN_POINT('',(-5.81370053840939,15.5426259032155,0.));
#4158=CARTESIAN_POINT('Origin',(-16.9536656812825,15.5426259032155,0.));
#4159=CARTESIAN_POINT('',(-16.9536656812825,15.5426259032155,0.));
#4160=CARTESIAN_POINT('Origin',(-14.6289182254816,0.900000000000005,-0.35));
#4161=CARTESIAN_POINT('',(-14.8509861817585,0.550000000000004,0.));
#4162=CARTESIAN_POINT('',(-14.8509861817585,1.25,-0.7));
#4163=CARTESIAN_POINT('',(-14.8509861817585,0.275000000000003,0.275000000000001));
#4164=CARTESIAN_POINT('',(-18.1009861817585,1.24999999999999,-0.7));
#4165=CARTESIAN_POINT('',(-14.6289182254816,1.25,-0.7));
#4166=CARTESIAN_POINT('',(-18.1009861817585,0.549999999999992,0.));
#4167=CARTESIAN_POINT('',(-18.1009861817585,1.24999999999999,-0.7));
#4168=CARTESIAN_POINT('',(-14.6289182254816,0.550000000000005,0.));
#4169=CARTESIAN_POINT('Origin',(-18.1009861817585,2.49999999999999,-0.35));
#4170=CARTESIAN_POINT('',(-19.3509861817585,2.49999999999998,-0.7));
#4171=CARTESIAN_POINT('',(-20.0509861817585,2.49999999999998,0.));
#4172=CARTESIAN_POINT('',(-19.3509861817585,2.49999999999998,-0.7));
#4173=CARTESIAN_POINT('Origin',(-18.1009861817585,2.49999999999999,0.));
#4174=CARTESIAN_POINT('Origin',(-18.1009861817585,2.49999999999999,-0.7));
#4175=CARTESIAN_POINT('Origin',(-19.7009861817585,1.25924966763904,-0.35));
#4176=CARTESIAN_POINT('',(-19.3509861817585,12.4313850311778,-0.7));
#4177=CARTESIAN_POINT('',(-20.0509861817585,11.2675619873569,0.));
#4178=CARTESIAN_POINT('Origin',(0.,0.,-20.0509861817585));
#4179=CARTESIAN_POINT('',(-20.0509861817585,1.25924966763904,0.));
#4180=CARTESIAN_POINT('',(-19.3509861817585,1.25924966763904,-0.7));
#4181=CARTESIAN_POINT('Origin',(-18.1009861817585,2.49999999999999,0.));
#4182=CARTESIAN_POINT('',(-18.1009861817585,1.24999999999999,-0.75));
#4183=CARTESIAN_POINT('',(-18.1009861817585,1.24999999999999,0.));
#4184=CARTESIAN_POINT('',(-19.3509861817585,2.49999999999998,-0.75));
#4185=CARTESIAN_POINT('Origin',(-18.1009861817585,2.49999999999999,-0.75));
#4186=CARTESIAN_POINT('',(-19.3509861817585,2.49999999999998,0.));
#4187=CARTESIAN_POINT('Origin',(-14.8509861817585,1.25,0.));
#4188=CARTESIAN_POINT('',(-14.8509861817585,1.25,-0.75));
#4189=CARTESIAN_POINT('',(-14.8509861817585,1.25,0.));
#4190=CARTESIAN_POINT('',(-18.1009861817585,1.24999999999999,-0.75));
#4191=CARTESIAN_POINT('Origin',(-14.8509861817585,-1.25,0.));
#4192=CARTESIAN_POINT('',(-14.8509861817585,-0.549999999999998,0.));
#4193=CARTESIAN_POINT('',(-14.8509861817585,-0.615750332360939,0.));
#4194=CARTESIAN_POINT('',(-14.8509861817585,-1.25,-0.7));
#4195=CARTESIAN_POINT('',(-14.8509861817585,-0.899999999999998,-0.35));
#4196=CARTESIAN_POINT('',(-14.8509861817585,-1.25,-0.75));
#4197=CARTESIAN_POINT('',(-14.8509861817585,-1.25,0.));
#4198=CARTESIAN_POINT('',(-14.8509861817585,4.81,-0.75));
#4199=CARTESIAN_POINT('Origin',(-19.7009861817584,-6.20644284794991,-0.35));
#4200=CARTESIAN_POINT('',(-20.0509861817584,-11.267561987357,0.));
#4201=CARTESIAN_POINT('',(-19.3509861817584,-12.4313850311779,-0.7));
#4202=CARTESIAN_POINT('Origin',(0.,0.,-20.0509861817585));
#4203=CARTESIAN_POINT('',(-19.3509861817585,-2.50000000000002,-0.7));
#4204=CARTESIAN_POINT('',(-19.3509861817584,-6.20644284794991,-0.7));
#4205=CARTESIAN_POINT('',(-20.0509861817585,-2.50000000000002,0.));
#4206=CARTESIAN_POINT('',(-19.3509861817585,-2.50000000000002,-0.7));
#4207=CARTESIAN_POINT('',(-20.0509861817584,-6.20644284794992,0.));
#4208=CARTESIAN_POINT('Origin',(-18.1009861817585,-2.50000000000001,-0.35));
#4209=CARTESIAN_POINT('',(-18.1009861817585,-1.25000000000001,-0.7));
#4210=CARTESIAN_POINT('',(-18.1009861817585,-0.550000000000011,0.));
#4211=CARTESIAN_POINT('',(-18.1009861817585,-1.25000000000001,-0.7));
#4212=CARTESIAN_POINT('Origin',(-18.1009861817585,-2.50000000000001,0.));
#4213=CARTESIAN_POINT('Origin',(-18.1009861817585,-2.50000000000001,-0.7));
#4214=CARTESIAN_POINT('Origin',(-16.2539182254816,-0.900000000000004,-0.35));
#4215=CARTESIAN_POINT('',(-16.2539182254816,-0.550000000000004,0.));
#4216=CARTESIAN_POINT('',(-16.2539182254816,-1.25,-0.7));
#4217=CARTESIAN_POINT('Origin',(-14.4068502692047,0.0184993352781215,0.));
#4218=CARTESIAN_POINT('Origin',(0.,0.,0.));
#4219=CARTESIAN_POINT('Origin',(-18.1009861817585,13.75,0.));
#4220=CARTESIAN_POINT('',(-18.1009861817585,13.75,-0.75));
#4221=CARTESIAN_POINT('',(-18.1009861817585,13.75,0.));
#4222=CARTESIAN_POINT('',(-14.8509861817585,13.75,-0.75));
#4223=CARTESIAN_POINT('',(-14.8509861817585,13.75,-0.75));
#4224=CARTESIAN_POINT('',(-14.8509861817585,13.75,0.));
#4225=CARTESIAN_POINT('Origin',(-18.1009861817585,12.5,0.));
#4226=CARTESIAN_POINT('',(-18.4814840354069,13.6906810586252,-0.75));
#4227=CARTESIAN_POINT('',(-18.4814840354069,13.6906810586252,0.));
#4228=CARTESIAN_POINT('Origin',(-18.1009861817585,12.5,-0.75));
#4229=CARTESIAN_POINT('Origin',(-19.3509861817585,2.49999999999998,0.));
#4230=CARTESIAN_POINT('',(-19.3509861817585,12.4313850311778,-0.75));
#4231=CARTESIAN_POINT('',(-19.3509861817585,12.5,-0.75));
#4232=CARTESIAN_POINT('',(-19.3509861817585,12.4313850311778,0.));
#4233=CARTESIAN_POINT('Origin',(-18.1009861817585,-1.25000000000001,0.));
#4234=CARTESIAN_POINT('',(-18.1009861817585,-1.25000000000001,-0.75));
#4235=CARTESIAN_POINT('',(-18.1009861817585,-1.25000000000001,0.));
#4236=CARTESIAN_POINT('',(-14.8509861817585,-1.25,-0.75));
#4237=CARTESIAN_POINT('Origin',(-18.1009861817585,-2.50000000000001,0.));
#4238=CARTESIAN_POINT('',(-19.3509861817585,-2.50000000000001,-0.75));
#4239=CARTESIAN_POINT('',(-19.3509861817585,-2.50000000000002,0.));
#4240=CARTESIAN_POINT('Origin',(-18.1009861817585,-2.50000000000001,-0.75));
#4241=CARTESIAN_POINT('Origin',(-19.3509861817584,-12.4313850311779,0.));
#4242=CARTESIAN_POINT('',(-19.3509861817584,-12.4313850311779,-0.75));
#4243=CARTESIAN_POINT('',(-19.3509861817584,-12.4313850311779,0.));
#4244=CARTESIAN_POINT('',(-19.3509861817585,-2.50000000000002,-0.75));
#4245=CARTESIAN_POINT('Origin',(-18.1009861817584,-12.5,0.));
#4246=CARTESIAN_POINT('',(-18.1009861817584,-13.75,0.));
#4247=CARTESIAN_POINT('',(-18.4814840354069,-13.6906810586252,0.));
#4248=CARTESIAN_POINT('Origin',(-18.1009861817584,-12.5,0.));
#4249=CARTESIAN_POINT('',(-18.1009861817584,-13.75,-0.75));
#4250=CARTESIAN_POINT('',(-18.1009861817584,-13.75,0.));
#4251=CARTESIAN_POINT('',(-18.4814840354069,-13.6906810586252,-0.75));
#4252=CARTESIAN_POINT('Origin',(-18.1009861817584,-12.5,-0.75));
#4253=CARTESIAN_POINT('',(-18.4814840354069,-13.6906810586252,0.));
#4254=CARTESIAN_POINT('Origin',(-8.10098618175841,-13.75,0.));
#4255=CARTESIAN_POINT('',(-8.10098618175841,-13.75,0.));
#4256=CARTESIAN_POINT('',(-11.2539182254815,-13.75,0.));
#4257=CARTESIAN_POINT('',(-8.10098618175841,-13.75,-0.75));
#4258=CARTESIAN_POINT('',(-8.10098618175841,-13.75,0.));
#4259=CARTESIAN_POINT('',(-18.1009861817584,-13.75,-0.75));
#4260=CARTESIAN_POINT('Origin',(-8.10098618175842,-12.5,0.));
#4261=CARTESIAN_POINT('',(-6.85098618175842,-12.5,0.));
#4262=CARTESIAN_POINT('Origin',(-8.10098618175842,-12.5,0.));
#4263=CARTESIAN_POINT('',(-6.85098618175842,-12.5,-0.75));
#4264=CARTESIAN_POINT('',(-6.85098618175842,-12.5,0.));
#4265=CARTESIAN_POINT('Origin',(-8.10098618175842,-12.5,-0.75));
#4266=CARTESIAN_POINT('Origin',(-6.85098618175846,-2.49999999999997,0.));
#4267=CARTESIAN_POINT('',(-6.85098618175846,-2.49999999999997,0.));
#4268=CARTESIAN_POINT('',(-6.85098618175846,-1.24075033236091,0.));
#4269=CARTESIAN_POINT('',(-6.85098618175846,-2.49999999999997,-0.75));
#4270=CARTESIAN_POINT('',(-6.85098618175846,-2.49999999999997,0.));
#4271=CARTESIAN_POINT('',(-6.85098618175842,-12.5,-0.75));
#4272=CARTESIAN_POINT('Origin',(-8.10098618175846,-2.49999999999997,0.));
#4273=CARTESIAN_POINT('',(-8.10098618175846,-1.24999999999997,0.));
#4274=CARTESIAN_POINT('Origin',(-8.10098618175846,-2.49999999999997,0.));
#4275=CARTESIAN_POINT('',(-8.10098618175846,-1.24999999999997,-0.75));
#4276=CARTESIAN_POINT('',(-8.10098618175846,-1.24999999999997,0.));
#4277=CARTESIAN_POINT('Origin',(-8.10098618175846,-2.49999999999997,-0.75));
#4278=CARTESIAN_POINT('Origin',(-11.3509861817585,-1.24999999999998,0.));
#4279=CARTESIAN_POINT('',(-11.3509861817585,-1.24999999999998,0.));
#4280=CARTESIAN_POINT('',(-12.8789182254816,-1.24999999999999,0.));
#4281=CARTESIAN_POINT('',(-11.3509861817585,-1.24999999999998,-0.75));
#4282=CARTESIAN_POINT('',(-11.3509861817585,-1.24999999999998,0.));
#4283=CARTESIAN_POINT('',(-8.10098618175846,-1.24999999999997,-0.75));
#4284=CARTESIAN_POINT('Origin',(-11.3509861817585,1.25000000000002,0.));
#4285=CARTESIAN_POINT('',(-11.3509861817585,1.25000000000002,0.));
#4286=CARTESIAN_POINT('',(-11.3509861817585,0.634249667639075,0.));
#4287=CARTESIAN_POINT('',(-11.3509861817585,1.25000000000002,-0.75));
#4288=CARTESIAN_POINT('',(-11.3509861817585,1.25000000000002,0.));
#4289=CARTESIAN_POINT('',(-11.3509861817585,-1.24999999999998,-0.75));
#4290=CARTESIAN_POINT('Origin',(-8.10098618175847,1.25000000000003,0.));
#4291=CARTESIAN_POINT('',(-8.10098618175847,1.25000000000003,0.));
#4292=CARTESIAN_POINT('',(-11.2539182254816,1.25000000000002,0.));
#4293=CARTESIAN_POINT('',(-8.10098618175847,1.25000000000003,-0.75));
#4294=CARTESIAN_POINT('',(-8.10098618175847,1.25000000000003,0.));
#4295=CARTESIAN_POINT('',(-18.1009861817585,1.24999999999999,-0.75));
#4296=CARTESIAN_POINT('Origin',(-8.10098618175847,2.50000000000003,0.));
#4297=CARTESIAN_POINT('',(-6.85098618175848,2.50000000000003,0.));
#4298=CARTESIAN_POINT('Origin',(-8.10098618175847,2.50000000000003,0.));
#4299=CARTESIAN_POINT('',(-6.85098618175848,2.50000000000003,-0.75));
#4300=CARTESIAN_POINT('',(-6.85098618175848,2.50000000000003,0.));
#4301=CARTESIAN_POINT('Origin',(-8.10098618175847,2.50000000000003,-0.75));
#4302=CARTESIAN_POINT('Origin',(-6.85098618175851,12.5,0.));
#4303=CARTESIAN_POINT('',(-6.85098618175851,12.5,0.));
#4304=CARTESIAN_POINT('',(-6.85098618175849,6.25924966763909,0.));
#4305=CARTESIAN_POINT('',(-6.85098618175851,12.5,-0.75));
#4306=CARTESIAN_POINT('',(-6.85098618175851,12.5,0.));
#4307=CARTESIAN_POINT('',(-6.85098618175847,2.50000000000003,-0.75));
#4308=CARTESIAN_POINT('Origin',(-8.10098618175852,12.5,0.));
#4309=CARTESIAN_POINT('',(-8.10098618175851,13.75,0.));
#4310=CARTESIAN_POINT('Origin',(-8.10098618175852,12.5,0.));
#4311=CARTESIAN_POINT('',(-8.10098618175851,13.75,-0.75));
#4312=CARTESIAN_POINT('',(-8.10098618175851,13.75,0.));
#4313=CARTESIAN_POINT('Origin',(-8.10098618175852,12.5,-0.75));
#4314=CARTESIAN_POINT('Origin',(-11.3509861817585,13.75,0.));
#4315=CARTESIAN_POINT('',(-11.3509861817585,13.75,0.));
#4316=CARTESIAN_POINT('',(-12.8789182254816,13.75,0.));
#4317=CARTESIAN_POINT('',(-11.3509861817585,13.75,-0.75));
#4318=CARTESIAN_POINT('',(-11.3509861817585,13.75,0.));
#4319=CARTESIAN_POINT('',(-8.10098618175851,13.75,-0.75));
#4320=CARTESIAN_POINT('Origin',(-11.3509861817585,15.5426259032155,0.));
#4321=CARTESIAN_POINT('',(-11.3509861817585,13.75,-0.75));
#4322=CARTESIAN_POINT('',(-11.3509861817585,7.78056261924681,0.));
#4323=CARTESIAN_POINT('Origin',(-14.8509861817585,13.75,0.));
#4324=CARTESIAN_POINT('',(-14.8509861817585,19.81,-0.75));
#4325=CARTESIAN_POINT('Origin',(-13.1009861817585,0.896312951607738,-0.75));
#4326=CARTESIAN_POINT('Origin',(0.,0.,-0.75));
#4327=CARTESIAN_POINT('Origin',(0.,0.,-0.75));
#4328=CARTESIAN_POINT('',(-16.3909861817585,7.50000000000001,-0.75));
#4329=CARTESIAN_POINT('Origin',(-13.1009861817585,7.50000000000001,-0.75));
#4330=CARTESIAN_POINT('',(-16.3909861817584,-7.49999999999999,-0.75));
#4331=CARTESIAN_POINT('Origin',(-13.1009861817584,-7.49999999999999,-0.75));
#4332=CARTESIAN_POINT('Origin',(0.,0.,0.));
#4333=CARTESIAN_POINT('',(-16.9875108277174,-15.5056272326592,0.));
#4334=CARTESIAN_POINT('',(-16.9875108277174,-15.5056272326592,0.));
#4335=CARTESIAN_POINT('Origin',(0.,0.,0.));
#4336=CARTESIAN_POINT('Origin',(-13.1009861817585,7.50000000000001,0.));
#4337=CARTESIAN_POINT('',(-16.3909861817585,7.50000000000001,0.));
#4338=CARTESIAN_POINT('Origin',(-13.1009861817584,-7.49999999999999,0.));
#4339=CARTESIAN_POINT('',(-16.3909861817584,-7.49999999999999,0.));
#4340=CARTESIAN_POINT('Origin',(-5.81370053840939,-15.5056272326592,0.));
#4341=CARTESIAN_POINT('',(-5.81370053840939,-15.5056272326592,0.));
#4342=CARTESIAN_POINT('',(-5.81370053840939,-15.5056272326592,0.));
#4343=CARTESIAN_POINT('',(-5.81370053840939,-15.5056272326592,0.));
#4344=CARTESIAN_POINT('Origin',(-5.81370053840939,15.5426259032155,0.));
#4345=CARTESIAN_POINT('',(-5.81370053840939,15.5426259032155,0.));
#4346=CARTESIAN_POINT('Origin',(-14.4068502692047,0.0184993352781215,0.));
#4347=UNCERTAINTY_MEASURE_WITH_UNIT(LENGTH_MEASURE(0.01),#4351,
'DISTANCE_ACCURACY_VALUE',
'Maximum model space distance between geometric entities at asserted c
onnectivities');
#4348=UNCERTAINTY_MEASURE_WITH_UNIT(LENGTH_MEASURE(0.01),#4351,
'DISTANCE_ACCURACY_VALUE',
'Maximum model space distance between geometric entities at asserted c
onnectivities');
#4349=(
GEOMETRIC_REPRESENTATION_CONTEXT(3)
GLOBAL_UNCERTAINTY_ASSIGNED_CONTEXT((#4347))
GLOBAL_UNIT_ASSIGNED_CONTEXT((#4351,#4353,#4354))
REPRESENTATION_CONTEXT('','3D')
);
#4350=(
GEOMETRIC_REPRESENTATION_CONTEXT(3)
GLOBAL_UNCERTAINTY_ASSIGNED_CONTEXT((#4348))
GLOBAL_UNIT_ASSIGNED_CONTEXT((#4351,#4353,#4354))
REPRESENTATION_CONTEXT('','3D')
);
#4351=(
LENGTH_UNIT()
NAMED_UNIT(*)
SI_UNIT(.MILLI.,.METRE.)
);
#4352=(
LENGTH_UNIT()
NAMED_UNIT(*)
SI_UNIT($,.METRE.)
);
#4353=(
NAMED_UNIT(*)
PLANE_ANGLE_UNIT()
SI_UNIT($,.RADIAN.)
);
#4354=(
NAMED_UNIT(*)
SI_UNIT($,.STERADIAN.)
SOLID_ANGLE_UNIT()
);
#4355=SHAPE_DEFINITION_REPRESENTATION(#4356,#4357);
#4356=PRODUCT_DEFINITION_SHAPE('',$,#4359);
#4357=SHAPE_REPRESENTATION('',(#2481),#4349);
#4358=PRODUCT_DEFINITION_CONTEXT('part definition',#4363,'design');
#4359=PRODUCT_DEFINITION('Batt holder','Batt holder',#4360,#4358);
#4360=PRODUCT_DEFINITION_FORMATION('',$,#4365);
#4361=PRODUCT_RELATED_PRODUCT_CATEGORY('Batt holder','Batt holder',(#4365));
#4362=APPLICATION_PROTOCOL_DEFINITION('international standard',
'automotive_design',2009,#4363);
#4363=APPLICATION_CONTEXT(
'Core Data for Automotive Mechanical Design Process');
#4364=PRODUCT_CONTEXT('part definition',#4363,'mechanical');
#4365=PRODUCT('Batt holder','Batt holder',$,(#4364));
#4366=PRESENTATION_STYLE_ASSIGNMENT((#4367));
#4367=SURFACE_STYLE_USAGE(.BOTH.,#4368);
#4368=SURFACE_SIDE_STYLE('',(#4369));
#4369=SURFACE_STYLE_FILL_AREA(#4370);
#4370=FILL_AREA_STYLE('Plastic - Glossy (Grey)',(#4371));
#4371=FILL_AREA_STYLE_COLOUR('Plastic - Glossy (Grey)',#4372);
#4372=COLOUR_RGB('Plastic - Glossy (Grey)',0.701960784313725,0.701960784313725,
0.701960784313725);
ENDSEC;
END-ISO-10303-21;
