ISO-10303-21;
HEADER;
/* Generated by software containing ST-Developer
 * from STEP Tools, Inc. (www.steptools.com) 
 */

FILE_DESCRIPTION(
/* description */ (''),
/* implementation_level */ '2;1');

FILE_NAME(
/* name */ 'Case.step',
/* time_stamp */ '2026-03-30T22:00:36+01:00',
/* author */ (''),
/* organization */ (''),
/* preprocessor_version */ 'ST-DEVELOPER v20.1',
/* originating_system */ 'Autodesk Translation Framework v14.24.0.0',
/* authorisation */ '');

FILE_SCHEMA (('AUTOMOTIVE_DESIGN { 1 0 10303 214 3 1 1 }'));
ENDSEC;

DATA;
#10=MECHANICAL_DESIGN_GEOMETRIC_PRESENTATION_REPRESENTATION('',(#13),#3403);
#11=SHAPE_REPRESENTATION_RELATIONSHIP('SRR','None',#3410,#12);
#12=ADVANCED_BREP_SHAPE_REPRESENTATION('',(#14),#3402);
#13=STYLED_ITEM('',(#3419),#14);
#14=MANIFOLD_SOLID_BREP('Outer',#1891);
#15=B_SPLINE_SURFACE_WITH_KNOTS('',3,3,((#3112,#3113,#3114,#3115),(#3116,
#3117,#3118,#3119),(#3120,#3121,#3122,#3123),(#3124,#3125,#3126,#3127)),
 .UNSPECIFIED.,.F.,.F.,.F.,(4,4),(4,4),(0.,1.),(1.1529791089778,1.57079632679511),
 .UNSPECIFIED.);
#16=B_SPLINE_SURFACE_WITH_KNOTS('',3,3,((#3142,#3143,#3144,#3145),(#3146,
#3147,#3148,#3149),(#3150,#3151,#3152,#3153),(#3154,#3155,#3156,#3157)),
 .UNSPECIFIED.,.F.,.F.,.F.,(4,4),(4,4),(0.,1.),(0.,0.0511554502550233),
 .UNSPECIFIED.);
#17=B_SPLINE_SURFACE_WITH_KNOTS('',3,3,((#3162,#3163,#3164,#3165),(#3166,
#3167,#3168,#3169),(#3170,#3171,#3172,#3173),(#3174,#3175,#3176,#3177)),
 .UNSPECIFIED.,.F.,.F.,.F.,(4,4),(4,4),(0.,1.),(0.560130864700866,0.644000000000222),
 .UNSPECIFIED.);
#18=B_SPLINE_SURFACE_WITH_KNOTS('',3,3,((#3206,#3207,#3208,#3209),(#3210,
#3211,#3212,#3213),(#3214,#3215,#3216,#3217),(#3218,#3219,#3220,#3221)),
 .UNSPECIFIED.,.F.,.F.,.F.,(4,4),(4,4),(0.,1.),(0.,0.501713006960802),
 .UNSPECIFIED.);
#19=CONICAL_SURFACE('',#1963,2.15000000000001,0.785398163397447);
#20=CONICAL_SURFACE('',#1967,2.15,0.785398163397446);
#21=CONICAL_SURFACE('',#1971,2.15000000000001,0.785398163397448);
#22=CONICAL_SURFACE('',#1975,2.15,0.785398163397447);
#23=B_SPLINE_CURVE_WITH_KNOTS('',3,(#2802,#2803,#2804,#2805,#2806,#2807),
 .UNSPECIFIED.,.F.,.F.,(4,2,4),(0.,2.85,5.55000000000001),.UNSPECIFIED.);
#24=B_SPLINE_CURVE_WITH_KNOTS('',3,(#2809,#2810,#2811,#2812,#2813,#2814,
#2815,#2816,#2817,#2818,#2819,#2820,#2821,#2822,#2823,#2824,#2825,#2826,
#2827,#2828,#2829,#2830,#2831,#2832,#2833,#2834,#2835,#2836,#2837,#2838,
#2839,#2840,#2841,#2842,#2843,#2844,#2845,#2846,#2847,#2848,#2849,#2850,
#2851,#2852,#2853,#2854,#2855,#2856,#2857,#2858,#2859,#2860,#2861,#2862,
#2863,#2864,#2865,#2866,#2867,#2868,#2869,#2870,#2871,#2872,#2873,#2874,
#2875,#2876,#2877,#2878,#2879,#2880,#2881,#2882,#2883,#2884,#2885,#2886,
#2887,#2888,#2889,#2890,#2891,#2892,#2893,#2894,#2895,#2896,#2897,#2898,
#2899,#2900,#2901,#2902,#2903,#2904,#2905,#2906,#2907,#2908,#2909,#2910,
#2911,#2912,#2913,#2914,#2915,#2916,#2917,#2918,#2919,#2920,#2921,#2922,
#2923,#2924,#2925,#2926,#2927,#2928,#2929,#2930,#2931,#2932,#2933,#2934,
#2935,#2936,#2937,#2938,#2939,#2940,#2941,#2942,#2943,#2944,#2945,#2946,
#2947,#2948,#2949,#2950,#2951,#2952,#2953,#2954,#2955,#2956,#2957,#2958,
#2959,#2960,#2961,#2962,#2963,#2964,#2965,#2966,#2967,#2968,#2969,#2970,
#2971),.UNSPECIFIED.,.F.,.F.,(4,3,3,3,3,3,3,3,3,3,3,3,3,3,3,3,3,3,3,3,3,
3,3,3,3,3,3,3,3,3,3,3,3,3,3,3,3,3,3,3,3,3,3,3,3,3,3,3,3,3,3,3,3,3,4),(0.0120928636677782,
0.0200753876597179,0.0287602617437964,0.0379559554047418,0.0476986803588641,
0.0580276658710678,0.0689854472202729,0.0806181848814485,0.0929760177859894,
0.10611345425073,0.120089804283652,0.135549984203371,0.15192600143969,0.169387442467895,
0.188020583706779,0.207919536640911,0.22918691297405,0.251934438944054,
0.276283403300843,0.303262950392774,0.332159878281219,0.363116087265563,
0.396266306648216,0.43171438192612,0.469479229603031,0.510220980813032,
0.551999380418823,0.59359125296183,0.633809987158947,0.671932678082868,
0.707689933327927,0.741069190153392,0.772170756429025,0.801136677831831,
0.828119512776658,0.853269097463385,0.876727151047765,0.898625345259193,
0.919084932047152,0.93821707011981,0.956123449717519,0.972897024161846,
0.988622755988286,1.00373757638296,1.01712642336953,1.02977192627965,1.04172289026697,
1.05302440807115,1.06371817670859,1.07384278506087,1.08315538268629,1.09205872552934,
1.10080002233751,1.10880383935984,1.10954131914568),.UNSPECIFIED.);
#25=B_SPLINE_CURVE_WITH_KNOTS('',3,(#2973,#2974,#2975,#2976,#2977,#2978),
 .UNSPECIFIED.,.F.,.F.,(4,2,4),(0.150000000000002,2.85,5.7),
 .UNSPECIFIED.);
#26=B_SPLINE_CURVE_WITH_KNOTS('',3,(#2984,#2985,#2986,#2987,#2988,#2989,
#2990,#2991,#2992,#2993,#2994,#2995,#2996,#2997,#2998,#2999,#3000,#3001,
#3002,#3003,#3004,#3005),.UNSPECIFIED.,.F.,.F.,(4,2,2,2,2,2,2,2,2,2,4),
(-0.565841569567784,-0.462264284432291,-0.385429942559499,-0.340005051114925,
-0.314386545140871,-0.295155632104811,-0.274793361724889,-0.245696256765489,
-0.199393496409273,-0.105747851297724,0.),.UNSPECIFIED.);
#27=B_SPLINE_CURVE_WITH_KNOTS('',3,(#3021,#3022,#3023,#3024,#3025,#3026,
#3027,#3028,#3029,#3030,#3031,#3032,#3033,#3034,#3035,#3036,#3037,#3038,
#3039),.UNSPECIFIED.,.F.,.F.,(4,3,3,3,3,3,4),(0.,0.0219916079785105,0.0448268761089825,
0.0676621442394545,0.094047832695857,0.111433252478472,0.120394964043699),
 .UNSPECIFIED.);
#28=B_SPLINE_CURVE_WITH_KNOTS('',3,(#3041,#3042,#3043,#3044,#3045,#3046),
 .UNSPECIFIED.,.F.,.F.,(4,2,4),(0.,0.0259381556991535,0.0519092183595977),
 .UNSPECIFIED.);
#29=B_SPLINE_CURVE_WITH_KNOTS('',3,(#3052,#3053,#3054,#3055,#3056,#3057),
 .UNSPECIFIED.,.F.,.F.,(4,2,4),(0.,0.0465607697246638,0.0852626003854051),
 .UNSPECIFIED.);
#30=B_SPLINE_CURVE_WITH_KNOTS('',3,(#3059,#3060,#3061,#3062,#3063,#3064,
#3065,#3066,#3067,#3068,#3069,#3070,#3071,#3072,#3073,#3074,#3075,#3076,
#3077,#3078,#3079,#3080),.UNSPECIFIED.,.F.,.F.,(4,3,3,3,3,3,3,4),(0.,0.025770101519483,
0.0521716352946975,0.06957247717029,0.0903601547495019,0.111174119281099,
0.131826360947445,0.144113031362152),.UNSPECIFIED.);
#31=B_SPLINE_CURVE_WITH_KNOTS('',3,(#3129,#3130,#3131,#3132),
 .UNSPECIFIED.,.F.,.F.,(4,4),(1.1529791089778,1.57079632679511),
 .UNSPECIFIED.);
#32=B_SPLINE_CURVE_WITH_KNOTS('',3,(#3158,#3159,#3160,#3161),
 .UNSPECIFIED.,.F.,.F.,(4,4),(0.,0.0511554502550233),.UNSPECIFIED.);
#33=B_SPLINE_CURVE_WITH_KNOTS('',3,(#3179,#3180,#3181,#3182),
 .UNSPECIFIED.,.F.,.F.,(4,4),(0.560130864700866,0.644000000000222),
 .UNSPECIFIED.);
#34=B_SPLINE_CURVE_WITH_KNOTS('',3,(#3222,#3223,#3224,#3225),
 .UNSPECIFIED.,.F.,.F.,(4,4),(0.,0.501713006960802),.UNSPECIFIED.);
#35=CYLINDRICAL_SURFACE('',#1951,24.5);
#36=CYLINDRICAL_SURFACE('',#1953,23.2);
#37=CYLINDRICAL_SURFACE('',#1958,23.2);
#38=CYLINDRICAL_SURFACE('',#1987,3.40000000000001);
#39=CYLINDRICAL_SURFACE('',#1990,3.4);
#40=CYLINDRICAL_SURFACE('',#1993,3.40000000000001);
#41=CYLINDRICAL_SURFACE('',#1996,3.4);
#42=CYLINDRICAL_SURFACE('',#2011,1.40000000000001);
#43=CYLINDRICAL_SURFACE('',#2013,1.4);
#44=CYLINDRICAL_SURFACE('',#2015,1.40000000000001);
#45=CYLINDRICAL_SURFACE('',#2017,1.4);
#46=CYLINDRICAL_SURFACE('',#2032,23.2);
#47=FACE_BOUND('',#327,.T.);
#48=FACE_BOUND('',#328,.T.);
#49=FACE_BOUND('',#329,.T.);
#50=FACE_BOUND('',#330,.T.);
#51=FACE_BOUND('',#331,.T.);
#52=FACE_BOUND('',#332,.T.);
#53=FACE_BOUND('',#333,.T.);
#54=FACE_BOUND('',#362,.T.);
#55=FACE_BOUND('',#363,.T.);
#56=FACE_BOUND('',#364,.T.);
#57=FACE_BOUND('',#365,.T.);
#58=FACE_BOUND('',#366,.T.);
#59=FACE_BOUND('',#372,.T.);
#60=FACE_BOUND('',#400,.T.);
#61=FACE_BOUND('',#401,.T.);
#62=FACE_BOUND('',#404,.T.);
#63=FACE_BOUND('',#405,.T.);
#64=FACE_BOUND('',#407,.T.);
#65=CIRCLE('',#1942,22.5);
#66=CIRCLE('',#1943,2.);
#67=CIRCLE('',#1944,24.5);
#68=CIRCLE('',#1945,24.5);
#69=CIRCLE('',#1947,1.4);
#70=CIRCLE('',#1948,1.40000000000001);
#71=CIRCLE('',#1949,1.4);
#72=CIRCLE('',#1950,1.40000000000001);
#73=CIRCLE('',#1952,24.5);
#74=CIRCLE('',#1954,23.2);
#75=CIRCLE('',#1955,23.2);
#76=CIRCLE('',#1956,23.2);
#77=CIRCLE('',#1957,23.2);
#78=CIRCLE('',#1959,23.2);
#79=CIRCLE('',#1960,23.2);
#80=CIRCLE('',#1961,23.2);
#81=CIRCLE('',#1962,23.2);
#82=CIRCLE('',#1964,1.40000000000001);
#83=CIRCLE('',#1965,2.90000000000001);
#84=CIRCLE('',#1968,2.9);
#85=CIRCLE('',#1969,1.4);
#86=CIRCLE('',#1972,1.40000000000001);
#87=CIRCLE('',#1973,2.90000000000001);
#88=CIRCLE('',#1976,2.9);
#89=CIRCLE('',#1977,1.4);
#90=CIRCLE('',#1981,3.4);
#91=CIRCLE('',#1982,3.40000000000001);
#92=CIRCLE('',#1984,3.4);
#93=CIRCLE('',#1985,3.40000000000001);
#94=CIRCLE('',#1988,3.40000000000001);
#95=CIRCLE('',#1991,3.4);
#96=CIRCLE('',#1994,3.40000000000001);
#97=CIRCLE('',#1997,3.4);
#98=CIRCLE('',#1999,23.2);
#99=CIRCLE('',#2033,23.2);
#100=TOROIDAL_SURFACE('',#1941,22.5,2.);
#101=PLANE('',#1905);
#102=PLANE('',#1906);
#103=PLANE('',#1907);
#104=PLANE('',#1908);
#105=PLANE('',#1909);
#106=PLANE('',#1910);
#107=PLANE('',#1911);
#108=PLANE('',#1912);
#109=PLANE('',#1913);
#110=PLANE('',#1914);
#111=PLANE('',#1915);
#112=PLANE('',#1916);
#113=PLANE('',#1917);
#114=PLANE('',#1918);
#115=PLANE('',#1919);
#116=PLANE('',#1920);
#117=PLANE('',#1921);
#118=PLANE('',#1922);
#119=PLANE('',#1923);
#120=PLANE('',#1924);
#121=PLANE('',#1925);
#122=PLANE('',#1926);
#123=PLANE('',#1927);
#124=PLANE('',#1928);
#125=PLANE('',#1929);
#126=PLANE('',#1930);
#127=PLANE('',#1931);
#128=PLANE('',#1932);
#129=PLANE('',#1933);
#130=PLANE('',#1934);
#131=PLANE('',#1935);
#132=PLANE('',#1936);
#133=PLANE('',#1937);
#134=PLANE('',#1938);
#135=PLANE('',#1939);
#136=PLANE('',#1940);
#137=PLANE('',#1946);
#138=PLANE('',#1966);
#139=PLANE('',#1970);
#140=PLANE('',#1974);
#141=PLANE('',#1978);
#142=PLANE('',#1979);
#143=PLANE('',#1980);
#144=PLANE('',#1983);
#145=PLANE('',#1986);
#146=PLANE('',#1989);
#147=PLANE('',#1992);
#148=PLANE('',#1995);
#149=PLANE('',#1998);
#150=PLANE('',#2000);
#151=PLANE('',#2001);
#152=PLANE('',#2002);
#153=PLANE('',#2003);
#154=PLANE('',#2004);
#155=PLANE('',#2005);
#156=PLANE('',#2006);
#157=PLANE('',#2007);
#158=PLANE('',#2008);
#159=PLANE('',#2009);
#160=PLANE('',#2010);
#161=PLANE('',#2012);
#162=PLANE('',#2014);
#163=PLANE('',#2016);
#164=PLANE('',#2018);
#165=PLANE('',#2019);
#166=PLANE('',#2020);
#167=PLANE('',#2021);
#168=PLANE('',#2022);
#169=PLANE('',#2023);
#170=PLANE('',#2024);
#171=PLANE('',#2025);
#172=PLANE('',#2026);
#173=PLANE('',#2027);
#174=PLANE('',#2028);
#175=PLANE('',#2029);
#176=PLANE('',#2030);
#177=PLANE('',#2031);
#178=PLANE('',#2034);
#179=PLANE('',#2035);
#180=FACE_OUTER_BOUND('',#285,.T.);
#181=FACE_OUTER_BOUND('',#286,.T.);
#182=FACE_OUTER_BOUND('',#287,.T.);
#183=FACE_OUTER_BOUND('',#288,.T.);
#184=FACE_OUTER_BOUND('',#289,.T.);
#185=FACE_OUTER_BOUND('',#290,.T.);
#186=FACE_OUTER_BOUND('',#291,.T.);
#187=FACE_OUTER_BOUND('',#292,.T.);
#188=FACE_OUTER_BOUND('',#293,.T.);
#189=FACE_OUTER_BOUND('',#294,.T.);
#190=FACE_OUTER_BOUND('',#295,.T.);
#191=FACE_OUTER_BOUND('',#296,.T.);
#192=FACE_OUTER_BOUND('',#297,.T.);
#193=FACE_OUTER_BOUND('',#298,.T.);
#194=FACE_OUTER_BOUND('',#299,.T.);
#195=FACE_OUTER_BOUND('',#300,.T.);
#196=FACE_OUTER_BOUND('',#301,.T.);
#197=FACE_OUTER_BOUND('',#302,.T.);
#198=FACE_OUTER_BOUND('',#303,.T.);
#199=FACE_OUTER_BOUND('',#304,.T.);
#200=FACE_OUTER_BOUND('',#305,.T.);
#201=FACE_OUTER_BOUND('',#306,.T.);
#202=FACE_OUTER_BOUND('',#307,.T.);
#203=FACE_OUTER_BOUND('',#308,.T.);
#204=FACE_OUTER_BOUND('',#309,.T.);
#205=FACE_OUTER_BOUND('',#310,.T.);
#206=FACE_OUTER_BOUND('',#311,.T.);
#207=FACE_OUTER_BOUND('',#312,.T.);
#208=FACE_OUTER_BOUND('',#313,.T.);
#209=FACE_OUTER_BOUND('',#314,.T.);
#210=FACE_OUTER_BOUND('',#315,.T.);
#211=FACE_OUTER_BOUND('',#316,.T.);
#212=FACE_OUTER_BOUND('',#317,.T.);
#213=FACE_OUTER_BOUND('',#318,.T.);
#214=FACE_OUTER_BOUND('',#319,.T.);
#215=FACE_OUTER_BOUND('',#320,.T.);
#216=FACE_OUTER_BOUND('',#321,.T.);
#217=FACE_OUTER_BOUND('',#322,.T.);
#218=FACE_OUTER_BOUND('',#323,.T.);
#219=FACE_OUTER_BOUND('',#324,.T.);
#220=FACE_OUTER_BOUND('',#325,.T.);
#221=FACE_OUTER_BOUND('',#326,.T.);
#222=FACE_OUTER_BOUND('',#334,.T.);
#223=FACE_OUTER_BOUND('',#335,.T.);
#224=FACE_OUTER_BOUND('',#336,.T.);
#225=FACE_OUTER_BOUND('',#337,.T.);
#226=FACE_OUTER_BOUND('',#338,.T.);
#227=FACE_OUTER_BOUND('',#339,.T.);
#228=FACE_OUTER_BOUND('',#340,.T.);
#229=FACE_OUTER_BOUND('',#341,.T.);
#230=FACE_OUTER_BOUND('',#342,.T.);
#231=FACE_OUTER_BOUND('',#343,.T.);
#232=FACE_OUTER_BOUND('',#344,.T.);
#233=FACE_OUTER_BOUND('',#345,.T.);
#234=FACE_OUTER_BOUND('',#346,.T.);
#235=FACE_OUTER_BOUND('',#347,.T.);
#236=FACE_OUTER_BOUND('',#348,.T.);
#237=FACE_OUTER_BOUND('',#349,.T.);
#238=FACE_OUTER_BOUND('',#350,.T.);
#239=FACE_OUTER_BOUND('',#351,.T.);
#240=FACE_OUTER_BOUND('',#352,.T.);
#241=FACE_OUTER_BOUND('',#353,.T.);
#242=FACE_OUTER_BOUND('',#354,.T.);
#243=FACE_OUTER_BOUND('',#355,.T.);
#244=FACE_OUTER_BOUND('',#356,.T.);
#245=FACE_OUTER_BOUND('',#357,.T.);
#246=FACE_OUTER_BOUND('',#358,.T.);
#247=FACE_OUTER_BOUND('',#359,.T.);
#248=FACE_OUTER_BOUND('',#360,.T.);
#249=FACE_OUTER_BOUND('',#361,.T.);
#250=FACE_OUTER_BOUND('',#367,.T.);
#251=FACE_OUTER_BOUND('',#368,.T.);
#252=FACE_OUTER_BOUND('',#369,.T.);
#253=FACE_OUTER_BOUND('',#370,.T.);
#254=FACE_OUTER_BOUND('',#371,.T.);
#255=FACE_OUTER_BOUND('',#373,.T.);
#256=FACE_OUTER_BOUND('',#374,.T.);
#257=FACE_OUTER_BOUND('',#375,.T.);
#258=FACE_OUTER_BOUND('',#376,.T.);
#259=FACE_OUTER_BOUND('',#377,.T.);
#260=FACE_OUTER_BOUND('',#378,.T.);
#261=FACE_OUTER_BOUND('',#379,.T.);
#262=FACE_OUTER_BOUND('',#380,.T.);
#263=FACE_OUTER_BOUND('',#381,.T.);
#264=FACE_OUTER_BOUND('',#382,.T.);
#265=FACE_OUTER_BOUND('',#383,.T.);
#266=FACE_OUTER_BOUND('',#384,.T.);
#267=FACE_OUTER_BOUND('',#385,.T.);
#268=FACE_OUTER_BOUND('',#386,.T.);
#269=FACE_OUTER_BOUND('',#387,.T.);
#270=FACE_OUTER_BOUND('',#388,.T.);
#271=FACE_OUTER_BOUND('',#389,.T.);
#272=FACE_OUTER_BOUND('',#390,.T.);
#273=FACE_OUTER_BOUND('',#391,.T.);
#274=FACE_OUTER_BOUND('',#392,.T.);
#275=FACE_OUTER_BOUND('',#393,.T.);
#276=FACE_OUTER_BOUND('',#394,.T.);
#277=FACE_OUTER_BOUND('',#395,.T.);
#278=FACE_OUTER_BOUND('',#396,.T.);
#279=FACE_OUTER_BOUND('',#397,.T.);
#280=FACE_OUTER_BOUND('',#398,.T.);
#281=FACE_OUTER_BOUND('',#399,.T.);
#282=FACE_OUTER_BOUND('',#402,.T.);
#283=FACE_OUTER_BOUND('',#403,.T.);
#284=FACE_OUTER_BOUND('',#406,.T.);
#285=EDGE_LOOP('',(#1255,#1256,#1257,#1258));
#286=EDGE_LOOP('',(#1259,#1260));
#287=EDGE_LOOP('',(#1261,#1262));
#288=EDGE_LOOP('',(#1263,#1264,#1265,#1266));
#289=EDGE_LOOP('',(#1267,#1268,#1269,#1270));
#290=EDGE_LOOP('',(#1271,#1272,#1273));
#291=EDGE_LOOP('',(#1274,#1275,#1276));
#292=EDGE_LOOP('',(#1277,#1278,#1279,#1280));
#293=EDGE_LOOP('',(#1281,#1282,#1283,#1284));
#294=EDGE_LOOP('',(#1285,#1286,#1287));
#295=EDGE_LOOP('',(#1288,#1289,#1290));
#296=EDGE_LOOP('',(#1291,#1292,#1293,#1294));
#297=EDGE_LOOP('',(#1295,#1296));
#298=EDGE_LOOP('',(#1297,#1298));
#299=EDGE_LOOP('',(#1299,#1300,#1301,#1302));
#300=EDGE_LOOP('',(#1303,#1304));
#301=EDGE_LOOP('',(#1305,#1306));
#302=EDGE_LOOP('',(#1307,#1308,#1309,#1310));
#303=EDGE_LOOP('',(#1311,#1312,#1313,#1314));
#304=EDGE_LOOP('',(#1315,#1316,#1317));
#305=EDGE_LOOP('',(#1318,#1319,#1320));
#306=EDGE_LOOP('',(#1321,#1322,#1323,#1324));
#307=EDGE_LOOP('',(#1325,#1326));
#308=EDGE_LOOP('',(#1327,#1328));
#309=EDGE_LOOP('',(#1329,#1330,#1331,#1332));
#310=EDGE_LOOP('',(#1333,#1334,#1335,#1336));
#311=EDGE_LOOP('',(#1337,#1338,#1339));
#312=EDGE_LOOP('',(#1340,#1341,#1342));
#313=EDGE_LOOP('',(#1343,#1344,#1345,#1346));
#314=EDGE_LOOP('',(#1347,#1348,#1349,#1350));
#315=EDGE_LOOP('',(#1351,#1352,#1353,#1354));
#316=EDGE_LOOP('',(#1355,#1356,#1357,#1358));
#317=EDGE_LOOP('',(#1359,#1360,#1361,#1362));
#318=EDGE_LOOP('',(#1363,#1364,#1365,#1366));
#319=EDGE_LOOP('',(#1367,#1368,#1369,#1370,#1371));
#320=EDGE_LOOP('',(#1372,#1373,#1374,#1375,#1376));
#321=EDGE_LOOP('',(#1377,#1378,#1379,#1380));
#322=EDGE_LOOP('',(#1381,#1382,#1383,#1384));
#323=EDGE_LOOP('',(#1385,#1386,#1387,#1388));
#324=EDGE_LOOP('',(#1389,#1390,#1391,#1392));
#325=EDGE_LOOP('',(#1393,#1394,#1395,#1396,#1397));
#326=EDGE_LOOP('',(#1398));
#327=EDGE_LOOP('',(#1399,#1400,#1401,#1402));
#328=EDGE_LOOP('',(#1403,#1404,#1405,#1406));
#329=EDGE_LOOP('',(#1407,#1408,#1409,#1410));
#330=EDGE_LOOP('',(#1411,#1412,#1413,#1414,#1415,#1416,#1417,#1418));
#331=EDGE_LOOP('',(#1419,#1420,#1421,#1422));
#332=EDGE_LOOP('',(#1423,#1424,#1425,#1426));
#333=EDGE_LOOP('',(#1427,#1428,#1429,#1430));
#334=EDGE_LOOP('',(#1431,#1432,#1433,#1434,#1435));
#335=EDGE_LOOP('',(#1436,#1437,#1438,#1439,#1440,#1441));
#336=EDGE_LOOP('',(#1442,#1443,#1444,#1445,#1446,#1447,#1448,#1449,#1450));
#337=EDGE_LOOP('',(#1451,#1452,#1453,#1454,#1455,#1456,#1457,#1458,#1459));
#338=EDGE_LOOP('',(#1460,#1461,#1462,#1463));
#339=EDGE_LOOP('',(#1464,#1465,#1466,#1467));
#340=EDGE_LOOP('',(#1468,#1469,#1470,#1471));
#341=EDGE_LOOP('',(#1472,#1473,#1474,#1475));
#342=EDGE_LOOP('',(#1476,#1477,#1478,#1479,#1480,#1481));
#343=EDGE_LOOP('',(#1482,#1483,#1484,#1485));
#344=EDGE_LOOP('',(#1486,#1487,#1488,#1489));
#345=EDGE_LOOP('',(#1490,#1491,#1492,#1493));
#346=EDGE_LOOP('',(#1494,#1495,#1496,#1497));
#347=EDGE_LOOP('',(#1498,#1499,#1500,#1501));
#348=EDGE_LOOP('',(#1502,#1503,#1504,#1505));
#349=EDGE_LOOP('',(#1506,#1507,#1508));
#350=EDGE_LOOP('',(#1509,#1510,#1511));
#351=EDGE_LOOP('',(#1512,#1513,#1514,#1515,#1516,#1517,#1518,#1519));
#352=EDGE_LOOP('',(#1520,#1521,#1522,#1523,#1524,#1525,#1526,#1527));
#353=EDGE_LOOP('',(#1528,#1529,#1530,#1531));
#354=EDGE_LOOP('',(#1532,#1533,#1534,#1535));
#355=EDGE_LOOP('',(#1536,#1537,#1538,#1539));
#356=EDGE_LOOP('',(#1540,#1541,#1542,#1543));
#357=EDGE_LOOP('',(#1544,#1545,#1546,#1547));
#358=EDGE_LOOP('',(#1548,#1549,#1550,#1551));
#359=EDGE_LOOP('',(#1552,#1553,#1554,#1555));
#360=EDGE_LOOP('',(#1556,#1557,#1558,#1559));
#361=EDGE_LOOP('',(#1560,#1561,#1562,#1563,#1564,#1565,#1566,#1567,#1568,
#1569,#1570,#1571,#1572,#1573));
#362=EDGE_LOOP('',(#1574,#1575,#1576,#1577));
#363=EDGE_LOOP('',(#1578,#1579,#1580,#1581));
#364=EDGE_LOOP('',(#1582,#1583,#1584,#1585));
#365=EDGE_LOOP('',(#1586,#1587,#1588,#1589));
#366=EDGE_LOOP('',(#1590,#1591,#1592,#1593));
#367=EDGE_LOOP('',(#1594,#1595,#1596,#1597));
#368=EDGE_LOOP('',(#1598,#1599,#1600,#1601));
#369=EDGE_LOOP('',(#1602,#1603,#1604,#1605));
#370=EDGE_LOOP('',(#1606,#1607,#1608,#1609,#1610,#1611,#1612));
#371=EDGE_LOOP('',(#1613,#1614,#1615,#1616,#1617,#1618,#1619,#1620,#1621));
#372=EDGE_LOOP('',(#1622,#1623,#1624,#1625));
#373=EDGE_LOOP('',(#1626,#1627,#1628,#1629,#1630,#1631));
#374=EDGE_LOOP('',(#1632,#1633,#1634,#1635));
#375=EDGE_LOOP('',(#1636,#1637,#1638,#1639));
#376=EDGE_LOOP('',(#1640,#1641,#1642,#1643));
#377=EDGE_LOOP('',(#1644,#1645,#1646,#1647));
#378=EDGE_LOOP('',(#1648,#1649,#1650,#1651,#1652,#1653));
#379=EDGE_LOOP('',(#1654,#1655,#1656,#1657,#1658));
#380=EDGE_LOOP('',(#1659,#1660,#1661,#1662));
#381=EDGE_LOOP('',(#1663,#1664,#1665,#1666));
#382=EDGE_LOOP('',(#1667,#1668,#1669,#1670));
#383=EDGE_LOOP('',(#1671,#1672,#1673,#1674));
#384=EDGE_LOOP('',(#1675,#1676,#1677,#1678));
#385=EDGE_LOOP('',(#1679,#1680,#1681,#1682,#1683));
#386=EDGE_LOOP('',(#1684,#1685,#1686,#1687,#1688,#1689));
#387=EDGE_LOOP('',(#1690,#1691,#1692,#1693));
#388=EDGE_LOOP('',(#1694,#1695,#1696,#1697));
#389=EDGE_LOOP('',(#1698,#1699,#1700,#1701));
#390=EDGE_LOOP('',(#1702,#1703,#1704,#1705));
#391=EDGE_LOOP('',(#1706,#1707,#1708,#1709));
#392=EDGE_LOOP('',(#1710,#1711,#1712,#1713));
#393=EDGE_LOOP('',(#1714,#1715,#1716,#1717));
#394=EDGE_LOOP('',(#1718,#1719,#1720,#1721));
#395=EDGE_LOOP('',(#1722,#1723,#1724,#1725));
#396=EDGE_LOOP('',(#1726,#1727,#1728,#1729));
#397=EDGE_LOOP('',(#1730,#1731,#1732,#1733));
#398=EDGE_LOOP('',(#1734,#1735,#1736,#1737));
#399=EDGE_LOOP('',(#1738,#1739,#1740,#1741));
#400=EDGE_LOOP('',(#1742,#1743,#1744,#1745,#1746,#1747));
#401=EDGE_LOOP('',(#1748,#1749,#1750,#1751,#1752,#1753));
#402=EDGE_LOOP('',(#1754,#1755,#1756,#1757));
#403=EDGE_LOOP('',(#1758,#1759,#1760,#1761));
#404=EDGE_LOOP('',(#1762,#1763,#1764,#1765,#1766,#1767));
#405=EDGE_LOOP('',(#1768,#1769,#1770,#1771,#1772,#1773));
#406=EDGE_LOOP('',(#1774));
#407=EDGE_LOOP('',(#1775,#1776,#1777,#1778,#1779,#1780));
#408=LINE('',#2517,#612);
#409=LINE('',#2522,#613);
#410=LINE('',#2524,#614);
#411=LINE('',#2526,#615);
#412=LINE('',#2529,#616);
#413=LINE('',#2531,#617);
#414=LINE('',#2532,#618);
#415=LINE('',#2535,#619);
#416=LINE('',#2537,#620);
#417=LINE('',#2538,#621);
#418=LINE('',#2540,#622);
#419=LINE('',#2542,#623);
#420=LINE('',#2546,#624);
#421=LINE('',#2548,#625);
#422=LINE('',#2550,#626);
#423=LINE('',#2551,#627);
#424=LINE('',#2554,#628);
#425=LINE('',#2556,#629);
#426=LINE('',#2557,#630);
#427=LINE('',#2559,#631);
#428=LINE('',#2561,#632);
#429=LINE('',#2573,#633);
#430=LINE('',#2578,#634);
#431=LINE('',#2580,#635);
#432=LINE('',#2593,#636);
#433=LINE('',#2598,#637);
#434=LINE('',#2600,#638);
#435=LINE('',#2602,#639);
#436=LINE('',#2606,#640);
#437=LINE('',#2608,#641);
#438=LINE('',#2610,#642);
#439=LINE('',#2611,#643);
#440=LINE('',#2613,#644);
#441=LINE('',#2614,#645);
#442=LINE('',#2616,#646);
#443=LINE('',#2618,#647);
#444=LINE('',#2631,#648);
#445=LINE('',#2636,#649);
#446=LINE('',#2638,#650);
#447=LINE('',#2640,#651);
#448=LINE('',#2643,#652);
#449=LINE('',#2645,#653);
#450=LINE('',#2646,#654);
#451=LINE('',#2649,#655);
#452=LINE('',#2651,#656);
#453=LINE('',#2652,#657);
#454=LINE('',#2654,#658);
#455=LINE('',#2656,#659);
#456=LINE('',#2660,#660);
#457=LINE('',#2662,#661);
#458=LINE('',#2664,#662);
#459=LINE('',#2665,#663);
#460=LINE('',#2668,#664);
#461=LINE('',#2670,#665);
#462=LINE('',#2671,#666);
#463=LINE('',#2674,#667);
#464=LINE('',#2676,#668);
#465=LINE('',#2677,#669);
#466=LINE('',#2680,#670);
#467=LINE('',#2682,#671);
#468=LINE('',#2683,#672);
#469=LINE('',#2686,#673);
#470=LINE('',#2687,#674);
#471=LINE('',#2690,#675);
#472=LINE('',#2691,#676);
#473=LINE('',#2695,#677);
#474=LINE('',#2697,#678);
#475=LINE('',#2699,#679);
#476=LINE('',#2701,#680);
#477=LINE('',#2702,#681);
#478=LINE('',#2705,#682);
#479=LINE('',#2707,#683);
#480=LINE('',#2709,#684);
#481=LINE('',#2710,#685);
#482=LINE('',#2713,#686);
#483=LINE('',#2715,#687);
#484=LINE('',#2716,#688);
#485=LINE('',#2719,#689);
#486=LINE('',#2721,#690);
#487=LINE('',#2722,#691);
#488=LINE('',#2725,#692);
#489=LINE('',#2726,#693);
#490=LINE('',#2729,#694);
#491=LINE('',#2730,#695);
#492=LINE('',#2740,#696);
#493=LINE('',#2743,#697);
#494=LINE('',#2745,#698);
#495=LINE('',#2747,#699);
#496=LINE('',#2748,#700);
#497=LINE('',#2749,#701);
#498=LINE('',#2752,#702);
#499=LINE('',#2756,#703);
#500=LINE('',#2760,#704);
#501=LINE('',#2764,#705);
#502=LINE('',#2768,#706);
#503=LINE('',#2770,#707);
#504=LINE('',#2772,#708);
#505=LINE('',#2773,#709);
#506=LINE('',#2776,#710);
#507=LINE('',#2778,#711);
#508=LINE('',#2780,#712);
#509=LINE('',#2781,#713);
#510=LINE('',#2784,#714);
#511=LINE('',#2786,#715);
#512=LINE('',#2788,#716);
#513=LINE('',#2789,#717);
#514=LINE('',#2792,#718);
#515=LINE('',#3013,#719);
#516=LINE('',#3017,#720);
#517=LINE('',#3084,#721);
#518=LINE('',#3088,#722);
#519=LINE('',#3099,#723);
#520=LINE('',#3104,#724);
#521=LINE('',#3105,#725);
#522=LINE('',#3106,#726);
#523=LINE('',#3109,#727);
#524=LINE('',#3133,#728);
#525=LINE('',#3135,#729);
#526=LINE('',#3137,#730);
#527=LINE('',#3139,#731);
#528=LINE('',#3140,#732);
#529=LINE('',#3141,#733);
#530=LINE('',#3183,#734);
#531=LINE('',#3186,#735);
#532=LINE('',#3190,#736);
#533=LINE('',#3195,#737);
#534=LINE('',#3196,#738);
#535=LINE('',#3197,#739);
#536=LINE('',#3230,#740);
#537=LINE('',#3234,#741);
#538=LINE('',#3240,#742);
#539=LINE('',#3243,#743);
#540=LINE('',#3246,#744);
#541=LINE('',#3247,#745);
#542=LINE('',#3251,#746);
#543=LINE('',#3254,#747);
#544=LINE('',#3255,#748);
#545=LINE('',#3260,#749);
#546=LINE('',#3261,#750);
#547=LINE('',#3265,#751);
#548=LINE('',#3268,#752);
#549=LINE('',#3269,#753);
#550=LINE('',#3274,#754);
#551=LINE('',#3277,#755);
#552=LINE('',#3278,#756);
#553=LINE('',#3281,#757);
#554=LINE('',#3283,#758);
#555=LINE('',#3285,#759);
#556=LINE('',#3286,#760);
#557=LINE('',#3289,#761);
#558=LINE('',#3291,#762);
#559=LINE('',#3293,#763);
#560=LINE('',#3294,#764);
#561=LINE('',#3297,#765);
#562=LINE('',#3299,#766);
#563=LINE('',#3301,#767);
#564=LINE('',#3302,#768);
#565=LINE('',#3305,#769);
#566=LINE('',#3307,#770);
#567=LINE('',#3309,#771);
#568=LINE('',#3310,#772);
#569=LINE('',#3313,#773);
#570=LINE('',#3315,#774);
#571=LINE('',#3317,#775);
#572=LINE('',#3318,#776);
#573=LINE('',#3321,#777);
#574=LINE('',#3323,#778);
#575=LINE('',#3324,#779);
#576=LINE('',#3327,#780);
#577=LINE('',#3328,#781);
#578=LINE('',#3331,#782);
#579=LINE('',#3332,#783);
#580=LINE('',#3334,#784);
#581=LINE('',#3335,#785);
#582=LINE('',#3337,#786);
#583=LINE('',#3338,#787);
#584=LINE('',#3341,#788);
#585=LINE('',#3342,#789);
#586=LINE('',#3344,#790);
#587=LINE('',#3346,#791);
#588=LINE('',#3350,#792);
#589=LINE('',#3351,#793);
#590=LINE('',#3353,#794);
#591=LINE('',#3355,#795);
#592=LINE('',#3357,#796);
#593=LINE('',#3359,#797);
#594=LINE('',#3361,#798);
#595=LINE('',#3363,#799);
#596=LINE('',#3366,#800);
#597=LINE('',#3367,#801);
#598=LINE('',#3369,#802);
#599=LINE('',#3371,#803);
#600=LINE('',#3374,#804);
#601=LINE('',#3375,#805);
#602=LINE('',#3377,#806);
#603=LINE('',#3379,#807);
#604=LINE('',#3382,#808);
#605=LINE('',#3383,#809);
#606=LINE('',#3385,#810);
#607=LINE('',#3387,#811);
#608=LINE('',#3391,#812);
#609=LINE('',#3392,#813);
#610=LINE('',#3396,#814);
#611=LINE('',#3398,#815);
#612=VECTOR('',#2038,10.);
#613=VECTOR('',#2039,10.);
#614=VECTOR('',#2042,10.);
#615=VECTOR('',#2045,10.);
#616=VECTOR('',#2048,10.);
#617=VECTOR('',#2049,10.);
#618=VECTOR('',#2050,10.);
#619=VECTOR('',#2053,10.);
#620=VECTOR('',#2054,10.);
#621=VECTOR('',#2055,10.);
#622=VECTOR('',#2058,10.);
#623=VECTOR('',#2061,10.);
#624=VECTOR('',#2064,10.);
#625=VECTOR('',#2065,10.);
#626=VECTOR('',#2066,10.);
#627=VECTOR('',#2067,10.);
#628=VECTOR('',#2070,10.);
#629=VECTOR('',#2071,10.);
#630=VECTOR('',#2072,10.);
#631=VECTOR('',#2075,10.);
#632=VECTOR('',#2078,10.);
#633=VECTOR('',#2079,10.);
#634=VECTOR('',#2082,10.);
#635=VECTOR('',#2085,10.);
#636=VECTOR('',#2086,10.);
#637=VECTOR('',#2087,10.);
#638=VECTOR('',#2090,10.);
#639=VECTOR('',#2093,10.);
#640=VECTOR('',#2096,10.);
#641=VECTOR('',#2097,10.);
#642=VECTOR('',#2098,10.);
#643=VECTOR('',#2099,10.);
#644=VECTOR('',#2102,10.);
#645=VECTOR('',#2103,10.);
#646=VECTOR('',#2106,10.);
#647=VECTOR('',#2109,10.);
#648=VECTOR('',#2110,10.);
#649=VECTOR('',#2111,10.);
#650=VECTOR('',#2114,10.);
#651=VECTOR('',#2117,10.);
#652=VECTOR('',#2120,10.);
#653=VECTOR('',#2121,10.);
#654=VECTOR('',#2122,10.);
#655=VECTOR('',#2125,10.);
#656=VECTOR('',#2126,10.);
#657=VECTOR('',#2127,10.);
#658=VECTOR('',#2130,10.);
#659=VECTOR('',#2133,10.);
#660=VECTOR('',#2136,10.);
#661=VECTOR('',#2137,10.);
#662=VECTOR('',#2138,10.);
#663=VECTOR('',#2139,10.);
#664=VECTOR('',#2142,10.);
#665=VECTOR('',#2143,10.);
#666=VECTOR('',#2144,10.);
#667=VECTOR('',#2147,10.);
#668=VECTOR('',#2148,10.);
#669=VECTOR('',#2149,10.);
#670=VECTOR('',#2152,10.);
#671=VECTOR('',#2153,10.);
#672=VECTOR('',#2154,10.);
#673=VECTOR('',#2157,10.);
#674=VECTOR('',#2158,10.);
#675=VECTOR('',#2161,10.);
#676=VECTOR('',#2162,10.);
#677=VECTOR('',#2165,10.);
#678=VECTOR('',#2166,10.);
#679=VECTOR('',#2167,10.);
#680=VECTOR('',#2168,10.);
#681=VECTOR('',#2169,10.);
#682=VECTOR('',#2172,10.);
#683=VECTOR('',#2173,10.);
#684=VECTOR('',#2174,10.);
#685=VECTOR('',#2175,10.);
#686=VECTOR('',#2178,10.);
#687=VECTOR('',#2179,10.);
#688=VECTOR('',#2180,10.);
#689=VECTOR('',#2183,10.);
#690=VECTOR('',#2184,10.);
#691=VECTOR('',#2185,10.);
#692=VECTOR('',#2188,10.);
#693=VECTOR('',#2189,10.);
#694=VECTOR('',#2192,10.);
#695=VECTOR('',#2193,10.);
#696=VECTOR('',#2206,10.);
#697=VECTOR('',#2207,10.);
#698=VECTOR('',#2208,10.);
#699=VECTOR('',#2209,10.);
#700=VECTOR('',#2210,10.);
#701=VECTOR('',#2211,10.);
#702=VECTOR('',#2212,10.);
#703=VECTOR('',#2215,10.);
#704=VECTOR('',#2218,10.);
#705=VECTOR('',#2221,10.);
#706=VECTOR('',#2224,10.);
#707=VECTOR('',#2225,10.);
#708=VECTOR('',#2226,10.);
#709=VECTOR('',#2227,10.);
#710=VECTOR('',#2228,10.);
#711=VECTOR('',#2229,10.);
#712=VECTOR('',#2230,10.);
#713=VECTOR('',#2231,10.);
#714=VECTOR('',#2232,10.);
#715=VECTOR('',#2233,10.);
#716=VECTOR('',#2234,10.);
#717=VECTOR('',#2235,10.);
#718=VECTOR('',#2238,24.5);
#719=VECTOR('',#2245,10.);
#720=VECTOR('',#2248,10.);
#721=VECTOR('',#2259,10.);
#722=VECTOR('',#2262,10.);
#723=VECTOR('',#2269,10.);
#724=VECTOR('',#2274,10.);
#725=VECTOR('',#2275,10.);
#726=VECTOR('',#2276,10.);
#727=VECTOR('',#2279,10.);
#728=VECTOR('',#2284,10.);
#729=VECTOR('',#2287,10.);
#730=VECTOR('',#2288,10.);
#731=VECTOR('',#2289,10.);
#732=VECTOR('',#2290,10.);
#733=VECTOR('',#2291,10.);
#734=VECTOR('',#2292,10.);
#735=VECTOR('',#2295,10.);
#736=VECTOR('',#2298,10.);
#737=VECTOR('',#2303,10.);
#738=VECTOR('',#2304,10.);
#739=VECTOR('',#2305,10.);
#740=VECTOR('',#2318,10.);
#741=VECTOR('',#2321,10.);
#742=VECTOR('',#2328,10.);
#743=VECTOR('',#2331,10.);
#744=VECTOR('',#2334,10.);
#745=VECTOR('',#2335,10.);
#746=VECTOR('',#2340,10.);
#747=VECTOR('',#2343,10.);
#748=VECTOR('',#2344,10.);
#749=VECTOR('',#2351,10.);
#750=VECTOR('',#2352,10.);
#751=VECTOR('',#2357,10.);
#752=VECTOR('',#2360,10.);
#753=VECTOR('',#2361,10.);
#754=VECTOR('',#2368,10.);
#755=VECTOR('',#2371,10.);
#756=VECTOR('',#2372,10.);
#757=VECTOR('',#2373,10.);
#758=VECTOR('',#2374,10.);
#759=VECTOR('',#2375,10.);
#760=VECTOR('',#2376,10.);
#761=VECTOR('',#2377,10.);
#762=VECTOR('',#2378,10.);
#763=VECTOR('',#2379,10.);
#764=VECTOR('',#2380,10.);
#765=VECTOR('',#2381,10.);
#766=VECTOR('',#2382,10.);
#767=VECTOR('',#2383,10.);
#768=VECTOR('',#2384,10.);
#769=VECTOR('',#2385,10.);
#770=VECTOR('',#2386,10.);
#771=VECTOR('',#2387,10.);
#772=VECTOR('',#2388,10.);
#773=VECTOR('',#2389,10.);
#774=VECTOR('',#2390,10.);
#775=VECTOR('',#2391,10.);
#776=VECTOR('',#2392,10.);
#777=VECTOR('',#2395,10.);
#778=VECTOR('',#2396,10.);
#779=VECTOR('',#2397,10.);
#780=VECTOR('',#2400,10.);
#781=VECTOR('',#2401,10.);
#782=VECTOR('',#2404,10.);
#783=VECTOR('',#2405,10.);
#784=VECTOR('',#2408,10.);
#785=VECTOR('',#2409,10.);
#786=VECTOR('',#2412,10.);
#787=VECTOR('',#2413,10.);
#788=VECTOR('',#2418,10.);
#789=VECTOR('',#2419,10.);
#790=VECTOR('',#2422,10.);
#791=VECTOR('',#2425,10.);
#792=VECTOR('',#2432,10.);
#793=VECTOR('',#2433,10.);
#794=VECTOR('',#2436,10.);
#795=VECTOR('',#2439,10.);
#796=VECTOR('',#2442,10.);
#797=VECTOR('',#2445,10.);
#798=VECTOR('',#2448,10.);
#799=VECTOR('',#2451,10.);
#800=VECTOR('',#2456,10.);
#801=VECTOR('',#2457,10.);
#802=VECTOR('',#2460,10.);
#803=VECTOR('',#2463,10.);
#804=VECTOR('',#2468,10.);
#805=VECTOR('',#2469,10.);
#806=VECTOR('',#2472,10.);
#807=VECTOR('',#2475,10.);
#808=VECTOR('',#2480,10.);
#809=VECTOR('',#2481,10.);
#810=VECTOR('',#2484,10.);
#811=VECTOR('',#2487,10.);
#812=VECTOR('',#2492,10.);
#813=VECTOR('',#2493,10.);
#814=VECTOR('',#2498,10.);
#815=VECTOR('',#2501,10.);
#816=(
BOUNDED_CURVE()
B_SPLINE_CURVE(2,(#2513,#2514,#2515),.UNSPECIFIED.,.F.,.F.)
B_SPLINE_CURVE_WITH_KNOTS((3,3),(0.,0.233238080087099),.UNSPECIFIED.)
CURVE()
GEOMETRIC_REPRESENTATION_ITEM()
RATIONAL_B_SPLINE_CURVE((1.,1.5,1.))
REPRESENTATION_ITEM('')
);
#817=(
BOUNDED_CURVE()
B_SPLINE_CURVE(2,(#2519,#2520,#2521),.UNSPECIFIED.,.F.,.F.)
B_SPLINE_CURVE_WITH_KNOTS((3,3),(-0.233238080087099,0.),.UNSPECIFIED.)
CURVE()
GEOMETRIC_REPRESENTATION_ITEM()
RATIONAL_B_SPLINE_CURVE((1.,1.5,1.))
REPRESENTATION_ITEM('')
);
#818=(
BOUNDED_CURVE()
B_SPLINE_CURVE(2,(#2569,#2570,#2571),.UNSPECIFIED.,.F.,.F.)
B_SPLINE_CURVE_WITH_KNOTS((3,3),(0.,0.233238086859259),.UNSPECIFIED.)
CURVE()
GEOMETRIC_REPRESENTATION_ITEM()
RATIONAL_B_SPLINE_CURVE((1.,1.5,1.))
REPRESENTATION_ITEM('')
);
#819=(
BOUNDED_CURVE()
B_SPLINE_CURVE(2,(#2574,#2575,#2576),.UNSPECIFIED.,.F.,.F.)
B_SPLINE_CURVE_WITH_KNOTS((3,3),(0.,0.233238086859259),.UNSPECIFIED.)
CURVE()
GEOMETRIC_REPRESENTATION_ITEM()
RATIONAL_B_SPLINE_CURVE((1.,1.5,1.))
REPRESENTATION_ITEM('')
);
#820=(
BOUNDED_CURVE()
B_SPLINE_CURVE(2,(#2589,#2590,#2591),.UNSPECIFIED.,.F.,.F.)
B_SPLINE_CURVE_WITH_KNOTS((3,3),(0.,0.233238086859259),.UNSPECIFIED.)
CURVE()
GEOMETRIC_REPRESENTATION_ITEM()
RATIONAL_B_SPLINE_CURVE((1.,1.5,1.))
REPRESENTATION_ITEM('')
);
#821=(
BOUNDED_CURVE()
B_SPLINE_CURVE(2,(#2595,#2596,#2597),.UNSPECIFIED.,.F.,.F.)
B_SPLINE_CURVE_WITH_KNOTS((3,3),(-0.233238086859259,0.),.UNSPECIFIED.)
CURVE()
GEOMETRIC_REPRESENTATION_ITEM()
RATIONAL_B_SPLINE_CURVE((1.,1.5,1.))
REPRESENTATION_ITEM('')
);
#822=(
BOUNDED_CURVE()
B_SPLINE_CURVE(2,(#2627,#2628,#2629),.UNSPECIFIED.,.F.,.F.)
B_SPLINE_CURVE_WITH_KNOTS((3,3),(0.,0.233238080087099),.UNSPECIFIED.)
CURVE()
GEOMETRIC_REPRESENTATION_ITEM()
RATIONAL_B_SPLINE_CURVE((1.,1.5,1.))
REPRESENTATION_ITEM('')
);
#823=(
BOUNDED_CURVE()
B_SPLINE_CURVE(2,(#2633,#2634,#2635),.UNSPECIFIED.,.F.,.F.)
B_SPLINE_CURVE_WITH_KNOTS((3,3),(0.,0.233238080087099),.UNSPECIFIED.)
CURVE()
GEOMETRIC_REPRESENTATION_ITEM()
RATIONAL_B_SPLINE_CURVE((1.,1.5,1.))
REPRESENTATION_ITEM('')
);
#824=(
BOUNDED_CURVE()
B_SPLINE_CURVE(2,(#2980,#2981,#2982),.UNSPECIFIED.,.F.,.F.)
B_SPLINE_CURVE_WITH_KNOTS((3,3),(0.445148120931395,0.448087674630891),
 .UNSPECIFIED.)
CURVE()
GEOMETRIC_REPRESENTATION_ITEM()
RATIONAL_B_SPLINE_CURVE((1.07400796328663,1.05493350410204,1.03560389973865))
REPRESENTATION_ITEM('')
);
#825=(
BOUNDED_CURVE()
B_SPLINE_CURVE(2,(#3006,#3007,#3008),.UNSPECIFIED.,.F.,.F.)
B_SPLINE_CURVE_WITH_KNOTS((3,3),(0.00268780844127367,0.00555586914317531),
 .UNSPECIFIED.)
CURVE()
GEOMETRIC_REPRESENTATION_ITEM()
RATIONAL_B_SPLINE_CURVE((1.03556222723076,1.05442198389103,1.07303885524207))
REPRESENTATION_ITEM('')
);
#826=(
BOUNDED_CURVE()
B_SPLINE_CURVE(2,(#3093,#3094,#3095),.UNSPECIFIED.,.F.,.F.)
B_SPLINE_CURVE_WITH_KNOTS((3,3),(0.,0.298921520928253),.UNSPECIFIED.)
CURVE()
GEOMETRIC_REPRESENTATION_ITEM()
RATIONAL_B_SPLINE_CURVE((1.,1.23923939806412,1.))
REPRESENTATION_ITEM('')
);
#827=(
BOUNDED_CURVE()
B_SPLINE_CURVE(2,(#3201,#3202,#3203),.UNSPECIFIED.,.F.,.F.)
B_SPLINE_CURVE_WITH_KNOTS((3,3),(0.298921520928252,0.597843041856505),
 .UNSPECIFIED.)
CURVE()
GEOMETRIC_REPRESENTATION_ITEM()
RATIONAL_B_SPLINE_CURVE((1.,1.23923939806409,1.))
REPRESENTATION_ITEM('')
);
#828=VERTEX_POINT('',#2511);
#829=VERTEX_POINT('',#2512);
#830=VERTEX_POINT('',#2516);
#831=VERTEX_POINT('',#2518);
#832=VERTEX_POINT('',#2528);
#833=VERTEX_POINT('',#2530);
#834=VERTEX_POINT('',#2534);
#835=VERTEX_POINT('',#2536);
#836=VERTEX_POINT('',#2544);
#837=VERTEX_POINT('',#2545);
#838=VERTEX_POINT('',#2547);
#839=VERTEX_POINT('',#2549);
#840=VERTEX_POINT('',#2553);
#841=VERTEX_POINT('',#2555);
#842=VERTEX_POINT('',#2568);
#843=VERTEX_POINT('',#2572);
#844=VERTEX_POINT('',#2587);
#845=VERTEX_POINT('',#2588);
#846=VERTEX_POINT('',#2592);
#847=VERTEX_POINT('',#2594);
#848=VERTEX_POINT('',#2604);
#849=VERTEX_POINT('',#2605);
#850=VERTEX_POINT('',#2607);
#851=VERTEX_POINT('',#2609);
#852=VERTEX_POINT('',#2625);
#853=VERTEX_POINT('',#2626);
#854=VERTEX_POINT('',#2630);
#855=VERTEX_POINT('',#2632);
#856=VERTEX_POINT('',#2642);
#857=VERTEX_POINT('',#2644);
#858=VERTEX_POINT('',#2648);
#859=VERTEX_POINT('',#2650);
#860=VERTEX_POINT('',#2658);
#861=VERTEX_POINT('',#2659);
#862=VERTEX_POINT('',#2661);
#863=VERTEX_POINT('',#2663);
#864=VERTEX_POINT('',#2667);
#865=VERTEX_POINT('',#2669);
#866=VERTEX_POINT('',#2673);
#867=VERTEX_POINT('',#2675);
#868=VERTEX_POINT('',#2679);
#869=VERTEX_POINT('',#2681);
#870=VERTEX_POINT('',#2685);
#871=VERTEX_POINT('',#2689);
#872=VERTEX_POINT('',#2693);
#873=VERTEX_POINT('',#2694);
#874=VERTEX_POINT('',#2696);
#875=VERTEX_POINT('',#2698);
#876=VERTEX_POINT('',#2700);
#877=VERTEX_POINT('',#2704);
#878=VERTEX_POINT('',#2706);
#879=VERTEX_POINT('',#2708);
#880=VERTEX_POINT('',#2712);
#881=VERTEX_POINT('',#2714);
#882=VERTEX_POINT('',#2718);
#883=VERTEX_POINT('',#2720);
#884=VERTEX_POINT('',#2724);
#885=VERTEX_POINT('',#2728);
#886=VERTEX_POINT('',#2732);
#887=VERTEX_POINT('',#2734);
#888=VERTEX_POINT('',#2736);
#889=VERTEX_POINT('',#2741);
#890=VERTEX_POINT('',#2742);
#891=VERTEX_POINT('',#2744);
#892=VERTEX_POINT('',#2746);
#893=VERTEX_POINT('',#2750);
#894=VERTEX_POINT('',#2751);
#895=VERTEX_POINT('',#2753);
#896=VERTEX_POINT('',#2755);
#897=VERTEX_POINT('',#2757);
#898=VERTEX_POINT('',#2759);
#899=VERTEX_POINT('',#2761);
#900=VERTEX_POINT('',#2763);
#901=VERTEX_POINT('',#2766);
#902=VERTEX_POINT('',#2767);
#903=VERTEX_POINT('',#2769);
#904=VERTEX_POINT('',#2771);
#905=VERTEX_POINT('',#2774);
#906=VERTEX_POINT('',#2775);
#907=VERTEX_POINT('',#2777);
#908=VERTEX_POINT('',#2779);
#909=VERTEX_POINT('',#2782);
#910=VERTEX_POINT('',#2783);
#911=VERTEX_POINT('',#2785);
#912=VERTEX_POINT('',#2787);
#913=VERTEX_POINT('',#2791);
#914=VERTEX_POINT('',#2800);
#915=VERTEX_POINT('',#2801);
#916=VERTEX_POINT('',#2808);
#917=VERTEX_POINT('',#2972);
#918=VERTEX_POINT('',#2979);
#919=VERTEX_POINT('',#2983);
#920=VERTEX_POINT('',#3010);
#921=VERTEX_POINT('',#3012);
#922=VERTEX_POINT('',#3014);
#923=VERTEX_POINT('',#3016);
#924=VERTEX_POINT('',#3018);
#925=VERTEX_POINT('',#3020);
#926=VERTEX_POINT('',#3040);
#927=VERTEX_POINT('',#3049);
#928=VERTEX_POINT('',#3051);
#929=VERTEX_POINT('',#3058);
#930=VERTEX_POINT('',#3081);
#931=VERTEX_POINT('',#3083);
#932=VERTEX_POINT('',#3085);
#933=VERTEX_POINT('',#3087);
#934=VERTEX_POINT('',#3091);
#935=VERTEX_POINT('',#3092);
#936=VERTEX_POINT('',#3096);
#937=VERTEX_POINT('',#3098);
#938=VERTEX_POINT('',#3102);
#939=VERTEX_POINT('',#3103);
#940=VERTEX_POINT('',#3108);
#941=VERTEX_POINT('',#3128);
#942=VERTEX_POINT('',#3136);
#943=VERTEX_POINT('',#3138);
#944=VERTEX_POINT('',#3178);
#945=VERTEX_POINT('',#3185);
#946=VERTEX_POINT('',#3187);
#947=VERTEX_POINT('',#3189);
#948=VERTEX_POINT('',#3193);
#949=VERTEX_POINT('',#3194);
#950=VERTEX_POINT('',#3199);
#951=VERTEX_POINT('',#3200);
#952=VERTEX_POINT('',#3229);
#953=VERTEX_POINT('',#3231);
#954=VERTEX_POINT('',#3233);
#955=VERTEX_POINT('',#3237);
#956=VERTEX_POINT('',#3239);
#957=VERTEX_POINT('',#3241);
#958=VERTEX_POINT('',#3245);
#959=VERTEX_POINT('',#3249);
#960=VERTEX_POINT('',#3253);
#961=VERTEX_POINT('',#3259);
#962=VERTEX_POINT('',#3263);
#963=VERTEX_POINT('',#3267);
#964=VERTEX_POINT('',#3273);
#965=VERTEX_POINT('',#3275);
#966=VERTEX_POINT('',#3279);
#967=VERTEX_POINT('',#3280);
#968=VERTEX_POINT('',#3282);
#969=VERTEX_POINT('',#3284);
#970=VERTEX_POINT('',#3287);
#971=VERTEX_POINT('',#3288);
#972=VERTEX_POINT('',#3290);
#973=VERTEX_POINT('',#3292);
#974=VERTEX_POINT('',#3295);
#975=VERTEX_POINT('',#3296);
#976=VERTEX_POINT('',#3298);
#977=VERTEX_POINT('',#3300);
#978=VERTEX_POINT('',#3303);
#979=VERTEX_POINT('',#3304);
#980=VERTEX_POINT('',#3306);
#981=VERTEX_POINT('',#3308);
#982=VERTEX_POINT('',#3311);
#983=VERTEX_POINT('',#3312);
#984=VERTEX_POINT('',#3314);
#985=VERTEX_POINT('',#3316);
#986=VERTEX_POINT('',#3320);
#987=VERTEX_POINT('',#3322);
#988=VERTEX_POINT('',#3326);
#989=VERTEX_POINT('',#3330);
#990=VERTEX_POINT('',#3390);
#991=VERTEX_POINT('',#3394);
#992=EDGE_CURVE('',#828,#829,#816,.T.);
#993=EDGE_CURVE('',#830,#828,#408,.T.);
#994=EDGE_CURVE('',#831,#830,#817,.T.);
#995=EDGE_CURVE('',#829,#831,#409,.T.);
#996=EDGE_CURVE('',#828,#829,#410,.T.);
#997=EDGE_CURVE('',#831,#830,#411,.T.);
#998=EDGE_CURVE('',#828,#832,#412,.T.);
#999=EDGE_CURVE('',#832,#833,#413,.T.);
#1000=EDGE_CURVE('',#830,#833,#414,.T.);
#1001=EDGE_CURVE('',#832,#834,#415,.T.);
#1002=EDGE_CURVE('',#835,#834,#416,.T.);
#1003=EDGE_CURVE('',#833,#835,#417,.T.);
#1004=EDGE_CURVE('',#834,#828,#418,.T.);
#1005=EDGE_CURVE('',#830,#835,#419,.T.);
#1006=EDGE_CURVE('',#836,#837,#420,.T.);
#1007=EDGE_CURVE('',#837,#838,#421,.T.);
#1008=EDGE_CURVE('',#839,#838,#422,.T.);
#1009=EDGE_CURVE('',#836,#839,#423,.T.);
#1010=EDGE_CURVE('',#840,#836,#424,.T.);
#1011=EDGE_CURVE('',#841,#839,#425,.T.);
#1012=EDGE_CURVE('',#840,#841,#426,.T.);
#1013=EDGE_CURVE('',#837,#840,#427,.T.);
#1014=EDGE_CURVE('',#841,#838,#428,.T.);
#1015=EDGE_CURVE('',#837,#842,#818,.T.);
#1016=EDGE_CURVE('',#843,#842,#429,.T.);
#1017=EDGE_CURVE('',#838,#843,#819,.T.);
#1018=EDGE_CURVE('',#842,#837,#430,.T.);
#1019=EDGE_CURVE('',#838,#843,#431,.T.);
#1020=EDGE_CURVE('',#844,#845,#820,.T.);
#1021=EDGE_CURVE('',#846,#844,#432,.T.);
#1022=EDGE_CURVE('',#847,#846,#821,.T.);
#1023=EDGE_CURVE('',#845,#847,#433,.T.);
#1024=EDGE_CURVE('',#847,#846,#434,.T.);
#1025=EDGE_CURVE('',#844,#845,#435,.T.);
#1026=EDGE_CURVE('',#848,#849,#436,.T.);
#1027=EDGE_CURVE('',#850,#848,#437,.T.);
#1028=EDGE_CURVE('',#851,#850,#438,.T.);
#1029=EDGE_CURVE('',#849,#851,#439,.T.);
#1030=EDGE_CURVE('',#849,#844,#440,.T.);
#1031=EDGE_CURVE('',#846,#851,#441,.T.);
#1032=EDGE_CURVE('',#846,#850,#442,.T.);
#1033=EDGE_CURVE('',#848,#844,#443,.T.);
#1034=EDGE_CURVE('',#852,#853,#822,.T.);
#1035=EDGE_CURVE('',#854,#853,#444,.T.);
#1036=EDGE_CURVE('',#855,#854,#823,.T.);
#1037=EDGE_CURVE('',#852,#855,#445,.T.);
#1038=EDGE_CURVE('',#855,#854,#446,.T.);
#1039=EDGE_CURVE('',#853,#852,#447,.T.);
#1040=EDGE_CURVE('',#852,#856,#448,.T.);
#1041=EDGE_CURVE('',#857,#855,#449,.T.);
#1042=EDGE_CURVE('',#856,#857,#450,.T.);
#1043=EDGE_CURVE('',#856,#858,#451,.T.);
#1044=EDGE_CURVE('',#859,#857,#452,.T.);
#1045=EDGE_CURVE('',#858,#859,#453,.T.);
#1046=EDGE_CURVE('',#859,#855,#454,.T.);
#1047=EDGE_CURVE('',#852,#858,#455,.T.);
#1048=EDGE_CURVE('',#860,#861,#456,.T.);
#1049=EDGE_CURVE('',#861,#862,#457,.F.);
#1050=EDGE_CURVE('',#862,#863,#458,.T.);
#1051=EDGE_CURVE('',#863,#860,#459,.T.);
#1052=EDGE_CURVE('',#864,#860,#460,.T.);
#1053=EDGE_CURVE('',#863,#865,#461,.T.);
#1054=EDGE_CURVE('',#865,#864,#462,.T.);
#1055=EDGE_CURVE('',#865,#866,#463,.T.);
#1056=EDGE_CURVE('',#866,#867,#464,.F.);
#1057=EDGE_CURVE('',#867,#864,#465,.T.);
#1058=EDGE_CURVE('',#868,#860,#466,.T.);
#1059=EDGE_CURVE('',#869,#868,#467,.T.);
#1060=EDGE_CURVE('',#861,#869,#468,.T.);
#1061=EDGE_CURVE('',#864,#870,#469,.T.);
#1062=EDGE_CURVE('',#868,#870,#470,.T.);
#1063=EDGE_CURVE('',#867,#871,#471,.T.);
#1064=EDGE_CURVE('',#870,#871,#472,.T.);
#1065=EDGE_CURVE('',#872,#873,#473,.T.);
#1066=EDGE_CURVE('',#873,#874,#474,.T.);
#1067=EDGE_CURVE('',#874,#875,#475,.T.);
#1068=EDGE_CURVE('',#875,#876,#476,.F.);
#1069=EDGE_CURVE('',#876,#872,#477,.T.);
#1070=EDGE_CURVE('',#873,#877,#478,.T.);
#1071=EDGE_CURVE('',#877,#878,#479,.T.);
#1072=EDGE_CURVE('',#878,#879,#480,.T.);
#1073=EDGE_CURVE('',#879,#874,#481,.T.);
#1074=EDGE_CURVE('',#878,#880,#482,.T.);
#1075=EDGE_CURVE('',#880,#881,#483,.F.);
#1076=EDGE_CURVE('',#881,#879,#484,.T.);
#1077=EDGE_CURVE('',#874,#882,#485,.T.);
#1078=EDGE_CURVE('',#883,#882,#486,.T.);
#1079=EDGE_CURVE('',#875,#883,#487,.T.);
#1080=EDGE_CURVE('',#879,#884,#488,.T.);
#1081=EDGE_CURVE('',#882,#884,#489,.T.);
#1082=EDGE_CURVE('',#885,#881,#490,.T.);
#1083=EDGE_CURVE('',#884,#885,#491,.T.);
#1084=EDGE_CURVE('',#886,#886,#65,.T.);
#1085=EDGE_CURVE('',#886,#887,#66,.T.);
#1086=EDGE_CURVE('',#887,#888,#67,.T.);
#1087=EDGE_CURVE('',#888,#887,#68,.T.);
#1088=EDGE_CURVE('',#885,#883,#492,.T.);
#1089=EDGE_CURVE('',#889,#890,#493,.T.);
#1090=EDGE_CURVE('',#890,#891,#494,.T.);
#1091=EDGE_CURVE('',#891,#892,#495,.T.);
#1092=EDGE_CURVE('',#892,#889,#496,.T.);
#1093=EDGE_CURVE('',#871,#869,#497,.T.);
#1094=EDGE_CURVE('',#893,#894,#498,.T.);
#1095=EDGE_CURVE('',#894,#895,#69,.T.);
#1096=EDGE_CURVE('',#895,#896,#499,.T.);
#1097=EDGE_CURVE('',#896,#897,#70,.T.);
#1098=EDGE_CURVE('',#897,#898,#500,.T.);
#1099=EDGE_CURVE('',#898,#899,#71,.T.);
#1100=EDGE_CURVE('',#899,#900,#501,.T.);
#1101=EDGE_CURVE('',#900,#893,#72,.T.);
#1102=EDGE_CURVE('',#901,#902,#502,.T.);
#1103=EDGE_CURVE('',#902,#903,#503,.T.);
#1104=EDGE_CURVE('',#903,#904,#504,.T.);
#1105=EDGE_CURVE('',#904,#901,#505,.T.);
#1106=EDGE_CURVE('',#905,#906,#506,.T.);
#1107=EDGE_CURVE('',#906,#907,#507,.T.);
#1108=EDGE_CURVE('',#907,#908,#508,.T.);
#1109=EDGE_CURVE('',#908,#905,#509,.T.);
#1110=EDGE_CURVE('',#909,#910,#510,.T.);
#1111=EDGE_CURVE('',#910,#911,#511,.T.);
#1112=EDGE_CURVE('',#911,#912,#512,.T.);
#1113=EDGE_CURVE('',#912,#909,#513,.T.);
#1114=EDGE_CURVE('',#888,#913,#514,.T.);
#1115=EDGE_CURVE('',#913,#913,#73,.T.);
#1116=EDGE_CURVE('',#914,#915,#23,.T.);
#1117=EDGE_CURVE('',#914,#916,#24,.T.);
#1118=EDGE_CURVE('',#917,#916,#25,.T.);
#1119=EDGE_CURVE('',#918,#917,#824,.T.);
#1120=EDGE_CURVE('',#919,#918,#26,.T.);
#1121=EDGE_CURVE('',#915,#919,#825,.T.);
#1122=EDGE_CURVE('',#920,#916,#74,.T.);
#1123=EDGE_CURVE('',#920,#921,#515,.T.);
#1124=EDGE_CURVE('',#921,#922,#75,.T.);
#1125=EDGE_CURVE('',#922,#923,#516,.T.);
#1126=EDGE_CURVE('',#923,#924,#76,.T.);
#1127=EDGE_CURVE('',#925,#924,#27,.F.);
#1128=EDGE_CURVE('',#926,#925,#28,.F.);
#1129=EDGE_CURVE('',#926,#917,#77,.T.);
#1130=EDGE_CURVE('',#915,#927,#78,.T.);
#1131=EDGE_CURVE('',#928,#927,#29,.F.);
#1132=EDGE_CURVE('',#929,#928,#30,.F.);
#1133=EDGE_CURVE('',#929,#930,#79,.T.);
#1134=EDGE_CURVE('',#930,#931,#517,.T.);
#1135=EDGE_CURVE('',#931,#932,#80,.T.);
#1136=EDGE_CURVE('',#932,#933,#518,.T.);
#1137=EDGE_CURVE('',#914,#933,#81,.T.);
#1138=EDGE_CURVE('',#934,#935,#826,.T.);
#1139=EDGE_CURVE('',#935,#936,#82,.T.);
#1140=EDGE_CURVE('',#936,#937,#519,.T.);
#1141=EDGE_CURVE('',#937,#934,#83,.T.);
#1142=EDGE_CURVE('',#938,#939,#520,.T.);
#1143=EDGE_CURVE('',#939,#937,#521,.T.);
#1144=EDGE_CURVE('',#936,#938,#522,.T.);
#1145=EDGE_CURVE('',#940,#924,#523,.T.);
#1146=EDGE_CURVE('',#924,#939,#84,.T.);
#1147=EDGE_CURVE('',#938,#940,#85,.T.);
#1148=EDGE_CURVE('',#940,#941,#31,.T.);
#1149=EDGE_CURVE('',#941,#925,#524,.T.);
#1150=EDGE_CURVE('',#918,#926,#525,.T.);
#1151=EDGE_CURVE('',#926,#942,#526,.T.);
#1152=EDGE_CURVE('',#942,#943,#527,.T.);
#1153=EDGE_CURVE('',#943,#927,#528,.T.);
#1154=EDGE_CURVE('',#927,#919,#529,.T.);
#1155=EDGE_CURVE('',#941,#942,#32,.T.);
#1156=EDGE_CURVE('',#943,#944,#33,.T.);
#1157=EDGE_CURVE('',#944,#928,#530,.T.);
#1158=EDGE_CURVE('',#929,#945,#531,.T.);
#1159=EDGE_CURVE('',#945,#946,#86,.T.);
#1160=EDGE_CURVE('',#946,#947,#532,.T.);
#1161=EDGE_CURVE('',#947,#929,#87,.T.);
#1162=EDGE_CURVE('',#948,#949,#533,.T.);
#1163=EDGE_CURVE('',#949,#947,#534,.T.);
#1164=EDGE_CURVE('',#946,#948,#535,.T.);
#1165=EDGE_CURVE('',#950,#951,#827,.T.);
#1166=EDGE_CURVE('',#951,#949,#88,.T.);
#1167=EDGE_CURVE('',#948,#950,#89,.T.);
#1168=EDGE_CURVE('',#944,#945,#34,.T.);
#1169=EDGE_CURVE('',#951,#952,#536,.T.);
#1170=EDGE_CURVE('',#952,#953,#90,.T.);
#1171=EDGE_CURVE('',#953,#954,#537,.T.);
#1172=EDGE_CURVE('',#954,#930,#91,.T.);
#1173=EDGE_CURVE('',#923,#955,#92,.T.);
#1174=EDGE_CURVE('',#955,#956,#538,.T.);
#1175=EDGE_CURVE('',#956,#957,#93,.T.);
#1176=EDGE_CURVE('',#957,#934,#539,.T.);
#1177=EDGE_CURVE('',#958,#950,#540,.T.);
#1178=EDGE_CURVE('',#958,#952,#541,.T.);
#1179=EDGE_CURVE('',#931,#959,#94,.T.);
#1180=EDGE_CURVE('',#959,#954,#542,.T.);
#1181=EDGE_CURVE('',#959,#960,#543,.T.);
#1182=EDGE_CURVE('',#960,#953,#544,.T.);
#1183=EDGE_CURVE('',#960,#958,#95,.T.);
#1184=EDGE_CURVE('',#961,#957,#545,.T.);
#1185=EDGE_CURVE('',#935,#961,#546,.T.);
#1186=EDGE_CURVE('',#961,#962,#96,.T.);
#1187=EDGE_CURVE('',#962,#956,#547,.T.);
#1188=EDGE_CURVE('',#962,#963,#548,.T.);
#1189=EDGE_CURVE('',#963,#955,#549,.T.);
#1190=EDGE_CURVE('',#963,#922,#97,.T.);
#1191=EDGE_CURVE('',#964,#921,#550,.T.);
#1192=EDGE_CURVE('',#965,#964,#98,.T.);
#1193=EDGE_CURVE('',#932,#965,#551,.T.);
#1194=EDGE_CURVE('',#935,#950,#552,.T.);
#1195=EDGE_CURVE('',#966,#967,#553,.T.);
#1196=EDGE_CURVE('',#968,#966,#554,.T.);
#1197=EDGE_CURVE('',#969,#968,#555,.T.);
#1198=EDGE_CURVE('',#967,#969,#556,.T.);
#1199=EDGE_CURVE('',#970,#971,#557,.T.);
#1200=EDGE_CURVE('',#972,#970,#558,.T.);
#1201=EDGE_CURVE('',#973,#972,#559,.T.);
#1202=EDGE_CURVE('',#971,#973,#560,.T.);
#1203=EDGE_CURVE('',#974,#975,#561,.T.);
#1204=EDGE_CURVE('',#976,#974,#562,.T.);
#1205=EDGE_CURVE('',#977,#976,#563,.T.);
#1206=EDGE_CURVE('',#975,#977,#564,.T.);
#1207=EDGE_CURVE('',#978,#979,#565,.T.);
#1208=EDGE_CURVE('',#980,#978,#566,.T.);
#1209=EDGE_CURVE('',#981,#980,#567,.T.);
#1210=EDGE_CURVE('',#979,#981,#568,.T.);
#1211=EDGE_CURVE('',#982,#983,#569,.T.);
#1212=EDGE_CURVE('',#983,#984,#570,.T.);
#1213=EDGE_CURVE('',#984,#985,#571,.T.);
#1214=EDGE_CURVE('',#985,#982,#572,.T.);
#1215=EDGE_CURVE('',#982,#986,#573,.T.);
#1216=EDGE_CURVE('',#987,#986,#574,.T.);
#1217=EDGE_CURVE('',#983,#987,#575,.T.);
#1218=EDGE_CURVE('',#988,#987,#576,.T.);
#1219=EDGE_CURVE('',#984,#988,#577,.T.);
#1220=EDGE_CURVE('',#989,#988,#578,.T.);
#1221=EDGE_CURVE('',#985,#989,#579,.T.);
#1222=EDGE_CURVE('',#986,#872,#580,.T.);
#1223=EDGE_CURVE('',#877,#989,#581,.T.);
#1224=EDGE_CURVE('',#876,#880,#582,.T.);
#1225=EDGE_CURVE('',#862,#866,#583,.T.);
#1226=EDGE_CURVE('',#978,#889,#584,.T.);
#1227=EDGE_CURVE('',#980,#892,#585,.T.);
#1228=EDGE_CURVE('',#981,#891,#586,.T.);
#1229=EDGE_CURVE('',#979,#890,#587,.T.);
#1230=EDGE_CURVE('',#893,#944,#588,.T.);
#1231=EDGE_CURVE('',#946,#900,#589,.T.);
#1232=EDGE_CURVE('',#948,#899,#590,.T.);
#1233=EDGE_CURVE('',#950,#898,#591,.T.);
#1234=EDGE_CURVE('',#935,#897,#592,.T.);
#1235=EDGE_CURVE('',#936,#896,#593,.T.);
#1236=EDGE_CURVE('',#938,#895,#594,.T.);
#1237=EDGE_CURVE('',#941,#894,#595,.T.);
#1238=EDGE_CURVE('',#974,#901,#596,.T.);
#1239=EDGE_CURVE('',#976,#904,#597,.T.);
#1240=EDGE_CURVE('',#977,#903,#598,.T.);
#1241=EDGE_CURVE('',#975,#902,#599,.T.);
#1242=EDGE_CURVE('',#970,#905,#600,.T.);
#1243=EDGE_CURVE('',#972,#908,#601,.T.);
#1244=EDGE_CURVE('',#973,#907,#602,.T.);
#1245=EDGE_CURVE('',#971,#906,#603,.T.);
#1246=EDGE_CURVE('',#966,#909,#604,.T.);
#1247=EDGE_CURVE('',#968,#912,#605,.T.);
#1248=EDGE_CURVE('',#969,#911,#606,.T.);
#1249=EDGE_CURVE('',#967,#910,#607,.T.);
#1250=EDGE_CURVE('',#990,#920,#608,.T.);
#1251=EDGE_CURVE('',#964,#990,#609,.T.);
#1252=EDGE_CURVE('',#991,#990,#99,.T.);
#1253=EDGE_CURVE('',#991,#965,#610,.T.);
#1254=EDGE_CURVE('',#991,#933,#611,.T.);
#1255=ORIENTED_EDGE('',*,*,#992,.F.);
#1256=ORIENTED_EDGE('',*,*,#993,.F.);
#1257=ORIENTED_EDGE('',*,*,#994,.F.);
#1258=ORIENTED_EDGE('',*,*,#995,.F.);
#1259=ORIENTED_EDGE('',*,*,#992,.T.);
#1260=ORIENTED_EDGE('',*,*,#996,.F.);
#1261=ORIENTED_EDGE('',*,*,#994,.T.);
#1262=ORIENTED_EDGE('',*,*,#997,.F.);
#1263=ORIENTED_EDGE('',*,*,#998,.T.);
#1264=ORIENTED_EDGE('',*,*,#999,.T.);
#1265=ORIENTED_EDGE('',*,*,#1000,.F.);
#1266=ORIENTED_EDGE('',*,*,#993,.T.);
#1267=ORIENTED_EDGE('',*,*,#1001,.T.);
#1268=ORIENTED_EDGE('',*,*,#1002,.F.);
#1269=ORIENTED_EDGE('',*,*,#1003,.F.);
#1270=ORIENTED_EDGE('',*,*,#999,.F.);
#1271=ORIENTED_EDGE('',*,*,#1001,.F.);
#1272=ORIENTED_EDGE('',*,*,#998,.F.);
#1273=ORIENTED_EDGE('',*,*,#1004,.F.);
#1274=ORIENTED_EDGE('',*,*,#1003,.T.);
#1275=ORIENTED_EDGE('',*,*,#1005,.F.);
#1276=ORIENTED_EDGE('',*,*,#1000,.T.);
#1277=ORIENTED_EDGE('',*,*,#1006,.T.);
#1278=ORIENTED_EDGE('',*,*,#1007,.T.);
#1279=ORIENTED_EDGE('',*,*,#1008,.F.);
#1280=ORIENTED_EDGE('',*,*,#1009,.F.);
#1281=ORIENTED_EDGE('',*,*,#1010,.T.);
#1282=ORIENTED_EDGE('',*,*,#1009,.T.);
#1283=ORIENTED_EDGE('',*,*,#1011,.F.);
#1284=ORIENTED_EDGE('',*,*,#1012,.F.);
#1285=ORIENTED_EDGE('',*,*,#1013,.F.);
#1286=ORIENTED_EDGE('',*,*,#1006,.F.);
#1287=ORIENTED_EDGE('',*,*,#1010,.F.);
#1288=ORIENTED_EDGE('',*,*,#1014,.F.);
#1289=ORIENTED_EDGE('',*,*,#1011,.T.);
#1290=ORIENTED_EDGE('',*,*,#1008,.T.);
#1291=ORIENTED_EDGE('',*,*,#1015,.T.);
#1292=ORIENTED_EDGE('',*,*,#1016,.F.);
#1293=ORIENTED_EDGE('',*,*,#1017,.F.);
#1294=ORIENTED_EDGE('',*,*,#1007,.F.);
#1295=ORIENTED_EDGE('',*,*,#1018,.F.);
#1296=ORIENTED_EDGE('',*,*,#1015,.F.);
#1297=ORIENTED_EDGE('',*,*,#1019,.F.);
#1298=ORIENTED_EDGE('',*,*,#1017,.T.);
#1299=ORIENTED_EDGE('',*,*,#1020,.F.);
#1300=ORIENTED_EDGE('',*,*,#1021,.F.);
#1301=ORIENTED_EDGE('',*,*,#1022,.F.);
#1302=ORIENTED_EDGE('',*,*,#1023,.F.);
#1303=ORIENTED_EDGE('',*,*,#1024,.F.);
#1304=ORIENTED_EDGE('',*,*,#1022,.T.);
#1305=ORIENTED_EDGE('',*,*,#1025,.F.);
#1306=ORIENTED_EDGE('',*,*,#1020,.T.);
#1307=ORIENTED_EDGE('',*,*,#1026,.F.);
#1308=ORIENTED_EDGE('',*,*,#1027,.F.);
#1309=ORIENTED_EDGE('',*,*,#1028,.F.);
#1310=ORIENTED_EDGE('',*,*,#1029,.F.);
#1311=ORIENTED_EDGE('',*,*,#1030,.F.);
#1312=ORIENTED_EDGE('',*,*,#1029,.T.);
#1313=ORIENTED_EDGE('',*,*,#1031,.F.);
#1314=ORIENTED_EDGE('',*,*,#1021,.T.);
#1315=ORIENTED_EDGE('',*,*,#1032,.F.);
#1316=ORIENTED_EDGE('',*,*,#1031,.T.);
#1317=ORIENTED_EDGE('',*,*,#1028,.T.);
#1318=ORIENTED_EDGE('',*,*,#1033,.F.);
#1319=ORIENTED_EDGE('',*,*,#1026,.T.);
#1320=ORIENTED_EDGE('',*,*,#1030,.T.);
#1321=ORIENTED_EDGE('',*,*,#1034,.T.);
#1322=ORIENTED_EDGE('',*,*,#1035,.F.);
#1323=ORIENTED_EDGE('',*,*,#1036,.F.);
#1324=ORIENTED_EDGE('',*,*,#1037,.F.);
#1325=ORIENTED_EDGE('',*,*,#1036,.T.);
#1326=ORIENTED_EDGE('',*,*,#1038,.F.);
#1327=ORIENTED_EDGE('',*,*,#1034,.F.);
#1328=ORIENTED_EDGE('',*,*,#1039,.F.);
#1329=ORIENTED_EDGE('',*,*,#1040,.F.);
#1330=ORIENTED_EDGE('',*,*,#1037,.T.);
#1331=ORIENTED_EDGE('',*,*,#1041,.F.);
#1332=ORIENTED_EDGE('',*,*,#1042,.F.);
#1333=ORIENTED_EDGE('',*,*,#1043,.F.);
#1334=ORIENTED_EDGE('',*,*,#1042,.T.);
#1335=ORIENTED_EDGE('',*,*,#1044,.F.);
#1336=ORIENTED_EDGE('',*,*,#1045,.F.);
#1337=ORIENTED_EDGE('',*,*,#1044,.T.);
#1338=ORIENTED_EDGE('',*,*,#1041,.T.);
#1339=ORIENTED_EDGE('',*,*,#1046,.F.);
#1340=ORIENTED_EDGE('',*,*,#1043,.T.);
#1341=ORIENTED_EDGE('',*,*,#1047,.F.);
#1342=ORIENTED_EDGE('',*,*,#1040,.T.);
#1343=ORIENTED_EDGE('',*,*,#1048,.T.);
#1344=ORIENTED_EDGE('',*,*,#1049,.T.);
#1345=ORIENTED_EDGE('',*,*,#1050,.T.);
#1346=ORIENTED_EDGE('',*,*,#1051,.T.);
#1347=ORIENTED_EDGE('',*,*,#1052,.T.);
#1348=ORIENTED_EDGE('',*,*,#1051,.F.);
#1349=ORIENTED_EDGE('',*,*,#1053,.T.);
#1350=ORIENTED_EDGE('',*,*,#1054,.T.);
#1351=ORIENTED_EDGE('',*,*,#1055,.T.);
#1352=ORIENTED_EDGE('',*,*,#1056,.T.);
#1353=ORIENTED_EDGE('',*,*,#1057,.T.);
#1354=ORIENTED_EDGE('',*,*,#1054,.F.);
#1355=ORIENTED_EDGE('',*,*,#1048,.F.);
#1356=ORIENTED_EDGE('',*,*,#1058,.F.);
#1357=ORIENTED_EDGE('',*,*,#1059,.F.);
#1358=ORIENTED_EDGE('',*,*,#1060,.F.);
#1359=ORIENTED_EDGE('',*,*,#1052,.F.);
#1360=ORIENTED_EDGE('',*,*,#1061,.T.);
#1361=ORIENTED_EDGE('',*,*,#1062,.F.);
#1362=ORIENTED_EDGE('',*,*,#1058,.T.);
#1363=ORIENTED_EDGE('',*,*,#1057,.F.);
#1364=ORIENTED_EDGE('',*,*,#1063,.T.);
#1365=ORIENTED_EDGE('',*,*,#1064,.F.);
#1366=ORIENTED_EDGE('',*,*,#1061,.F.);
#1367=ORIENTED_EDGE('',*,*,#1065,.T.);
#1368=ORIENTED_EDGE('',*,*,#1066,.T.);
#1369=ORIENTED_EDGE('',*,*,#1067,.T.);
#1370=ORIENTED_EDGE('',*,*,#1068,.T.);
#1371=ORIENTED_EDGE('',*,*,#1069,.T.);
#1372=ORIENTED_EDGE('',*,*,#1070,.T.);
#1373=ORIENTED_EDGE('',*,*,#1071,.T.);
#1374=ORIENTED_EDGE('',*,*,#1072,.T.);
#1375=ORIENTED_EDGE('',*,*,#1073,.T.);
#1376=ORIENTED_EDGE('',*,*,#1066,.F.);
#1377=ORIENTED_EDGE('',*,*,#1074,.T.);
#1378=ORIENTED_EDGE('',*,*,#1075,.T.);
#1379=ORIENTED_EDGE('',*,*,#1076,.T.);
#1380=ORIENTED_EDGE('',*,*,#1072,.F.);
#1381=ORIENTED_EDGE('',*,*,#1067,.F.);
#1382=ORIENTED_EDGE('',*,*,#1077,.T.);
#1383=ORIENTED_EDGE('',*,*,#1078,.F.);
#1384=ORIENTED_EDGE('',*,*,#1079,.F.);
#1385=ORIENTED_EDGE('',*,*,#1073,.F.);
#1386=ORIENTED_EDGE('',*,*,#1080,.T.);
#1387=ORIENTED_EDGE('',*,*,#1081,.F.);
#1388=ORIENTED_EDGE('',*,*,#1077,.F.);
#1389=ORIENTED_EDGE('',*,*,#1076,.F.);
#1390=ORIENTED_EDGE('',*,*,#1082,.F.);
#1391=ORIENTED_EDGE('',*,*,#1083,.F.);
#1392=ORIENTED_EDGE('',*,*,#1080,.F.);
#1393=ORIENTED_EDGE('',*,*,#1084,.T.);
#1394=ORIENTED_EDGE('',*,*,#1085,.T.);
#1395=ORIENTED_EDGE('',*,*,#1086,.T.);
#1396=ORIENTED_EDGE('',*,*,#1087,.T.);
#1397=ORIENTED_EDGE('',*,*,#1085,.F.);
#1398=ORIENTED_EDGE('',*,*,#1084,.F.);
#1399=ORIENTED_EDGE('',*,*,#1088,.T.);
#1400=ORIENTED_EDGE('',*,*,#1078,.T.);
#1401=ORIENTED_EDGE('',*,*,#1081,.T.);
#1402=ORIENTED_EDGE('',*,*,#1083,.T.);
#1403=ORIENTED_EDGE('',*,*,#1089,.T.);
#1404=ORIENTED_EDGE('',*,*,#1090,.T.);
#1405=ORIENTED_EDGE('',*,*,#1091,.T.);
#1406=ORIENTED_EDGE('',*,*,#1092,.T.);
#1407=ORIENTED_EDGE('',*,*,#1062,.T.);
#1408=ORIENTED_EDGE('',*,*,#1064,.T.);
#1409=ORIENTED_EDGE('',*,*,#1093,.T.);
#1410=ORIENTED_EDGE('',*,*,#1059,.T.);
#1411=ORIENTED_EDGE('',*,*,#1094,.T.);
#1412=ORIENTED_EDGE('',*,*,#1095,.T.);
#1413=ORIENTED_EDGE('',*,*,#1096,.T.);
#1414=ORIENTED_EDGE('',*,*,#1097,.T.);
#1415=ORIENTED_EDGE('',*,*,#1098,.T.);
#1416=ORIENTED_EDGE('',*,*,#1099,.T.);
#1417=ORIENTED_EDGE('',*,*,#1100,.T.);
#1418=ORIENTED_EDGE('',*,*,#1101,.T.);
#1419=ORIENTED_EDGE('',*,*,#1102,.T.);
#1420=ORIENTED_EDGE('',*,*,#1103,.T.);
#1421=ORIENTED_EDGE('',*,*,#1104,.T.);
#1422=ORIENTED_EDGE('',*,*,#1105,.T.);
#1423=ORIENTED_EDGE('',*,*,#1106,.T.);
#1424=ORIENTED_EDGE('',*,*,#1107,.T.);
#1425=ORIENTED_EDGE('',*,*,#1108,.T.);
#1426=ORIENTED_EDGE('',*,*,#1109,.T.);
#1427=ORIENTED_EDGE('',*,*,#1110,.T.);
#1428=ORIENTED_EDGE('',*,*,#1111,.T.);
#1429=ORIENTED_EDGE('',*,*,#1112,.T.);
#1430=ORIENTED_EDGE('',*,*,#1113,.T.);
#1431=ORIENTED_EDGE('',*,*,#1087,.F.);
#1432=ORIENTED_EDGE('',*,*,#1114,.T.);
#1433=ORIENTED_EDGE('',*,*,#1115,.F.);
#1434=ORIENTED_EDGE('',*,*,#1114,.F.);
#1435=ORIENTED_EDGE('',*,*,#1086,.F.);
#1436=ORIENTED_EDGE('',*,*,#1116,.F.);
#1437=ORIENTED_EDGE('',*,*,#1117,.T.);
#1438=ORIENTED_EDGE('',*,*,#1118,.F.);
#1439=ORIENTED_EDGE('',*,*,#1119,.F.);
#1440=ORIENTED_EDGE('',*,*,#1120,.F.);
#1441=ORIENTED_EDGE('',*,*,#1121,.F.);
#1442=ORIENTED_EDGE('',*,*,#1118,.T.);
#1443=ORIENTED_EDGE('',*,*,#1122,.F.);
#1444=ORIENTED_EDGE('',*,*,#1123,.T.);
#1445=ORIENTED_EDGE('',*,*,#1124,.T.);
#1446=ORIENTED_EDGE('',*,*,#1125,.T.);
#1447=ORIENTED_EDGE('',*,*,#1126,.T.);
#1448=ORIENTED_EDGE('',*,*,#1127,.F.);
#1449=ORIENTED_EDGE('',*,*,#1128,.F.);
#1450=ORIENTED_EDGE('',*,*,#1129,.T.);
#1451=ORIENTED_EDGE('',*,*,#1116,.T.);
#1452=ORIENTED_EDGE('',*,*,#1130,.T.);
#1453=ORIENTED_EDGE('',*,*,#1131,.F.);
#1454=ORIENTED_EDGE('',*,*,#1132,.F.);
#1455=ORIENTED_EDGE('',*,*,#1133,.T.);
#1456=ORIENTED_EDGE('',*,*,#1134,.T.);
#1457=ORIENTED_EDGE('',*,*,#1135,.T.);
#1458=ORIENTED_EDGE('',*,*,#1136,.T.);
#1459=ORIENTED_EDGE('',*,*,#1137,.F.);
#1460=ORIENTED_EDGE('',*,*,#1138,.T.);
#1461=ORIENTED_EDGE('',*,*,#1139,.T.);
#1462=ORIENTED_EDGE('',*,*,#1140,.T.);
#1463=ORIENTED_EDGE('',*,*,#1141,.T.);
#1464=ORIENTED_EDGE('',*,*,#1142,.T.);
#1465=ORIENTED_EDGE('',*,*,#1143,.T.);
#1466=ORIENTED_EDGE('',*,*,#1140,.F.);
#1467=ORIENTED_EDGE('',*,*,#1144,.T.);
#1468=ORIENTED_EDGE('',*,*,#1145,.T.);
#1469=ORIENTED_EDGE('',*,*,#1146,.T.);
#1470=ORIENTED_EDGE('',*,*,#1142,.F.);
#1471=ORIENTED_EDGE('',*,*,#1147,.T.);
#1472=ORIENTED_EDGE('',*,*,#1127,.T.);
#1473=ORIENTED_EDGE('',*,*,#1145,.F.);
#1474=ORIENTED_EDGE('',*,*,#1148,.T.);
#1475=ORIENTED_EDGE('',*,*,#1149,.T.);
#1476=ORIENTED_EDGE('',*,*,#1120,.T.);
#1477=ORIENTED_EDGE('',*,*,#1150,.T.);
#1478=ORIENTED_EDGE('',*,*,#1151,.T.);
#1479=ORIENTED_EDGE('',*,*,#1152,.T.);
#1480=ORIENTED_EDGE('',*,*,#1153,.T.);
#1481=ORIENTED_EDGE('',*,*,#1154,.T.);
#1482=ORIENTED_EDGE('',*,*,#1128,.T.);
#1483=ORIENTED_EDGE('',*,*,#1149,.F.);
#1484=ORIENTED_EDGE('',*,*,#1155,.T.);
#1485=ORIENTED_EDGE('',*,*,#1151,.F.);
#1486=ORIENTED_EDGE('',*,*,#1131,.T.);
#1487=ORIENTED_EDGE('',*,*,#1153,.F.);
#1488=ORIENTED_EDGE('',*,*,#1156,.T.);
#1489=ORIENTED_EDGE('',*,*,#1157,.T.);
#1490=ORIENTED_EDGE('',*,*,#1158,.T.);
#1491=ORIENTED_EDGE('',*,*,#1159,.T.);
#1492=ORIENTED_EDGE('',*,*,#1160,.T.);
#1493=ORIENTED_EDGE('',*,*,#1161,.T.);
#1494=ORIENTED_EDGE('',*,*,#1162,.T.);
#1495=ORIENTED_EDGE('',*,*,#1163,.T.);
#1496=ORIENTED_EDGE('',*,*,#1160,.F.);
#1497=ORIENTED_EDGE('',*,*,#1164,.T.);
#1498=ORIENTED_EDGE('',*,*,#1165,.T.);
#1499=ORIENTED_EDGE('',*,*,#1166,.T.);
#1500=ORIENTED_EDGE('',*,*,#1162,.F.);
#1501=ORIENTED_EDGE('',*,*,#1167,.T.);
#1502=ORIENTED_EDGE('',*,*,#1132,.T.);
#1503=ORIENTED_EDGE('',*,*,#1157,.F.);
#1504=ORIENTED_EDGE('',*,*,#1168,.T.);
#1505=ORIENTED_EDGE('',*,*,#1158,.F.);
#1506=ORIENTED_EDGE('',*,*,#1150,.F.);
#1507=ORIENTED_EDGE('',*,*,#1119,.T.);
#1508=ORIENTED_EDGE('',*,*,#1129,.F.);
#1509=ORIENTED_EDGE('',*,*,#1154,.F.);
#1510=ORIENTED_EDGE('',*,*,#1130,.F.);
#1511=ORIENTED_EDGE('',*,*,#1121,.T.);
#1512=ORIENTED_EDGE('',*,*,#1161,.F.);
#1513=ORIENTED_EDGE('',*,*,#1163,.F.);
#1514=ORIENTED_EDGE('',*,*,#1166,.F.);
#1515=ORIENTED_EDGE('',*,*,#1169,.T.);
#1516=ORIENTED_EDGE('',*,*,#1170,.T.);
#1517=ORIENTED_EDGE('',*,*,#1171,.T.);
#1518=ORIENTED_EDGE('',*,*,#1172,.T.);
#1519=ORIENTED_EDGE('',*,*,#1133,.F.);
#1520=ORIENTED_EDGE('',*,*,#1141,.F.);
#1521=ORIENTED_EDGE('',*,*,#1143,.F.);
#1522=ORIENTED_EDGE('',*,*,#1146,.F.);
#1523=ORIENTED_EDGE('',*,*,#1126,.F.);
#1524=ORIENTED_EDGE('',*,*,#1173,.T.);
#1525=ORIENTED_EDGE('',*,*,#1174,.T.);
#1526=ORIENTED_EDGE('',*,*,#1175,.T.);
#1527=ORIENTED_EDGE('',*,*,#1176,.T.);
#1528=ORIENTED_EDGE('',*,*,#1165,.F.);
#1529=ORIENTED_EDGE('',*,*,#1177,.F.);
#1530=ORIENTED_EDGE('',*,*,#1178,.T.);
#1531=ORIENTED_EDGE('',*,*,#1169,.F.);
#1532=ORIENTED_EDGE('',*,*,#1179,.F.);
#1533=ORIENTED_EDGE('',*,*,#1134,.F.);
#1534=ORIENTED_EDGE('',*,*,#1172,.F.);
#1535=ORIENTED_EDGE('',*,*,#1180,.F.);
#1536=ORIENTED_EDGE('',*,*,#1181,.F.);
#1537=ORIENTED_EDGE('',*,*,#1180,.T.);
#1538=ORIENTED_EDGE('',*,*,#1171,.F.);
#1539=ORIENTED_EDGE('',*,*,#1182,.F.);
#1540=ORIENTED_EDGE('',*,*,#1183,.F.);
#1541=ORIENTED_EDGE('',*,*,#1182,.T.);
#1542=ORIENTED_EDGE('',*,*,#1170,.F.);
#1543=ORIENTED_EDGE('',*,*,#1178,.F.);
#1544=ORIENTED_EDGE('',*,*,#1138,.F.);
#1545=ORIENTED_EDGE('',*,*,#1176,.F.);
#1546=ORIENTED_EDGE('',*,*,#1184,.F.);
#1547=ORIENTED_EDGE('',*,*,#1185,.F.);
#1548=ORIENTED_EDGE('',*,*,#1186,.F.);
#1549=ORIENTED_EDGE('',*,*,#1184,.T.);
#1550=ORIENTED_EDGE('',*,*,#1175,.F.);
#1551=ORIENTED_EDGE('',*,*,#1187,.F.);
#1552=ORIENTED_EDGE('',*,*,#1188,.F.);
#1553=ORIENTED_EDGE('',*,*,#1187,.T.);
#1554=ORIENTED_EDGE('',*,*,#1174,.F.);
#1555=ORIENTED_EDGE('',*,*,#1189,.F.);
#1556=ORIENTED_EDGE('',*,*,#1190,.F.);
#1557=ORIENTED_EDGE('',*,*,#1189,.T.);
#1558=ORIENTED_EDGE('',*,*,#1173,.F.);
#1559=ORIENTED_EDGE('',*,*,#1125,.F.);
#1560=ORIENTED_EDGE('',*,*,#1185,.T.);
#1561=ORIENTED_EDGE('',*,*,#1186,.T.);
#1562=ORIENTED_EDGE('',*,*,#1188,.T.);
#1563=ORIENTED_EDGE('',*,*,#1190,.T.);
#1564=ORIENTED_EDGE('',*,*,#1124,.F.);
#1565=ORIENTED_EDGE('',*,*,#1191,.F.);
#1566=ORIENTED_EDGE('',*,*,#1192,.F.);
#1567=ORIENTED_EDGE('',*,*,#1193,.F.);
#1568=ORIENTED_EDGE('',*,*,#1135,.F.);
#1569=ORIENTED_EDGE('',*,*,#1179,.T.);
#1570=ORIENTED_EDGE('',*,*,#1181,.T.);
#1571=ORIENTED_EDGE('',*,*,#1183,.T.);
#1572=ORIENTED_EDGE('',*,*,#1177,.T.);
#1573=ORIENTED_EDGE('',*,*,#1194,.F.);
#1574=ORIENTED_EDGE('',*,*,#1195,.F.);
#1575=ORIENTED_EDGE('',*,*,#1196,.F.);
#1576=ORIENTED_EDGE('',*,*,#1197,.F.);
#1577=ORIENTED_EDGE('',*,*,#1198,.F.);
#1578=ORIENTED_EDGE('',*,*,#1199,.F.);
#1579=ORIENTED_EDGE('',*,*,#1200,.F.);
#1580=ORIENTED_EDGE('',*,*,#1201,.F.);
#1581=ORIENTED_EDGE('',*,*,#1202,.F.);
#1582=ORIENTED_EDGE('',*,*,#1203,.F.);
#1583=ORIENTED_EDGE('',*,*,#1204,.F.);
#1584=ORIENTED_EDGE('',*,*,#1205,.F.);
#1585=ORIENTED_EDGE('',*,*,#1206,.F.);
#1586=ORIENTED_EDGE('',*,*,#1207,.F.);
#1587=ORIENTED_EDGE('',*,*,#1208,.F.);
#1588=ORIENTED_EDGE('',*,*,#1209,.F.);
#1589=ORIENTED_EDGE('',*,*,#1210,.F.);
#1590=ORIENTED_EDGE('',*,*,#1211,.T.);
#1591=ORIENTED_EDGE('',*,*,#1212,.T.);
#1592=ORIENTED_EDGE('',*,*,#1213,.T.);
#1593=ORIENTED_EDGE('',*,*,#1214,.T.);
#1594=ORIENTED_EDGE('',*,*,#1211,.F.);
#1595=ORIENTED_EDGE('',*,*,#1215,.T.);
#1596=ORIENTED_EDGE('',*,*,#1216,.F.);
#1597=ORIENTED_EDGE('',*,*,#1217,.F.);
#1598=ORIENTED_EDGE('',*,*,#1212,.F.);
#1599=ORIENTED_EDGE('',*,*,#1217,.T.);
#1600=ORIENTED_EDGE('',*,*,#1218,.F.);
#1601=ORIENTED_EDGE('',*,*,#1219,.F.);
#1602=ORIENTED_EDGE('',*,*,#1213,.F.);
#1603=ORIENTED_EDGE('',*,*,#1219,.T.);
#1604=ORIENTED_EDGE('',*,*,#1220,.F.);
#1605=ORIENTED_EDGE('',*,*,#1221,.F.);
#1606=ORIENTED_EDGE('',*,*,#1065,.F.);
#1607=ORIENTED_EDGE('',*,*,#1222,.F.);
#1608=ORIENTED_EDGE('',*,*,#1215,.F.);
#1609=ORIENTED_EDGE('',*,*,#1214,.F.);
#1610=ORIENTED_EDGE('',*,*,#1221,.T.);
#1611=ORIENTED_EDGE('',*,*,#1223,.F.);
#1612=ORIENTED_EDGE('',*,*,#1070,.F.);
#1613=ORIENTED_EDGE('',*,*,#1224,.T.);
#1614=ORIENTED_EDGE('',*,*,#1074,.F.);
#1615=ORIENTED_EDGE('',*,*,#1071,.F.);
#1616=ORIENTED_EDGE('',*,*,#1223,.T.);
#1617=ORIENTED_EDGE('',*,*,#1220,.T.);
#1618=ORIENTED_EDGE('',*,*,#1218,.T.);
#1619=ORIENTED_EDGE('',*,*,#1216,.T.);
#1620=ORIENTED_EDGE('',*,*,#1222,.T.);
#1621=ORIENTED_EDGE('',*,*,#1069,.F.);
#1622=ORIENTED_EDGE('',*,*,#1225,.T.);
#1623=ORIENTED_EDGE('',*,*,#1055,.F.);
#1624=ORIENTED_EDGE('',*,*,#1053,.F.);
#1625=ORIENTED_EDGE('',*,*,#1050,.F.);
#1626=ORIENTED_EDGE('',*,*,#1079,.T.);
#1627=ORIENTED_EDGE('',*,*,#1088,.F.);
#1628=ORIENTED_EDGE('',*,*,#1082,.T.);
#1629=ORIENTED_EDGE('',*,*,#1075,.F.);
#1630=ORIENTED_EDGE('',*,*,#1224,.F.);
#1631=ORIENTED_EDGE('',*,*,#1068,.F.);
#1632=ORIENTED_EDGE('',*,*,#1208,.T.);
#1633=ORIENTED_EDGE('',*,*,#1226,.T.);
#1634=ORIENTED_EDGE('',*,*,#1092,.F.);
#1635=ORIENTED_EDGE('',*,*,#1227,.F.);
#1636=ORIENTED_EDGE('',*,*,#1209,.T.);
#1637=ORIENTED_EDGE('',*,*,#1227,.T.);
#1638=ORIENTED_EDGE('',*,*,#1091,.F.);
#1639=ORIENTED_EDGE('',*,*,#1228,.F.);
#1640=ORIENTED_EDGE('',*,*,#1210,.T.);
#1641=ORIENTED_EDGE('',*,*,#1228,.T.);
#1642=ORIENTED_EDGE('',*,*,#1090,.F.);
#1643=ORIENTED_EDGE('',*,*,#1229,.F.);
#1644=ORIENTED_EDGE('',*,*,#1207,.T.);
#1645=ORIENTED_EDGE('',*,*,#1229,.T.);
#1646=ORIENTED_EDGE('',*,*,#1089,.F.);
#1647=ORIENTED_EDGE('',*,*,#1226,.F.);
#1648=ORIENTED_EDGE('',*,*,#1060,.T.);
#1649=ORIENTED_EDGE('',*,*,#1093,.F.);
#1650=ORIENTED_EDGE('',*,*,#1063,.F.);
#1651=ORIENTED_EDGE('',*,*,#1056,.F.);
#1652=ORIENTED_EDGE('',*,*,#1225,.F.);
#1653=ORIENTED_EDGE('',*,*,#1049,.F.);
#1654=ORIENTED_EDGE('',*,*,#1168,.F.);
#1655=ORIENTED_EDGE('',*,*,#1230,.F.);
#1656=ORIENTED_EDGE('',*,*,#1101,.F.);
#1657=ORIENTED_EDGE('',*,*,#1231,.F.);
#1658=ORIENTED_EDGE('',*,*,#1159,.F.);
#1659=ORIENTED_EDGE('',*,*,#1164,.F.);
#1660=ORIENTED_EDGE('',*,*,#1231,.T.);
#1661=ORIENTED_EDGE('',*,*,#1100,.F.);
#1662=ORIENTED_EDGE('',*,*,#1232,.F.);
#1663=ORIENTED_EDGE('',*,*,#1167,.F.);
#1664=ORIENTED_EDGE('',*,*,#1232,.T.);
#1665=ORIENTED_EDGE('',*,*,#1099,.F.);
#1666=ORIENTED_EDGE('',*,*,#1233,.F.);
#1667=ORIENTED_EDGE('',*,*,#1194,.T.);
#1668=ORIENTED_EDGE('',*,*,#1233,.T.);
#1669=ORIENTED_EDGE('',*,*,#1098,.F.);
#1670=ORIENTED_EDGE('',*,*,#1234,.F.);
#1671=ORIENTED_EDGE('',*,*,#1139,.F.);
#1672=ORIENTED_EDGE('',*,*,#1234,.T.);
#1673=ORIENTED_EDGE('',*,*,#1097,.F.);
#1674=ORIENTED_EDGE('',*,*,#1235,.F.);
#1675=ORIENTED_EDGE('',*,*,#1144,.F.);
#1676=ORIENTED_EDGE('',*,*,#1235,.T.);
#1677=ORIENTED_EDGE('',*,*,#1096,.F.);
#1678=ORIENTED_EDGE('',*,*,#1236,.F.);
#1679=ORIENTED_EDGE('',*,*,#1147,.F.);
#1680=ORIENTED_EDGE('',*,*,#1236,.T.);
#1681=ORIENTED_EDGE('',*,*,#1095,.F.);
#1682=ORIENTED_EDGE('',*,*,#1237,.F.);
#1683=ORIENTED_EDGE('',*,*,#1148,.F.);
#1684=ORIENTED_EDGE('',*,*,#1155,.F.);
#1685=ORIENTED_EDGE('',*,*,#1237,.T.);
#1686=ORIENTED_EDGE('',*,*,#1094,.F.);
#1687=ORIENTED_EDGE('',*,*,#1230,.T.);
#1688=ORIENTED_EDGE('',*,*,#1156,.F.);
#1689=ORIENTED_EDGE('',*,*,#1152,.F.);
#1690=ORIENTED_EDGE('',*,*,#1204,.T.);
#1691=ORIENTED_EDGE('',*,*,#1238,.T.);
#1692=ORIENTED_EDGE('',*,*,#1105,.F.);
#1693=ORIENTED_EDGE('',*,*,#1239,.F.);
#1694=ORIENTED_EDGE('',*,*,#1205,.T.);
#1695=ORIENTED_EDGE('',*,*,#1239,.T.);
#1696=ORIENTED_EDGE('',*,*,#1104,.F.);
#1697=ORIENTED_EDGE('',*,*,#1240,.F.);
#1698=ORIENTED_EDGE('',*,*,#1206,.T.);
#1699=ORIENTED_EDGE('',*,*,#1240,.T.);
#1700=ORIENTED_EDGE('',*,*,#1103,.F.);
#1701=ORIENTED_EDGE('',*,*,#1241,.F.);
#1702=ORIENTED_EDGE('',*,*,#1203,.T.);
#1703=ORIENTED_EDGE('',*,*,#1241,.T.);
#1704=ORIENTED_EDGE('',*,*,#1102,.F.);
#1705=ORIENTED_EDGE('',*,*,#1238,.F.);
#1706=ORIENTED_EDGE('',*,*,#1200,.T.);
#1707=ORIENTED_EDGE('',*,*,#1242,.T.);
#1708=ORIENTED_EDGE('',*,*,#1109,.F.);
#1709=ORIENTED_EDGE('',*,*,#1243,.F.);
#1710=ORIENTED_EDGE('',*,*,#1201,.T.);
#1711=ORIENTED_EDGE('',*,*,#1243,.T.);
#1712=ORIENTED_EDGE('',*,*,#1108,.F.);
#1713=ORIENTED_EDGE('',*,*,#1244,.F.);
#1714=ORIENTED_EDGE('',*,*,#1202,.T.);
#1715=ORIENTED_EDGE('',*,*,#1244,.T.);
#1716=ORIENTED_EDGE('',*,*,#1107,.F.);
#1717=ORIENTED_EDGE('',*,*,#1245,.F.);
#1718=ORIENTED_EDGE('',*,*,#1199,.T.);
#1719=ORIENTED_EDGE('',*,*,#1245,.T.);
#1720=ORIENTED_EDGE('',*,*,#1106,.F.);
#1721=ORIENTED_EDGE('',*,*,#1242,.F.);
#1722=ORIENTED_EDGE('',*,*,#1196,.T.);
#1723=ORIENTED_EDGE('',*,*,#1246,.T.);
#1724=ORIENTED_EDGE('',*,*,#1113,.F.);
#1725=ORIENTED_EDGE('',*,*,#1247,.F.);
#1726=ORIENTED_EDGE('',*,*,#1197,.T.);
#1727=ORIENTED_EDGE('',*,*,#1247,.T.);
#1728=ORIENTED_EDGE('',*,*,#1112,.F.);
#1729=ORIENTED_EDGE('',*,*,#1248,.F.);
#1730=ORIENTED_EDGE('',*,*,#1198,.T.);
#1731=ORIENTED_EDGE('',*,*,#1248,.T.);
#1732=ORIENTED_EDGE('',*,*,#1111,.F.);
#1733=ORIENTED_EDGE('',*,*,#1249,.F.);
#1734=ORIENTED_EDGE('',*,*,#1195,.T.);
#1735=ORIENTED_EDGE('',*,*,#1249,.T.);
#1736=ORIENTED_EDGE('',*,*,#1110,.F.);
#1737=ORIENTED_EDGE('',*,*,#1246,.F.);
#1738=ORIENTED_EDGE('',*,*,#1191,.T.);
#1739=ORIENTED_EDGE('',*,*,#1123,.F.);
#1740=ORIENTED_EDGE('',*,*,#1250,.F.);
#1741=ORIENTED_EDGE('',*,*,#1251,.F.);
#1742=ORIENTED_EDGE('',*,*,#1016,.T.);
#1743=ORIENTED_EDGE('',*,*,#1018,.T.);
#1744=ORIENTED_EDGE('',*,*,#1013,.T.);
#1745=ORIENTED_EDGE('',*,*,#1012,.T.);
#1746=ORIENTED_EDGE('',*,*,#1014,.T.);
#1747=ORIENTED_EDGE('',*,*,#1019,.T.);
#1748=ORIENTED_EDGE('',*,*,#1027,.T.);
#1749=ORIENTED_EDGE('',*,*,#1033,.T.);
#1750=ORIENTED_EDGE('',*,*,#1025,.T.);
#1751=ORIENTED_EDGE('',*,*,#1023,.T.);
#1752=ORIENTED_EDGE('',*,*,#1024,.T.);
#1753=ORIENTED_EDGE('',*,*,#1032,.T.);
#1754=ORIENTED_EDGE('',*,*,#1251,.T.);
#1755=ORIENTED_EDGE('',*,*,#1252,.F.);
#1756=ORIENTED_EDGE('',*,*,#1253,.T.);
#1757=ORIENTED_EDGE('',*,*,#1192,.T.);
#1758=ORIENTED_EDGE('',*,*,#1193,.T.);
#1759=ORIENTED_EDGE('',*,*,#1253,.F.);
#1760=ORIENTED_EDGE('',*,*,#1254,.T.);
#1761=ORIENTED_EDGE('',*,*,#1136,.F.);
#1762=ORIENTED_EDGE('',*,*,#1002,.T.);
#1763=ORIENTED_EDGE('',*,*,#1004,.T.);
#1764=ORIENTED_EDGE('',*,*,#996,.T.);
#1765=ORIENTED_EDGE('',*,*,#995,.T.);
#1766=ORIENTED_EDGE('',*,*,#997,.T.);
#1767=ORIENTED_EDGE('',*,*,#1005,.T.);
#1768=ORIENTED_EDGE('',*,*,#1045,.T.);
#1769=ORIENTED_EDGE('',*,*,#1046,.T.);
#1770=ORIENTED_EDGE('',*,*,#1038,.T.);
#1771=ORIENTED_EDGE('',*,*,#1035,.T.);
#1772=ORIENTED_EDGE('',*,*,#1039,.T.);
#1773=ORIENTED_EDGE('',*,*,#1047,.T.);
#1774=ORIENTED_EDGE('',*,*,#1115,.T.);
#1775=ORIENTED_EDGE('',*,*,#1137,.T.);
#1776=ORIENTED_EDGE('',*,*,#1254,.F.);
#1777=ORIENTED_EDGE('',*,*,#1252,.T.);
#1778=ORIENTED_EDGE('',*,*,#1250,.T.);
#1779=ORIENTED_EDGE('',*,*,#1122,.T.);
#1780=ORIENTED_EDGE('',*,*,#1117,.F.);
#1781=(
BOUNDED_SURFACE()
B_SPLINE_SURFACE(2,1,((#2505,#2506),(#2507,#2508),(#2509,#2510)),
 .UNSPECIFIED.,.F.,.F.,.F.)
B_SPLINE_SURFACE_WITH_KNOTS((3,3),(2,2),(-0.233238080087099,0.),(0.,0.3),
 .UNSPECIFIED.)
GEOMETRIC_REPRESENTATION_ITEM()
RATIONAL_B_SPLINE_SURFACE(((1.,1.),(1.5,1.5),(1.,1.)))
REPRESENTATION_ITEM('')
SURFACE()
);
#1782=(
BOUNDED_SURFACE()
B_SPLINE_SURFACE(2,1,((#2562,#2563),(#2564,#2565),(#2566,#2567)),
 .UNSPECIFIED.,.F.,.F.,.F.)
B_SPLINE_SURFACE_WITH_KNOTS((3,3),(2,2),(0.,0.233238086859259),(0.,0.3),
 .UNSPECIFIED.)
GEOMETRIC_REPRESENTATION_ITEM()
RATIONAL_B_SPLINE_SURFACE(((1.,1.),(1.5,1.5),(1.,1.)))
REPRESENTATION_ITEM('')
SURFACE()
);
#1783=(
BOUNDED_SURFACE()
B_SPLINE_SURFACE(2,1,((#2581,#2582),(#2583,#2584),(#2585,#2586)),
 .UNSPECIFIED.,.F.,.F.,.F.)
B_SPLINE_SURFACE_WITH_KNOTS((3,3),(2,2),(-0.233238086859259,0.),(0.,0.3),
 .UNSPECIFIED.)
GEOMETRIC_REPRESENTATION_ITEM()
RATIONAL_B_SPLINE_SURFACE(((1.,1.),(1.5,1.5),(1.,1.)))
REPRESENTATION_ITEM('')
SURFACE()
);
#1784=(
BOUNDED_SURFACE()
B_SPLINE_SURFACE(2,1,((#2619,#2620),(#2621,#2622),(#2623,#2624)),
 .UNSPECIFIED.,.F.,.F.,.F.)
B_SPLINE_SURFACE_WITH_KNOTS((3,3),(2,2),(0.,0.233238080087099),(0.,0.3),
 .UNSPECIFIED.)
GEOMETRIC_REPRESENTATION_ITEM()
RATIONAL_B_SPLINE_SURFACE(((1.,1.),(1.5,1.5),(1.,1.)))
REPRESENTATION_ITEM('')
SURFACE()
);
#1785=(
BOUNDED_SURFACE()
B_SPLINE_SURFACE(2,1,((#2794,#2795),(#2796,#2797),(#2798,#2799)),
 .UNSPECIFIED.,.F.,.F.,.F.)
B_SPLINE_SURFACE_WITH_KNOTS((3,3),(2,2),(-0.450778651727378,0.),(0.,6.27),
 .UNSPECIFIED.)
GEOMETRIC_REPRESENTATION_ITEM()
RATIONAL_B_SPLINE_SURFACE(((1.,1.),(4.,4.),(1.,1.)))
REPRESENTATION_ITEM('')
SURFACE()
);
#1786=ADVANCED_FACE('',(#180),#1781,.T.);
#1787=ADVANCED_FACE('',(#181),#101,.T.);
#1788=ADVANCED_FACE('',(#182),#102,.F.);
#1789=ADVANCED_FACE('',(#183),#103,.T.);
#1790=ADVANCED_FACE('',(#184),#104,.T.);
#1791=ADVANCED_FACE('',(#185),#105,.T.);
#1792=ADVANCED_FACE('',(#186),#106,.T.);
#1793=ADVANCED_FACE('',(#187),#107,.T.);
#1794=ADVANCED_FACE('',(#188),#108,.T.);
#1795=ADVANCED_FACE('',(#189),#109,.T.);
#1796=ADVANCED_FACE('',(#190),#110,.T.);
#1797=ADVANCED_FACE('',(#191),#1782,.T.);
#1798=ADVANCED_FACE('',(#192),#111,.T.);
#1799=ADVANCED_FACE('',(#193),#112,.F.);
#1800=ADVANCED_FACE('',(#194),#1783,.T.);
#1801=ADVANCED_FACE('',(#195),#113,.T.);
#1802=ADVANCED_FACE('',(#196),#114,.F.);
#1803=ADVANCED_FACE('',(#197),#115,.T.);
#1804=ADVANCED_FACE('',(#198),#116,.T.);
#1805=ADVANCED_FACE('',(#199),#117,.T.);
#1806=ADVANCED_FACE('',(#200),#118,.F.);
#1807=ADVANCED_FACE('',(#201),#1784,.T.);
#1808=ADVANCED_FACE('',(#202),#119,.T.);
#1809=ADVANCED_FACE('',(#203),#120,.F.);
#1810=ADVANCED_FACE('',(#204),#121,.T.);
#1811=ADVANCED_FACE('',(#205),#122,.T.);
#1812=ADVANCED_FACE('',(#206),#123,.T.);
#1813=ADVANCED_FACE('',(#207),#124,.F.);
#1814=ADVANCED_FACE('',(#208),#125,.T.);
#1815=ADVANCED_FACE('',(#209),#126,.T.);
#1816=ADVANCED_FACE('',(#210),#127,.T.);
#1817=ADVANCED_FACE('',(#211),#128,.T.);
#1818=ADVANCED_FACE('',(#212),#129,.T.);
#1819=ADVANCED_FACE('',(#213),#130,.T.);
#1820=ADVANCED_FACE('',(#214),#131,.T.);
#1821=ADVANCED_FACE('',(#215),#132,.T.);
#1822=ADVANCED_FACE('',(#216),#133,.T.);
#1823=ADVANCED_FACE('',(#217),#134,.T.);
#1824=ADVANCED_FACE('',(#218),#135,.T.);
#1825=ADVANCED_FACE('',(#219),#136,.T.);
#1826=ADVANCED_FACE('',(#220),#100,.T.);
#1827=ADVANCED_FACE('',(#221,#47,#48,#49,#50,#51,#52,#53),#137,.T.);
#1828=ADVANCED_FACE('',(#222),#35,.T.);
#1829=ADVANCED_FACE('',(#223),#1785,.T.);
#1830=ADVANCED_FACE('',(#224),#36,.F.);
#1831=ADVANCED_FACE('',(#225),#37,.F.);
#1832=ADVANCED_FACE('',(#226),#19,.F.);
#1833=ADVANCED_FACE('',(#227),#138,.T.);
#1834=ADVANCED_FACE('',(#228),#20,.F.);
#1835=ADVANCED_FACE('',(#229),#15,.T.);
#1836=ADVANCED_FACE('',(#230),#139,.T.);
#1837=ADVANCED_FACE('',(#231),#16,.T.);
#1838=ADVANCED_FACE('',(#232),#17,.T.);
#1839=ADVANCED_FACE('',(#233),#21,.F.);
#1840=ADVANCED_FACE('',(#234),#140,.T.);
#1841=ADVANCED_FACE('',(#235),#22,.F.);
#1842=ADVANCED_FACE('',(#236),#18,.T.);
#1843=ADVANCED_FACE('',(#237),#141,.F.);
#1844=ADVANCED_FACE('',(#238),#142,.F.);
#1845=ADVANCED_FACE('',(#239),#143,.F.);
#1846=ADVANCED_FACE('',(#240),#144,.F.);
#1847=ADVANCED_FACE('',(#241),#145,.T.);
#1848=ADVANCED_FACE('',(#242),#38,.T.);
#1849=ADVANCED_FACE('',(#243),#146,.T.);
#1850=ADVANCED_FACE('',(#244),#39,.T.);
#1851=ADVANCED_FACE('',(#245),#147,.T.);
#1852=ADVANCED_FACE('',(#246),#40,.T.);
#1853=ADVANCED_FACE('',(#247),#148,.T.);
#1854=ADVANCED_FACE('',(#248),#41,.T.);
#1855=ADVANCED_FACE('',(#249,#54,#55,#56,#57,#58),#149,.F.);
#1856=ADVANCED_FACE('',(#250),#150,.T.);
#1857=ADVANCED_FACE('',(#251),#151,.T.);
#1858=ADVANCED_FACE('',(#252),#152,.T.);
#1859=ADVANCED_FACE('',(#253),#153,.T.);
#1860=ADVANCED_FACE('',(#254,#59),#154,.T.);
#1861=ADVANCED_FACE('',(#255),#155,.T.);
#1862=ADVANCED_FACE('',(#256),#156,.T.);
#1863=ADVANCED_FACE('',(#257),#157,.T.);
#1864=ADVANCED_FACE('',(#258),#158,.T.);
#1865=ADVANCED_FACE('',(#259),#159,.T.);
#1866=ADVANCED_FACE('',(#260),#160,.T.);
#1867=ADVANCED_FACE('',(#261),#42,.F.);
#1868=ADVANCED_FACE('',(#262),#161,.T.);
#1869=ADVANCED_FACE('',(#263),#43,.F.);
#1870=ADVANCED_FACE('',(#264),#162,.T.);
#1871=ADVANCED_FACE('',(#265),#44,.F.);
#1872=ADVANCED_FACE('',(#266),#163,.T.);
#1873=ADVANCED_FACE('',(#267),#45,.F.);
#1874=ADVANCED_FACE('',(#268),#164,.T.);
#1875=ADVANCED_FACE('',(#269),#165,.T.);
#1876=ADVANCED_FACE('',(#270),#166,.T.);
#1877=ADVANCED_FACE('',(#271),#167,.T.);
#1878=ADVANCED_FACE('',(#272),#168,.T.);
#1879=ADVANCED_FACE('',(#273),#169,.T.);
#1880=ADVANCED_FACE('',(#274),#170,.T.);
#1881=ADVANCED_FACE('',(#275),#171,.T.);
#1882=ADVANCED_FACE('',(#276),#172,.T.);
#1883=ADVANCED_FACE('',(#277),#173,.T.);
#1884=ADVANCED_FACE('',(#278),#174,.T.);
#1885=ADVANCED_FACE('',(#279),#175,.T.);
#1886=ADVANCED_FACE('',(#280),#176,.T.);
#1887=ADVANCED_FACE('',(#281,#60,#61),#177,.T.);
#1888=ADVANCED_FACE('',(#282),#46,.F.);
#1889=ADVANCED_FACE('',(#283,#62,#63),#178,.T.);
#1890=ADVANCED_FACE('',(#284,#64),#179,.T.);
#1891=CLOSED_SHELL('',(#1786,#1787,#1788,#1789,#1790,#1791,#1792,#1793,
#1794,#1795,#1796,#1797,#1798,#1799,#1800,#1801,#1802,#1803,#1804,#1805,
#1806,#1807,#1808,#1809,#1810,#1811,#1812,#1813,#1814,#1815,#1816,#1817,
#1818,#1819,#1820,#1821,#1822,#1823,#1824,#1825,#1826,#1827,#1828,#1829,
#1830,#1831,#1832,#1833,#1834,#1835,#1836,#1837,#1838,#1839,#1840,#1841,
#1842,#1843,#1844,#1845,#1846,#1847,#1848,#1849,#1850,#1851,#1852,#1853,
#1854,#1855,#1856,#1857,#1858,#1859,#1860,#1861,#1862,#1863,#1864,#1865,
#1866,#1867,#1868,#1869,#1870,#1871,#1872,#1873,#1874,#1875,#1876,#1877,
#1878,#1879,#1880,#1881,#1882,#1883,#1884,#1885,#1886,#1887,#1888,#1889,
#1890));
#1892=DERIVED_UNIT_ELEMENT(#1894,1.);
#1893=DERIVED_UNIT_ELEMENT(#3405,-3.);
#1894=(
MASS_UNIT()
NAMED_UNIT(*)
SI_UNIT(.KILO.,.GRAM.)
);
#1895=DERIVED_UNIT((#1892,#1893));
#1896=MEASURE_REPRESENTATION_ITEM('density measure',
POSITIVE_RATIO_MEASURE(7850.),#1895);
#1897=PROPERTY_DEFINITION_REPRESENTATION(#1902,#1899);
#1898=PROPERTY_DEFINITION_REPRESENTATION(#1903,#1900);
#1899=REPRESENTATION('material name',(#1901),#3402);
#1900=REPRESENTATION('density',(#1896),#3402);
#1901=DESCRIPTIVE_REPRESENTATION_ITEM('Steel','Steel');
#1902=PROPERTY_DEFINITION('material property','material name',#3412);
#1903=PROPERTY_DEFINITION('material property','density of part',#3412);
#1904=AXIS2_PLACEMENT_3D('',#2504,#2036,#2037);
#1905=AXIS2_PLACEMENT_3D('',#2523,#2040,#2041);
#1906=AXIS2_PLACEMENT_3D('',#2525,#2043,#2044);
#1907=AXIS2_PLACEMENT_3D('',#2527,#2046,#2047);
#1908=AXIS2_PLACEMENT_3D('',#2533,#2051,#2052);
#1909=AXIS2_PLACEMENT_3D('',#2539,#2056,#2057);
#1910=AXIS2_PLACEMENT_3D('',#2541,#2059,#2060);
#1911=AXIS2_PLACEMENT_3D('',#2543,#2062,#2063);
#1912=AXIS2_PLACEMENT_3D('',#2552,#2068,#2069);
#1913=AXIS2_PLACEMENT_3D('',#2558,#2073,#2074);
#1914=AXIS2_PLACEMENT_3D('',#2560,#2076,#2077);
#1915=AXIS2_PLACEMENT_3D('',#2577,#2080,#2081);
#1916=AXIS2_PLACEMENT_3D('',#2579,#2083,#2084);
#1917=AXIS2_PLACEMENT_3D('',#2599,#2088,#2089);
#1918=AXIS2_PLACEMENT_3D('',#2601,#2091,#2092);
#1919=AXIS2_PLACEMENT_3D('',#2603,#2094,#2095);
#1920=AXIS2_PLACEMENT_3D('',#2612,#2100,#2101);
#1921=AXIS2_PLACEMENT_3D('',#2615,#2104,#2105);
#1922=AXIS2_PLACEMENT_3D('',#2617,#2107,#2108);
#1923=AXIS2_PLACEMENT_3D('',#2637,#2112,#2113);
#1924=AXIS2_PLACEMENT_3D('',#2639,#2115,#2116);
#1925=AXIS2_PLACEMENT_3D('',#2641,#2118,#2119);
#1926=AXIS2_PLACEMENT_3D('',#2647,#2123,#2124);
#1927=AXIS2_PLACEMENT_3D('',#2653,#2128,#2129);
#1928=AXIS2_PLACEMENT_3D('',#2655,#2131,#2132);
#1929=AXIS2_PLACEMENT_3D('',#2657,#2134,#2135);
#1930=AXIS2_PLACEMENT_3D('',#2666,#2140,#2141);
#1931=AXIS2_PLACEMENT_3D('',#2672,#2145,#2146);
#1932=AXIS2_PLACEMENT_3D('',#2678,#2150,#2151);
#1933=AXIS2_PLACEMENT_3D('',#2684,#2155,#2156);
#1934=AXIS2_PLACEMENT_3D('',#2688,#2159,#2160);
#1935=AXIS2_PLACEMENT_3D('',#2692,#2163,#2164);
#1936=AXIS2_PLACEMENT_3D('',#2703,#2170,#2171);
#1937=AXIS2_PLACEMENT_3D('',#2711,#2176,#2177);
#1938=AXIS2_PLACEMENT_3D('',#2717,#2181,#2182);
#1939=AXIS2_PLACEMENT_3D('',#2723,#2186,#2187);
#1940=AXIS2_PLACEMENT_3D('',#2727,#2190,#2191);
#1941=AXIS2_PLACEMENT_3D('',#2731,#2194,#2195);
#1942=AXIS2_PLACEMENT_3D('',#2733,#2196,#2197);
#1943=AXIS2_PLACEMENT_3D('',#2735,#2198,#2199);
#1944=AXIS2_PLACEMENT_3D('',#2737,#2200,#2201);
#1945=AXIS2_PLACEMENT_3D('',#2738,#2202,#2203);
#1946=AXIS2_PLACEMENT_3D('',#2739,#2204,#2205);
#1947=AXIS2_PLACEMENT_3D('',#2754,#2213,#2214);
#1948=AXIS2_PLACEMENT_3D('',#2758,#2216,#2217);
#1949=AXIS2_PLACEMENT_3D('',#2762,#2219,#2220);
#1950=AXIS2_PLACEMENT_3D('',#2765,#2222,#2223);
#1951=AXIS2_PLACEMENT_3D('',#2790,#2236,#2237);
#1952=AXIS2_PLACEMENT_3D('',#2793,#2239,#2240);
#1953=AXIS2_PLACEMENT_3D('',#3009,#2241,#2242);
#1954=AXIS2_PLACEMENT_3D('',#3011,#2243,#2244);
#1955=AXIS2_PLACEMENT_3D('',#3015,#2246,#2247);
#1956=AXIS2_PLACEMENT_3D('',#3019,#2249,#2250);
#1957=AXIS2_PLACEMENT_3D('',#3047,#2251,#2252);
#1958=AXIS2_PLACEMENT_3D('',#3048,#2253,#2254);
#1959=AXIS2_PLACEMENT_3D('',#3050,#2255,#2256);
#1960=AXIS2_PLACEMENT_3D('',#3082,#2257,#2258);
#1961=AXIS2_PLACEMENT_3D('',#3086,#2260,#2261);
#1962=AXIS2_PLACEMENT_3D('',#3089,#2263,#2264);
#1963=AXIS2_PLACEMENT_3D('',#3090,#2265,#2266);
#1964=AXIS2_PLACEMENT_3D('',#3097,#2267,#2268);
#1965=AXIS2_PLACEMENT_3D('',#3100,#2270,#2271);
#1966=AXIS2_PLACEMENT_3D('',#3101,#2272,#2273);
#1967=AXIS2_PLACEMENT_3D('',#3107,#2277,#2278);
#1968=AXIS2_PLACEMENT_3D('',#3110,#2280,#2281);
#1969=AXIS2_PLACEMENT_3D('',#3111,#2282,#2283);
#1970=AXIS2_PLACEMENT_3D('',#3134,#2285,#2286);
#1971=AXIS2_PLACEMENT_3D('',#3184,#2293,#2294);
#1972=AXIS2_PLACEMENT_3D('',#3188,#2296,#2297);
#1973=AXIS2_PLACEMENT_3D('',#3191,#2299,#2300);
#1974=AXIS2_PLACEMENT_3D('',#3192,#2301,#2302);
#1975=AXIS2_PLACEMENT_3D('',#3198,#2306,#2307);
#1976=AXIS2_PLACEMENT_3D('',#3204,#2308,#2309);
#1977=AXIS2_PLACEMENT_3D('',#3205,#2310,#2311);
#1978=AXIS2_PLACEMENT_3D('',#3226,#2312,#2313);
#1979=AXIS2_PLACEMENT_3D('',#3227,#2314,#2315);
#1980=AXIS2_PLACEMENT_3D('',#3228,#2316,#2317);
#1981=AXIS2_PLACEMENT_3D('',#3232,#2319,#2320);
#1982=AXIS2_PLACEMENT_3D('',#3235,#2322,#2323);
#1983=AXIS2_PLACEMENT_3D('',#3236,#2324,#2325);
#1984=AXIS2_PLACEMENT_3D('',#3238,#2326,#2327);
#1985=AXIS2_PLACEMENT_3D('',#3242,#2329,#2330);
#1986=AXIS2_PLACEMENT_3D('',#3244,#2332,#2333);
#1987=AXIS2_PLACEMENT_3D('',#3248,#2336,#2337);
#1988=AXIS2_PLACEMENT_3D('',#3250,#2338,#2339);
#1989=AXIS2_PLACEMENT_3D('',#3252,#2341,#2342);
#1990=AXIS2_PLACEMENT_3D('',#3256,#2345,#2346);
#1991=AXIS2_PLACEMENT_3D('',#3257,#2347,#2348);
#1992=AXIS2_PLACEMENT_3D('',#3258,#2349,#2350);
#1993=AXIS2_PLACEMENT_3D('',#3262,#2353,#2354);
#1994=AXIS2_PLACEMENT_3D('',#3264,#2355,#2356);
#1995=AXIS2_PLACEMENT_3D('',#3266,#2358,#2359);
#1996=AXIS2_PLACEMENT_3D('',#3270,#2362,#2363);
#1997=AXIS2_PLACEMENT_3D('',#3271,#2364,#2365);
#1998=AXIS2_PLACEMENT_3D('',#3272,#2366,#2367);
#1999=AXIS2_PLACEMENT_3D('',#3276,#2369,#2370);
#2000=AXIS2_PLACEMENT_3D('',#3319,#2393,#2394);
#2001=AXIS2_PLACEMENT_3D('',#3325,#2398,#2399);
#2002=AXIS2_PLACEMENT_3D('',#3329,#2402,#2403);
#2003=AXIS2_PLACEMENT_3D('',#3333,#2406,#2407);
#2004=AXIS2_PLACEMENT_3D('',#3336,#2410,#2411);
#2005=AXIS2_PLACEMENT_3D('',#3339,#2414,#2415);
#2006=AXIS2_PLACEMENT_3D('',#3340,#2416,#2417);
#2007=AXIS2_PLACEMENT_3D('',#3343,#2420,#2421);
#2008=AXIS2_PLACEMENT_3D('',#3345,#2423,#2424);
#2009=AXIS2_PLACEMENT_3D('',#3347,#2426,#2427);
#2010=AXIS2_PLACEMENT_3D('',#3348,#2428,#2429);
#2011=AXIS2_PLACEMENT_3D('',#3349,#2430,#2431);
#2012=AXIS2_PLACEMENT_3D('',#3352,#2434,#2435);
#2013=AXIS2_PLACEMENT_3D('',#3354,#2437,#2438);
#2014=AXIS2_PLACEMENT_3D('',#3356,#2440,#2441);
#2015=AXIS2_PLACEMENT_3D('',#3358,#2443,#2444);
#2016=AXIS2_PLACEMENT_3D('',#3360,#2446,#2447);
#2017=AXIS2_PLACEMENT_3D('',#3362,#2449,#2450);
#2018=AXIS2_PLACEMENT_3D('',#3364,#2452,#2453);
#2019=AXIS2_PLACEMENT_3D('',#3365,#2454,#2455);
#2020=AXIS2_PLACEMENT_3D('',#3368,#2458,#2459);
#2021=AXIS2_PLACEMENT_3D('',#3370,#2461,#2462);
#2022=AXIS2_PLACEMENT_3D('',#3372,#2464,#2465);
#2023=AXIS2_PLACEMENT_3D('',#3373,#2466,#2467);
#2024=AXIS2_PLACEMENT_3D('',#3376,#2470,#2471);
#2025=AXIS2_PLACEMENT_3D('',#3378,#2473,#2474);
#2026=AXIS2_PLACEMENT_3D('',#3380,#2476,#2477);
#2027=AXIS2_PLACEMENT_3D('',#3381,#2478,#2479);
#2028=AXIS2_PLACEMENT_3D('',#3384,#2482,#2483);
#2029=AXIS2_PLACEMENT_3D('',#3386,#2485,#2486);
#2030=AXIS2_PLACEMENT_3D('',#3388,#2488,#2489);
#2031=AXIS2_PLACEMENT_3D('',#3389,#2490,#2491);
#2032=AXIS2_PLACEMENT_3D('',#3393,#2494,#2495);
#2033=AXIS2_PLACEMENT_3D('',#3395,#2496,#2497);
#2034=AXIS2_PLACEMENT_3D('',#3397,#2499,#2500);
#2035=AXIS2_PLACEMENT_3D('',#3399,#2502,#2503);
#2036=DIRECTION('axis',(0.,0.,1.));
#2037=DIRECTION('refdir',(1.,0.,0.));
#2038=DIRECTION('',(1.,0.,0.));
#2039=DIRECTION('',(-1.,0.,0.));
#2040=DIRECTION('center_axis',(1.,0.,0.));
#2041=DIRECTION('ref_axis',(0.,1.,0.));
#2042=DIRECTION('',(0.,0.,1.));
#2043=DIRECTION('center_axis',(1.,0.,0.));
#2044=DIRECTION('ref_axis',(0.,1.,0.));
#2045=DIRECTION('',(0.,0.,-1.));
#2046=DIRECTION('center_axis',(0.,0.998598497608271,0.0529248578127819));
#2047=DIRECTION('ref_axis',(0.,0.0529248578127819,-0.998598497608271));
#2048=DIRECTION('',(0.,0.0529248578127819,-0.998598497608271));
#2049=DIRECTION('',(-1.,0.,0.));
#2050=DIRECTION('',(0.,0.0529248578127819,-0.998598497608271));
#2051=DIRECTION('center_axis',(0.,0.0529248578127837,-0.998598497608271));
#2052=DIRECTION('ref_axis',(0.,-0.998598497608271,-0.0529248578127838));
#2053=DIRECTION('',(0.,-0.998598497608271,-0.0529248578127837));
#2054=DIRECTION('',(1.,0.,0.));
#2055=DIRECTION('',(0.,-0.998598497608271,-0.0529248578127837));
#2056=DIRECTION('center_axis',(1.,0.,0.));
#2057=DIRECTION('ref_axis',(0.,1.,0.));
#2058=DIRECTION('',(0.,0.,1.));
#2059=DIRECTION('center_axis',(-1.,0.,0.));
#2060=DIRECTION('ref_axis',(0.,0.,1.));
#2061=DIRECTION('',(0.,0.,-1.));
#2062=DIRECTION('center_axis',(0.,-0.998617830287696,0.0525588149742293));
#2063=DIRECTION('ref_axis',(0.,0.0525588149742293,0.998617830287696));
#2064=DIRECTION('',(0.,0.0525588149742293,0.998617830287696));
#2065=DIRECTION('',(-1.,0.,0.));
#2066=DIRECTION('',(0.,0.0525588149742293,0.998617830287696));
#2067=DIRECTION('',(-1.,0.,0.));
#2068=DIRECTION('center_axis',(0.,0.,-1.));
#2069=DIRECTION('ref_axis',(0.,-1.,0.));
#2070=DIRECTION('',(0.,-1.,0.));
#2071=DIRECTION('',(0.,-1.,0.));
#2072=DIRECTION('',(-1.,0.,0.));
#2073=DIRECTION('center_axis',(1.,0.,0.));
#2074=DIRECTION('ref_axis',(0.,1.,0.));
#2075=DIRECTION('',(0.,0.,-1.));
#2076=DIRECTION('center_axis',(-1.,0.,0.));
#2077=DIRECTION('ref_axis',(0.,0.,1.));
#2078=DIRECTION('',(0.,0.,1.));
#2079=DIRECTION('',(1.,0.,0.));
#2080=DIRECTION('center_axis',(1.,0.,0.));
#2081=DIRECTION('ref_axis',(0.,1.,0.));
#2082=DIRECTION('',(0.,0.,-1.));
#2083=DIRECTION('center_axis',(1.,0.,0.));
#2084=DIRECTION('ref_axis',(0.,1.,0.));
#2085=DIRECTION('',(0.,0.,1.));
#2086=DIRECTION('',(-1.,0.,0.));
#2087=DIRECTION('',(1.,0.,0.));
#2088=DIRECTION('center_axis',(1.,0.,0.));
#2089=DIRECTION('ref_axis',(0.,1.,0.));
#2090=DIRECTION('',(0.,0.,-1.));
#2091=DIRECTION('center_axis',(1.,0.,0.));
#2092=DIRECTION('ref_axis',(0.,1.,0.));
#2093=DIRECTION('',(0.,0.,1.));
#2094=DIRECTION('center_axis',(0.,0.,-1.));
#2095=DIRECTION('ref_axis',(0.,1.,0.));
#2096=DIRECTION('',(0.,-1.,0.));
#2097=DIRECTION('',(-1.,0.,0.));
#2098=DIRECTION('',(0.,1.,0.));
#2099=DIRECTION('',(1.,0.,0.));
#2100=DIRECTION('center_axis',(0.,-0.998617830287696,0.0525588149742293));
#2101=DIRECTION('ref_axis',(0.,-0.0525588149742293,-0.998617830287696));
#2102=DIRECTION('',(0.,0.0525588149742293,0.998617830287696));
#2103=DIRECTION('',(0.,-0.0525588149742293,-0.998617830287696));
#2104=DIRECTION('center_axis',(1.,0.,0.));
#2105=DIRECTION('ref_axis',(0.,0.,-1.));
#2106=DIRECTION('',(0.,0.,-1.));
#2107=DIRECTION('center_axis',(1.,0.,0.));
#2108=DIRECTION('ref_axis',(0.,1.,0.));
#2109=DIRECTION('',(0.,0.,1.));
#2110=DIRECTION('',(-1.,0.,0.));
#2111=DIRECTION('',(1.,0.,0.));
#2112=DIRECTION('center_axis',(1.,0.,0.));
#2113=DIRECTION('ref_axis',(0.,1.,0.));
#2114=DIRECTION('',(0.,0.,1.));
#2115=DIRECTION('center_axis',(1.,0.,0.));
#2116=DIRECTION('ref_axis',(0.,1.,0.));
#2117=DIRECTION('',(0.,0.,-1.));
#2118=DIRECTION('center_axis',(0.,0.998598497608271,0.0529248578127819));
#2119=DIRECTION('ref_axis',(0.,-0.0529248578127819,0.998598497608271));
#2120=DIRECTION('',(0.,0.0529248578127819,-0.998598497608271));
#2121=DIRECTION('',(0.,-0.0529248578127819,0.998598497608271));
#2122=DIRECTION('',(1.,0.,0.));
#2123=DIRECTION('center_axis',(0.,0.0529248578127837,-0.998598497608271));
#2124=DIRECTION('ref_axis',(0.,0.998598497608271,0.0529248578127838));
#2125=DIRECTION('',(0.,-0.998598497608271,-0.0529248578127837));
#2126=DIRECTION('',(0.,0.998598497608271,0.0529248578127837));
#2127=DIRECTION('',(1.,0.,0.));
#2128=DIRECTION('center_axis',(1.,0.,0.));
#2129=DIRECTION('ref_axis',(0.,0.,-1.));
#2130=DIRECTION('',(0.,0.,1.));
#2131=DIRECTION('center_axis',(1.,0.,0.));
#2132=DIRECTION('ref_axis',(0.,1.,0.));
#2133=DIRECTION('',(0.,0.,-1.));
#2134=DIRECTION('center_axis',(-0.707106781186548,2.18068395405112E-15,
0.707106781186547));
#2135=DIRECTION('ref_axis',(0.707106781186547,0.,0.707106781186548));
#2136=DIRECTION('',(-3.08395282306848E-15,-1.,0.));
#2137=DIRECTION('',(-0.707106781186547,0.,-0.707106781186548));
#2138=DIRECTION('',(3.08395282306848E-15,1.,0.));
#2139=DIRECTION('',(-0.577350269189627,-0.577350269189625,-0.577350269189625));
#2140=DIRECTION('center_axis',(0.,-0.707106781186548,0.707106781186547));
#2141=DIRECTION('ref_axis',(1.,0.,0.));
#2142=DIRECTION('',(1.,0.,0.));
#2143=DIRECTION('',(-1.,0.,0.));
#2144=DIRECTION('',(0.577350269189626,-0.577350269189626,-0.577350269189626));
#2145=DIRECTION('center_axis',(0.707106781186548,0.,0.707106781186547));
#2146=DIRECTION('ref_axis',(0.707106781186547,0.,-0.707106781186548));
#2147=DIRECTION('',(0.,-1.,0.));
#2148=DIRECTION('',(-0.707106781186547,0.,0.707106781186548));
#2149=DIRECTION('',(0.,1.,0.));
#2150=DIRECTION('center_axis',(-1.,3.08395282306848E-15,0.));
#2151=DIRECTION('ref_axis',(3.08395282306848E-15,1.,0.));
#2152=DIRECTION('',(0.,0.,1.));
#2153=DIRECTION('',(3.08395282306848E-15,1.,0.));
#2154=DIRECTION('',(0.,0.,-1.));
#2155=DIRECTION('center_axis',(0.,-1.,0.));
#2156=DIRECTION('ref_axis',(-1.,0.,0.));
#2157=DIRECTION('',(0.,0.,-1.));
#2158=DIRECTION('',(-1.,0.,0.));
#2159=DIRECTION('center_axis',(1.,0.,0.));
#2160=DIRECTION('ref_axis',(0.,-1.,0.));
#2161=DIRECTION('',(0.,0.,-1.));
#2162=DIRECTION('',(0.,-1.,0.));
#2163=DIRECTION('center_axis',(0.707106781186548,0.,0.707106781186547));
#2164=DIRECTION('ref_axis',(0.707106781186547,0.,-0.707106781186548));
#2165=DIRECTION('',(0.698232411953282,-0.157933523343859,-0.698232411953282));
#2166=DIRECTION('',(0.577350269189626,0.577350269189626,-0.577350269189626));
#2167=DIRECTION('',(0.,1.,0.));
#2168=DIRECTION('',(0.707106781186547,1.36292747128195E-16,-0.707106781186548));
#2169=DIRECTION('',(0.,-1.,0.));
#2170=DIRECTION('center_axis',(0.,0.707106781186548,0.707106781186547));
#2171=DIRECTION('ref_axis',(1.,0.,0.));
#2172=DIRECTION('',(0.952456864662281,-0.215436673941203,0.215436673941203));
#2173=DIRECTION('',(1.,0.,0.));
#2174=DIRECTION('',(-0.577350269189626,0.577350269189626,-0.577350269189626));
#2175=DIRECTION('',(-1.,0.,0.));
#2176=DIRECTION('center_axis',(-0.707106781186548,0.,0.707106781186547));
#2177=DIRECTION('ref_axis',(0.707106781186547,0.,0.707106781186548));
#2178=DIRECTION('',(0.,1.,0.));
#2179=DIRECTION('',(0.707106781186547,1.36292747128195E-16,0.707106781186548));
#2180=DIRECTION('',(0.,-1.,0.));
#2181=DIRECTION('center_axis',(1.,0.,0.));
#2182=DIRECTION('ref_axis',(0.,-1.,0.));
#2183=DIRECTION('',(0.,0.,-1.));
#2184=DIRECTION('',(0.,-1.,0.));
#2185=DIRECTION('',(0.,0.,-1.));
#2186=DIRECTION('center_axis',(0.,1.,0.));
#2187=DIRECTION('ref_axis',(1.,0.,0.));
#2188=DIRECTION('',(0.,0.,-1.));
#2189=DIRECTION('',(1.,0.,0.));
#2190=DIRECTION('center_axis',(-1.,0.,0.));
#2191=DIRECTION('ref_axis',(0.,1.,0.));
#2192=DIRECTION('',(0.,0.,1.));
#2193=DIRECTION('',(0.,1.,0.));
#2194=DIRECTION('center_axis',(0.,0.,-1.));
#2195=DIRECTION('ref_axis',(-1.,0.,0.));
#2196=DIRECTION('center_axis',(0.,0.,1.));
#2197=DIRECTION('ref_axis',(1.,-4.53152254949043E-17,0.));
#2198=DIRECTION('center_axis',(-1.22464679914735E-16,-1.,0.));
#2199=DIRECTION('ref_axis',(1.,-1.22464679914735E-16,0.));
#2200=DIRECTION('center_axis',(0.,0.,-1.));
#2201=DIRECTION('ref_axis',(1.,-4.53152254949043E-17,0.));
#2202=DIRECTION('center_axis',(0.,0.,-1.));
#2203=DIRECTION('ref_axis',(1.,-4.53152254949043E-17,0.));
#2204=DIRECTION('center_axis',(0.,0.,-1.));
#2205=DIRECTION('ref_axis',(1.,0.,0.));
#2206=DIRECTION('',(-1.,-1.9274705144178E-16,0.));
#2207=DIRECTION('',(0.,-1.,0.));
#2208=DIRECTION('',(0.975360461197345,-0.220617249400182,0.));
#2209=DIRECTION('',(0.,1.,0.));
#2210=DIRECTION('',(-0.975360461197345,0.220617249400182,0.));
#2211=DIRECTION('',(1.,0.,0.));
#2212=DIRECTION('',(-1.37915903680144E-15,1.,0.));
#2213=DIRECTION('center_axis',(0.,0.,1.));
#2214=DIRECTION('ref_axis',(0.,1.,0.));
#2215=DIRECTION('',(-1.,1.01640136057232E-14,0.));
#2216=DIRECTION('center_axis',(0.,0.,1.));
#2217=DIRECTION('ref_axis',(-1.,-3.96508223080411E-16,0.));
#2218=DIRECTION('',(1.37915903680144E-15,-1.,0.));
#2219=DIRECTION('center_axis',(0.,0.,1.));
#2220=DIRECTION('ref_axis',(0.,-1.,0.));
#2221=DIRECTION('',(1.,-1.32914024074842E-14,0.));
#2222=DIRECTION('center_axis',(0.,0.,1.));
#2223=DIRECTION('ref_axis',(1.,3.9650822308041E-16,0.));
#2224=DIRECTION('',(0.,-1.,0.));
#2225=DIRECTION('',(0.975360461197345,-0.220617249400182,0.));
#2226=DIRECTION('',(0.,1.,0.));
#2227=DIRECTION('',(-0.975360461197345,0.220617249400182,0.));
#2228=DIRECTION('',(0.,-1.,0.));
#2229=DIRECTION('',(0.975360461197345,-0.220617249400182,0.));
#2230=DIRECTION('',(0.,1.,0.));
#2231=DIRECTION('',(-0.975360461197345,0.220617249400182,0.));
#2232=DIRECTION('',(0.,-1.,0.));
#2233=DIRECTION('',(0.975360461197345,-0.220617249400182,0.));
#2234=DIRECTION('',(0.,1.,0.));
#2235=DIRECTION('',(-0.975360461197345,0.220617249400182,0.));
#2236=DIRECTION('center_axis',(0.,0.,-1.));
#2237=DIRECTION('ref_axis',(1.,0.,0.));
#2238=DIRECTION('',(0.,0.,1.));
#2239=DIRECTION('center_axis',(0.,0.,1.));
#2240=DIRECTION('ref_axis',(1.,0.,0.));
#2241=DIRECTION('center_axis',(0.,0.,-1.));
#2242=DIRECTION('ref_axis',(1.,0.,0.));
#2243=DIRECTION('center_axis',(0.,0.,-1.));
#2244=DIRECTION('ref_axis',(1.,0.,0.));
#2245=DIRECTION('',(0.,0.,-1.));
#2246=DIRECTION('center_axis',(0.,0.,-1.));
#2247=DIRECTION('ref_axis',(1.,0.,0.));
#2248=DIRECTION('',(0.,0.,1.));
#2249=DIRECTION('center_axis',(0.,0.,-1.));
#2250=DIRECTION('ref_axis',(1.,0.,0.));
#2251=DIRECTION('center_axis',(0.,0.,-1.));
#2252=DIRECTION('ref_axis',(1.,0.,0.));
#2253=DIRECTION('center_axis',(0.,0.,-1.));
#2254=DIRECTION('ref_axis',(1.,0.,0.));
#2255=DIRECTION('center_axis',(0.,0.,-1.));
#2256=DIRECTION('ref_axis',(1.,0.,0.));
#2257=DIRECTION('center_axis',(0.,0.,-1.));
#2258=DIRECTION('ref_axis',(1.,0.,0.));
#2259=DIRECTION('',(0.,0.,-1.));
#2260=DIRECTION('center_axis',(0.,0.,-1.));
#2261=DIRECTION('ref_axis',(1.,0.,0.));
#2262=DIRECTION('',(0.,0.,1.));
#2263=DIRECTION('center_axis',(0.,0.,-1.));
#2264=DIRECTION('ref_axis',(1.,0.,0.));
#2265=DIRECTION('center_axis',(0.,0.,1.));
#2266=DIRECTION('ref_axis',(-1.,-3.96508223080411E-16,0.));
#2267=DIRECTION('center_axis',(0.,0.,-1.));
#2268=DIRECTION('ref_axis',(-1.,-3.96508223080411E-16,0.));
#2269=DIRECTION('',(0.,0.707106781186547,0.707106781186548));
#2270=DIRECTION('center_axis',(0.,0.,1.));
#2271=DIRECTION('ref_axis',(-1.,-3.96508223080411E-16,0.));
#2272=DIRECTION('center_axis',(-7.1870429446792E-15,-0.707106781186548,
0.707106781186547));
#2273=DIRECTION('ref_axis',(1.,0.,1.01640136057232E-14));
#2274=DIRECTION('',(6.28036983473509E-15,0.707106781186547,0.707106781186548));
#2275=DIRECTION('',(-1.,1.01640136057232E-14,0.));
#2276=DIRECTION('',(1.,-1.01640136057232E-14,0.));
#2277=DIRECTION('center_axis',(0.,0.,1.));
#2278=DIRECTION('ref_axis',(0.,1.,0.));
#2279=DIRECTION('',(0.646279204889694,0.286920179365501,0.707106781186557));
#2280=DIRECTION('center_axis',(0.,0.,1.));
#2281=DIRECTION('ref_axis',(0.,1.,0.));
#2282=DIRECTION('center_axis',(0.,0.,-1.));
#2283=DIRECTION('ref_axis',(0.,1.,0.));
#2284=DIRECTION('',(0.707106781186546,5.23364152894591E-16,0.707106781186549));
#2285=DIRECTION('center_axis',(-0.70710678118655,-9.75212707257006E-16,
0.707106781186545));
#2286=DIRECTION('ref_axis',(0.707106781186545,0.,0.70710678118655));
#2287=DIRECTION('',(-1.37915903680144E-15,1.,0.));
#2288=DIRECTION('',(-0.707106781186545,-7.85046229341888E-16,-0.70710678118655));
#2289=DIRECTION('',(1.37915903680144E-15,-1.,0.));
#2290=DIRECTION('',(0.707106781186546,7.85046229341887E-16,0.707106781186549));
#2291=DIRECTION('',(-1.37915903680144E-15,1.,0.));
#2292=DIRECTION('',(0.707106781186546,1.04672830578918E-15,0.707106781186549));
#2293=DIRECTION('center_axis',(0.,0.,1.));
#2294=DIRECTION('ref_axis',(1.,3.9650822308041E-16,0.));
#2295=DIRECTION('',(-0.619962952377784,0.340067548700289,-0.707106781186546));
#2296=DIRECTION('center_axis',(0.,0.,-1.));
#2297=DIRECTION('ref_axis',(1.,3.9650822308041E-16,0.));
#2298=DIRECTION('',(0.,-0.707106781186548,0.707106781186548));
#2299=DIRECTION('center_axis',(0.,0.,1.));
#2300=DIRECTION('ref_axis',(1.,3.9650822308041E-16,0.));
#2301=DIRECTION('center_axis',(9.39844077381129E-15,0.707106781186548,0.707106781186547));
#2302=DIRECTION('ref_axis',(1.,0.,-1.32914024074842E-14));
#2303=DIRECTION('',(-9.42055475210263E-15,-0.707106781186547,0.707106781186548));
#2304=DIRECTION('',(1.,-1.32914024074842E-14,0.));
#2305=DIRECTION('',(-1.,1.32914024074842E-14,0.));
#2306=DIRECTION('center_axis',(0.,0.,1.));
#2307=DIRECTION('ref_axis',(0.,-1.,0.));
#2308=DIRECTION('center_axis',(0.,0.,1.));
#2309=DIRECTION('ref_axis',(0.,-1.,0.));
#2310=DIRECTION('center_axis',(0.,0.,-1.));
#2311=DIRECTION('ref_axis',(0.,-1.,0.));
#2312=DIRECTION('center_axis',(0.,0.,-1.));
#2313=DIRECTION('ref_axis',(1.,0.,0.));
#2314=DIRECTION('center_axis',(0.,0.,-1.));
#2315=DIRECTION('ref_axis',(1.,0.,0.));
#2316=DIRECTION('center_axis',(0.,0.,-1.));
#2317=DIRECTION('ref_axis',(1.,0.,0.));
#2318=DIRECTION('',(0.,-1.,0.));
#2319=DIRECTION('center_axis',(0.,0.,1.));
#2320=DIRECTION('ref_axis',(-7.83686840911875E-15,-1.,0.));
#2321=DIRECTION('',(1.,-1.25095552070435E-14,0.));
#2322=DIRECTION('center_axis',(0.,0.,1.));
#2323=DIRECTION('ref_axis',(1.,1.14287664299648E-15,0.));
#2324=DIRECTION('center_axis',(0.,0.,-1.));
#2325=DIRECTION('ref_axis',(1.,0.,0.));
#2326=DIRECTION('center_axis',(0.,0.,1.));
#2327=DIRECTION('ref_axis',(6.53072367426562E-15,1.,0.));
#2328=DIRECTION('',(-1.,7.8184720044022E-15,0.));
#2329=DIRECTION('center_axis',(0.,0.,1.));
#2330=DIRECTION('ref_axis',(-1.,-1.14287664299648E-15,0.));
#2331=DIRECTION('',(0.,-1.,0.));
#2332=DIRECTION('center_axis',(-1.,0.,0.));
#2333=DIRECTION('ref_axis',(0.,-1.,0.));
#2334=DIRECTION('',(0.,1.,0.));
#2335=DIRECTION('',(0.,0.,1.));
#2336=DIRECTION('center_axis',(0.,0.,1.));
#2337=DIRECTION('ref_axis',(1.,1.14287664299648E-15,0.));
#2338=DIRECTION('center_axis',(0.,0.,-1.));
#2339=DIRECTION('ref_axis',(1.,1.14287664299648E-15,0.));
#2340=DIRECTION('',(0.,0.,1.));
#2341=DIRECTION('center_axis',(-1.25095552070435E-14,-1.,0.));
#2342=DIRECTION('ref_axis',(1.,-1.25095552070435E-14,0.));
#2343=DIRECTION('',(-1.,1.25095552070435E-14,0.));
#2344=DIRECTION('',(0.,0.,1.));
#2345=DIRECTION('center_axis',(0.,0.,1.));
#2346=DIRECTION('ref_axis',(-7.83686840911875E-15,-1.,0.));
#2347=DIRECTION('center_axis',(0.,0.,-1.));
#2348=DIRECTION('ref_axis',(-7.83686840911875E-15,-1.,0.));
#2349=DIRECTION('center_axis',(-1.,0.,0.));
#2350=DIRECTION('ref_axis',(0.,-1.,0.));
#2351=DIRECTION('',(0.,0.,1.));
#2352=DIRECTION('',(0.,1.,0.));
#2353=DIRECTION('center_axis',(0.,0.,1.));
#2354=DIRECTION('ref_axis',(-1.,-1.14287664299648E-15,0.));
#2355=DIRECTION('center_axis',(0.,0.,-1.));
#2356=DIRECTION('ref_axis',(-1.,-1.14287664299648E-15,0.));
#2357=DIRECTION('',(0.,0.,1.));
#2358=DIRECTION('center_axis',(7.8184720044022E-15,1.,0.));
#2359=DIRECTION('ref_axis',(-1.,7.8184720044022E-15,0.));
#2360=DIRECTION('',(1.,-7.8184720044022E-15,0.));
#2361=DIRECTION('',(0.,0.,1.));
#2362=DIRECTION('center_axis',(0.,0.,1.));
#2363=DIRECTION('ref_axis',(6.53072367426562E-15,1.,0.));
#2364=DIRECTION('center_axis',(0.,0.,-1.));
#2365=DIRECTION('ref_axis',(6.53072367426562E-15,1.,0.));
#2366=DIRECTION('center_axis',(0.,0.,-1.));
#2367=DIRECTION('ref_axis',(1.,0.,0.));
#2368=DIRECTION('',(1.,0.,0.));
#2369=DIRECTION('center_axis',(0.,0.,-1.));
#2370=DIRECTION('ref_axis',(1.,0.,0.));
#2371=DIRECTION('',(-1.,0.,0.));
#2372=DIRECTION('',(1.37915903680144E-15,-1.,0.));
#2373=DIRECTION('',(0.,-1.,0.));
#2374=DIRECTION('',(-0.975360461197345,0.220617249400182,0.));
#2375=DIRECTION('',(0.,1.,0.));
#2376=DIRECTION('',(0.975360461197345,-0.220617249400182,0.));
#2377=DIRECTION('',(0.,-1.,0.));
#2378=DIRECTION('',(-0.975360461197345,0.220617249400182,0.));
#2379=DIRECTION('',(0.,1.,0.));
#2380=DIRECTION('',(0.975360461197345,-0.220617249400182,0.));
#2381=DIRECTION('',(0.,-1.,0.));
#2382=DIRECTION('',(-0.975360461197345,0.220617249400182,0.));
#2383=DIRECTION('',(0.,1.,0.));
#2384=DIRECTION('',(0.975360461197345,-0.220617249400182,0.));
#2385=DIRECTION('',(0.,-1.,0.));
#2386=DIRECTION('',(-0.975360461197345,0.220617249400182,0.));
#2387=DIRECTION('',(0.,1.,0.));
#2388=DIRECTION('',(0.975360461197345,-0.220617249400182,0.));
#2389=DIRECTION('',(0.,1.,0.));
#2390=DIRECTION('',(1.,0.,0.));
#2391=DIRECTION('',(0.,-1.,0.));
#2392=DIRECTION('',(-0.975360461197345,0.220617249400182,0.));
#2393=DIRECTION('center_axis',(-1.,0.,0.));
#2394=DIRECTION('ref_axis',(0.,-1.,0.));
#2395=DIRECTION('',(0.,0.,1.));
#2396=DIRECTION('',(0.,-1.,0.));
#2397=DIRECTION('',(0.,0.,1.));
#2398=DIRECTION('center_axis',(0.,1.,0.));
#2399=DIRECTION('ref_axis',(-1.,0.,0.));
#2400=DIRECTION('',(-1.,0.,0.));
#2401=DIRECTION('',(0.,0.,1.));
#2402=DIRECTION('center_axis',(1.,0.,0.));
#2403=DIRECTION('ref_axis',(0.,1.,0.));
#2404=DIRECTION('',(0.,1.,0.));
#2405=DIRECTION('',(0.,0.,1.));
#2406=DIRECTION('center_axis',(-0.220617249400182,-0.975360461197345,0.));
#2407=DIRECTION('ref_axis',(0.975360461197345,-0.220617249400182,0.));
#2408=DIRECTION('',(0.975360461197345,-0.220617249400182,0.));
#2409=DIRECTION('',(0.975360461197345,-0.220617249400182,0.));
#2410=DIRECTION('center_axis',(0.,0.,1.));
#2411=DIRECTION('ref_axis',(1.,0.,0.));
#2412=DIRECTION('',(1.,1.9274705144178E-16,0.));
#2413=DIRECTION('',(-1.,0.,0.));
#2414=DIRECTION('center_axis',(1.9274705144178E-16,-1.,0.));
#2415=DIRECTION('ref_axis',(-1.,-1.9274705144178E-16,0.));
#2416=DIRECTION('center_axis',(-0.220617249400182,-0.975360461197345,0.));
#2417=DIRECTION('ref_axis',(-0.975360461197345,0.220617249400182,0.));
#2418=DIRECTION('',(0.,0.,-1.));
#2419=DIRECTION('',(0.,0.,-1.));
#2420=DIRECTION('center_axis',(-1.,0.,0.));
#2421=DIRECTION('ref_axis',(0.,1.,0.));
#2422=DIRECTION('',(0.,0.,-1.));
#2423=DIRECTION('center_axis',(0.220617249400182,0.975360461197345,0.));
#2424=DIRECTION('ref_axis',(0.975360461197345,-0.220617249400182,0.));
#2425=DIRECTION('',(0.,0.,-1.));
#2426=DIRECTION('center_axis',(1.,0.,0.));
#2427=DIRECTION('ref_axis',(0.,-1.,0.));
#2428=DIRECTION('center_axis',(0.,1.,0.));
#2429=DIRECTION('ref_axis',(1.,0.,0.));
#2430=DIRECTION('center_axis',(0.,0.,-1.));
#2431=DIRECTION('ref_axis',(1.,3.9650822308041E-16,0.));
#2432=DIRECTION('',(0.,0.,1.));
#2433=DIRECTION('',(0.,0.,-1.));
#2434=DIRECTION('center_axis',(1.32914024074842E-14,1.,0.));
#2435=DIRECTION('ref_axis',(1.,-1.32914024074842E-14,0.));
#2436=DIRECTION('',(0.,0.,-1.));
#2437=DIRECTION('center_axis',(0.,0.,-1.));
#2438=DIRECTION('ref_axis',(0.,-1.,0.));
#2439=DIRECTION('',(0.,0.,-1.));
#2440=DIRECTION('center_axis',(1.,1.37915903680144E-15,0.));
#2441=DIRECTION('ref_axis',(1.37915903680144E-15,-1.,0.));
#2442=DIRECTION('',(0.,0.,-1.));
#2443=DIRECTION('center_axis',(0.,0.,-1.));
#2444=DIRECTION('ref_axis',(-1.,-3.96508223080411E-16,0.));
#2445=DIRECTION('',(0.,0.,-1.));
#2446=DIRECTION('center_axis',(-1.01640136057232E-14,-1.,0.));
#2447=DIRECTION('ref_axis',(-1.,1.01640136057232E-14,0.));
#2448=DIRECTION('',(0.,0.,-1.));
#2449=DIRECTION('center_axis',(0.,0.,-1.));
#2450=DIRECTION('ref_axis',(0.,1.,0.));
#2451=DIRECTION('',(0.,0.,-1.));
#2452=DIRECTION('center_axis',(-1.,-1.37915903680144E-15,0.));
#2453=DIRECTION('ref_axis',(-1.37915903680144E-15,1.,0.));
#2454=DIRECTION('center_axis',(-0.220617249400182,-0.975360461197345,0.));
#2455=DIRECTION('ref_axis',(-0.975360461197345,0.220617249400182,0.));
#2456=DIRECTION('',(0.,0.,-1.));
#2457=DIRECTION('',(0.,0.,-1.));
#2458=DIRECTION('center_axis',(-1.,0.,0.));
#2459=DIRECTION('ref_axis',(0.,1.,0.));
#2460=DIRECTION('',(0.,0.,-1.));
#2461=DIRECTION('center_axis',(0.220617249400182,0.975360461197345,0.));
#2462=DIRECTION('ref_axis',(0.975360461197345,-0.220617249400182,0.));
#2463=DIRECTION('',(0.,0.,-1.));
#2464=DIRECTION('center_axis',(1.,0.,0.));
#2465=DIRECTION('ref_axis',(0.,-1.,0.));
#2466=DIRECTION('center_axis',(-0.220617249400182,-0.975360461197345,0.));
#2467=DIRECTION('ref_axis',(-0.975360461197345,0.220617249400182,0.));
#2468=DIRECTION('',(0.,0.,-1.));
#2469=DIRECTION('',(0.,0.,-1.));
#2470=DIRECTION('center_axis',(-1.,0.,0.));
#2471=DIRECTION('ref_axis',(0.,1.,0.));
#2472=DIRECTION('',(0.,0.,-1.));
#2473=DIRECTION('center_axis',(0.220617249400182,0.975360461197345,0.));
#2474=DIRECTION('ref_axis',(0.975360461197345,-0.220617249400182,0.));
#2475=DIRECTION('',(0.,0.,-1.));
#2476=DIRECTION('center_axis',(1.,0.,0.));
#2477=DIRECTION('ref_axis',(0.,-1.,0.));
#2478=DIRECTION('center_axis',(-0.220617249400182,-0.975360461197345,0.));
#2479=DIRECTION('ref_axis',(-0.975360461197345,0.220617249400182,0.));
#2480=DIRECTION('',(0.,0.,-1.));
#2481=DIRECTION('',(0.,0.,-1.));
#2482=DIRECTION('center_axis',(-1.,0.,0.));
#2483=DIRECTION('ref_axis',(0.,1.,0.));
#2484=DIRECTION('',(0.,0.,-1.));
#2485=DIRECTION('center_axis',(0.220617249400182,0.975360461197345,0.));
#2486=DIRECTION('ref_axis',(0.975360461197345,-0.220617249400182,0.));
#2487=DIRECTION('',(0.,0.,-1.));
#2488=DIRECTION('center_axis',(1.,0.,0.));
#2489=DIRECTION('ref_axis',(0.,-1.,0.));
#2490=DIRECTION('center_axis',(0.,-1.,0.));
#2491=DIRECTION('ref_axis',(-1.,0.,0.));
#2492=DIRECTION('',(1.,0.,0.));
#2493=DIRECTION('',(0.,0.,1.));
#2494=DIRECTION('center_axis',(0.,0.,-1.));
#2495=DIRECTION('ref_axis',(-1.,-1.90105341434779E-9,0.));
#2496=DIRECTION('center_axis',(0.,0.,-1.));
#2497=DIRECTION('ref_axis',(1.,0.,0.));
#2498=DIRECTION('',(0.,0.,-1.));
#2499=DIRECTION('center_axis',(0.,1.,0.));
#2500=DIRECTION('ref_axis',(1.,0.,0.));
#2501=DIRECTION('',(1.,0.,0.));
#2502=DIRECTION('center_axis',(0.,0.,1.));
#2503=DIRECTION('ref_axis',(1.,0.,0.));
#2504=CARTESIAN_POINT('',(0.,0.,0.));
#2505=CARTESIAN_POINT('Ctrl Pts',(-6.,-20.0000002682209,-1.00000001490116));
#2506=CARTESIAN_POINT('Ctrl Pts',(-9.,-20.0000002682209,-1.00000001490116));
#2507=CARTESIAN_POINT('Ctrl Pts',(-6.,-19.0000002607703,-2.00000004470348));
#2508=CARTESIAN_POINT('Ctrl Pts',(-9.,-19.0000002607703,-2.00000004470348));
#2509=CARTESIAN_POINT('Ctrl Pts',(-6.,-20.0000002682209,-3.00000005960464));
#2510=CARTESIAN_POINT('Ctrl Pts',(-9.,-20.0000002682209,-3.00000005960464));
#2511=CARTESIAN_POINT('',(-6.,-20.0000002682209,-3.00000005960464));
#2512=CARTESIAN_POINT('',(-6.,-20.0000002682209,-1.00000001490116));
#2513=CARTESIAN_POINT('Ctrl Pts',(-6.,-20.0000002682209,-3.00000005960464));
#2514=CARTESIAN_POINT('Ctrl Pts',(-6.,-19.0000002607703,-2.00000004470348));
#2515=CARTESIAN_POINT('Ctrl Pts',(-6.,-20.0000002682209,-1.00000001490116));
#2516=CARTESIAN_POINT('',(-9.,-20.0000002682209,-3.00000005960464));
#2517=CARTESIAN_POINT('',(-6.,-20.0000002682209,-3.00000005960464));
#2518=CARTESIAN_POINT('',(-9.,-20.0000002682209,-1.00000001490116));
#2519=CARTESIAN_POINT('Ctrl Pts',(-9.,-20.0000002682209,-1.00000001490116));
#2520=CARTESIAN_POINT('Ctrl Pts',(-9.,-19.0000002607703,-2.00000004470348));
#2521=CARTESIAN_POINT('Ctrl Pts',(-9.,-20.0000002682209,-3.00000005960464));
#2522=CARTESIAN_POINT('',(-6.,-20.0000002682209,-1.00000001490116));
#2523=CARTESIAN_POINT('Origin',(-6.,-19.5000002644956,-2.0000000372529));
#2524=CARTESIAN_POINT('',(-6.,-20.0000002682209,-1.00000001862645));
#2525=CARTESIAN_POINT('Origin',(-9.,-19.5000002644956,-2.0000000372529));
#2526=CARTESIAN_POINT('',(-9.,-20.0000002682209,-1.00000001862645));
#2527=CARTESIAN_POINT('Origin',(-6.,-20.0000002682209,-3.00000005960464));
#2528=CARTESIAN_POINT('',(-6.,-17.9864090680739,-40.9929060467504));
#2529=CARTESIAN_POINT('',(-6.,-20.0000002682209,-3.00000005960464));
#2530=CARTESIAN_POINT('',(-9.,-17.9864090680739,-40.9929060467504));
#2531=CARTESIAN_POINT('',(-6.,-17.9864090680739,-40.9929060467504));
#2532=CARTESIAN_POINT('',(-9.,-20.0000002682209,-3.00000005960464));
#2533=CARTESIAN_POINT('Origin',(-6.,-17.9864090680739,-40.9929060467504));
#2534=CARTESIAN_POINT('',(-6.,-20.0000002682209,-41.0996246410765));
#2535=CARTESIAN_POINT('',(-6.,-17.9864090680739,-40.9929060467504));
#2536=CARTESIAN_POINT('',(-9.,-20.0000002682209,-41.0996246410765));
#2537=CARTESIAN_POINT('',(-8.87877515455311,-20.0000002682209,-41.0996246410765));
#2538=CARTESIAN_POINT('',(-9.,-17.9864090680739,-40.9929060467504));
#2539=CARTESIAN_POINT('Origin',(-6.,-18.9932046681474,-22.0498123503406));
#2540=CARTESIAN_POINT('',(-6.,-20.0000002682209,-11.0249061751703));
#2541=CARTESIAN_POINT('Origin',(-9.,-18.9932046681474,-22.0498123503406));
#2542=CARTESIAN_POINT('',(-9.,-20.0000002682209,-11.0249061751703));
#2543=CARTESIAN_POINT('Origin',(-6.,18.0000002533197,-41.0000006109476));
#2544=CARTESIAN_POINT('',(-6.,18.0000002533197,-41.0000006109476));
#2545=CARTESIAN_POINT('',(-6.,19.9999995976686,-2.99999991059303));
#2546=CARTESIAN_POINT('',(-6.,18.0000002533197,-41.0000006109476));
#2547=CARTESIAN_POINT('',(-9.,19.9999995976686,-2.99999991059303));
#2548=CARTESIAN_POINT('',(-6.,19.9999995976686,-2.99999991059303));
#2549=CARTESIAN_POINT('',(-9.,18.0000002533197,-41.0000006109476));
#2550=CARTESIAN_POINT('',(-9.,18.0000002533197,-41.0000006109476));
#2551=CARTESIAN_POINT('',(-6.,18.0000002533197,-41.0000006109476));
#2552=CARTESIAN_POINT('Origin',(-6.,19.9999995976686,-41.0000006109476));
#2553=CARTESIAN_POINT('',(-6.,19.9999995976686,-41.0000006109476));
#2554=CARTESIAN_POINT('',(-6.,19.9999995976686,-41.0000006109476));
#2555=CARTESIAN_POINT('',(-9.,19.9999995976686,-41.0000006109476));
#2556=CARTESIAN_POINT('',(-9.,19.9999995976686,-41.0000006109476));
#2557=CARTESIAN_POINT('',(2.8787751925742,20.0000002235174,-41.0000006109476));
#2558=CARTESIAN_POINT('Origin',(-6.,18.9999999254942,-22.0000002607703));
#2559=CARTESIAN_POINT('',(-6.,20.0000002235174,-11.0000001303852));
#2560=CARTESIAN_POINT('Origin',(-9.,18.9999999254942,-22.0000002607703));
#2561=CARTESIAN_POINT('',(-9.,20.0000002235174,-11.0000001303852));
#2562=CARTESIAN_POINT('Ctrl Pts',(-6.,19.9999995976686,-2.99999991059303));
#2563=CARTESIAN_POINT('Ctrl Pts',(-9.,19.9999995976686,-2.99999991059303));
#2564=CARTESIAN_POINT('Ctrl Pts',(-6.,18.9999996088445,-1.99999993294477));
#2565=CARTESIAN_POINT('Ctrl Pts',(-9.,18.9999996088445,-1.99999993294477));
#2566=CARTESIAN_POINT('Ctrl Pts',(-6.,20.0000002682209,-1.00000001490116));
#2567=CARTESIAN_POINT('Ctrl Pts',(-9.,20.0000002682209,-1.00000001490116));
#2568=CARTESIAN_POINT('',(-6.,20.0000002682209,-1.00000001490116));
#2569=CARTESIAN_POINT('Ctrl Pts',(-6.,19.9999995976686,-2.99999991059303));
#2570=CARTESIAN_POINT('Ctrl Pts',(-6.,18.9999996088445,-1.99999993294477));
#2571=CARTESIAN_POINT('Ctrl Pts',(-6.,20.0000002682209,-1.00000001490116));
#2572=CARTESIAN_POINT('',(-9.,20.0000002682209,-1.00000001490116));
#2573=CARTESIAN_POINT('',(-6.,20.0000002682209,-1.00000001490116));
#2574=CARTESIAN_POINT('Ctrl Pts',(-9.,19.9999995976686,-2.99999991059303));
#2575=CARTESIAN_POINT('Ctrl Pts',(-9.,18.9999996088445,-1.99999993294477));
#2576=CARTESIAN_POINT('Ctrl Pts',(-9.,20.0000002682209,-1.00000001490116));
#2577=CARTESIAN_POINT('Origin',(-6.,19.4999999385327,-1.9999999627471));
#2578=CARTESIAN_POINT('',(-6.,20.0000002235174,-0.999999981373549));
#2579=CARTESIAN_POINT('Origin',(-9.,19.4999999385327,-1.9999999627471));
#2580=CARTESIAN_POINT('',(-9.,20.0000002235174,-0.999999981373549));
#2581=CARTESIAN_POINT('Ctrl Pts',(6.,20.0000002682209,-1.00000001490116));
#2582=CARTESIAN_POINT('Ctrl Pts',(9.,20.0000002682209,-1.00000001490116));
#2583=CARTESIAN_POINT('Ctrl Pts',(6.,18.9999996088445,-1.99999993294477));
#2584=CARTESIAN_POINT('Ctrl Pts',(9.,18.9999996088445,-1.99999993294477));
#2585=CARTESIAN_POINT('Ctrl Pts',(6.,19.9999995976686,-2.99999991059303));
#2586=CARTESIAN_POINT('Ctrl Pts',(9.,19.9999995976686,-2.99999991059303));
#2587=CARTESIAN_POINT('',(6.,19.9999995976686,-2.99999991059303));
#2588=CARTESIAN_POINT('',(6.,20.0000002682209,-1.00000001490116));
#2589=CARTESIAN_POINT('Ctrl Pts',(6.,19.9999995976686,-2.99999991059303));
#2590=CARTESIAN_POINT('Ctrl Pts',(6.,18.9999996088445,-1.99999993294477));
#2591=CARTESIAN_POINT('Ctrl Pts',(6.,20.0000002682209,-1.00000001490116));
#2592=CARTESIAN_POINT('',(9.,19.9999995976686,-2.99999991059303));
#2593=CARTESIAN_POINT('',(6.,19.9999995976686,-2.99999991059303));
#2594=CARTESIAN_POINT('',(9.,20.0000002682209,-1.00000001490116));
#2595=CARTESIAN_POINT('Ctrl Pts',(9.,20.0000002682209,-1.00000001490116));
#2596=CARTESIAN_POINT('Ctrl Pts',(9.,18.9999996088445,-1.99999993294477));
#2597=CARTESIAN_POINT('Ctrl Pts',(9.,19.9999995976686,-2.99999991059303));
#2598=CARTESIAN_POINT('',(6.,20.0000002682209,-1.00000001490116));
#2599=CARTESIAN_POINT('Origin',(9.,19.4999999385327,-1.9999999627471));
#2600=CARTESIAN_POINT('',(9.,20.0000002235174,-0.999999981373549));
#2601=CARTESIAN_POINT('Origin',(6.,19.4999999385327,-1.9999999627471));
#2602=CARTESIAN_POINT('',(6.,20.0000002235174,-0.999999981373549));
#2603=CARTESIAN_POINT('Origin',(6.,18.0000002533197,-41.0000006109476));
#2604=CARTESIAN_POINT('',(6.,19.9999995976686,-41.0000006109476));
#2605=CARTESIAN_POINT('',(6.,18.0000002533197,-41.0000006109476));
#2606=CARTESIAN_POINT('',(6.,19.9999995976686,-41.0000006109476));
#2607=CARTESIAN_POINT('',(9.,19.9999995976686,-41.0000006109476));
#2608=CARTESIAN_POINT('',(8.8787751925742,20.0000002235174,-41.0000006109476));
#2609=CARTESIAN_POINT('',(9.,18.0000002533197,-41.0000006109476));
#2610=CARTESIAN_POINT('',(9.,19.9999995976686,-41.0000006109476));
#2611=CARTESIAN_POINT('',(6.,18.0000002533197,-41.0000006109476));
#2612=CARTESIAN_POINT('Origin',(6.,19.9999995976686,-2.99999991059303));
#2613=CARTESIAN_POINT('',(6.,18.0000002533197,-41.0000006109476));
#2614=CARTESIAN_POINT('',(9.,18.0000002533197,-41.0000006109476));
#2615=CARTESIAN_POINT('Origin',(9.,18.9999999254942,-22.0000002607703));
#2616=CARTESIAN_POINT('',(9.,20.0000002235174,-11.0000001303852));
#2617=CARTESIAN_POINT('Origin',(6.,18.9999999254942,-22.0000002607703));
#2618=CARTESIAN_POINT('',(6.,20.0000002235174,-11.0000001303852));
#2619=CARTESIAN_POINT('Ctrl Pts',(6.,-20.0000002682209,-3.00000005960464));
#2620=CARTESIAN_POINT('Ctrl Pts',(9.,-20.0000002682209,-3.00000005960464));
#2621=CARTESIAN_POINT('Ctrl Pts',(6.,-19.0000002607703,-2.00000004470348));
#2622=CARTESIAN_POINT('Ctrl Pts',(9.,-19.0000002607703,-2.00000004470348));
#2623=CARTESIAN_POINT('Ctrl Pts',(6.,-20.0000002682209,-1.00000001490116));
#2624=CARTESIAN_POINT('Ctrl Pts',(9.,-20.0000002682209,-1.00000001490116));
#2625=CARTESIAN_POINT('',(6.,-20.0000002682209,-3.00000005960464));
#2626=CARTESIAN_POINT('',(6.,-20.0000002682209,-1.00000001490116));
#2627=CARTESIAN_POINT('Ctrl Pts',(6.,-20.0000002682209,-3.00000005960464));
#2628=CARTESIAN_POINT('Ctrl Pts',(6.,-19.0000002607703,-2.00000004470348));
#2629=CARTESIAN_POINT('Ctrl Pts',(6.,-20.0000002682209,-1.00000001490116));
#2630=CARTESIAN_POINT('',(9.,-20.0000002682209,-1.00000001490116));
#2631=CARTESIAN_POINT('',(6.,-20.0000002682209,-1.00000001490116));
#2632=CARTESIAN_POINT('',(9.,-20.0000002682209,-3.00000005960464));
#2633=CARTESIAN_POINT('Ctrl Pts',(9.,-20.0000002682209,-3.00000005960464));
#2634=CARTESIAN_POINT('Ctrl Pts',(9.,-19.0000002607703,-2.00000004470348));
#2635=CARTESIAN_POINT('Ctrl Pts',(9.,-20.0000002682209,-1.00000001490116));
#2636=CARTESIAN_POINT('',(6.,-20.0000002682209,-3.00000005960464));
#2637=CARTESIAN_POINT('Origin',(9.,-19.5000002644956,-2.0000000372529));
#2638=CARTESIAN_POINT('',(9.,-20.0000002682209,-1.00000001862645));
#2639=CARTESIAN_POINT('Origin',(6.,-19.5000002644956,-2.0000000372529));
#2640=CARTESIAN_POINT('',(6.,-20.0000002682209,-1.00000001862645));
#2641=CARTESIAN_POINT('Origin',(6.,-17.9864090680739,-40.9929060467504));
#2642=CARTESIAN_POINT('',(6.,-17.9864090680739,-40.9929060467504));
#2643=CARTESIAN_POINT('',(6.,-20.0000002682209,-3.00000005960464));
#2644=CARTESIAN_POINT('',(9.,-17.9864090680739,-40.9929060467504));
#2645=CARTESIAN_POINT('',(9.,-20.0000002682209,-3.00000005960464));
#2646=CARTESIAN_POINT('',(6.,-17.9864090680739,-40.9929060467504));
#2647=CARTESIAN_POINT('Origin',(6.,-20.0000002682209,-41.0996246410765));
#2648=CARTESIAN_POINT('',(6.,-20.0000002682209,-41.0996246410765));
#2649=CARTESIAN_POINT('',(6.,-17.9864090680739,-40.9929060467504));
#2650=CARTESIAN_POINT('',(9.,-20.0000002682209,-41.0996246410765));
#2651=CARTESIAN_POINT('',(9.,-17.9864090680739,-40.9929060467504));
#2652=CARTESIAN_POINT('',(-2.87877515455311,-20.0000002682209,-41.0996246410765));
#2653=CARTESIAN_POINT('Origin',(9.,-18.9932046681474,-22.0498123503406));
#2654=CARTESIAN_POINT('',(9.,-20.0000002682209,-11.0249061751703));
#2655=CARTESIAN_POINT('Origin',(6.,-18.9932046681474,-22.0498123503406));
#2656=CARTESIAN_POINT('',(6.,-20.0000002682209,-11.0249061751703));
#2657=CARTESIAN_POINT('Origin',(12.969999945651,3.30078867109314,-56.3));
#2658=CARTESIAN_POINT('',(12.169999945651,5.01502781242086,-57.1));
#2659=CARTESIAN_POINT('',(12.169999945651,3.57502780162886,-57.1));
#2660=CARTESIAN_POINT('',(12.169999945651,3.30078867109315,-57.1));
#2661=CARTESIAN_POINT('',(13.769999945651,3.57502780162886,-55.5));
#2662=CARTESIAN_POINT('',(12.234999942953,3.57502780162886,-57.035000002698));
#2663=CARTESIAN_POINT('',(13.769999945651,6.61502781242086,-55.5));
#2664=CARTESIAN_POINT('',(13.769999945651,3.30078867109314,-55.5));
#2665=CARTESIAN_POINT('',(13.769999945651,6.61502781242086,-55.5));
#2666=CARTESIAN_POINT('Origin',(11.7271448430342,5.81502781242086,-56.3));
#2667=CARTESIAN_POINT('',(10.729999934859,5.01502781242086,-57.1));
#2668=CARTESIAN_POINT('',(11.7271448430342,5.01502781242086,-57.1));
#2669=CARTESIAN_POINT('',(9.12999993485899,6.61502781242086,-55.5));
#2670=CARTESIAN_POINT('',(11.7271448430342,6.61502781242086,-55.5));
#2671=CARTESIAN_POINT('',(9.12999993485899,6.61502781242086,-55.5));
#2672=CARTESIAN_POINT('Origin',(9.92999993485899,4.02078867648915,-56.3));
#2673=CARTESIAN_POINT('',(9.12999993485899,3.57502780162886,-55.5));
#2674=CARTESIAN_POINT('',(9.12999993485899,4.02078867648915,-55.5));
#2675=CARTESIAN_POINT('',(10.729999934859,3.57502780162886,-57.1));
#2676=CARTESIAN_POINT('',(10.304999934859,3.57502780162886,-56.675));
#2677=CARTESIAN_POINT('',(10.729999934859,4.02078867648915,-57.1));
#2678=CARTESIAN_POINT('Origin',(12.169999945651,3.57502780162886,-57.));
#2679=CARTESIAN_POINT('',(12.169999945651,5.01502781242086,-59.));
#2680=CARTESIAN_POINT('',(12.169999945651,5.01502781242086,-57.));
#2681=CARTESIAN_POINT('',(12.169999945651,3.57502780162886,-59.));
#2682=CARTESIAN_POINT('',(12.169999945651,3.57502780162886,-59.));
#2683=CARTESIAN_POINT('',(12.169999945651,3.57502780162886,-57.));
#2684=CARTESIAN_POINT('Origin',(12.169999945651,5.01502781242086,-57.));
#2685=CARTESIAN_POINT('',(10.729999934859,5.01502781242086,-59.));
#2686=CARTESIAN_POINT('',(10.729999934859,5.01502781242086,-57.));
#2687=CARTESIAN_POINT('',(12.169999945651,5.01502781242086,-59.));
#2688=CARTESIAN_POINT('Origin',(10.729999934859,5.01502781242086,-57.));
#2689=CARTESIAN_POINT('',(10.729999934859,3.57502780162886,-59.));
#2690=CARTESIAN_POINT('',(10.729999934859,3.57502780162886,-57.));
#2691=CARTESIAN_POINT('',(10.729999934859,5.01502781242086,-59.));
#2692=CARTESIAN_POINT('Origin',(9.92999993485899,2.75078865507365,-56.3));
#2693=CARTESIAN_POINT('',(9.12999993485899,-0.345353331116901,-55.5));
#2694=CARTESIAN_POINT('',(9.30910661847885,-0.38586555758228,-55.6791066836199));
#2695=CARTESIAN_POINT('',(9.5711006145695,-0.445126104914622,-55.9411006797105));
#2696=CARTESIAN_POINT('',(10.729999934859,1.03502775879786,-57.1));
#2697=CARTESIAN_POINT('',(9.12999993485899,-0.564972241202143,-55.5));
#2698=CARTESIAN_POINT('',(10.729999934859,2.47502776958986,-57.1));
#2699=CARTESIAN_POINT('',(10.729999934859,2.75078865507365,-57.1));
#2700=CARTESIAN_POINT('',(9.12999993485899,2.47502776958986,-55.5));
#2701=CARTESIAN_POINT('',(10.664999937557,2.47502776958986,-57.035000002698));
#2702=CARTESIAN_POINT('',(9.12999993485899,2.75078865507365,-55.5));
#2703=CARTESIAN_POINT('Origin',(11.0071448376383,0.235027758797857,-56.3));
#2704=CARTESIAN_POINT('',(10.1009466854453,-0.564972241202143,-55.5));
#2705=CARTESIAN_POINT('',(9.46331265455662,-0.420745494665867,-55.6442267465363));
#2706=CARTESIAN_POINT('',(13.769999945651,-0.564972241202143,-55.5));
#2707=CARTESIAN_POINT('',(11.0071448376383,-0.564972241202143,-55.5));
#2708=CARTESIAN_POINT('',(12.169999945651,1.03502775879786,-57.1));
#2709=CARTESIAN_POINT('',(13.769999945651,-0.564972241202143,-55.5));
#2710=CARTESIAN_POINT('',(11.0071448376383,1.03502775879786,-57.1));
#2711=CARTESIAN_POINT('Origin',(12.969999945651,2.03078864967765,-56.3));
#2712=CARTESIAN_POINT('',(13.769999945651,2.47502776958986,-55.5));
#2713=CARTESIAN_POINT('',(13.769999945651,2.03078864967765,-55.5));
#2714=CARTESIAN_POINT('',(12.169999945651,2.47502776958986,-57.1));
#2715=CARTESIAN_POINT('',(12.594999945651,2.47502776958986,-56.675));
#2716=CARTESIAN_POINT('',(12.169999945651,2.03078864967765,-57.1));
#2717=CARTESIAN_POINT('Origin',(10.729999934859,2.47502776958986,-57.));
#2718=CARTESIAN_POINT('',(10.729999934859,1.03502775879786,-59.));
#2719=CARTESIAN_POINT('',(10.729999934859,1.03502775879786,-57.));
#2720=CARTESIAN_POINT('',(10.729999934859,2.47502776958986,-59.));
#2721=CARTESIAN_POINT('',(10.729999934859,2.47502776958986,-59.));
#2722=CARTESIAN_POINT('',(10.729999934859,2.47502776958986,-57.));
#2723=CARTESIAN_POINT('Origin',(10.729999934859,1.03502775879786,-57.));
#2724=CARTESIAN_POINT('',(12.169999945651,1.03502775879786,-59.));
#2725=CARTESIAN_POINT('',(12.169999945651,1.03502775879786,-57.));
#2726=CARTESIAN_POINT('',(10.729999934859,1.03502775879786,-59.));
#2727=CARTESIAN_POINT('Origin',(12.169999945651,1.03502775879786,-57.));
#2728=CARTESIAN_POINT('',(12.169999945651,2.47502776958986,-59.));
#2729=CARTESIAN_POINT('',(12.169999945651,2.47502776958986,-57.));
#2730=CARTESIAN_POINT('',(12.169999945651,1.03502775879786,-59.));
#2731=CARTESIAN_POINT('Origin',(0.,0.,-57.));
#2732=CARTESIAN_POINT('',(22.5,-2.75545529808154E-15,-59.));
#2733=CARTESIAN_POINT('Origin',(0.,0.,-59.));
#2734=CARTESIAN_POINT('',(24.5,-3.00038465791102E-15,-57.));
#2735=CARTESIAN_POINT('Origin',(22.5,-2.75545529808154E-15,-57.));
#2736=CARTESIAN_POINT('',(-24.5,4.11060768253617E-15,-57.));
#2737=CARTESIAN_POINT('Origin',(0.,0.,-57.));
#2738=CARTESIAN_POINT('Origin',(0.,0.,-57.));
#2739=CARTESIAN_POINT('Origin',(0.,0.,-59.));
#2740=CARTESIAN_POINT('',(12.169999945651,2.47502776958986,-59.));
#2741=CARTESIAN_POINT('',(0.500000096857548,-8.62186523893501,-59.));
#2742=CARTESIAN_POINT('',(0.500000096857548,-11.0833333258828,-59.));
#2743=CARTESIAN_POINT('',(0.500000096857548,-11.0833333258828,-59.));
#2744=CARTESIAN_POINT('',(14.5000001862645,-14.2500000447035,-59.));
#2745=CARTESIAN_POINT('',(14.5000001862645,-14.2500000447035,-59.));
#2746=CARTESIAN_POINT('',(14.5000001862645,-11.7885319577557,-59.));
#2747=CARTESIAN_POINT('',(14.5000001862645,-11.7885319577557,-59.));
#2748=CARTESIAN_POINT('',(0.500000096857548,-8.62186523893501,-59.));
#2749=CARTESIAN_POINT('',(10.729999934859,3.57502780162886,-59.));
#2750=CARTESIAN_POINT('',(21.5600000149012,-3.38356842522051,-59.));
#2751=CARTESIAN_POINT('',(21.5600000149012,3.05643157477949,-59.));
#2752=CARTESIAN_POINT('',(21.5600000149012,3.0564315747795,-59.));
#2753=CARTESIAN_POINT('',(20.1600000149012,4.45643157477949,-59.));
#2754=CARTESIAN_POINT('Origin',(20.1600000149012,3.05643157477949,-59.));
#2755=CARTESIAN_POINT('',(19.4500000149012,4.4564315747795,-59.));
#2756=CARTESIAN_POINT('',(19.4500000149012,4.4564315747795,-59.));
#2757=CARTESIAN_POINT('',(18.0500000149012,3.05643157477949,-59.));
#2758=CARTESIAN_POINT('Origin',(19.4500000149012,3.05643157477949,-59.));
#2759=CARTESIAN_POINT('',(18.0500000149012,-3.38356842522051,-59.));
#2760=CARTESIAN_POINT('',(18.0500000149012,-3.38356842522051,-59.));
#2761=CARTESIAN_POINT('',(19.4500000149012,-4.78356842522051,-59.));
#2762=CARTESIAN_POINT('Origin',(19.4500000149012,-3.38356842522051,-59.));
#2763=CARTESIAN_POINT('',(20.1600000149012,-4.78356842522052,-59.));
#2764=CARTESIAN_POINT('',(20.1600000149012,-4.78356842522052,-59.));
#2765=CARTESIAN_POINT('Origin',(20.1600000149012,-3.38356842522051,-59.));
#2766=CARTESIAN_POINT('',(0.500000096857548,-5.28853190560168,-59.));
#2767=CARTESIAN_POINT('',(0.500000096857548,-7.74999999254942,-59.));
#2768=CARTESIAN_POINT('',(0.500000096857548,-7.74999999254942,-59.));
#2769=CARTESIAN_POINT('',(14.5000001862645,-10.9166667113702,-59.));
#2770=CARTESIAN_POINT('',(14.5000001862645,-10.9166667113702,-59.));
#2771=CARTESIAN_POINT('',(14.5000001862645,-8.45519862442241,-59.));
#2772=CARTESIAN_POINT('',(14.5000001862645,-8.45519862442241,-59.));
#2773=CARTESIAN_POINT('',(0.500000096857548,-5.28853190560168,-59.));
#2774=CARTESIAN_POINT('',(0.500000096857548,1.37813476106499,-59.));
#2775=CARTESIAN_POINT('',(0.500000096857548,-1.08333332588276,-59.));
#2776=CARTESIAN_POINT('',(0.500000096857548,-1.08333332588276,-59.));
#2777=CARTESIAN_POINT('',(14.5000001862645,-4.25000004470349,-59.));
#2778=CARTESIAN_POINT('',(14.5000001862645,-4.25000004470349,-59.));
#2779=CARTESIAN_POINT('',(14.5000001862645,-1.78853195775574,-59.));
#2780=CARTESIAN_POINT('',(14.5000001862645,-1.78853195775574,-59.));
#2781=CARTESIAN_POINT('',(0.500000096857548,1.37813476106499,-59.));
#2782=CARTESIAN_POINT('',(0.500000096857548,-1.95519857226834,-59.));
#2783=CARTESIAN_POINT('',(0.500000096857548,-4.41666665921609,-59.));
#2784=CARTESIAN_POINT('',(0.500000096857548,-4.41666665921609,-59.));
#2785=CARTESIAN_POINT('',(14.5000001862645,-7.58333337803682,-59.));
#2786=CARTESIAN_POINT('',(14.5000001862645,-7.58333337803682,-59.));
#2787=CARTESIAN_POINT('',(14.5000001862645,-5.12186529108907,-59.));
#2788=CARTESIAN_POINT('',(14.5000001862645,-5.12186529108907,-59.));
#2789=CARTESIAN_POINT('',(0.500000096857548,-1.95519857226834,-59.));
#2790=CARTESIAN_POINT('Origin',(0.,0.,0.));
#2791=CARTESIAN_POINT('',(-24.5,-3.00038465791102E-15,0.));
#2792=CARTESIAN_POINT('',(-24.5,3.00038465791102E-15,0.));
#2793=CARTESIAN_POINT('Origin',(0.,0.,0.));
#2794=CARTESIAN_POINT('Ctrl Pts',(23.2517477282809,1.49551901560615,-57.));
#2795=CARTESIAN_POINT('Ctrl Pts',(23.2517477282809,1.49551901560615,5.7));
#2796=CARTESIAN_POINT('Ctrl Pts',(21.1647611359587,-4.41044495369525E-8,
-57.));
#2797=CARTESIAN_POINT('Ctrl Pts',(21.1647611359587,-4.41044495369525E-8,
5.70000000000001));
#2798=CARTESIAN_POINT('Ctrl Pts',(23.2491733971065,-1.53485212013985,-57.));
#2799=CARTESIAN_POINT('Ctrl Pts',(23.2491733971065,-1.53485212013985,5.7));
#2800=CARTESIAN_POINT('',(23.1537324299727,-1.46447026505345,1.12952995906222E-15));
#2801=CARTESIAN_POINT('',(23.1537324577064,-1.46447030593101,-55.5));
#2802=CARTESIAN_POINT('Ctrl Pts',(23.1537324577064,-1.46447030593101,3.5527136788005E-14));
#2803=CARTESIAN_POINT('Ctrl Pts',(23.1537324577064,-1.46447030593101,-9.49999999999997));
#2804=CARTESIAN_POINT('Ctrl Pts',(23.1537324577064,-1.46447030593101,-19.));
#2805=CARTESIAN_POINT('Ctrl Pts',(23.1537324577064,-1.46447030593101,-37.5));
#2806=CARTESIAN_POINT('Ctrl Pts',(23.1537324577064,-1.46447030593101,-46.5));
#2807=CARTESIAN_POINT('Ctrl Pts',(23.1537324577064,-1.46447030593101,-55.5));
#2808=CARTESIAN_POINT('',(23.1560806104927,1.42686045581352,-9.52305027440015E-16));
#2809=CARTESIAN_POINT('Ctrl Pts',(23.1537324202266,-1.4644702782491,1.46988696598341E-14));
#2810=CARTESIAN_POINT('Ctrl Pts',(23.1169253046334,-1.43728522050246,1.48870743544902E-14));
#2811=CARTESIAN_POINT('Ctrl Pts',(23.0818967019976,-1.41136280926655,1.50661852545112E-14));
#2812=CARTESIAN_POINT('Ctrl Pts',(23.0484160035504,-1.38653844989516,1.52373814997676E-14));
#2813=CARTESIAN_POINT('Ctrl Pts',(23.0119894734761,-1.35952989526054,1.54236406122012E-14));
#2814=CARTESIAN_POINT('Ctrl Pts',(22.9773953011904,-1.33382117849121,1.56005306180647E-14));
#2815=CARTESIAN_POINT('Ctrl Pts',(22.9443876463421,-1.30923680466366,1.57693085388959E-14));
#2816=CARTESIAN_POINT('Ctrl Pts',(22.9094385751739,-1.2832064479336,1.59480134966961E-14));
#2817=CARTESIAN_POINT('Ctrl Pts',(22.8762684666777,-1.25843681897483,8.6689943805382E-15));
#2818=CARTESIAN_POINT('Ctrl Pts',(22.8446368173285,-1.23475619635366,8.82918583893636E-15));
#2819=CARTESIAN_POINT('Ctrl Pts',(22.8111234717542,-1.20966686634255,8.99890672968345E-15));
#2820=CARTESIAN_POINT('Ctrl Pts',(22.7793373944115,-1.18580019400251,1.66132615843172E-14));
#2821=CARTESIAN_POINT('Ctrl Pts',(22.7490432704663,-1.16298811756926,1.67681654973965E-14));
#2822=CARTESIAN_POINT('Ctrl Pts',(22.7169262222269,-1.13880334297162,1.69323906275848E-14));
#2823=CARTESIAN_POINT('Ctrl Pts',(22.6864864077571,-1.11580413296426,1.70880398407931E-14));
#2824=CARTESIAN_POINT('Ctrl Pts',(22.6574935620096,-1.09382597596165,1.72362905200942E-14));
#2825=CARTESIAN_POINT('Ctrl Pts',(22.6267357238835,-1.07050985855511,1.73935662299625E-14));
#2826=CARTESIAN_POINT('Ctrl Pts',(22.5976067129573,-1.04834312512294,1.75425135405374E-14));
#2827=CARTESIAN_POINT('Ctrl Pts',(22.5698811844569,-1.02716470851486,1.76842846770343E-14));
#2828=CARTESIAN_POINT('Ctrl Pts',(22.5404478722484,-1.00468178458805,1.78347883589603E-14));
#2829=CARTESIAN_POINT('Ctrl Pts',(22.5125965862796,-0.983312909171843,1.79772029508458E-14));
#2830=CARTESIAN_POINT('Ctrl Pts',(22.4861067822929,-0.962900356881886,1.81126561324564E-14));
#2831=CARTESIAN_POINT('Ctrl Pts',(22.4579658080118,-0.941215443347181,1.82565524218327E-14));
#2832=CARTESIAN_POINT('Ctrl Pts',(22.4313616537426,-0.920610016446183,2.62309644900318E-14));
#2833=CARTESIAN_POINT('Ctrl Pts',(22.4060784663945,-0.900929592160823,2.63458056148901E-14));
#2834=CARTESIAN_POINT('Ctrl Pts',(22.3792002693856,-0.880007612907241,2.64678915819865E-14));
#2835=CARTESIAN_POINT('Ctrl Pts',(22.3538152835704,-0.860131254253616,1.8789120163445E-14));
#2836=CARTESIAN_POINT('Ctrl Pts',(22.329712249116,-0.841149174424735,1.89123705924043E-14));
#2837=CARTESIAN_POINT('Ctrl Pts',(22.304070074001,-0.820954961287845,1.90434913891797E-14));
#2838=CARTESIAN_POINT('Ctrl Pts',(22.2798791177773,-0.801773112119442,1.9167191971136E-14));
#2839=CARTESIAN_POINT('Ctrl Pts',(22.2569326289697,-0.783455328275639,1.92845294951275E-14));
#2840=CARTESIAN_POINT('Ctrl Pts',(22.2315499757982,-0.763192796692741,1.94143244149721E-14));
#2841=CARTESIAN_POINT('Ctrl Pts',(22.2076901060712,-0.743987574365742,1.95363332255051E-14));
#2842=CARTESIAN_POINT('Ctrl Pts',(22.1851270070489,-0.725677271230286,1.96517115710307E-14));
#2843=CARTESIAN_POINT('Ctrl Pts',(22.1612273046902,-0.706282293855799,1.97739247525612E-14));
#2844=CARTESIAN_POINT('Ctrl Pts',(22.1387830006717,-0.687891718062963,1.98886963965898E-14));
#2845=CARTESIAN_POINT('Ctrl Pts',(22.1175783926966,-0.670350203323678,1.99971294298042E-14));
#2846=CARTESIAN_POINT('Ctrl Pts',(22.0949683156344,-0.651646014097125,2.01127495459569E-14));
#2847=CARTESIAN_POINT('Ctrl Pts',(22.0737680974812,-0.633907442001449,2.02211610023406E-14));
#2848=CARTESIAN_POINT('Ctrl Pts',(22.0537681112821,-0.616983051254331,2.032343566331E-14));
#2849=CARTESIAN_POINT('Ctrl Pts',(22.032426083037,-0.598922997524302,2.04325731737779E-14));
#2850=CARTESIAN_POINT('Ctrl Pts',(22.0124511419684,-0.581790327485624,2.05347207567014E-14));
#2851=CARTESIAN_POINT('Ctrl Pts',(21.9936396359568,-0.565437297046589,2.06309197286242E-14));
#2852=CARTESIAN_POINT('Ctrl Pts',(21.9735502013335,-0.547973350476072,2.07336538189239E-14));
#2853=CARTESIAN_POINT('Ctrl Pts',(21.9547880132179,-0.531398836216221,2.08296017347587E-14));
#2854=CARTESIAN_POINT('Ctrl Pts',(21.9371553491691,-0.51556947473492,2.09197744766017E-14));
#2855=CARTESIAN_POINT('Ctrl Pts',(21.9183101112653,-0.498651550015441,2.10161482728569E-14));
#2856=CARTESIAN_POINT('Ctrl Pts',(21.900755456413,-0.482585054475341,2.11059234121946E-14));
#2857=CARTESIAN_POINT('Ctrl Pts',(21.8842996204997,-0.467228921859864,2.11900804337055E-14));
#2858=CARTESIAN_POINT('Ctrl Pts',(21.8666985046435,-0.450804045561178,2.12800945474537E-14));
#2859=CARTESIAN_POINT('Ctrl Pts',(21.8503548405845,-0.43519211714731,2.97397723527419E-14));
#2860=CARTESIAN_POINT('Ctrl Pts',(21.835082953303,-0.4202549936872,2.97523669669815E-14));
#2861=CARTESIAN_POINT('Ctrl Pts',(21.8187359167257,-0.404266288488985,2.9765848249017E-14));
#2862=CARTESIAN_POINT('Ctrl Pts',(21.8036172319359,-0.389051012089026,2.16027119040082E-14));
#2863=CARTESIAN_POINT('Ctrl Pts',(21.7895475897359,-0.374473595005908,2.16746719446492E-14));
#2864=CARTESIAN_POINT('Ctrl Pts',(21.7739579092574,-0.35832128130132,2.17544063135022E-14));
#2865=CARTESIAN_POINT('Ctrl Pts',(21.7596562996244,-0.342952205020494,2.18275551589936E-14));
#2866=CARTESIAN_POINT('Ctrl Pts',(21.7464526633396,-0.32821920609879,2.18950905301581E-14));
#2867=CARTESIAN_POINT('Ctrl Pts',(21.7323106718417,-0.312439163314144,2.19674255009345E-14));
#2868=CARTESIAN_POINT('Ctrl Pts',(21.7194286825079,-0.297389155983206,3.05525415795964E-14));
#2869=CARTESIAN_POINT('Ctrl Pts',(21.707626929023,-0.282925015766914,3.05129221959999E-14));
#2870=CARTESIAN_POINT('Ctrl Pts',(21.6949841474557,-0.267430117864863,3.04704794171973E-14));
#2871=CARTESIAN_POINT('Ctrl Pts',(21.6835814491786,-0.252607905301253,2.22166946337269E-14));
#2872=CARTESIAN_POINT('Ctrl Pts',(21.6732507567073,-0.238316237918585,2.22695471648997E-14));
#2873=CARTESIAN_POINT('Ctrl Pts',(21.6621878800491,-0.223011653648625,2.23261456005865E-14));
#2874=CARTESIAN_POINT('Ctrl Pts',(21.6523547203999,-0.208315840111275,2.23764574620661E-14));
#2875=CARTESIAN_POINT('Ctrl Pts',(21.643597174899,-0.194087428152677,2.24212708383711E-14));
#2876=CARTESIAN_POINT('Ctrl Pts',(21.6342325873352,-0.178872753028766,2.24691905193355E-14));
#2877=CARTESIAN_POINT('Ctrl Pts',(21.6260982250611,-0.164192907755608,2.25108213497278E-14));
#2878=CARTESIAN_POINT('Ctrl Pts',(21.6190576975152,-0.149905662064407,2.25468609113512E-14));
#2879=CARTESIAN_POINT('Ctrl Pts',(21.6115570236915,-0.13468464786206,2.25852559030224E-14));
#2880=CARTESIAN_POINT('Ctrl Pts',(21.6052981008662,-0.119909666571757,2.26173035324954E-14));
#2881=CARTESIAN_POINT('Ctrl Pts',(21.6001681805699,-0.105435656990616,2.26435805812792E-14));
#2882=CARTESIAN_POINT('Ctrl Pts',(21.5946338821603,-0.0898206993344645,
2.2671928980649E-14));
#2883=CARTESIAN_POINT('Ctrl Pts',(21.5904135994621,-0.074556522148044,1.39730883843118E-14));
#2884=CARTESIAN_POINT('Ctrl Pts',(21.5874223568709,-0.0594838967400139,
1.41871417811583E-14));
#2885=CARTESIAN_POINT('Ctrl Pts',(21.5843550039815,-0.0440277577989241,
1.44066416329033E-14));
#2886=CARTESIAN_POINT('Ctrl Pts',(21.5825802301529,-0.0287737426175499,
2.27337889108386E-14));
#2887=CARTESIAN_POINT('Ctrl Pts',(21.5820612751306,-0.0135637345872844,
2.27365068311608E-14));
#2888=CARTESIAN_POINT('Ctrl Pts',(21.5815446370749,0.00157836566887826,
2.27392126168466E-14));
#2889=CARTESIAN_POINT('Ctrl Pts',(21.5822727404151,0.0166761511279959,2.27355575030921E-14));
#2890=CARTESIAN_POINT('Ctrl Pts',(21.5842602809376,0.0318829265629084,2.27254670590056E-14));
#2891=CARTESIAN_POINT('Ctrl Pts',(21.5861822036378,0.0465876566415939,2.27157097467273E-14));
#2892=CARTESIAN_POINT('Ctrl Pts',(21.5892817998047,0.061393699861902,2.26999348885364E-14));
#2893=CARTESIAN_POINT('Ctrl Pts',(21.5936188693568,0.0764465165638292,2.26778375345281E-14));
#2894=CARTESIAN_POINT('Ctrl Pts',(21.5977299077908,0.0907148392775542,2.26568918082661E-14));
#2895=CARTESIAN_POINT('Ctrl Pts',(21.6029527282603,0.105204419135682,2.26302657661455E-14));
#2896=CARTESIAN_POINT('Ctrl Pts',(21.6093809638011,0.120052791726416,2.25974815344953E-14));
#2897=CARTESIAN_POINT('Ctrl Pts',(21.6154103403597,0.133979852902663,2.25667314979496E-14));
#2898=CARTESIAN_POINT('Ctrl Pts',(21.6225000413456,0.148222204298733,2.25305645053726E-14));
#2899=CARTESIAN_POINT('Ctrl Pts',(21.6307673770299,0.16291130210338,2.24883816645351E-14));
#2900=CARTESIAN_POINT('Ctrl Pts',(21.6384849023035,0.176623517003416,2.24490041488871E-14));
#2901=CARTESIAN_POINT('Ctrl Pts',(21.647228438806,0.190724741391134,2.24043853398356E-14));
#2902=CARTESIAN_POINT('Ctrl Pts',(21.6571318184586,0.205342507052242,2.23538419014411E-14));
#2903=CARTESIAN_POINT('Ctrl Pts',(21.666359424101,0.21896280452884,2.23067473808158E-14));
#2904=CARTESIAN_POINT('Ctrl Pts',(21.6765937556357,0.233031301965976,2.22545103730221E-14));
#2905=CARTESIAN_POINT('Ctrl Pts',(21.6879805421897,0.247673384891026,2.21963867373317E-14));
#2906=CARTESIAN_POINT('Ctrl Pts',(21.6985854346068,0.261310042910807,2.21422542654128E-14));
#2907=CARTESIAN_POINT('Ctrl Pts',(21.7101896958123,0.275443989337948,2.20830171146858E-14));
#2908=CARTESIAN_POINT('Ctrl Pts',(21.7229480282608,0.290199772703049,2.20178852865197E-14));
#2909=CARTESIAN_POINT('Ctrl Pts',(21.7348328902626,0.303945334651013,2.19572125620231E-14));
#2910=CARTESIAN_POINT('Ctrl Pts',(21.7477189504212,0.318230287653033,2.18914259933009E-14));
#2911=CARTESIAN_POINT('Ctrl Pts',(21.7617680345414,0.333179273305118,2.18196991813565E-14));
#2912=CARTESIAN_POINT('Ctrl Pts',(21.774862604907,0.347112604676951,2.17528455859136E-14));
#2913=CARTESIAN_POINT('Ctrl Pts',(21.7889672659372,0.361622596617257,2.99427403779612E-14));
#2914=CARTESIAN_POINT('Ctrl Pts',(21.8042497893773,0.376834642729091,2.99402231897652E-14));
#2915=CARTESIAN_POINT('Ctrl Pts',(21.8185044284986,0.391023544743357,2.99378753046482E-14));
#2916=CARTESIAN_POINT('Ctrl Pts',(21.8337835445178,0.405823036795546,1.32200467722508E-14));
#2917=CARTESIAN_POINT('Ctrl Pts',(21.8502601034354,0.421359737902275,1.30696166965733E-14));
#2918=CARTESIAN_POINT('Ctrl Pts',(21.8656410422594,0.435863315405679,1.29291895720219E-14));
#2919=CARTESIAN_POINT('Ctrl Pts',(21.8820651964662,0.451009121256634,2.12054845993873E-14));
#2920=CARTESIAN_POINT('Ctrl Pts',(21.8997102488493,0.466925348176469,2.1115386361583E-14));
#2921=CARTESIAN_POINT('Ctrl Pts',(21.9161961050402,0.481795954531457,2.10312071503657E-14));
#2922=CARTESIAN_POINT('Ctrl Pts',(21.9337474404197,0.497338885258408,2.91020181437108E-14));
#2923=CARTESIAN_POINT('Ctrl Pts',(21.9525463573245,0.513684170975178,2.90568106505408E-14));
#2924=CARTESIAN_POINT('Ctrl Pts',(21.9701255722699,0.528968950008661,2.90145362874165E-14));
#2925=CARTESIAN_POINT('Ctrl Pts',(21.9887954561773,0.544955151395559,2.87797005010983E-14));
#2926=CARTESIAN_POINT('Ctrl Pts',(22.0087423546598,0.561774851290811,2.8722028268036E-14));
#2927=CARTESIAN_POINT('Ctrl Pts',(22.0274112945696,0.577516946079178,2.86680509815697E-14));
#2928=CARTESIAN_POINT('Ctrl Pts',(22.0471985842767,0.593988966122529,2.84367687811794E-14));
#2929=CARTESIAN_POINT('Ctrl Pts',(22.0682947194746,0.611325202741004,2.83672434869422E-14));
#2930=CARTESIAN_POINT('Ctrl Pts',(22.0880562571042,0.627564702965922,2.8302116547558E-14));
#2931=CARTESIAN_POINT('Ctrl Pts',(22.1089660010254,0.64456234047886,2.00468473966345E-14));
#2932=CARTESIAN_POINT('Ctrl Pts',(22.1312185622484,0.662454765959134,1.99332130767363E-14));
#2933=CARTESIAN_POINT('Ctrl Pts',(22.1520810093913,0.679229454369242,1.98266774753396E-14));
#2934=CARTESIAN_POINT('Ctrl Pts',(22.1741234672213,0.69679043561385,1.17391543846383E-14));
#2935=CARTESIAN_POINT('Ctrl Pts',(22.1975446695006,0.715276847124394,1.15918082510278E-14));
#2936=CARTESIAN_POINT('Ctrl Pts',(22.2200560075919,0.733045100634487,1.14501862031669E-14));
#2937=CARTESIAN_POINT('Ctrl Pts',(22.2438405690908,0.751667945993955,1.93580947950784E-14));
#2938=CARTESIAN_POINT('Ctrl Pts',(22.269117006911,0.771298128510839,1.92290158186752E-14));
#2939=CARTESIAN_POINT('Ctrl Pts',(22.2915071081165,0.78868672481395,1.91146764736405E-14));
#2940=CARTESIAN_POINT('Ctrl Pts',(22.3150679313168,0.806865811139199,1.89943580969054E-14));
#2941=CARTESIAN_POINT('Ctrl Pts',(22.3399866605968,0.825965936023567,1.8867104732704E-14));
#2942=CARTESIAN_POINT('Ctrl Pts',(22.36352191079,0.844005628690993,1.8746916430534E-14));
#2943=CARTESIAN_POINT('Ctrl Pts',(22.3882682164243,0.862866750018258,1.08169555335624E-14));
#2944=CARTESIAN_POINT('Ctrl Pts',(22.4144182467867,0.882683511801865,1.06688824658107E-14));
#2945=CARTESIAN_POINT('Ctrl Pts',(22.4391320184215,0.901411861959586,1.05289421318619E-14));
#2946=CARTESIAN_POINT('Ctrl Pts',(22.4650992928452,0.920993579525666,1.82281838080347E-14));
#2947=CARTESIAN_POINT('Ctrl Pts',(22.4925184545059,0.94156672867817,1.80881594710822E-14));
#2948=CARTESIAN_POINT('Ctrl Pts',(22.5184475882572,0.961021879884536,1.7955744417471E-14));
#2949=CARTESIAN_POINT('Ctrl Pts',(22.5456748318331,0.98136345162479,1.78166997887509E-14));
#2950=CARTESIAN_POINT('Ctrl Pts',(22.5744045359832,1.00273355755549,1.76699819566215E-14));
#2951=CARTESIAN_POINT('Ctrl Pts',(22.6015892747525,1.02295446704217,1.75311540063441E-14));
#2952=CARTESIAN_POINT('Ctrl Pts',(22.6301189541085,1.0440960752151,1.73854573216124E-14));
#2953=CARTESIAN_POINT('Ctrl Pts',(22.6602041633234,1.06630475184452,1.72318164133571E-14));
#2954=CARTESIAN_POINT('Ctrl Pts',(22.688688131027,1.08733140395555,1.70863528190236E-14));
#2955=CARTESIAN_POINT('Ctrl Pts',(22.7185661742071,1.10931436719119,9.40275462885713E-15));
#2956=CARTESIAN_POINT('Ctrl Pts',(22.7500554142848,1.13240448504294,9.24051325682942E-15));
#2957=CARTESIAN_POINT('Ctrl Pts',(22.7790191640094,1.15364273636044,9.09128391744958E-15));
#2958=CARTESIAN_POINT('Ctrl Pts',(22.8093459616237,1.17581762295638,1.64701678152044E-14));
#2959=CARTESIAN_POINT('Ctrl Pts',(22.8412402341284,1.19907112048523,1.630728701502E-14));
#2960=CARTESIAN_POINT('Ctrl Pts',(22.8717328694018,1.22130271140401,1.61515642333727E-14));
#2961=CARTESIAN_POINT('Ctrl Pts',(22.9036579325912,1.24451998301742,1.59885259335885E-14));
#2962=CARTESIAN_POINT('Ctrl Pts',(22.9372308574487,1.26887251522149,1.58170718849357E-14));
#2963=CARTESIAN_POINT('Ctrl Pts',(22.9701927354839,1.29278181712962,1.56487384000128E-14));
#2964=CARTESIAN_POINT('Ctrl Pts',(23.0047424867464,1.31778504925185,1.54722955315211E-14));
#2965=CARTESIAN_POINT('Ctrl Pts',(23.0411267024971,1.34405338761146,1.52864839256438E-14));
#2966=CARTESIAN_POINT('Ctrl Pts',(23.0744412794713,1.36810553666039,1.51163487469963E-14));
#2967=CARTESIAN_POINT('Ctrl Pts',(23.1092937971663,1.39321829931007,2.21434308279969E-14));
#2968=CARTESIAN_POINT('Ctrl Pts',(23.1459129485791,1.41955039978548,2.19468567938839E-14));
#2969=CARTESIAN_POINT('Ctrl Pts',(23.1492870741827,1.42197666612379,2.19287442638031E-14));
#2970=CARTESIAN_POINT('Ctrl Pts',(23.1526762288265,1.4244133056669,1.47168076546142E-14));
#2971=CARTESIAN_POINT('Ctrl Pts',(23.1560806104928,1.42686045581353,1.46994216727107E-14));
#2972=CARTESIAN_POINT('',(23.1560806104927,1.42686045581348,-55.5));
#2973=CARTESIAN_POINT('Ctrl Pts',(23.1560806104927,1.42686045581348,-55.5));
#2974=CARTESIAN_POINT('Ctrl Pts',(23.1560806104927,1.42686045581348,-46.5));
#2975=CARTESIAN_POINT('Ctrl Pts',(23.1560806104927,1.42686045581347,-37.5));
#2976=CARTESIAN_POINT('Ctrl Pts',(23.1560806104927,1.42686045581347,-19.));
#2977=CARTESIAN_POINT('Ctrl Pts',(23.1560806104927,1.42686045581348,-9.50000000000001));
#2978=CARTESIAN_POINT('Ctrl Pts',(23.1560806104927,1.42686045581348,-1.77635683940025E-14));
#2979=CARTESIAN_POINT('',(23.0600000149012,1.35767408883853,-55.5));
#2980=CARTESIAN_POINT('Ctrl Pts',(23.0600000149012,1.35767408883853,-55.5));
#2981=CARTESIAN_POINT('Ctrl Pts',(23.1068468031832,1.39147002941969,-55.5));
#2982=CARTESIAN_POINT('Ctrl Pts',(23.1560806104926,1.42686045581338,-55.5));
#2983=CARTESIAN_POINT('',(23.0600000149012,-1.39512547540829,-55.5));
#2984=CARTESIAN_POINT('Ctrl Pts',(23.0600000149012,-1.39512547540828,-55.5));
#2985=CARTESIAN_POINT('Ctrl Pts',(22.8254340897203,-1.22128554792386,-55.7345659251809));
#2986=CARTESIAN_POINT('Ctrl Pts',(22.4960916480075,-0.974808629298174,-56.0639083668937));
#2987=CARTESIAN_POINT('Ctrl Pts',(22.0608825914227,-0.626611402993098,-56.4991174234785));
#2988=CARTESIAN_POINT('Ctrl Pts',(21.8991202507735,-0.48873770370473,-56.6608797641277));
#2989=CARTESIAN_POINT('Ctrl Pts',(21.7179690468459,-0.299853792566304,-56.8420309680553));
#2990=CARTESIAN_POINT('Ctrl Pts',(21.669350692695,-0.238478495883183,-56.8906493222076));
#2991=CARTESIAN_POINT('Ctrl Pts',(21.6180271167815,-0.150642312318087,-56.9419728981211));
#2992=CARTESIAN_POINT('Ctrl Pts',(21.6034117904778,-0.118740037745878,-56.9565882244234));
#2993=CARTESIAN_POINT('Ctrl Pts',(21.5868524358351,-0.061720052189566,-56.973147579066));
#2994=CARTESIAN_POINT('Ctrl Pts',(21.5825097934508,-0.0363357390023575,
-56.9774902214504));
#2995=CARTESIAN_POINT('Ctrl Pts',(21.5813785507224,0.0181194531078951,-56.9786214641788));
#2996=CARTESIAN_POINT('Ctrl Pts',(21.5850958353088,0.0450571350691425,-56.9749041795924));
#2997=CARTESIAN_POINT('Ctrl Pts',(21.6022448502813,0.108569180614361,-56.9577551646199));
#2998=CARTESIAN_POINT('Ctrl Pts',(21.6198949909073,0.147043384423581,-56.9401050239939));
#2999=CARTESIAN_POINT('Ctrl Pts',(21.6865939429267,0.252617345637007,-56.8734060719745));
#3000=CARTESIAN_POINT('Ctrl Pts',(21.7444468516211,0.317618844497815,-56.8155531632801));
#3001=CARTESIAN_POINT('Ctrl Pts',(21.9367017768766,0.508016947602556,-56.6232982380246));
#3002=CARTESIAN_POINT('Ctrl Pts',(22.1214212506157,0.658022316421955,-56.4385787642858));
#3003=CARTESIAN_POINT('Ctrl Pts',(22.5550636505796,0.991258285799777,-56.0049363643219));
#3004=CARTESIAN_POINT('Ctrl Pts',(22.8379697163504,1.19749826777987,-55.7220302985508));
#3005=CARTESIAN_POINT('Ctrl Pts',(23.0600000149012,1.35767408883854,-55.5));
#3006=CARTESIAN_POINT('Ctrl Pts',(23.1537324577064,-1.46447030593101,-55.5));
#3007=CARTESIAN_POINT('Ctrl Pts',(23.1057296142032,-1.42901628977286,-55.5));
#3008=CARTESIAN_POINT('Ctrl Pts',(23.0600000149012,-1.39512547540829,-55.5));
#3009=CARTESIAN_POINT('Origin',(0.,0.,0.));
#3010=CARTESIAN_POINT('',(11.7575503851484,20.0000002235174,0.));
#3011=CARTESIAN_POINT('Origin',(0.,0.,0.));
#3012=CARTESIAN_POINT('',(11.7575503851484,20.0000002235174,-57.));
#3013=CARTESIAN_POINT('',(11.7575503851484,20.0000002235174,0.));
#3014=CARTESIAN_POINT('',(22.5431605262813,5.48141528132241,-57.));
#3015=CARTESIAN_POINT('Origin',(0.,0.,-57.));
#3016=CARTESIAN_POINT('',(22.5431605262813,5.48141528132241,-55.5));
#3017=CARTESIAN_POINT('',(22.5431605262813,5.48141528132241,-57.));
#3018=CARTESIAN_POINT('',(22.8105327831418,4.23315416081342,-55.5));
#3019=CARTESIAN_POINT('Origin',(0.,0.,-55.5));
#3020=CARTESIAN_POINT('',(22.9977874159383,3.0564315747795,-55.5622125989628));
#3021=CARTESIAN_POINT('Ctrl Pts',(22.8105327831419,4.23315416081343,-55.5));
#3022=CARTESIAN_POINT('Ctrl Pts',(22.8235617470883,4.16294702969094,-55.5165795244884));
#3023=CARTESIAN_POINT('Ctrl Pts',(22.8362751544785,4.09248309941838,-55.5310209572527));
#3024=CARTESIAN_POINT('Ctrl Pts',(22.8486926601279,4.02172178574413,-55.5432043133624));
#3025=CARTESIAN_POINT('Ctrl Pts',(22.8615865363417,3.94824586835805,-55.5558550573992));
#3026=CARTESIAN_POINT('Ctrl Pts',(22.8741626657821,3.87444971010362,-55.5660711491687));
#3027=CARTESIAN_POINT('Ctrl Pts',(22.8864542340124,3.80023039053852,-55.5737182583367));
#3028=CARTESIAN_POINT('Ctrl Pts',(22.8987458022427,3.72601107097342,-55.5813653675047));
#3029=CARTESIAN_POINT('Ctrl Pts',(22.9107541782642,3.65136833499712,-55.5864434940712));
#3030=CARTESIAN_POINT('Ctrl Pts',(22.9225030247048,3.57614224680233,-55.588818307702));
#3031=CARTESIAN_POINT('Ctrl Pts',(22.9360785781045,3.48922003001203,-55.5915623566112));
#3032=CARTESIAN_POINT('Ctrl Pts',(22.9491398420855,3.40256084057009,-55.5906695452035));
#3033=CARTESIAN_POINT('Ctrl Pts',(22.9617034786648,3.31591563797058,-55.5862007940609));
#3034=CARTESIAN_POINT('Ctrl Pts',(22.9699816062674,3.25882547631605,-55.5832563526207));
#3035=CARTESIAN_POINT('Ctrl Pts',(22.9780425838706,3.20174152592147,-55.578759439476));
#3036=CARTESIAN_POINT('Ctrl Pts',(22.9858805514127,3.14459911266787,-55.5727274812924));
#3037=CARTESIAN_POINT('Ctrl Pts',(22.9899210692978,3.11514186606585,-55.5696179717427));
#3038=CARTESIAN_POINT('Ctrl Pts',(22.993890088367,3.08575544687802,-55.5661099265341));
#3039=CARTESIAN_POINT('Ctrl Pts',(22.9977874159351,3.05643157478005,-55.562212598966));
#3040=CARTESIAN_POINT('',(23.0600000149012,2.54487707222926,-55.5));
#3041=CARTESIAN_POINT('Ctrl Pts',(22.9977874159383,3.0564315747795,-55.5622125989628));
#3042=CARTESIAN_POINT('Ctrl Pts',(23.0090803820139,2.97145887810761,-55.5509196328872));
#3043=CARTESIAN_POINT('Ctrl Pts',(23.0199100521154,2.88636608940626,-55.5400899627857));
#3044=CARTESIAN_POINT('Ctrl Pts',(23.0406510641849,2.71583969612335,-55.5193489507163));
#3045=CARTESIAN_POINT('Ctrl Pts',(23.0505604927519,2.63041180523365,-55.5094395221492));
#3046=CARTESIAN_POINT('Ctrl Pts',(23.0600000149012,2.54487707222926,-55.5));
#3047=CARTESIAN_POINT('Origin',(0.,0.,-55.5));
#3048=CARTESIAN_POINT('Origin',(0.,0.,0.));
#3049=CARTESIAN_POINT('',(23.0600000149012,-2.5448770722292,-55.5));
#3050=CARTESIAN_POINT('Origin',(0.,0.,-55.5));
#3051=CARTESIAN_POINT('',(22.9519381471773,-3.3835684252205,-55.6080618677239));
#3052=CARTESIAN_POINT('Ctrl Pts',(23.0600000149012,-2.54487707222916,-55.5));
#3053=CARTESIAN_POINT('Ctrl Pts',(23.0430768930935,-2.69822325676467,-55.5169231218077));
#3054=CARTESIAN_POINT('Ctrl Pts',(23.0246442885409,-2.85121835082173,-55.5353557263603));
#3055=CARTESIAN_POINT('Ctrl Pts',(22.9881507273152,-3.13070189013456,-55.571849287586));
#3056=CARTESIAN_POINT('Ctrl Pts',(22.9705552730453,-3.25728189371691,-55.5894447418558));
#3057=CARTESIAN_POINT('Ctrl Pts',(22.9519381471848,-3.38356842522273,-55.6080618677164));
#3058=CARTESIAN_POINT('',(22.7026040596236,-4.77826002975579,-55.5));
#3059=CARTESIAN_POINT('Ctrl Pts',(22.9519381471773,-3.38356842522051,-55.6080618677239));
#3060=CARTESIAN_POINT('Ctrl Pts',(22.9395412928276,-3.46766066113682,-55.6204587220736));
#3061=CARTESIAN_POINT('Ctrl Pts',(22.9266338111809,-3.55150975139646,-55.6294916091969));
#3062=CARTESIAN_POINT('Ctrl Pts',(22.9132527261646,-3.6353196229438,-55.635102052227));
#3063=CARTESIAN_POINT('Ctrl Pts',(22.8995437709344,-3.72118304698505,-55.6408499652121));
#3064=CARTESIAN_POINT('Ctrl Pts',(22.885338900066,-3.80700687784095,-55.6430056623964));
#3065=CARTESIAN_POINT('Ctrl Pts',(22.8706361823265,-3.89304561370034,-55.6415062622383));
#3066=CARTESIAN_POINT('Ctrl Pts',(22.8609458488518,-3.94975241151792,-55.640518030824));
#3067=CARTESIAN_POINT('Ctrl Pts',(22.8510382665144,-4.00655325322707,-55.6379420529485));
#3068=CARTESIAN_POINT('Ctrl Pts',(22.84090076691,-4.06352367672346,-55.633760325545));
#3069=CARTESIAN_POINT('Ctrl Pts',(22.8287901417609,-4.13158261339224,-55.6287646821383));
#3070=CARTESIAN_POINT('Ctrl Pts',(22.8165032619156,-4.19907768740804,-55.6215291915964));
#3071=CARTESIAN_POINT('Ctrl Pts',(22.8040135901661,-4.26612731925847,-55.6121922237973));
#3072=CARTESIAN_POINT('Ctrl Pts',(22.7915081246653,-4.33326173838122,-55.6028434489829));
#3073=CARTESIAN_POINT('Ctrl Pts',(22.7787982509096,-4.39994956149122,-55.5913878787261));
#3074=CARTESIAN_POINT('Ctrl Pts',(22.765855669424,-4.46625740644003,-55.5779644084939));
#3075=CARTESIAN_POINT('Ctrl Pts',(22.7530136507773,-4.53205004465553,-55.5646452375683));
#3076=CARTESIAN_POINT('Ctrl Pts',(22.7399415156062,-4.59746829461224,-55.5493886287175));
#3077=CARTESIAN_POINT('Ctrl Pts',(22.7266257892797,-4.66252836313233,-55.5323302648789));
#3078=CARTESIAN_POINT('Ctrl Pts',(22.7187038434034,-4.70123465138806,-55.5221817058176));
#3079=CARTESIAN_POINT('Ctrl Pts',(22.7106960272138,-4.73981324470856,-55.5113954271731));
#3080=CARTESIAN_POINT('Ctrl Pts',(22.7026040596236,-4.77826002975578,-55.5));
#3081=CARTESIAN_POINT('',(22.4343900641372,-5.91084955401013,-55.5));
#3082=CARTESIAN_POINT('Origin',(0.,0.,-55.5));
#3083=CARTESIAN_POINT('',(22.4343900641372,-5.91084955401013,-57.));
#3084=CARTESIAN_POINT('',(22.4343900641372,-5.91084955401014,-57.));
#3085=CARTESIAN_POINT('',(11.7575503091062,-20.0000002682209,-57.));
#3086=CARTESIAN_POINT('Origin',(0.,0.,-57.));
#3087=CARTESIAN_POINT('',(11.7575503091062,-20.0000002682209,0.));
#3088=CARTESIAN_POINT('',(11.7575503091062,-20.0000002682209,0.));
#3089=CARTESIAN_POINT('Origin',(0.,0.,0.));
#3090=CARTESIAN_POINT('Origin',(19.4500000149012,3.05643157477949,-56.25));
#3091=CARTESIAN_POINT('',(18.0500000149012,5.59611659461956,-55.5));
#3092=CARTESIAN_POINT('',(18.0500000149012,3.05643157477949,-57.));
#3093=CARTESIAN_POINT('Ctrl Pts',(18.0500000149012,5.59611659461956,-55.5));
#3094=CARTESIAN_POINT('Ctrl Pts',(18.0500000149012,3.88330576728556,-57.));
#3095=CARTESIAN_POINT('Ctrl Pts',(18.0500000149012,3.05643157477949,-57.));
#3096=CARTESIAN_POINT('',(19.4500000149012,4.4564315747795,-57.));
#3097=CARTESIAN_POINT('Origin',(19.4500000149012,3.05643157477949,-57.));
#3098=CARTESIAN_POINT('',(19.4500000149012,5.9564315747795,-55.5));
#3099=CARTESIAN_POINT('',(19.4500000149012,4.4564315747795,-57.));
#3100=CARTESIAN_POINT('Origin',(19.4500000149012,3.05643157477949,-55.5));
#3101=CARTESIAN_POINT('Origin',(10.0800000074506,5.2064315747796,-56.25));
#3102=CARTESIAN_POINT('',(20.1600000149012,4.45643157477949,-57.));
#3103=CARTESIAN_POINT('',(20.1600000149012,5.9564315747795,-55.5));
#3104=CARTESIAN_POINT('',(20.1600000149012,4.45643157477949,-57.));
#3105=CARTESIAN_POINT('',(10.0800000074506,5.9564315747796,-55.5));
#3106=CARTESIAN_POINT('',(10.0800000074506,4.4564315747796,-57.));
#3107=CARTESIAN_POINT('Origin',(20.1600000149012,3.05643157477949,-56.25));
#3108=CARTESIAN_POINT('',(21.4395675581898,3.6245045473476,-57.));
#3109=CARTESIAN_POINT('',(21.4395675581898,3.6245045473476,-57.));
#3110=CARTESIAN_POINT('Origin',(20.1600000149012,3.05643157477949,-55.5));
#3111=CARTESIAN_POINT('Origin',(20.1600000149012,3.05643157477949,-57.));
#3112=CARTESIAN_POINT('Ctrl Pts',(22.8105327831419,4.23315416081343,-55.5));
#3113=CARTESIAN_POINT('Ctrl Pts',(22.9744177688217,3.86400808516011,-55.5));
#3114=CARTESIAN_POINT('Ctrl Pts',(23.0600000149013,3.46032155200227,-55.5));
#3115=CARTESIAN_POINT('Ctrl Pts',(23.0600000149012,3.05643157477886,-55.5));
#3116=CARTESIAN_POINT('Ctrl Pts',(22.3535443748245,4.03027095632482,-56.));
#3117=CARTESIAN_POINT('Ctrl Pts',(22.4891733284906,3.72477075578414,-56.));
#3118=CARTESIAN_POINT('Ctrl Pts',(22.5600000149012,3.39068534903282,-56.));
#3119=CARTESIAN_POINT('Ctrl Pts',(22.5600000149012,3.05643157477897,-56.));
#3120=CARTESIAN_POINT('Ctrl Pts',(21.8965559665071,3.82738775183621,-56.5));
#3121=CARTESIAN_POINT('Ctrl Pts',(22.0039288881594,3.58553342640817,-56.5));
#3122=CARTESIAN_POINT('Ctrl Pts',(22.0600000149012,3.32104914606338,-56.5));
#3123=CARTESIAN_POINT('Ctrl Pts',(22.0600000149012,3.05643157477908,-56.5));
#3124=CARTESIAN_POINT('Ctrl Pts',(21.4395675581898,3.6245045473476,-57.));
#3125=CARTESIAN_POINT('Ctrl Pts',(21.5186844478283,3.4462960970322,-57.));
#3126=CARTESIAN_POINT('Ctrl Pts',(21.5600000149012,3.25141294309394,-57.));
#3127=CARTESIAN_POINT('Ctrl Pts',(21.5600000149012,3.05643157477919,-57.));
#3128=CARTESIAN_POINT('',(21.5600000149012,3.05643157477949,-57.));
#3129=CARTESIAN_POINT('Ctrl Pts',(21.4395675581898,3.6245045473476,-57.));
#3130=CARTESIAN_POINT('Ctrl Pts',(21.5186844478283,3.4462960970322,-57.));
#3131=CARTESIAN_POINT('Ctrl Pts',(21.5600000149012,3.25141294309394,-57.));
#3132=CARTESIAN_POINT('Ctrl Pts',(21.5600000149012,3.05643157477919,-57.));
#3133=CARTESIAN_POINT('',(21.5600000149012,3.05643157477949,-57.));
#3134=CARTESIAN_POINT('Origin',(22.3100000149012,-1.69178421261024,-56.25));
#3135=CARTESIAN_POINT('',(23.0600000149012,-1.69178421261024,-55.5));
#3136=CARTESIAN_POINT('',(21.5600000149012,2.54487707222926,-57.));
#3137=CARTESIAN_POINT('',(23.0600000149012,2.54487707222926,-55.5));
#3138=CARTESIAN_POINT('',(21.5600000149012,-2.5448770722292,-57.));
#3139=CARTESIAN_POINT('',(21.5600000149012,-1.69178421261024,-57.));
#3140=CARTESIAN_POINT('',(21.5600000149012,-2.5448770722292,-57.));
#3141=CARTESIAN_POINT('',(23.0600000149012,-1.69178421261024,-55.5));
#3142=CARTESIAN_POINT('Ctrl Pts',(23.0600000149012,3.0564315747795,-55.5));
#3143=CARTESIAN_POINT('Ctrl Pts',(23.0600000149012,2.88591340726275,-55.5));
#3144=CARTESIAN_POINT('Ctrl Pts',(23.0600000149012,2.71539523974601,-55.5));
#3145=CARTESIAN_POINT('Ctrl Pts',(23.0600000149012,2.54487707222926,-55.5));
#3146=CARTESIAN_POINT('Ctrl Pts',(22.5600000149012,3.0564315747795,-56.));
#3147=CARTESIAN_POINT('Ctrl Pts',(22.5600000149012,2.88591340726275,-56.));
#3148=CARTESIAN_POINT('Ctrl Pts',(22.5600000149012,2.71539523974601,-56.));
#3149=CARTESIAN_POINT('Ctrl Pts',(22.5600000149012,2.54487707222926,-56.));
#3150=CARTESIAN_POINT('Ctrl Pts',(22.0600000149012,3.0564315747795,-56.5));
#3151=CARTESIAN_POINT('Ctrl Pts',(22.0600000149012,2.88591340726275,-56.5));
#3152=CARTESIAN_POINT('Ctrl Pts',(22.0600000149012,2.71539523974601,-56.5));
#3153=CARTESIAN_POINT('Ctrl Pts',(22.0600000149012,2.54487707222926,-56.5));
#3154=CARTESIAN_POINT('Ctrl Pts',(21.5600000149012,3.0564315747795,-57.));
#3155=CARTESIAN_POINT('Ctrl Pts',(21.5600000149012,2.88591340726275,-57.));
#3156=CARTESIAN_POINT('Ctrl Pts',(21.5600000149012,2.71539523974601,-57.));
#3157=CARTESIAN_POINT('Ctrl Pts',(21.5600000149012,2.54487707222926,-57.));
#3158=CARTESIAN_POINT('Ctrl Pts',(21.5600000149012,3.0564315747795,-57.));
#3159=CARTESIAN_POINT('Ctrl Pts',(21.5600000149012,2.88591340726275,-57.));
#3160=CARTESIAN_POINT('Ctrl Pts',(21.5600000149012,2.71539523974601,-57.));
#3161=CARTESIAN_POINT('Ctrl Pts',(21.5600000149012,2.54487707222926,-57.));
#3162=CARTESIAN_POINT('Ctrl Pts',(23.0600000149012,-2.54487707222916,-55.5));
#3163=CARTESIAN_POINT('Ctrl Pts',(23.0600000149012,-2.82444085656035,-55.5));
#3164=CARTESIAN_POINT('Ctrl Pts',(23.0600000149012,-3.10400464089154,-55.5));
#3165=CARTESIAN_POINT('Ctrl Pts',(23.0600000149012,-3.38356842522273,-55.5));
#3166=CARTESIAN_POINT('Ctrl Pts',(22.5600000149012,-2.54487707222916,-56.));
#3167=CARTESIAN_POINT('Ctrl Pts',(22.5600000149012,-2.82444085656035,-56.));
#3168=CARTESIAN_POINT('Ctrl Pts',(22.5600000149012,-3.10400464089154,-56.));
#3169=CARTESIAN_POINT('Ctrl Pts',(22.5600000149012,-3.38356842522273,-56.));
#3170=CARTESIAN_POINT('Ctrl Pts',(22.0600000149012,-2.54487707222916,-56.5));
#3171=CARTESIAN_POINT('Ctrl Pts',(22.0600000149012,-2.82444085656035,-56.5));
#3172=CARTESIAN_POINT('Ctrl Pts',(22.0600000149012,-3.10400464089154,-56.5));
#3173=CARTESIAN_POINT('Ctrl Pts',(22.0600000149012,-3.38356842522273,-56.5));
#3174=CARTESIAN_POINT('Ctrl Pts',(21.5600000149012,-2.54487707222916,-57.));
#3175=CARTESIAN_POINT('Ctrl Pts',(21.5600000149012,-2.82444085656035,-57.));
#3176=CARTESIAN_POINT('Ctrl Pts',(21.5600000149012,-3.10400464089154,-57.));
#3177=CARTESIAN_POINT('Ctrl Pts',(21.5600000149012,-3.38356842522273,-57.));
#3178=CARTESIAN_POINT('',(21.5600000149012,-3.38356842522051,-57.));
#3179=CARTESIAN_POINT('Ctrl Pts',(21.5600000149012,-2.54487707222916,-57.));
#3180=CARTESIAN_POINT('Ctrl Pts',(21.5600000149012,-2.82444085656035,-57.));
#3181=CARTESIAN_POINT('Ctrl Pts',(21.5600000149012,-3.10400464089154,-57.));
#3182=CARTESIAN_POINT('Ctrl Pts',(21.5600000149012,-3.38356842522273,-57.));
#3183=CARTESIAN_POINT('',(21.5600000149012,-3.38356842522051,-57.));
#3184=CARTESIAN_POINT('Origin',(20.1600000149012,-3.38356842522051,-56.25));
#3185=CARTESIAN_POINT('',(21.3874640364913,-4.0568678205134,-57.));
#3186=CARTESIAN_POINT('',(22.7026040596236,-4.77826002975579,-55.5));
#3187=CARTESIAN_POINT('',(20.1600000149012,-4.78356842522052,-57.));
#3188=CARTESIAN_POINT('Origin',(20.1600000149012,-3.38356842522051,-57.));
#3189=CARTESIAN_POINT('',(20.1600000149012,-6.28356842522052,-55.5));
#3190=CARTESIAN_POINT('',(20.1600000149012,-4.78356842522052,-57.));
#3191=CARTESIAN_POINT('Origin',(20.1600000149012,-3.38356842522051,-55.5));
#3192=CARTESIAN_POINT('Origin',(9.72500000745054,-5.53356842522038,-56.25));
#3193=CARTESIAN_POINT('',(19.4500000149012,-4.78356842522051,-57.));
#3194=CARTESIAN_POINT('',(19.4500000149011,-6.28356842522051,-55.5));
#3195=CARTESIAN_POINT('',(19.4500000149012,-4.78356842522051,-57.));
#3196=CARTESIAN_POINT('',(9.72500000745053,-6.28356842522038,-55.5));
#3197=CARTESIAN_POINT('',(9.72500000745055,-4.78356842522038,-57.));
#3198=CARTESIAN_POINT('Origin',(19.4500000149012,-3.38356842522051,-56.25));
#3199=CARTESIAN_POINT('',(18.0500000149012,-3.38356842522051,-57.));
#3200=CARTESIAN_POINT('',(18.0500000149012,-5.92325344506057,-55.5));
#3201=CARTESIAN_POINT('Ctrl Pts',(18.0500000149012,-3.38356842522051,-57.));
#3202=CARTESIAN_POINT('Ctrl Pts',(18.0500000149012,-4.21044261772657,-57.));
#3203=CARTESIAN_POINT('Ctrl Pts',(18.0500000149012,-5.92325344506057,-55.5));
#3204=CARTESIAN_POINT('Origin',(19.4500000149012,-3.38356842522051,-55.5));
#3205=CARTESIAN_POINT('Origin',(19.4500000149012,-3.38356842522051,-57.));
#3206=CARTESIAN_POINT('Ctrl Pts',(23.0600000149012,-3.38356842522051,-55.5));
#3207=CARTESIAN_POINT('Ctrl Pts',(23.0600000149012,-3.86855766528262,-55.5));
#3208=CARTESIAN_POINT('Ctrl Pts',(22.9358490325217,-4.35304085615965,-55.5));
#3209=CARTESIAN_POINT('Ctrl Pts',(22.7026040596236,-4.77826002975578,-55.5));
#3210=CARTESIAN_POINT('Ctrl Pts',(22.5600000149012,-3.38356842522051,-56.));
#3211=CARTESIAN_POINT('Ctrl Pts',(22.5600000149012,-3.78493883078915,-56.));
#3212=CARTESIAN_POINT('Ctrl Pts',(22.4572543743113,-4.18589043703221,-56.));
#3213=CARTESIAN_POINT('Ctrl Pts',(22.2642240519128,-4.53779596000832,-56.));
#3214=CARTESIAN_POINT('Ctrl Pts',(22.0600000149012,-3.38356842522051,-56.5));
#3215=CARTESIAN_POINT('Ctrl Pts',(22.0600000149012,-3.70131999629568,-56.5));
#3216=CARTESIAN_POINT('Ctrl Pts',(21.9786597161008,-4.01874001790478,-56.5));
#3217=CARTESIAN_POINT('Ctrl Pts',(21.8258440442021,-4.29733189026086,-56.5));
#3218=CARTESIAN_POINT('Ctrl Pts',(21.5600000149012,-3.38356842522051,-57.));
#3219=CARTESIAN_POINT('Ctrl Pts',(21.5600000149012,-3.61770116180222,-57.));
#3220=CARTESIAN_POINT('Ctrl Pts',(21.5000650578904,-3.85158959877734,-57.));
#3221=CARTESIAN_POINT('Ctrl Pts',(21.3874640364913,-4.0568678205134,-57.));
#3222=CARTESIAN_POINT('Ctrl Pts',(21.5600000149012,-3.38356842522051,-57.));
#3223=CARTESIAN_POINT('Ctrl Pts',(21.5600000149012,-3.61770116180222,-57.));
#3224=CARTESIAN_POINT('Ctrl Pts',(21.5000650578904,-3.85158959877734,-57.));
#3225=CARTESIAN_POINT('Ctrl Pts',(21.3874640364913,-4.0568678205134,-57.));
#3226=CARTESIAN_POINT('Origin',(0.,0.,-55.5));
#3227=CARTESIAN_POINT('Origin',(0.,0.,-55.5));
#3228=CARTESIAN_POINT('Origin',(0.,0.,-55.5));
#3229=CARTESIAN_POINT('',(18.0500000149012,-6.48195510218644,-55.5));
#3230=CARTESIAN_POINT('',(18.0500000149012,-6.48195510218644,-55.5));
#3231=CARTESIAN_POINT('',(19.4500000149011,-6.78356842522051,-55.5));
#3232=CARTESIAN_POINT('Origin',(19.4500000149012,-3.38356842522051,-55.5));
#3233=CARTESIAN_POINT('',(20.1600000149012,-6.78356842522052,-55.5));
#3234=CARTESIAN_POINT('',(20.1600000149012,-6.78356842522052,-55.5));
#3235=CARTESIAN_POINT('Origin',(20.1600000149012,-3.38356842522051,-55.5));
#3236=CARTESIAN_POINT('Origin',(0.,0.,-55.5));
#3237=CARTESIAN_POINT('',(20.1600000149012,6.4564315747795,-55.5));
#3238=CARTESIAN_POINT('Origin',(20.1600000149012,3.05643157477949,-55.5));
#3239=CARTESIAN_POINT('',(19.4500000149012,6.4564315747795,-55.5));
#3240=CARTESIAN_POINT('',(19.4500000149012,6.4564315747795,-55.5));
#3241=CARTESIAN_POINT('',(18.0500000149012,6.15481825174544,-55.5));
#3242=CARTESIAN_POINT('Origin',(19.4500000149012,3.05643157477949,-55.5));
#3243=CARTESIAN_POINT('',(18.0500000149012,-6.48195510218644,-55.5));
#3244=CARTESIAN_POINT('Origin',(18.0500000149012,-3.38356842522051,-57.));
#3245=CARTESIAN_POINT('',(18.0500000149012,-6.48195510218644,-57.));
#3246=CARTESIAN_POINT('',(18.0500000149012,-1.69178421261025,-57.));
#3247=CARTESIAN_POINT('',(18.0500000149012,-6.48195510218644,-57.));
#3248=CARTESIAN_POINT('Origin',(20.1600000149012,-3.38356842522051,-57.));
#3249=CARTESIAN_POINT('',(20.1600000149012,-6.78356842522052,-57.));
#3250=CARTESIAN_POINT('Origin',(20.1600000149012,-3.38356842522051,-57.));
#3251=CARTESIAN_POINT('',(20.1600000149012,-6.78356842522052,-57.));
#3252=CARTESIAN_POINT('Origin',(19.4500000149011,-6.78356842522051,-57.));
#3253=CARTESIAN_POINT('',(19.4500000149011,-6.78356842522051,-57.));
#3254=CARTESIAN_POINT('',(9.72500000745053,-6.78356842522039,-57.));
#3255=CARTESIAN_POINT('',(19.4500000149011,-6.78356842522051,-57.));
#3256=CARTESIAN_POINT('Origin',(19.4500000149012,-3.38356842522051,-57.));
#3257=CARTESIAN_POINT('Origin',(19.4500000149012,-3.38356842522051,-57.));
#3258=CARTESIAN_POINT('Origin',(18.0500000149012,6.15481825174544,-57.));
#3259=CARTESIAN_POINT('',(18.0500000149012,6.15481825174544,-57.));
#3260=CARTESIAN_POINT('',(18.0500000149012,6.15481825174544,-57.));
#3261=CARTESIAN_POINT('',(18.0500000149012,3.07740912587272,-57.));
#3262=CARTESIAN_POINT('Origin',(19.4500000149012,3.05643157477949,-57.));
#3263=CARTESIAN_POINT('',(19.4500000149012,6.4564315747795,-57.));
#3264=CARTESIAN_POINT('Origin',(19.4500000149012,3.05643157477949,-57.));
#3265=CARTESIAN_POINT('',(19.4500000149012,6.4564315747795,-57.));
#3266=CARTESIAN_POINT('Origin',(20.1600000149012,6.4564315747795,-57.));
#3267=CARTESIAN_POINT('',(20.1600000149012,6.4564315747795,-57.));
#3268=CARTESIAN_POINT('',(10.0800000074506,6.45643157477957,-57.));
#3269=CARTESIAN_POINT('',(20.1600000149012,6.4564315747795,-57.));
#3270=CARTESIAN_POINT('Origin',(20.1600000149012,3.05643157477949,-57.));
#3271=CARTESIAN_POINT('Origin',(20.1600000149012,3.05643157477949,-57.));
#3272=CARTESIAN_POINT('Origin',(0.,0.,-57.));
#3273=CARTESIAN_POINT('',(-11.7575503851484,20.0000002235174,-57.));
#3274=CARTESIAN_POINT('',(5.8787751925742,20.0000002235174,-57.));
#3275=CARTESIAN_POINT('',(-11.7575503091062,-20.0000002682209,-57.));
#3276=CARTESIAN_POINT('Origin',(0.,0.,-57.));
#3277=CARTESIAN_POINT('',(-5.87877515455311,-20.0000002682209,-57.));
#3278=CARTESIAN_POINT('',(18.0500000149012,-3.38356842522051,-57.));
#3279=CARTESIAN_POINT('',(0.500000096857548,-1.95519857226834,-57.));
#3280=CARTESIAN_POINT('',(0.500000096857548,-4.41666665921609,-57.));
#3281=CARTESIAN_POINT('',(0.500000096857548,-4.41666665921609,-57.));
#3282=CARTESIAN_POINT('',(14.5000001862645,-5.12186529108907,-57.));
#3283=CARTESIAN_POINT('',(0.500000096857548,-1.95519857226834,-57.));
#3284=CARTESIAN_POINT('',(14.5000001862645,-7.58333337803682,-57.));
#3285=CARTESIAN_POINT('',(14.5000001862645,-5.12186529108907,-57.));
#3286=CARTESIAN_POINT('',(14.5000001862645,-7.58333337803682,-57.));
#3287=CARTESIAN_POINT('',(0.500000096857548,1.37813476106499,-57.));
#3288=CARTESIAN_POINT('',(0.500000096857548,-1.08333332588276,-57.));
#3289=CARTESIAN_POINT('',(0.500000096857548,-1.08333332588276,-57.));
#3290=CARTESIAN_POINT('',(14.5000001862645,-1.78853195775574,-57.));
#3291=CARTESIAN_POINT('',(0.500000096857548,1.37813476106499,-57.));
#3292=CARTESIAN_POINT('',(14.5000001862645,-4.25000004470349,-57.));
#3293=CARTESIAN_POINT('',(14.5000001862645,-1.78853195775574,-57.));
#3294=CARTESIAN_POINT('',(14.5000001862645,-4.25000004470349,-57.));
#3295=CARTESIAN_POINT('',(0.500000096857548,-5.28853190560168,-57.));
#3296=CARTESIAN_POINT('',(0.500000096857548,-7.74999999254942,-57.));
#3297=CARTESIAN_POINT('',(0.500000096857548,-7.74999999254942,-57.));
#3298=CARTESIAN_POINT('',(14.5000001862645,-8.45519862442241,-57.));
#3299=CARTESIAN_POINT('',(0.500000096857548,-5.28853190560168,-57.));
#3300=CARTESIAN_POINT('',(14.5000001862645,-10.9166667113702,-57.));
#3301=CARTESIAN_POINT('',(14.5000001862645,-8.45519862442241,-57.));
#3302=CARTESIAN_POINT('',(14.5000001862645,-10.9166667113702,-57.));
#3303=CARTESIAN_POINT('',(0.500000096857548,-8.62186523893501,-57.));
#3304=CARTESIAN_POINT('',(0.500000096857548,-11.0833333258828,-57.));
#3305=CARTESIAN_POINT('',(0.500000096857548,-11.0833333258828,-57.));
#3306=CARTESIAN_POINT('',(14.5000001862645,-11.7885319577557,-57.));
#3307=CARTESIAN_POINT('',(0.500000096857548,-8.62186523893501,-57.));
#3308=CARTESIAN_POINT('',(14.5000001862645,-14.2500000447035,-57.));
#3309=CARTESIAN_POINT('',(14.5000001862645,-11.7885319577557,-57.));
#3310=CARTESIAN_POINT('',(14.5000001862645,-14.2500000447035,-57.));
#3311=CARTESIAN_POINT('',(8.56857927221876,-0.218365322810652,-57.));
#3312=CARTESIAN_POINT('',(8.56857927221876,7.50000010430813,-57.));
#3313=CARTESIAN_POINT('',(8.56857927221876,3.75000005215406,-57.));
#3314=CARTESIAN_POINT('',(14.0000002086163,7.50000010430813,-57.));
#3315=CARTESIAN_POINT('',(7.00000010430813,7.50000010430813,-57.));
#3316=CARTESIAN_POINT('',(14.0000002086163,-1.44690102319325,-57.));
#3317=CARTESIAN_POINT('',(14.0000002086163,-0.723450511596627,-57.));
#3318=CARTESIAN_POINT('',(4.46932038427161,0.708848006431704,-57.));
#3319=CARTESIAN_POINT('Origin',(8.56857927221876,7.50000010430813,-57.));
#3320=CARTESIAN_POINT('',(8.56857927221876,-0.218365322810652,-55.5));
#3321=CARTESIAN_POINT('',(8.56857927221876,-0.218365322810652,-57.));
#3322=CARTESIAN_POINT('',(8.56857927221876,7.50000010430813,-55.5));
#3323=CARTESIAN_POINT('',(8.56857927221876,-0.218365322810652,-55.5));
#3324=CARTESIAN_POINT('',(8.56857927221876,7.50000010430813,-57.));
#3325=CARTESIAN_POINT('Origin',(14.0000002086163,7.50000010430813,-57.));
#3326=CARTESIAN_POINT('',(14.0000002086163,7.50000010430813,-55.5));
#3327=CARTESIAN_POINT('',(14.0000002086163,7.50000010430813,-55.5));
#3328=CARTESIAN_POINT('',(14.0000002086163,7.50000010430813,-57.));
#3329=CARTESIAN_POINT('Origin',(14.0000002086163,-1.44690102319325,-57.));
#3330=CARTESIAN_POINT('',(14.0000002086163,-1.44690102319325,-55.5));
#3331=CARTESIAN_POINT('',(14.0000002086163,-1.44690102319325,-55.5));
#3332=CARTESIAN_POINT('',(14.0000002086163,-1.44690102319325,-57.));
#3333=CARTESIAN_POINT('Origin',(8.56857927221876,-0.218365322810652,-57.));
#3334=CARTESIAN_POINT('',(14.0000002086163,-1.44690102319325,-55.5));
#3335=CARTESIAN_POINT('',(14.0000002086163,-1.44690102319325,-55.5));
#3336=CARTESIAN_POINT('Origin',(11.2842897404175,3.02654954055744,-55.5));
#3337=CARTESIAN_POINT('',(12.169999945651,2.47502776958986,-55.5));
#3338=CARTESIAN_POINT('',(10.729999934859,3.57502780162886,-55.5));
#3339=CARTESIAN_POINT('Origin',(12.169999945651,2.47502776958986,-57.));
#3340=CARTESIAN_POINT('Origin',(14.5000001862645,-11.7885319577557,-57.));
#3341=CARTESIAN_POINT('',(0.500000096857548,-8.62186523893501,-57.));
#3342=CARTESIAN_POINT('',(14.5000001862645,-11.7885319577557,-57.));
#3343=CARTESIAN_POINT('Origin',(14.5000001862645,-14.2500000447035,-57.));
#3344=CARTESIAN_POINT('',(14.5000001862645,-14.2500000447035,-57.));
#3345=CARTESIAN_POINT('Origin',(0.500000096857547,-11.0833333258828,-57.));
#3346=CARTESIAN_POINT('',(0.500000096857548,-11.0833333258828,-57.));
#3347=CARTESIAN_POINT('Origin',(0.500000096857548,-8.62186523893501,-57.));
#3348=CARTESIAN_POINT('Origin',(10.729999934859,3.57502780162886,-57.));
#3349=CARTESIAN_POINT('Origin',(20.1600000149012,-3.38356842522051,-57.));
#3350=CARTESIAN_POINT('',(21.5600000149012,-3.38356842522051,-57.));
#3351=CARTESIAN_POINT('',(20.1600000149012,-4.78356842522052,-57.));
#3352=CARTESIAN_POINT('Origin',(19.4500000149012,-4.78356842522051,-57.));
#3353=CARTESIAN_POINT('',(19.4500000149012,-4.78356842522051,-57.));
#3354=CARTESIAN_POINT('Origin',(19.4500000149012,-3.38356842522051,-57.));
#3355=CARTESIAN_POINT('',(18.0500000149012,-3.38356842522051,-57.));
#3356=CARTESIAN_POINT('Origin',(18.0500000149012,3.05643157477949,-57.));
#3357=CARTESIAN_POINT('',(18.0500000149012,3.05643157477949,-57.));
#3358=CARTESIAN_POINT('Origin',(19.4500000149012,3.05643157477949,-57.));
#3359=CARTESIAN_POINT('',(19.4500000149012,4.4564315747795,-57.));
#3360=CARTESIAN_POINT('Origin',(20.1600000149012,4.45643157477949,-57.));
#3361=CARTESIAN_POINT('',(20.1600000149012,4.45643157477949,-57.));
#3362=CARTESIAN_POINT('Origin',(20.1600000149012,3.05643157477949,-57.));
#3363=CARTESIAN_POINT('',(21.5600000149012,3.0564315747795,-57.));
#3364=CARTESIAN_POINT('Origin',(21.5600000149012,-3.38356842522051,-57.));
#3365=CARTESIAN_POINT('Origin',(14.5000001862645,-8.45519862442241,-57.));
#3366=CARTESIAN_POINT('',(0.500000096857548,-5.28853190560168,-57.));
#3367=CARTESIAN_POINT('',(14.5000001862645,-8.45519862442241,-57.));
#3368=CARTESIAN_POINT('Origin',(14.5000001862645,-10.9166667113702,-57.));
#3369=CARTESIAN_POINT('',(14.5000001862645,-10.9166667113702,-57.));
#3370=CARTESIAN_POINT('Origin',(0.500000096857547,-7.74999999254942,-57.));
#3371=CARTESIAN_POINT('',(0.500000096857548,-7.74999999254942,-57.));
#3372=CARTESIAN_POINT('Origin',(0.500000096857548,-5.28853190560168,-57.));
#3373=CARTESIAN_POINT('Origin',(14.5000001862645,-1.78853195775574,-57.));
#3374=CARTESIAN_POINT('',(0.500000096857548,1.37813476106499,-57.));
#3375=CARTESIAN_POINT('',(14.5000001862645,-1.78853195775574,-57.));
#3376=CARTESIAN_POINT('Origin',(14.5000001862645,-4.25000004470349,-57.));
#3377=CARTESIAN_POINT('',(14.5000001862645,-4.25000004470349,-57.));
#3378=CARTESIAN_POINT('Origin',(0.500000096857547,-1.08333332588276,-57.));
#3379=CARTESIAN_POINT('',(0.500000096857548,-1.08333332588276,-57.));
#3380=CARTESIAN_POINT('Origin',(0.500000096857548,1.37813476106499,-57.));
#3381=CARTESIAN_POINT('Origin',(14.5000001862645,-5.12186529108907,-57.));
#3382=CARTESIAN_POINT('',(0.500000096857548,-1.95519857226834,-57.));
#3383=CARTESIAN_POINT('',(14.5000001862645,-5.12186529108907,-57.));
#3384=CARTESIAN_POINT('Origin',(14.5000001862645,-7.58333337803682,-57.));
#3385=CARTESIAN_POINT('',(14.5000001862645,-7.58333337803682,-57.));
#3386=CARTESIAN_POINT('Origin',(0.500000096857547,-4.41666665921609,-57.));
#3387=CARTESIAN_POINT('',(0.500000096857548,-4.41666665921609,-57.));
#3388=CARTESIAN_POINT('Origin',(0.500000096857548,-1.95519857226834,-57.));
#3389=CARTESIAN_POINT('Origin',(11.7575503851484,20.0000002235174,0.));
#3390=CARTESIAN_POINT('',(-11.7575503851484,20.0000002235174,0.));
#3391=CARTESIAN_POINT('',(-25.000000372529,20.0000002235174,0.));
#3392=CARTESIAN_POINT('',(-11.7575503851484,20.0000002235174,0.));
#3393=CARTESIAN_POINT('Origin',(0.,0.,0.));
#3394=CARTESIAN_POINT('',(-11.7575503091062,-20.0000002682209,0.));
#3395=CARTESIAN_POINT('Origin',(0.,0.,0.));
#3396=CARTESIAN_POINT('',(-11.7575503091062,-20.0000002682209,0.));
#3397=CARTESIAN_POINT('Origin',(-11.7575503091062,-20.0000002682209,0.));
#3398=CARTESIAN_POINT('',(-25.000000372529,-20.0000002682209,0.));
#3399=CARTESIAN_POINT('Origin',(0.,0.,0.));
#3400=UNCERTAINTY_MEASURE_WITH_UNIT(LENGTH_MEASURE(0.01),#3404,
'DISTANCE_ACCURACY_VALUE',
'Maximum model space distance between geometric entities at asserted c
onnectivities');
#3401=UNCERTAINTY_MEASURE_WITH_UNIT(LENGTH_MEASURE(0.01),#3404,
'DISTANCE_ACCURACY_VALUE',
'Maximum model space distance between geometric entities at asserted c
onnectivities');
#3402=(
GEOMETRIC_REPRESENTATION_CONTEXT(3)
GLOBAL_UNCERTAINTY_ASSIGNED_CONTEXT((#3400))
GLOBAL_UNIT_ASSIGNED_CONTEXT((#3404,#3406,#3407))
REPRESENTATION_CONTEXT('','3D')
);
#3403=(
GEOMETRIC_REPRESENTATION_CONTEXT(3)
GLOBAL_UNCERTAINTY_ASSIGNED_CONTEXT((#3401))
GLOBAL_UNIT_ASSIGNED_CONTEXT((#3404,#3406,#3407))
REPRESENTATION_CONTEXT('','3D')
);
#3404=(
LENGTH_UNIT()
NAMED_UNIT(*)
SI_UNIT(.MILLI.,.METRE.)
);
#3405=(
LENGTH_UNIT()
NAMED_UNIT(*)
SI_UNIT($,.METRE.)
);
#3406=(
NAMED_UNIT(*)
PLANE_ANGLE_UNIT()
SI_UNIT($,.RADIAN.)
);
#3407=(
NAMED_UNIT(*)
SI_UNIT($,.STERADIAN.)
SOLID_ANGLE_UNIT()
);
#3408=SHAPE_DEFINITION_REPRESENTATION(#3409,#3410);
#3409=PRODUCT_DEFINITION_SHAPE('',$,#3412);
#3410=SHAPE_REPRESENTATION('',(#1904),#3402);
#3411=PRODUCT_DEFINITION_CONTEXT('part definition',#3416,'design');
#3412=PRODUCT_DEFINITION('Case','Case',#3413,#3411);
#3413=PRODUCT_DEFINITION_FORMATION('',$,#3418);
#3414=PRODUCT_RELATED_PRODUCT_CATEGORY('Case','Case',(#3418));
#3415=APPLICATION_PROTOCOL_DEFINITION('international standard',
'automotive_design',2009,#3416);
#3416=APPLICATION_CONTEXT(
'Core Data for Automotive Mechanical Design Process');
#3417=PRODUCT_CONTEXT('part definition',#3416,'mechanical');
#3418=PRODUCT('Case','Case',$,(#3417));
#3419=PRESENTATION_STYLE_ASSIGNMENT((#3420));
#3420=SURFACE_STYLE_USAGE(.BOTH.,#3421);
#3421=SURFACE_SIDE_STYLE('',(#3422));
#3422=SURFACE_STYLE_FILL_AREA(#3423);
#3423=FILL_AREA_STYLE('Plastic - Glossy (Grey)',(#3424));
#3424=FILL_AREA_STYLE_COLOUR('Plastic - Glossy (Grey)',#3425);
#3425=COLOUR_RGB('Plastic - Glossy (Grey)',0.701960784313725,0.701960784313725,
0.701960784313725);
ENDSEC;
END-ISO-10303-21;
